Workbook

Sheet veda - techs
B2: ~FI_T | J2: ~FI_Process
B3: techname | C3: comm-in | D3: comm-out | E3: LIFE | F3: ILED | G3: AFC~ACT | H3: AFC~NRG | J3: region | K3: sets | L3: techname | M3: tact | N3: tcap | O3: tslvl | P3: techdesc
B4: =L4 -> en_gas_ccgt | C4: ELCNGA | D4: ELC | E4: =unified_reference_costs!J2 -> 30 | F4: =unified_reference_costs!K2 -> 3 | J4: {=IFERROR(_xlfn.TEXTJOIN(",",TRUE,_xlfn.UNIQUE(_xlfn._xlws.FILTER(unified_reference_costs!B:B,(unified_reference_costs!A:A=L4)*(unified_reference_costs!D:D="efficiency")))),"")} -> ieapg_european_union,ieapg_united_states,ieapg_japan,ieapg_russia,ieapg_china,ieapg_india,ieapg_middle_east,ieapg_africa,ieapg_brazil | K4: ELE | L4: =unified_reference_costs!J41 -> en_gas_ccgt | M4: PJ | N4: GW | O4: daynite | P4: =unified_reference_costs!M2 -> Natural gas 2-on-1 combined cycle (F-Frame). IEA GEC: CCGT; ATB: CCAvgCF
B5: =L5 -> en_gas_turbine | C5: ELCNGA | D5: ELC | E5: =unified_reference_costs!J3 -> 30 | F5: =unified_reference_costs!K3 -> 2 | J5: {=IFERROR(_xlfn.TEXTJOIN(",",TRUE,_xlfn.UNIQUE(_xlfn._xlws.FILTER(unified_reference_costs!B:B,(unified_reference_costs!A:A=L5)*(unified_reference_costs!D:D="efficiency")))),"")} -> ieapg_european_union,ieapg_united_states,ieapg_japan,ieapg_russia,ieapg_china,ieapg_india,ieapg_middle_east,ieapg_africa,ieapg_brazil | K5: ELE | L5: =unified_reference_costs!J42 -> en_gas_turbine | M5: PJ | N5: GW | O5: daynite | P5: =unified_reference_costs!M3 -> Natural gas open-cycle combustion turbine (F-Frame, peaking). IEA GEC: Gas turbine; ATB: CTAvgCF
B6: =L6 -> en_gas_chp | C6: ELCNGA | D6: ELC,HET | E6: =unified_reference_costs!J4 -> 25 | F6: =unified_reference_costs!K4 -> 3 | J6: {=IFERROR(_xlfn.TEXTJOIN(",",TRUE,_xlfn.UNIQUE(_xlfn._xlws.FILTER(unified_reference_costs!B:B,(unified_reference_costs!A:A=L6)*(unified_reference_costs!D:D="efficiency")))),"")} -> ieapg_european_union,ieapg_united_states,ieapg_japan,ieapg_russia,ieapg_china,ieapg_india,ieapg_middle_east,ieapg_africa,ieapg_brazil | K6: CHP | L6: =unified_reference_costs!J43 -> en_gas_chp | M6: PJ | N6: GW | O6: daynite | P6: =unified_reference_costs!M4 -> Natural gas CCGT combined heat and power. IEA GEC: CCGT-CHP. Produces electricity + useful heat (LHV basis)
B7: =L7 -> \I: | E7: =unified_reference_costs!J5 -> 20 | F7: =unified_reference_costs!K5 -> 2 | J7: {=IFERROR(_xlfn.TEXTJOIN(",",TRUE,_xlfn.UNIQUE(_xlfn._xlws.FILTER(unified_reference_costs!B:B,(unified_reference_costs!A:A=L7)*(unified_reference_costs!D:D="efficiency")))),"")} | K7: ELE | L7: =unified_reference_costs!J44 -> \I: | M7: PJ | N7: GW | O7: daynite | P7: =unified_reference_costs!M5 -> Natural gas fuel cell. IEA GEC: Fuel cell
B8: =L8 -> en_gas_ccs | C8: ELCNGA | D8: ELC,CO2Captured_elc | E8: =unified_reference_costs!J6 -> 30 | F8: =unified_reference_costs!K6 -> 4 | J8: {=IFERROR(_xlfn.TEXTJOIN(",",TRUE,_xlfn.UNIQUE(_xlfn._xlws.FILTER(unified_reference_costs!B:B,(unified_reference_costs!A:A=L8)*(unified_reference_costs!D:D="efficiency")))),"")} -> ieapg_european_union,ieapg_united_states,ieapg_japan,ieapg_russia,ieapg_china,ieapg_india,ieapg_middle_east,ieapg_africa | K8: ELE | L8: =unified_reference_costs!J45 -> en_gas_ccs | M8: PJ | N8: GW | O8: daynite | P8: =unified_reference_costs!M6 -> Natural gas CCGT with 95% post-combustion CCS. IEA GEC: CCGT+CCS; ATB: CCCCSAvgCF
B9: =L9 -> en_coal_subcritical | C9: ELCCOA | D9: ELC | E9: =unified_reference_costs!J7 -> 40 | F9: =unified_reference_costs!K7 -> 4 | J9: {=IFERROR(_xlfn.TEXTJOIN(",",TRUE,_xlfn.UNIQUE(_xlfn._xlws.FILTER(unified_reference_costs!B:B,(unified_reference_costs!A:A=L9)*(unified_reference_costs!D:D="efficiency")))),"")} -> ieapg_european_union,ieapg_united_states,ieapg_japan,ieapg_russia,ieapg_china,ieapg_india,ieapg_middle_east,ieapg_africa,ieapg_brazil | K9: ELE | L9: =unified_reference_costs!J46 -> en_coal_subcritical | M9: PJ | N9: GW | O9: season | P9: =unified_reference_costs!M7 -> Coal subcritical steam cycle. IEA GEC: Subcritical
B10: =L10 -> en_coal_supercritical | C10: ELCCOA | D10: ELC | E10: =unified_reference_costs!J8 -> 40 | F10: =unified_reference_costs!K8 -> 4 | J10: {=IFERROR(_xlfn.TEXTJOIN(",",TRUE,_xlfn.UNIQUE(_xlfn._xlws.FILTER(unified_reference_costs!B:B,(unified_reference_costs!A:A=L10)*(unified_reference_costs!D:D="efficiency")))),"")} -> ieapg_european_union,ieapg_united_states,ieapg_japan,ieapg_russia,ieapg_china,ieapg_india,ieapg_middle_east,ieapg_africa,ieapg_brazil | K10: ELE | L10: =unified_reference_costs!J47 -> en_coal_supercritical | M10: PJ | N10: GW | O10: season | P10: =unified_reference_costs!M8 -> Coal supercritical steam cycle. IEA GEC: Supercritical; ATB: newAvgCF
B11: =L11 -> en_coal_ultrasupercritical | C11: ELCCOA | D11: ELC | E11: =unified_reference_costs!J9 -> 40 | F11: =unified_reference_costs!K9 -> 4 | J11: {=IFERROR(_xlfn.TEXTJOIN(",",TRUE,_xlfn.UNIQUE(_xlfn._xlws.FILTER(unified_reference_costs!B:B,(unified_reference_costs!A:A=L11)*(unified_reference_costs!D:D="efficiency")))),"")} -> ieapg_european_union,ieapg_united_states,ieapg_japan,ieapg_russia,ieapg_china,ieapg_india,ieapg_middle_east,ieapg_africa,ieapg_brazil | K11: ELE | L11: =unified_reference_costs!J48 -> en_coal_ultrasupercritical | M11: PJ | N11: GW | O11: season | P11: =unified_reference_costs!M9 -> Coal ultra-supercritical steam cycle. IEA GEC: Ultra-supercritical
B12: =L12 -> en_coal_igcc | C12: ELCCOA | D12: ELC | E12: =unified_reference_costs!J10 -> 40 | F12: =unified_reference_costs!K10 -> 4 | J12: {=IFERROR(_xlfn.TEXTJOIN(",",TRUE,_xlfn.UNIQUE(_xlfn._xlws.FILTER(unified_reference_costs!B:B,(unified_reference_costs!A:A=L12)*(unified_reference_costs!D:D="efficiency")))),"")} -> ieapg_european_union,ieapg_united_states,ieapg_japan,ieapg_russia,ieapg_china,ieapg_india,ieapg_middle_east,ieapg_africa,ieapg_brazil | K12: ELE | L12: =unified_reference_costs!J49 -> en_coal_igcc | M12: PJ | N12: GW | O12: season | P12: =unified_reference_costs!M10 -> Coal integrated gasification combined cycle. IEA GEC: IGCC; ATB: IGCCAvgCF
B13: =L13 -> en_coal_ccs | C13: ELCCOA | D13: ELC,CO2Captured_elc | E13: =unified_reference_costs!J11 -> 40 | F13: =unified_reference_costs!K11 -> 5 | J13: {=IFERROR(_xlfn.TEXTJOIN(",",TRUE,_xlfn.UNIQUE(_xlfn._xlws.FILTER(unified_reference_costs!B:B,(unified_reference_costs!A:A=L13)*(unified_reference_costs!D:D="efficiency")))),"")} -> ieapg_european_union,ieapg_united_states,ieapg_japan,ieapg_russia,ieapg_china,ieapg_india,ieapg_africa | K13: ELE | L13: =unified_reference_costs!J50 -> en_coal_ccs | M13: PJ | N13: GW | O13: season | P13: =unified_reference_costs!M11 -> Coal post-combustion with 95% CCS. IEA GEC: Coal+CCS; ATB: CCS95AvgCF
B14: =L14 -> \I: | E14: =unified_reference_costs!J12 -> 40 | F14: =unified_reference_costs!K12 -> 5 | J14: {=IFERROR(_xlfn.TEXTJOIN(",",TRUE,_xlfn.UNIQUE(_xlfn._xlws.FILTER(unified_reference_costs!B:B,(unified_reference_costs!A:A=L14)*(unified_reference_costs!D:D="efficiency")))),"")} | K14: ELE | L14: =unified_reference_costs!J51 -> \I: | M14: PJ | N14: GW | O14: daynite | P14: =unified_reference_costs!M12 -> Coal oxyfuel combustion with CCS. IEA GEC: Oxyfuel+CCS
B15: =L15 -> en_coal_igcc_ccs | C15: ELCCOA | D15: ELC,CO2Captured_elc | E15: =unified_reference_costs!J13 -> 40 | F15: =unified_reference_costs!K13 -> 5 | J15: {=IFERROR(_xlfn.TEXTJOIN(",",TRUE,_xlfn.UNIQUE(_xlfn._xlws.FILTER(unified_reference_costs!B:B,(unified_reference_costs!A:A=L15)*(unified_reference_costs!D:D="efficiency")))),"")} -> ieapg_european_union,ieapg_united_states,ieapg_japan,ieapg_russia,ieapg_china,ieapg_india,ieapg_africa | K15: ELE | L15: =unified_reference_costs!J52 -> en_coal_igcc_ccs | M15: PJ | N15: GW | O15: season | P15: =unified_reference_costs!M13 -> Coal IGCC with CCS. IEA GEC: IGCC+CCS
B16: =L16 -> en_nuclear | C16: ELCNUC | D16: ELC | E16: =unified_reference_costs!J14 -> 60 | F16: =unified_reference_costs!K14 -> 7 | J16: {=IFERROR(_xlfn.TEXTJOIN(",",TRUE,_xlfn.UNIQUE(_xlfn._xlws.FILTER(unified_reference_costs!B:B,(unified_reference_costs!A:A=L16)*(unified_reference_costs!D:D="efficiency")))),"")} | K16: ELE | L16: =unified_reference_costs!J53 -> en_nuclear | M16: PJ | N16: GW | O16: season | P16: =unified_reference_costs!M14 -> Nuclear large reactor (Gen III/III+). IEA GEC: Nuclear; ATB: Nuclear - Large. Life 60yr, constr 7yr
B17: =L17 -> en_nuclear_smr | C17: ELCNUC | D17: ELC | E17: =unified_reference_costs!J15 -> 40 | F17: =unified_reference_costs!K15 -> 3 | J17: {=IFERROR(_xlfn.TEXTJOIN(",",TRUE,_xlfn.UNIQUE(_xlfn._xlws.FILTER(unified_reference_costs!B:B,(unified_reference_costs!A:A=L17)*(unified_reference_costs!D:D="efficiency")))),"")} | K17: ELE | L17: =unified_reference_costs!J54 -> en_nuclear_smr | M17: PJ | N17: GW | O17: daynite | P17: =unified_reference_costs!M15 -> Nuclear small modular reactor. ATB: Nuclear - Small. Regional costs scaled from IEA large nuclear ratios. Life 40yr, constr 3yr
B18: =L18 -> \I: | E18: =unified_reference_costs!J16 -> 30 | F18: =unified_reference_costs!K16 -> 1.5 | J18: {=IFERROR(_xlfn.TEXTJOIN(",",TRUE,_xlfn.UNIQUE(_xlfn._xlws.FILTER(unified_reference_costs!B:B,(unified_reference_costs!A:A=L18)*(unified_reference_costs!D:D="efficiency")))),"")} | K18: ELE | L18: =unified_reference_costs!J55 -> \I: | M18: PJ | N18: GW | O18: daynite | P18: =unified_reference_costs!M16 -> Solar PV utility-scale. IEA GEC: Solar PV large-scale; ATB: UtilityPV Class5
B19: =L19 -> \I: | E19: =unified_reference_costs!J17 -> 30 | F19: =unified_reference_costs!K17 -> 3 | J19: {=IFERROR(_xlfn.TEXTJOIN(",",TRUE,_xlfn.UNIQUE(_xlfn._xlws.FILTER(unified_reference_costs!B:B,(unified_reference_costs!A:A=L19)*(unified_reference_costs!D:D="efficiency")))),"")} | K19: ELE | L19: =unified_reference_costs!J56 -> \I: | M19: PJ | N19: GW | O19: daynite | P19: =unified_reference_costs!M17 -> Concentrated solar power with thermal storage. IEA GEC: CSP; ATB: CSP Class2
B20: =L20 -> \I: | E20: =unified_reference_costs!J18 -> 30 | F20: =unified_reference_costs!K18 -> 1.5 | J20: {=IFERROR(_xlfn.TEXTJOIN(",",TRUE,_xlfn.UNIQUE(_xlfn._xlws.FILTER(unified_reference_costs!B:B,(unified_reference_costs!A:A=L20)*(unified_reference_costs!D:D="efficiency")))),"")} | K20: ELE | L20: =unified_reference_costs!J57 -> \I: | M20: PJ | N20: GW | O20: daynite | P20: =unified_reference_costs!M18 -> Wind onshore. IEA GEC: Wind onshore; ATB: LandbasedWind Class4
B21: =L21 -> \I: | E21: =unified_reference_costs!J19 -> 30 | F21: =unified_reference_costs!K19 -> 3 | J21: {=IFERROR(_xlfn.TEXTJOIN(",",TRUE,_xlfn.UNIQUE(_xlfn._xlws.FILTER(unified_reference_costs!B:B,(unified_reference_costs!A:A=L21)*(unified_reference_costs!D:D="efficiency")))),"")} | K21: ELE | L21: =unified_reference_costs!J58 -> \I: | M21: PJ | N21: GW | O21: daynite | P21: =unified_reference_costs!M19 -> Wind offshore (bottom-fixed/floating). IEA GEC: Wind offshore; ATB: OffShoreWind Class3
B22: =L22 -> \I: | E22: =unified_reference_costs!J20 -> 100 | F22: =unified_reference_costs!K20 -> 4 | J22: {=IFERROR(_xlfn.TEXTJOIN(",",TRUE,_xlfn.UNIQUE(_xlfn._xlws.FILTER(unified_reference_costs!B:B,(unified_reference_costs!A:A=L22)*(unified_reference_costs!D:D="efficiency")))),"")} | K22: ELE | L22: =unified_reference_costs!J59 -> \I: | M22: PJ | N22: GW | O22: daynite | P22: =unified_reference_costs!M20 -> Hydropower large-scale. IEA GEC: Hydropower large; ATB: NPD4
B23: =L23 -> \I: | E23: =unified_reference_costs!J21 -> 60 | F23: =unified_reference_costs!K21 -> 4 | J23: {=IFERROR(_xlfn.TEXTJOIN(",",TRUE,_xlfn.UNIQUE(_xlfn._xlws.FILTER(unified_reference_costs!B:B,(unified_reference_costs!A:A=L23)*(unified_reference_costs!D:D="efficiency")))),"")} | K23: ELE | L23: =unified_reference_costs!J60 -> \I: | M23: PJ | N23: GW | O23: daynite | P23: =unified_reference_costs!M21 -> Hydropower small-scale. IEA GEC: Hydropower small
B24: =L24 -> en_biomass | C24: ELCBIO | D24: ELC | E24: =unified_reference_costs!J22 -> 45 | F24: =unified_reference_costs!K22 -> 3 | J24: {=IFERROR(_xlfn.TEXTJOIN(",",TRUE,_xlfn.UNIQUE(_xlfn._xlws.FILTER(unified_reference_costs!B:B,(unified_reference_costs!A:A=L24)*(unified_reference_costs!D:D="efficiency")))),"")} -> ieapg_european_union,ieapg_united_states,ieapg_japan,ieapg_russia,ieapg_china,ieapg_india,ieapg_middle_east,ieapg_africa,ieapg_brazil | K24: ELE | L24: =unified_reference_costs!J61 -> en_biomass | M24: PJ | N24: GW | O24: daynite | P24: =unified_reference_costs!M22 -> Biomass dedicated large-scale. IEA GEC: Bioenergy large-scale; ATB: Biopower Dedicated
B25: =L25 -> \I: | E25: =unified_reference_costs!J23 -> 40 | F25: =unified_reference_costs!K23 -> 2 | J25: {=IFERROR(_xlfn.TEXTJOIN(",",TRUE,_xlfn.UNIQUE(_xlfn._xlws.FILTER(unified_reference_costs!B:B,(unified_reference_costs!A:A=L25)*(unified_reference_costs!D:D="efficiency")))),"")} | K25: ELE | L25: =unified_reference_costs!J62 -> \I: | M25: PJ | N25: GW | O25: daynite | P25: =unified_reference_costs!M23 -> Biomass cofiring â€” incremental investment for blending in existing coal plants. IEA GEC: Bioenergy cofiring
B26: =L26 -> en_biomass_chp | C26: ELCBIO | D26: ELC,HET | E26: =unified_reference_costs!J24 -> 25 | F26: =unified_reference_costs!K24 -> 2 | J26: {=IFERROR(_xlfn.TEXTJOIN(",",TRUE,_xlfn.UNIQUE(_xlfn._xlws.FILTER(unified_reference_costs!B:B,(unified_reference_costs!A:A=L26)*(unified_reference_costs!D:D="efficiency")))),"")} -> ieapg_european_union,ieapg_united_states,ieapg_japan,ieapg_russia,ieapg_china,ieapg_india,ieapg_middle_east,ieapg_africa,ieapg_brazil | K26: CHP | L26: =unified_reference_costs!J63 -> en_biomass_chp | M26: PJ | N26: GW | O26: daynite | P26: =unified_reference_costs!M24 -> Biomass medium-scale combined heat and power. IEA GEC: Bioenergy medium-scale CHP
B27: =L27 -> en_biomass_ccs | C27: ELCBIO | D27: ELC,CO2Captured_elc | E27: =unified_reference_costs!J25 -> 30 | F27: =unified_reference_costs!K25 -> 3 | J27: {=IFERROR(_xlfn.TEXTJOIN(",",TRUE,_xlfn.UNIQUE(_xlfn._xlws.FILTER(unified_reference_costs!B:B,(unified_reference_costs!A:A=L27)*(unified_reference_costs!D:D="efficiency")))),"")} -> ieapg_european_union,ieapg_united_states,ieapg_japan,ieapg_russia,ieapg_china,ieapg_india,ieapg_middle_east,ieapg_africa,ieapg_brazil | K27: ELE | L27: =unified_reference_costs!J64 -> en_biomass_ccs | M27: PJ | N27: GW | O27: season | P27: =unified_reference_costs!M25 -> Biomass with carbon capture and storage (BECCS). IEA GEC: Bioenergy+CCUS
B28: =L28 -> \I: | E28: =unified_reference_costs!J26 -> 30 | F28: =unified_reference_costs!K26 -> 4 | J28: {=IFERROR(_xlfn.TEXTJOIN(",",TRUE,_xlfn.UNIQUE(_xlfn._xlws.FILTER(unified_reference_costs!B:B,(unified_reference_costs!A:A=L28)*(unified_reference_costs!D:D="efficiency")))),"")} | K28: ELE | L28: =unified_reference_costs!J65 -> \I: | M28: PJ | N28: GW | O28: daynite | P28: =unified_reference_costs!M26 -> Geothermal hydrothermal flash. IEA GEC: Geothermal; ATB: HydroFlash
B29: =L29 -> en_battery_4h | D29: ELC | E29: =unified_reference_costs!J27 -> 20 | F29: =unified_reference_costs!K27 -> 1 | G29: =4/24 -> 0.16666667 | H29: 1 | J29: {=IFERROR(_xlfn.TEXTJOIN(",",TRUE,_xlfn.UNIQUE(_xlfn._xlws.FILTER(unified_reference_costs!B:B,(unified_reference_costs!A:A=L29)*(unified_reference_costs!D:D="efficiency")))),"")} | K29: STG | L29: =unified_reference_costs!J66 -> en_battery_4h | M29: PJ | N29: GW | O29: daynite | P29: =unified_reference_costs!M27 -> Utility-scale Li-ion battery, 4-hour duration. ATB only (no IEA GEC). Uniform cost across regions
B30: =L30 -> en_battery_8h | D30: ELC | E30: =unified_reference_costs!J28 -> 20 | F30: =unified_reference_costs!K28 -> 1 | G30: =8/24 -> 0.33333333 | H30: 1 | J30: {=IFERROR(_xlfn.TEXTJOIN(",",TRUE,_xlfn.UNIQUE(_xlfn._xlws.FILTER(unified_reference_costs!B:B,(unified_reference_costs!A:A=L30)*(unified_reference_costs!D:D="efficiency")))),"")} | K30: STG | L30: =unified_reference_costs!J67 -> en_battery_8h | M30: PJ | N30: GW | O30: daynite | P30: =unified_reference_costs!M28 -> Utility-scale Li-ion battery, 8-hour duration. ATB only (no IEA GEC). Uniform cost across regions

Sheet veda - data
B2: ~FI_T: USD22 | Q2: Sum of value | R2: Column Labels
B3: process | C3: attribute | D3: year | E3: ieapg_africa | F3: ieapg_brazil | G3: ieapg_china | H3: ieapg_india | I3: ieapg_japan | J3: ieapg_russia | K3: ieapg_european_union | L3: ieapg_united_states | M3: ieapg_middle_east | Q3: Row Labels | R3: ieapg_africa | S3: ieapg_brazil | T3: ieapg_china | U3: ieapg_india | V3: ieapg_japan | W3: ieapg_russia | X3: ieapg_european_union | Y3: ieapg_united_states | Z3: ieapg_middle_east
C4: =IFERROR(VLOOKUP(Q4,unified_reference_costs!$I$31:$J$41,2,FALSE),"*") -> * | D4: =IF(ISNUMBER(Q4),Q4,D3) -> 2022 | Q4: 2022
B5: =IFERROR(VLOOKUP(Q5,unified_reference_costs!$I$41:$J$69,2,FALSE),B4) -> en_gas_ccgt | C5: =IFERROR(VLOOKUP(Q5,unified_reference_costs!$I$31:$J$40,2,FALSE),"*") -> * | D5: =IF(ISNUMBER(Q5),Q5,D4) -> 2022 | Q5: en_gas_ccgt
B6: =IFERROR(VLOOKUP(Q6,unified_reference_costs!$I$41:$J$69,2,FALSE),B5) -> en_gas_ccgt | C6: =IFERROR(VLOOKUP(Q6,unified_reference_costs!$I$31:$J$40,2,FALSE),"*") -> invcost | D6: =IF(ISNUMBER(Q6),Q6,D5) -> 2022 | E6: =IF(R6="","",R6) -> 700 | F6: =IF(S6="","",S6) -> 700 | G6: =IF(T6="","",T6) -> 560 | H6: =IF(U6="","",U6) -> 700 | I6: =IF(V6="","",V6) -> 1100 | J6: =IF(W6="","",W6) -> 800 | K6: =IF(X6="","",X6) -> 1000 | L6: =IF(Y6="","",Y6) -> 1000 | M6: =IF(Z6="","",Z6) -> 800 | Q6: capex_mid | R6: 700 | S6: 700 | T6: 560 | U6: 700 | V6: 1100 | W6: 800 | X6: 1000 | Y6: 1000 | Z6: 800
B7: =IFERROR(VLOOKUP(Q7,unified_reference_costs!$I$41:$J$69,2,FALSE),B6) -> en_gas_ccgt | C7: =IFERROR(VLOOKUP(Q7,unified_reference_costs!$I$31:$J$40,2,FALSE),"*") -> efficiency | D7: =IF(ISNUMBER(Q7),Q7,D6) -> 2022 | E7: =IF(R7="","",R7) -> 0.58 | F7: =IF(S7="","",S7) -> 0.58 | G7: =IF(T7="","",T7) -> 0.57 | H7: =IF(U7="","",U7) -> 0.56 | I7: =IF(V7="","",V7) -> 0.59 | J7: =IF(W7="","",W7) -> 0.57 | K7: =IF(X7="","",X7) -> 0.59 | L7: =IF(Y7="","",Y7) -> 0.59 | M7: =IF(Z7="","",Z7) -> 0.57 | Q7: efficiency | R7: 0.58 | S7: 0.58 | T7: 0.57 | U7: 0.56 | V7: 0.59 | W7: 0.57 | X7: 0.59 | Y7: 0.59 | Z7: 0.57
B8: =IFERROR(VLOOKUP(Q8,unified_reference_costs!$I$41:$J$69,2,FALSE),B7) -> en_gas_ccgt | C8: =IFERROR(VLOOKUP(Q8,unified_reference_costs!$I$31:$J$40,2,FALSE),"*") -> fixom | D8: =IF(ISNUMBER(Q8),Q8,D7) -> 2022 | E8: =IF(R8="","",R8) -> 25 | F8: =IF(S8="","",S8) -> 25 | G8: =IF(T8="","",T8) -> 20 | H8: =IF(U8="","",U8) -> 25 | I8: =IF(V8="","",V8) -> 30 | J8: =IF(W8="","",W8) -> 30 | K8: =IF(X8="","",X8) -> 25 | L8: =IF(Y8="","",Y8) -> 25 | M8: =IF(Z8="","",Z8) -> 30 | Q8: fixed_om | R8: 25 | S8: 25 | T8: 20 | U8: 25 | V8: 30 | W8: 30 | X8: 25 | Y8: 25 | Z8: 30
B9: =IFERROR(VLOOKUP(Q9,unified_reference_costs!$I$41:$J$69,2,FALSE),B8) -> en_gas_ccgt | C9: =IFERROR(VLOOKUP(Q9,unified_reference_costs!$I$31:$J$40,2,FALSE),"*") -> varom | D9: =IF(ISNUMBER(Q9),Q9,D8) -> 2022 | E9: =IF(R9="","",R9) -> 0.603 | F9: =IF(S9="","",S9) -> 0.603 | G9: =IF(T9="","",T9) -> 0.603 | H9: =IF(U9="","",U9) -> 0.603 | I9: =IF(V9="","",V9) -> 0.603 | J9: =IF(W9="","",W9) -> 0.603 | K9: =IF(X9="","",X9) -> 0.603 | L9: =IF(Y9="","",Y9) -> 0.603 | M9: =IF(Z9="","",Z9) -> 0.603 | Q9: variable_om | R9: 0.603 | S9: 0.603 | T9: 0.603 | U9: 0.603 | V9: 0.603 | W9: 0.603 | X9: 0.603 | Y9: 0.603 | Z9: 0.603
B10: =IFERROR(VLOOKUP(Q10,unified_reference_costs!$I$41:$J$69,2,FALSE),B9) -> en_gas_turbine | C10: =IFERROR(VLOOKUP(Q10,unified_reference_costs!$I$31:$J$40,2,FALSE),"*") -> * | D10: =IF(ISNUMBER(Q10),Q10,D9) -> 2022 | E10: =IF(R10="","",R10) | F10: =IF(S10="","",S10) | G10: =IF(T10="","",T10) | H10: =IF(U10="","",U10) | I10: =IF(V10="","",V10) | J10: =IF(W10="","",W10) | K10: =IF(X10="","",X10) | L10: =IF(Y10="","",Y10) | M10: =IF(Z10="","",Z10) | Q10: en_gas_turbine
B11: =IFERROR(VLOOKUP(Q11,unified_reference_costs!$I$41:$J$69,2,FALSE),B10) -> en_gas_turbine | C11: =IFERROR(VLOOKUP(Q11,unified_reference_costs!$I$31:$J$40,2,FALSE),"*") -> invcost | D11: =IF(ISNUMBER(Q11),Q11,D10) -> 2022 | E11: =IF(R11="","",R11) -> 400 | F11: =IF(S11="","",S11) -> 400 | G11: =IF(T11="","",T11) -> 350 | H11: =IF(U11="","",U11) -> 400 | I11: =IF(V11="","",V11) -> 500 | J11: =IF(W11="","",W11) -> 450 | K11: =IF(X11="","",X11) -> 500 | L11: =IF(Y11="","",Y11) -> 500 | M11: =IF(Z11="","",Z11) -> 450 | Q11: capex_mid | R11: 400 | S11: 400 | T11: 350 | U11: 400 | V11: 500 | W11: 450 | X11: 500 | Y11: 500 | Z11: 450
B12: =IFERROR(VLOOKUP(Q12,unified_reference_costs!$I$41:$J$69,2,FALSE),B11) -> en_gas_turbine | C12: =IFERROR(VLOOKUP(Q12,unified_reference_costs!$I$31:$J$40,2,FALSE),"*") -> efficiency | D12: =IF(ISNUMBER(Q12),Q12,D11) -> 2022 | E12: =IF(R12="","",R12) -> 0.38 | F12: =IF(S12="","",S12) -> 0.38 | G12: =IF(T12="","",T12) -> 0.38 | H12: =IF(U12="","",U12) -> 0.38 | I12: =IF(V12="","",V12) -> 0.4 | J12: =IF(W12="","",W12) -> 0.38 | K12: =IF(X12="","",X12) -> 0.4 | L12: =IF(Y12="","",Y12) -> 0.4 | M12: =IF(Z12="","",Z12) -> 0.38 | Q12: efficiency | R12: 0.38 | S12: 0.38 | T12: 0.38 | U12: 0.38 | V12: 0.4 | W12: 0.38 | X12: 0.4 | Y12: 0.4 | Z12: 0.38
B13: =IFERROR(VLOOKUP(Q13,unified_reference_costs!$I$41:$J$69,2,FALSE),B12) -> en_gas_turbine | C13: =IFERROR(VLOOKUP(Q13,unified_reference_costs!$I$31:$J$40,2,FALSE),"*") -> fixom | D13: =IF(ISNUMBER(Q13),Q13,D12) -> 2022 | E13: =IF(R13="","",R13) -> 20 | F13: =IF(S13="","",S13) -> 20 | G13: =IF(T13="","",T13) -> 20 | H13: =IF(U13="","",U13) -> 20 | I13: =IF(V13="","",V13) -> 20 | J13: =IF(W13="","",W13) -> 25 | K13: =IF(X13="","",X13) -> 20 | L13: =IF(Y13="","",Y13) -> 20 | M13: =IF(Z13="","",Z13) -> 25 | Q13: fixed_om | R13: 20 | S13: 20 | T13: 20 | U13: 20 | V13: 20 | W13: 25 | X13: 20 | Y13: 20 | Z13: 25
B14: =IFERROR(VLOOKUP(Q14,unified_reference_costs!$I$41:$J$69,2,FALSE),B13) -> en_gas_turbine | C14: =IFERROR(VLOOKUP(Q14,unified_reference_costs!$I$31:$J$40,2,FALSE),"*") -> varom | D14: =IF(ISNUMBER(Q14),Q14,D13) -> 2022 | E14: =IF(R14="","",R14) -> 1.928 | F14: =IF(S14="","",S14) -> 1.928 | G14: =IF(T14="","",T14) -> 1.928 | H14: =IF(U14="","",U14) -> 1.928 | I14: =IF(V14="","",V14) -> 1.928 | J14: =IF(W14="","",W14) -> 1.928 | K14: =IF(X14="","",X14) -> 1.928 | L14: =IF(Y14="","",Y14) -> 1.928 | M14: =IF(Z14="","",Z14) -> 1.928 | Q14: variable_om | R14: 1.928 | S14: 1.928 | T14: 1.928 | U14: 1.928 | V14: 1.928 | W14: 1.928 | X14: 1.928 | Y14: 1.928 | Z14: 1.928
B15: =IFERROR(VLOOKUP(Q15,unified_reference_costs!$I$41:$J$69,2,FALSE),B14) -> en_gas_chp | C15: =IFERROR(VLOOKUP(Q15,unified_reference_costs!$I$31:$J$40,2,FALSE),"*") -> * | D15: =IF(ISNUMBER(Q15),Q15,D14) -> 2022 | E15: =IF(R15="","",R15) | F15: =IF(S15="","",S15) | G15: =IF(T15="","",T15) | H15: =IF(U15="","",U15) | I15: =IF(V15="","",V15) | J15: =IF(W15="","",W15) | K15: =IF(X15="","",X15) | L15: =IF(Y15="","",Y15) | M15: =IF(Z15="","",Z15) | Q15: en_gas_chp
B16: =IFERROR(VLOOKUP(Q16,unified_reference_costs!$I$41:$J$69,2,FALSE),B15) -> en_gas_chp | C16: =IFERROR(VLOOKUP(Q16,unified_reference_costs!$I$31:$J$40,2,FALSE),"*") -> invcost | D16: =IF(ISNUMBER(Q16),Q16,D15) -> 2022 | E16: =IF(R16="","",R16) -> 920 | F16: =IF(S16="","",S16) -> 920 | G16: =IF(T16="","",T16) -> 720 | H16: =IF(U16="","",U16) -> 920 | I16: =IF(V16="","",V16) -> 1440 | J16: =IF(W16="","",W16) -> 1040 | K16: =IF(X16="","",X16) -> 1300 | L16: =IF(Y16="","",Y16) -> 1300 | M16: =IF(Z16="","",Z16) -> 1040 | Q16: capex_mid | R16: 920 | S16: 920 | T16: 720 | U16: 920 | V16: 1440 | W16: 1040 | X16: 1300 | Y16: 1300 | Z16: 1040
B17: =IFERROR(VLOOKUP(Q17,unified_reference_costs!$I$41:$J$69,2,FALSE),B16) -> en_gas_chp | C17: =IFERROR(VLOOKUP(Q17,unified_reference_costs!$I$31:$J$40,2,FALSE),"*") -> efficiency | D17: =IF(ISNUMBER(Q17),Q17,D16) -> 2022 | E17: =IF(R17="","",R17) -> 0.527 | F17: =IF(S17="","",S17) -> 0.527 | G17: =IF(T17="","",T17) -> 0.52 | H17: =IF(U17="","",U17) -> 0.514 | I17: =IF(V17="","",V17) -> 0.533 | J17: =IF(W17="","",W17) -> 0.52 | K17: =IF(X17="","",X17) -> 0.533 | L17: =IF(Y17="","",Y17) -> 0.533 | M17: =IF(Z17="","",Z17) -> 0.52 | Q17: efficiency | R17: 0.527 | S17: 0.527 | T17: 0.52 | U17: 0.514 | V17: 0.533 | W17: 0.52 | X17: 0.533 | Y17: 0.533 | Z17: 0.52
B18: =IFERROR(VLOOKUP(Q18,unified_reference_costs!$I$41:$J$69,2,FALSE),B17) -> en_gas_chp | C18: =IFERROR(VLOOKUP(Q18,unified_reference_costs!$I$31:$J$40,2,FALSE),"*") -> fixom | D18: =IF(ISNUMBER(Q18),Q18,D17) -> 2022 | E18: =IF(R18="","",R18) -> 35 | F18: =IF(S18="","",S18) -> 35 | G18: =IF(T18="","",T18) -> 30 | H18: =IF(U18="","",U18) -> 35 | I18: =IF(V18="","",V18) -> 45 | J18: =IF(W18="","",W18) -> 40 | K18: =IF(X18="","",X18) -> 40 | L18: =IF(Y18="","",Y18) -> 40 | M18: =IF(Z18="","",Z18) -> 40 | Q18: fixed_om | R18: 35 | S18: 35 | T18: 30 | U18: 35 | V18: 45 | W18: 40 | X18: 40 | Y18: 40 | Z18: 40
B19: =IFERROR(VLOOKUP(Q19,unified_reference_costs!$I$41:$J$69,2,FALSE),B18) -> en_gas_chp | C19: =IFERROR(VLOOKUP(Q19,unified_reference_costs!$I$31:$J$40,2,FALSE),"*") -> varom | D19: =IF(ISNUMBER(Q19),Q19,D18) -> 2022 | E19: =IF(R19="","",R19) -> 0.694 | F19: =IF(S19="","",S19) -> 0.694 | G19: =IF(T19="","",T19) -> 0.694 | H19: =IF(U19="","",U19) -> 0.694 | I19: =IF(V19="","",V19) -> 0.694 | J19: =IF(W19="","",W19) -> 0.694 | K19: =IF(X19="","",X19) -> 0.694 | L19: =IF(Y19="","",Y19) -> 0.694 | M19: =IF(Z19="","",Z19) -> 0.694 | Q19: variable_om | R19: 0.694 | S19: 0.694 | T19: 0.694 | U19: 0.694 | V19: 0.694 | W19: 0.694 | X19: 0.694 | Y19: 0.694 | Z19: 0.694
B20: =IFERROR(VLOOKUP(Q20,unified_reference_costs!$I$41:$J$69,2,FALSE),B19) -> \I: | C20: =IFERROR(VLOOKUP(Q20,unified_reference_costs!$I$31:$J$40,2,FALSE),"*") -> * | D20: =IF(ISNUMBER(Q20),Q20,D19) -> 2022 | E20: =IF(R20="","",R20) | F20: =IF(S20="","",S20) | G20: =IF(T20="","",T20) | H20: =IF(U20="","",U20) | I20: =IF(V20="","",V20) | J20: =IF(W20="","",W20) | K20: =IF(X20="","",X20) | L20: =IF(Y20="","",Y20) | M20: =IF(Z20="","",Z20) | Q20: en_gas_fuelcell
B21: =IFERROR(VLOOKUP(Q21,unified_reference_costs!$I$41:$J$69,2,FALSE),B20) -> \I: | C21: =IFERROR(VLOOKUP(Q21,unified_reference_costs!$I$31:$J$40,2,FALSE),"*") -> invcost | D21: =IF(ISNUMBER(Q21),Q21,D20) -> 2022 | E21: =IF(R21="","",R21) -> 5000 | F21: =IF(S21="","",S21) -> 5000 | G21: =IF(T21="","",T21) -> 5000 | H21: =IF(U21="","",U21) -> 5000 | I21: =IF(V21="","",V21) -> 5000 | J21: =IF(W21="","",W21) -> 5000 | K21: =IF(X21="","",X21) -> 5000 | L21: =IF(Y21="","",Y21) -> 5000 | M21: =IF(Z21="","",Z21) -> 5000 | Q21: capex_mid | R21: 5000 | S21: 5000 | T21: 5000 | U21: 5000 | V21: 5000 | W21: 5000 | X21: 5000 | Y21: 5000 | Z21: 5000
B22: =IFERROR(VLOOKUP(Q22,unified_reference_costs!$I$41:$J$69,2,FALSE),B21) -> \I: | C22: =IFERROR(VLOOKUP(Q22,unified_reference_costs!$I$31:$J$40,2,FALSE),"*") -> efficiency | D22: =IF(ISNUMBER(Q22),Q22,D21) -> 2022 | E22: =IF(R22="","",R22) -> 0.46 | F22: =IF(S22="","",S22) -> 0.46 | G22: =IF(T22="","",T22) -> 0.46 | H22: =IF(U22="","",U22) -> 0.46 | I22: =IF(V22="","",V22) -> 0.46 | J22: =IF(W22="","",W22) -> 0.46 | K22: =IF(X22="","",X22) -> 0.46 | L22: =IF(Y22="","",Y22) -> 0.46 | M22: =IF(Z22="","",Z22) -> 0.46 | Q22: efficiency | R22: 0.46 | S22: 0.46 | T22: 0.46 | U22: 0.46 | V22: 0.46 | W22: 0.46 | X22: 0.46 | Y22: 0.46 | Z22: 0.46
B23: =IFERROR(VLOOKUP(Q23,unified_reference_costs!$I$41:$J$69,2,FALSE),B22) -> \I: | C23: =IFERROR(VLOOKUP(Q23,unified_reference_costs!$I$31:$J$40,2,FALSE),"*") -> fixom | D23: =IF(ISNUMBER(Q23),Q23,D22) -> 2022 | E23: =IF(R23="","",R23) -> 150 | F23: =IF(S23="","",S23) -> 150 | G23: =IF(T23="","",T23) -> 150 | H23: =IF(U23="","",U23) -> 150 | I23: =IF(V23="","",V23) -> 100 | J23: =IF(W23="","",W23) -> 150 | K23: =IF(X23="","",X23) -> 100 | L23: =IF(Y23="","",Y23) -> 100 | M23: =IF(Z23="","",Z23) -> 150 | Q23: fixed_om | R23: 150 | S23: 150 | T23: 150 | U23: 150 | V23: 100 | W23: 150 | X23: 100 | Y23: 100 | Z23: 150
B24: =IFERROR(VLOOKUP(Q24,unified_reference_costs!$I$41:$J$69,2,FALSE),B23) -> \I: | C24: =IFERROR(VLOOKUP(Q24,unified_reference_costs!$I$31:$J$40,2,FALSE),"*") -> varom | D24: =IF(ISNUMBER(Q24),Q24,D23) -> 2022 | E24: =IF(R24="","",R24) -> 0.833 | F24: =IF(S24="","",S24) -> 0.833 | G24: =IF(T24="","",T24) -> 0.833 | H24: =IF(U24="","",U24) -> 0.833 | I24: =IF(V24="","",V24) -> 0.833 | J24: =IF(W24="","",W24) -> 0.833 | K24: =IF(X24="","",X24) -> 0.833 | L24: =IF(Y24="","",Y24) -> 0.833 | M24: =IF(Z24="","",Z24) -> 0.833 | Q24: variable_om | R24: 0.833 | S24: 0.833 | T24: 0.833 | U24: 0.833 | V24: 0.833 | W24: 0.833 | X24: 0.833 | Y24: 0.833 | Z24: 0.833
B25: =IFERROR(VLOOKUP(Q25,unified_reference_costs!$I$41:$J$69,2,FALSE),B24) -> en_coal_subcritical | C25: =IFERROR(VLOOKUP(Q25,unified_reference_costs!$I$31:$J$40,2,FALSE),"*") -> * | D25: =IF(ISNUMBER(Q25),Q25,D24) -> 2022 | E25: =IF(R25="","",R25) | F25: =IF(S25="","",S25) | G25: =IF(T25="","",T25) | H25: =IF(U25="","",U25) | I25: =IF(V25="","",V25) | J25: =IF(W25="","",W25) | K25: =IF(X25="","",X25) | L25: =IF(Y25="","",Y25) | M25: =IF(Z25="","",Z25) | Q25: en_coal_subcritical
B26: =IFERROR(VLOOKUP(Q26,unified_reference_costs!$I$41:$J$69,2,FALSE),B25) -> en_coal_subcritical | C26: =IFERROR(VLOOKUP(Q26,unified_reference_costs!$I$31:$J$40,2,FALSE),"*") -> invcost | D26: =IF(ISNUMBER(Q26),Q26,D25) -> 2022 | E26: =IF(R26="","",R26) -> 1300 | F26: =IF(S26="","",S26) -> 1300 | G26: =IF(T26="","",T26) -> 600 | H26: =IF(U26="","",U26) -> 1000 | I26: =IF(V26="","",V26) -> 2100 | J26: =IF(W26="","",W26) -> 1700 | K26: =IF(X26="","",X26) -> 1700 | L26: =IF(Y26="","",Y26) -> 1800 | M26: =IF(Z26="","",Z26) -> 1300 | Q26: capex_mid | R26: 1300 | S26: 1300 | T26: 600 | U26: 1000 | V26: 2100 | W26: 1700 | X26: 1700 | Y26: 1800 | Z26: 1300
B27: =IFERROR(VLOOKUP(Q27,unified_reference_costs!$I$41:$J$69,2,FALSE),B26) -> en_coal_subcritical | C27: =IFERROR(VLOOKUP(Q27,unified_reference_costs!$I$31:$J$40,2,FALSE),"*") -> efficiency | D27: =IF(ISNUMBER(Q27),Q27,D26) -> 2022 | E27: =IF(R27="","",R27) -> 0.35 | F27: =IF(S27="","",S27) -> 0.39 | G27: =IF(T27="","",T27) -> 0.37 | H27: =IF(U27="","",U27) -> 0.36 | I27: =IF(V27="","",V27) -> 0.39 | J27: =IF(W27="","",W27) -> 0.39 | K27: =IF(X27="","",X27) -> 0.39 | L27: =IF(Y27="","",Y27) -> 0.39 | M27: =IF(Z27="","",Z27) -> 0.37 | Q27: efficiency | R27: 0.35 | S27: 0.39 | T27: 0.37 | U27: 0.36 | V27: 0.39 | W27: 0.39 | X27: 0.39 | Y27: 0.39 | Z27: 0.37
B28: =IFERROR(VLOOKUP(Q28,unified_reference_costs!$I$41:$J$69,2,FALSE),B27) -> en_coal_subcritical | C28: =IFERROR(VLOOKUP(Q28,unified_reference_costs!$I$31:$J$40,2,FALSE),"*") -> fixom | D28: =IF(ISNUMBER(Q28),Q28,D27) -> 2022 | E28: =IF(R28="","",R28) -> 45 | F28: =IF(S28="","",S28) -> 45 | G28: =IF(T28="","",T28) -> 20 | H28: =IF(U28="","",U28) -> 35 | I28: =IF(V28="","",V28) -> 55 | J28: =IF(W28="","",W28) -> 50 | K28: =IF(X28="","",X28) -> 45 | L28: =IF(Y28="","",Y28) -> 45 | M28: =IF(Z28="","",Z28) -> 45 | Q28: fixed_om | R28: 45 | S28: 45 | T28: 20 | U28: 35 | V28: 55 | W28: 50 | X28: 45 | Y28: 45 | Z28: 45
B29: =IFERROR(VLOOKUP(Q29,unified_reference_costs!$I$41:$J$69,2,FALSE),B28) -> en_coal_subcritical | C29: =IFERROR(VLOOKUP(Q29,unified_reference_costs!$I$31:$J$40,2,FALSE),"*") -> varom | D29: =IF(ISNUMBER(Q29),Q29,D28) -> 2022 | E29: =IF(R29="","",R29) -> 2.361 | F29: =IF(S29="","",S29) -> 2.361 | G29: =IF(T29="","",T29) -> 2.361 | H29: =IF(U29="","",U29) -> 2.361 | I29: =IF(V29="","",V29) -> 2.361 | J29: =IF(W29="","",W29) -> 2.361 | K29: =IF(X29="","",X29) -> 2.361 | L29: =IF(Y29="","",Y29) -> 2.361 | M29: =IF(Z29="","",Z29) -> 2.361 | Q29: variable_om | R29: 2.361 | S29: 2.361 | T29: 2.361 | U29: 2.361 | V29: 2.361 | W29: 2.361 | X29: 2.361 | Y29: 2.361 | Z29: 2.361
B30: =IFERROR(VLOOKUP(Q30,unified_reference_costs!$I$41:$J$69,2,FALSE),B29) -> en_coal_supercritical | C30: =IFERROR(VLOOKUP(Q30,unified_reference_costs!$I$31:$J$40,2,FALSE),"*") -> * | D30: =IF(ISNUMBER(Q30),Q30,D29) -> 2022 | E30: =IF(R30="","",R30) | F30: =IF(S30="","",S30) | G30: =IF(T30="","",T30) | H30: =IF(U30="","",U30) | I30: =IF(V30="","",V30) | J30: =IF(W30="","",W30) | K30: =IF(X30="","",X30) | L30: =IF(Y30="","",Y30) | M30: =IF(Z30="","",Z30) | Q30: en_coal_supercritical
B31: =IFERROR(VLOOKUP(Q31,unified_reference_costs!$I$41:$J$69,2,FALSE),B30) -> en_coal_supercritical | C31: =IFERROR(VLOOKUP(Q31,unified_reference_costs!$I$31:$J$40,2,FALSE),"*") -> invcost | D31: =IF(ISNUMBER(Q31),Q31,D30) -> 2022 | E31: =IF(R31="","",R31) -> 1600 | F31: =IF(S31="","",S31) -> 1600 | G31: =IF(T31="","",T31) -> 700 | H31: =IF(U31="","",U31) -> 1200 | I31: =IF(V31="","",V31) -> 2400 | J31: =IF(W31="","",W31) -> 2000 | K31: =IF(X31="","",X31) -> 2000 | L31: =IF(Y31="","",Y31) -> 2100 | M31: =IF(Z31="","",Z31) -> 1600 | Q31: capex_mid | R31: 1600 | S31: 1600 | T31: 700 | U31: 1200 | V31: 2400 | W31: 2000 | X31: 2000 | Y31: 2100 | Z31: 1600
B32: =IFERROR(VLOOKUP(Q32,unified_reference_costs!$I$41:$J$69,2,FALSE),B31) -> en_coal_supercritical | C32: =IFERROR(VLOOKUP(Q32,unified_reference_costs!$I$31:$J$40,2,FALSE),"*") -> efficiency | D32: =IF(ISNUMBER(Q32),Q32,D31) -> 2022 | E32: =IF(R32="","",R32) -> 0.39 | F32: =IF(S32="","",S32) -> 0.43 | G32: =IF(T32="","",T32) -> 0.41 | H32: =IF(U32="","",U32) -> 0.4 | I32: =IF(V32="","",V32) -> 0.43 | J32: =IF(W32="","",W32) -> 0.43 | K32: =IF(X32="","",X32) -> 0.43 | L32: =IF(Y32="","",Y32) -> 0.43 | M32: =IF(Z32="","",Z32) -> 0.41 | Q32: efficiency | R32: 0.39 | S32: 0.43 | T32: 0.41 | U32: 0.4 | V32: 0.43 | W32: 0.43 | X32: 0.43 | Y32: 0.43 | Z32: 0.41
B33: =IFERROR(VLOOKUP(Q33,unified_reference_costs!$I$41:$J$69,2,FALSE),B32) -> en_coal_supercritical | C33: =IFERROR(VLOOKUP(Q33,unified_reference_costs!$I$31:$J$40,2,FALSE),"*") -> fixom | D33: =IF(ISNUMBER(Q33),Q33,D32) -> 2022 | E33: =IF(R33="","",R33) -> 55 | F33: =IF(S33="","",S33) -> 65 | G33: =IF(T33="","",T33) -> 30 | H33: =IF(U33="","",U33) -> 50 | I33: =IF(V33="","",V33) -> 70 | J33: =IF(W33="","",W33) -> 70 | K33: =IF(X33="","",X33) -> 60 | L33: =IF(Y33="","",Y33) -> 65 | M33: =IF(Z33="","",Z33) -> 65 | Q33: fixed_om | R33: 55 | S33: 65 | T33: 30 | U33: 50 | V33: 70 | W33: 70 | X33: 60 | Y33: 65 | Z33: 65
B34: =IFERROR(VLOOKUP(Q34,unified_reference_costs!$I$41:$J$69,2,FALSE),B33) -> en_coal_supercritical | C34: =IFERROR(VLOOKUP(Q34,unified_reference_costs!$I$31:$J$40,2,FALSE),"*") -> varom | D34: =IF(ISNUMBER(Q34),Q34,D33) -> 2022 | E34: =IF(R34="","",R34) -> 2.583 | F34: =IF(S34="","",S34) -> 2.583 | G34: =IF(T34="","",T34) -> 2.583 | H34: =IF(U34="","",U34) -> 2.583 | I34: =IF(V34="","",V34) -> 2.583 | J34: =IF(W34="","",W34) -> 2.583 | K34: =IF(X34="","",X34) -> 2.583 | L34: =IF(Y34="","",Y34) -> 2.583 | M34: =IF(Z34="","",Z34) -> 2.583 | Q34: variable_om | R34: 2.583 | S34: 2.583 | T34: 2.583 | U34: 2.583 | V34: 2.583 | W34: 2.583 | X34: 2.583 | Y34: 2.583 | Z34: 2.583
B35: =IFERROR(VLOOKUP(Q35,unified_reference_costs!$I$41:$J$69,2,FALSE),B34) -> en_coal_ultrasupercritical | C35: =IFERROR(VLOOKUP(Q35,unified_reference_costs!$I$31:$J$40,2,FALSE),"*") -> * | D35: =IF(ISNUMBER(Q35),Q35,D34) -> 2022 | E35: =IF(R35="","",R35) | F35: =IF(S35="","",S35) | G35: =IF(T35="","",T35) | H35: =IF(U35="","",U35) | I35: =IF(V35="","",V35) | J35: =IF(W35="","",W35) | K35: =IF(X35="","",X35) | L35: =IF(Y35="","",Y35) | M35: =IF(Z35="","",Z35) | Q35: en_coal_ultrasupercritical
B36: =IFERROR(VLOOKUP(Q36,unified_reference_costs!$I$41:$J$69,2,FALSE),B35) -> en_coal_ultrasupercritical | C36: =IFERROR(VLOOKUP(Q36,unified_reference_costs!$I$31:$J$40,2,FALSE),"*") -> invcost | D36: =IF(ISNUMBER(Q36),Q36,D35) -> 2022 | E36: =IF(R36="","",R36) -> 1900 | F36: =IF(S36="","",S36) -> 1800 | G36: =IF(T36="","",T36) -> 800 | H36: =IF(U36="","",U36) -> 1400 | I36: =IF(V36="","",V36) -> 2600 | J36: =IF(W36="","",W36) -> 2200 | K36: =IF(X36="","",X36) -> 2200 | L36: =IF(Y36="","",Y36) -> 2300 | M36: =IF(Z36="","",Z36) -> 1600 | Q36: capex_mid | R36: 1900 | S36: 1800 | T36: 800 | U36: 1400 | V36: 2600 | W36: 2200 | X36: 2200 | Y36: 2300 | Z36: 1600
B37: =IFERROR(VLOOKUP(Q37,unified_reference_costs!$I$41:$J$69,2,FALSE),B36) -> en_coal_ultrasupercritical | C37: =IFERROR(VLOOKUP(Q37,unified_reference_costs!$I$31:$J$40,2,FALSE),"*") -> efficiency | D37: =IF(ISNUMBER(Q37),Q37,D36) -> 2022 | E37: =IF(R37="","",R37) -> 0.42 | F37: =IF(S37="","",S37) -> 0.45 | G37: =IF(T37="","",T37) -> 0.44 | H37: =IF(U37="","",U37) -> 0.4 | I37: =IF(V37="","",V37) -> 0.45 | J37: =IF(W37="","",W37) -> 0.45 | K37: =IF(X37="","",X37) -> 0.45 | L37: =IF(Y37="","",Y37) -> 0.45 | M37: =IF(Z37="","",Z37) -> 0.43 | Q37: efficiency | R37: 0.42 | S37: 0.45 | T37: 0.44 | U37: 0.4 | V37: 0.45 | W37: 0.45 | X37: 0.45 | Y37: 0.45 | Z37: 0.43
B38: =IFERROR(VLOOKUP(Q38,unified_reference_costs!$I$41:$J$69,2,FALSE),B37) -> en_coal_ultrasupercritical | C38: =IFERROR(VLOOKUP(Q38,unified_reference_costs!$I$31:$J$40,2,FALSE),"*") -> fixom | D38: =IF(ISNUMBER(Q38),Q38,D37) -> 2022 | E38: =IF(R38="","",R38) -> 70 | F38: =IF(S38="","",S38) -> 70 | G38: =IF(T38="","",T38) -> 30 | H38: =IF(U38="","",U38) -> 55 | I38: =IF(V38="","",V38) -> 80 | J38: =IF(W38="","",W38) -> 65 | K38: =IF(X38="","",X38) -> 65 | L38: =IF(Y38="","",Y38) -> 70 | M38: =IF(Z38="","",Z38) -> 65 | Q38: fixed_om | R38: 70 | S38: 70 | T38: 30 | U38: 55 | V38: 80 | W38: 65 | X38: 65 | Y38: 70 | Z38: 65
B39: =IFERROR(VLOOKUP(Q39,unified_reference_costs!$I$41:$J$69,2,FALSE),B38) -> en_coal_ultrasupercritical | C39: =IFERROR(VLOOKUP(Q39,unified_reference_costs!$I$31:$J$40,2,FALSE),"*") -> varom | D39: =IF(ISNUMBER(Q39),Q39,D38) -> 2022 | E39: =IF(R39="","",R39) -> 2.639 | F39: =IF(S39="","",S39) -> 2.639 | G39: =IF(T39="","",T39) -> 2.639 | H39: =IF(U39="","",U39) -> 2.639 | I39: =IF(V39="","",V39) -> 2.639 | J39: =IF(W39="","",W39) -> 2.639 | K39: =IF(X39="","",X39) -> 2.639 | L39: =IF(Y39="","",Y39) -> 2.639 | M39: =IF(Z39="","",Z39) -> 2.639 | Q39: variable_om | R39: 2.639 | S39: 2.639 | T39: 2.639 | U39: 2.639 | V39: 2.639 | W39: 2.639 | X39: 2.639 | Y39: 2.639 | Z39: 2.639
B40: =IFERROR(VLOOKUP(Q40,unified_reference_costs!$I$41:$J$69,2,FALSE),B39) -> en_coal_igcc | C40: =IFERROR(VLOOKUP(Q40,unified_reference_costs!$I$31:$J$40,2,FALSE),"*") -> * | D40: =IF(ISNUMBER(Q40),Q40,D39) -> 2022 | E40: =IF(R40="","",R40) | F40: =IF(S40="","",S40) | G40: =IF(T40="","",T40) | H40: =IF(U40="","",U40) | I40: =IF(V40="","",V40) | J40: =IF(W40="","",W40) | K40: =IF(X40="","",X40) | L40: =IF(Y40="","",Y40) | M40: =IF(Z40="","",Z40) | Q40: en_coal_igcc
B41: =IFERROR(VLOOKUP(Q41,unified_reference_costs!$I$41:$J$69,2,FALSE),B40) -> en_coal_igcc | C41: =IFERROR(VLOOKUP(Q41,unified_reference_costs!$I$31:$J$40,2,FALSE),"*") -> invcost | D41: =IF(ISNUMBER(Q41),Q41,D40) -> 2022 | E41: =IF(R41="","",R41) -> 2200 | F41: =IF(S41="","",S41) -> 2000 | G41: =IF(T41="","",T41) -> 1100 | H41: =IF(U41="","",U41) -> 1600 | I41: =IF(V41="","",V41) -> 2900 | J41: =IF(W41="","",W41) -> 2500 | K41: =IF(X41="","",X41) -> 2500 | L41: =IF(Y41="","",Y41) -> 2600 | M41: =IF(Z41="","",Z41) -> 2000 | Q41: capex_mid | R41: 2200 | S41: 2000 | T41: 1100 | U41: 1600 | V41: 2900 | W41: 2500 | X41: 2500 | Y41: 2600 | Z41: 2000
B42: =IFERROR(VLOOKUP(Q42,unified_reference_costs!$I$41:$J$69,2,FALSE),B41) -> en_coal_igcc | C42: =IFERROR(VLOOKUP(Q42,unified_reference_costs!$I$31:$J$40,2,FALSE),"*") -> efficiency | D42: =IF(ISNUMBER(Q42),Q42,D41) -> 2022 | E42: =IF(R42="","",R42) -> 0.4 | F42: =IF(S42="","",S42) -> 0.44 | G42: =IF(T42="","",T42) -> 0.43 | H42: =IF(U42="","",U42) -> 0.41 | I42: =IF(V42="","",V42) -> 0.44 | J42: =IF(W42="","",W42) -> 0.44 | K42: =IF(X42="","",X42) -> 0.44 | L42: =IF(Y42="","",Y42) -> 0.44 | M42: =IF(Z42="","",Z42) -> 0.42 | Q42: efficiency | R42: 0.4 | S42: 0.44 | T42: 0.43 | U42: 0.41 | V42: 0.44 | W42: 0.44 | X42: 0.44 | Y42: 0.44 | Z42: 0.42
B43: =IFERROR(VLOOKUP(Q43,unified_reference_costs!$I$41:$J$69,2,FALSE),B42) -> en_coal_igcc | C43: =IFERROR(VLOOKUP(Q43,unified_reference_costs!$I$31:$J$40,2,FALSE),"*") -> fixom | D43: =IF(ISNUMBER(Q43),Q43,D42) -> 2022 | E43: =IF(R43="","",R43) -> 90 | F43: =IF(S43="","",S43) -> 90 | G43: =IF(T43="","",T43) -> 50 | H43: =IF(U43="","",U43) -> 70 | I43: =IF(V43="","",V43) -> 100 | J43: =IF(W43="","",W43) -> 90 | K43: =IF(X43="","",X43) -> 95 | L43: =IF(Y43="","",Y43) -> 90 | M43: =IF(Z43="","",Z43) -> 90 | Q43: fixed_om | R43: 90 | S43: 90 | T43: 50 | U43: 70 | V43: 100 | W43: 90 | X43: 95 | Y43: 90 | Z43: 90
B44: =IFERROR(VLOOKUP(Q44,unified_reference_costs!$I$41:$J$69,2,FALSE),B43) -> en_coal_ccs | C44: =IFERROR(VLOOKUP(Q44,unified_reference_costs!$I$31:$J$40,2,FALSE),"*") -> * | D44: =IF(ISNUMBER(Q44),Q44,D43) -> 2022 | E44: =IF(R44="","",R44) | F44: =IF(S44="","",S44) | G44: =IF(T44="","",T44) | H44: =IF(U44="","",U44) | I44: =IF(V44="","",V44) | J44: =IF(W44="","",W44) | K44: =IF(X44="","",X44) | L44: =IF(Y44="","",Y44) | M44: =IF(Z44="","",Z44) | Q44: en_coal_ccs
B45: =IFERROR(VLOOKUP(Q45,unified_reference_costs!$I$41:$J$69,2,FALSE),B44) -> en_coal_ccs | C45: =IFERROR(VLOOKUP(Q45,unified_reference_costs!$I$31:$J$40,2,FALSE),"*") -> invcost | D45: =IF(ISNUMBER(Q45),Q45,D44) -> 2022 | E45: =IF(R45="","",R45) -> 4500 | F45: =IF(S45="","",S45) -> 4300 | G45: =IF(T45="","",T45) -> 3400 | H45: =IF(U45="","",U45) -> 3900 | I45: =IF(V45="","",V45) -> 5900 | J45: =IF(W45="","",W45) -> 5100 | K45: =IF(X45="","",X45) -> 5500 | L45: =IF(Y45="","",Y45) -> 5600 | M45: =IF(Z45="","",Z45) -> 4500 | Q45: capex_mid | R45: 4500 | S45: 4300 | T45: 3400 | U45: 3900 | V45: 5900 | W45: 5100 | X45: 5500 | Y45: 5600 | Z45: 4500
B46: =IFERROR(VLOOKUP(Q46,unified_reference_costs!$I$41:$J$69,2,FALSE),B45) -> en_coal_ccs | C46: =IFERROR(VLOOKUP(Q46,unified_reference_costs!$I$31:$J$40,2,FALSE),"*") -> efficiency | D46: =IF(ISNUMBER(Q46),Q46,D45) -> 2022 | E46: =IF(R46="","",R46) -> 0.32 | F46: =IF(S46="","",S46) | G46: =IF(T46="","",T46) -> 0.35 | H46: =IF(U46="","",U46) -> 0.31 | I46: =IF(V46="","",V46) -> 0.36 | J46: =IF(W46="","",W46) -> 0.36 | K46: =IF(X46="","",X46) -> 0.36 | L46: =IF(Y46="","",Y46) -> 0.36 | M46: =IF(Z46="","",Z46) | Q46: efficiency | R46: 0.32 | T46: 0.35 | U46: 0.31 | V46: 0.36 | W46: 0.36 | X46: 0.36 | Y46: 0.36
B47: =IFERROR(VLOOKUP(Q47,unified_reference_costs!$I$41:$J$69,2,FALSE),B46) -> en_coal_ccs | C47: =IFERROR(VLOOKUP(Q47,unified_reference_costs!$I$31:$J$40,2,FALSE),"*") -> fixom | D47: =IF(ISNUMBER(Q47),Q47,D46) -> 2022 | E47: =IF(R47="","",R47) -> 175 | F47: =IF(S47="","",S47) -> 170 | G47: =IF(T47="","",T47) -> 135 | H47: =IF(U47="","",U47) -> 155 | I47: =IF(V47="","",V47) -> 175 | J47: =IF(W47="","",W47) -> 180 | K47: =IF(X47="","",X47) -> 165 | L47: =IF(Y47="","",Y47) -> 170 | M47: =IF(Z47="","",Z47) -> 180 | Q47: fixed_om | R47: 175 | S47: 170 | T47: 135 | U47: 155 | V47: 175 | W47: 180 | X47: 165 | Y47: 170 | Z47: 180
B48: =IFERROR(VLOOKUP(Q48,unified_reference_costs!$I$41:$J$69,2,FALSE),B47) -> en_coal_ccs | C48: =IFERROR(VLOOKUP(Q48,unified_reference_costs!$I$31:$J$40,2,FALSE),"*") -> varom | D48: =IF(ISNUMBER(Q48),Q48,D47) -> 2022 | E48: =IF(R48="","",R48) -> 4.478 | F48: =IF(S48="","",S48) -> 4.478 | G48: =IF(T48="","",T48) -> 4.478 | H48: =IF(U48="","",U48) -> 4.478 | I48: =IF(V48="","",V48) -> 4.478 | J48: =IF(W48="","",W48) -> 4.478 | K48: =IF(X48="","",X48) -> 4.478 | L48: =IF(Y48="","",Y48) -> 4.478 | M48: =IF(Z48="","",Z48) -> 4.478 | Q48: variable_om | R48: 4.478 | S48: 4.478 | T48: 4.478 | U48: 4.478 | V48: 4.478 | W48: 4.478 | X48: 4.478 | Y48: 4.478 | Z48: 4.478
B49: =IFERROR(VLOOKUP(Q49,unified_reference_costs!$I$41:$J$69,2,FALSE),B48) -> \I: | C49: =IFERROR(VLOOKUP(Q49,unified_reference_costs!$I$31:$J$40,2,FALSE),"*") -> * | D49: =IF(ISNUMBER(Q49),Q49,D48) -> 2022 | E49: =IF(R49="","",R49) | F49: =IF(S49="","",S49) | G49: =IF(T49="","",T49) | H49: =IF(U49="","",U49) | I49: =IF(V49="","",V49) | J49: =IF(W49="","",W49) | K49: =IF(X49="","",X49) | L49: =IF(Y49="","",Y49) | M49: =IF(Z49="","",Z49) | Q49: en_coal_oxyfuel_ccs
B50: =IFERROR(VLOOKUP(Q50,unified_reference_costs!$I$41:$J$69,2,FALSE),B49) -> \I: | C50: =IFERROR(VLOOKUP(Q50,unified_reference_costs!$I$31:$J$40,2,FALSE),"*") -> invcost | D50: =IF(ISNUMBER(Q50),Q50,D49) -> 2022 | E50: =IF(R50="","",R50) -> 4800 | F50: =IF(S50="","",S50) -> 4700 | G50: =IF(T50="","",T50) -> 3500 | H50: =IF(U50="","",U50) -> 4100 | I50: =IF(V50="","",V50) -> 6100 | J50: =IF(W50="","",W50) -> 5300 | K50: =IF(X50="","",X50) -> 5700 | L50: =IF(Y50="","",Y50) -> 5800 | M50: =IF(Z50="","",Z50) -> 4300 | Q50: capex_mid | R50: 4800 | S50: 4700 | T50: 3500 | U50: 4100 | V50: 6100 | W50: 5300 | X50: 5700 | Y50: 5800 | Z50: 4300
B51: =IFERROR(VLOOKUP(Q51,unified_reference_costs!$I$41:$J$69,2,FALSE),B50) -> \I: | C51: =IFERROR(VLOOKUP(Q51,unified_reference_costs!$I$31:$J$40,2,FALSE),"*") -> efficiency | D51: =IF(ISNUMBER(Q51),Q51,D50) -> 2022 | E51: =IF(R51="","",R51) -> 0.33 | F51: =IF(S51="","",S51) | G51: =IF(T51="","",T51) -> 0.35 | H51: =IF(U51="","",U51) -> 0.31 | I51: =IF(V51="","",V51) -> 0.36 | J51: =IF(W51="","",W51) -> 0.36 | K51: =IF(X51="","",X51) -> 0.36 | L51: =IF(Y51="","",Y51) -> 0.36 | M51: =IF(Z51="","",Z51) | Q51: efficiency | R51: 0.33 | T51: 0.35 | U51: 0.31 | V51: 0.36 | W51: 0.36 | X51: 0.36 | Y51: 0.36
B52: =IFERROR(VLOOKUP(Q52,unified_reference_costs!$I$41:$J$69,2,FALSE),B51) -> \I: | C52: =IFERROR(VLOOKUP(Q52,unified_reference_costs!$I$31:$J$40,2,FALSE),"*") -> fixom | D52: =IF(ISNUMBER(Q52),Q52,D51) -> 2022 | E52: =IF(R52="","",R52) -> 185 | F52: =IF(S52="","",S52) -> 190 | G52: =IF(T52="","",T52) -> 140 | H52: =IF(U52="","",U52) -> 165 | I52: =IF(V52="","",V52) -> 185 | J52: =IF(W52="","",W52) -> 160 | K52: =IF(X52="","",X52) -> 170 | L52: =IF(Y52="","",Y52) -> 175 | M52: =IF(Z52="","",Z52) -> 170 | Q52: fixed_om | R52: 185 | S52: 190 | T52: 140 | U52: 165 | V52: 185 | W52: 160 | X52: 170 | Y52: 175 | Z52: 170
B53: =IFERROR(VLOOKUP(Q53,unified_reference_costs!$I$41:$J$69,2,FALSE),B52) -> \I: | C53: =IFERROR(VLOOKUP(Q53,unified_reference_costs!$I$31:$J$40,2,FALSE),"*") -> varom | D53: =IF(ISNUMBER(Q53),Q53,D52) -> 2022 | E53: =IF(R53="","",R53) -> 4.306 | F53: =IF(S53="","",S53) -> 4.306 | G53: =IF(T53="","",T53) -> 4.306 | H53: =IF(U53="","",U53) -> 4.306 | I53: =IF(V53="","",V53) -> 4.306 | J53: =IF(W53="","",W53) -> 4.306 | K53: =IF(X53="","",X53) -> 4.306 | L53: =IF(Y53="","",Y53) -> 4.306 | M53: =IF(Z53="","",Z53) -> 4.306 | Q53: variable_om | R53: 4.306 | S53: 4.306 | T53: 4.306 | U53: 4.306 | V53: 4.306 | W53: 4.306 | X53: 4.306 | Y53: 4.306 | Z53: 4.306
B54: =IFERROR(VLOOKUP(Q54,unified_reference_costs!$I$41:$J$69,2,FALSE),B53) -> en_coal_igcc_ccs | C54: =IFERROR(VLOOKUP(Q54,unified_reference_costs!$I$31:$J$40,2,FALSE),"*") -> * | D54: =IF(ISNUMBER(Q54),Q54,D53) -> 2022 | E54: =IF(R54="","",R54) | F54: =IF(S54="","",S54) | G54: =IF(T54="","",T54) | H54: =IF(U54="","",U54) | I54: =IF(V54="","",V54) | J54: =IF(W54="","",W54) | K54: =IF(X54="","",X54) | L54: =IF(Y54="","",Y54) | M54: =IF(Z54="","",Z54) | Q54: en_coal_igcc_ccs
B55: =IFERROR(VLOOKUP(Q55,unified_reference_costs!$I$41:$J$69,2,FALSE),B54) -> en_coal_igcc_ccs | C55: =IFERROR(VLOOKUP(Q55,unified_reference_costs!$I$31:$J$40,2,FALSE),"*") -> invcost | D55: =IF(ISNUMBER(Q55),Q55,D54) -> 2022 | E55: =IF(R55="","",R55) -> 4850 | F55: =IF(S55="","",S55) -> 4550 | G55: =IF(T55="","",T55) -> 3650 | H55: =IF(U55="","",U55) -> 4150 | I55: =IF(V55="","",V55) -> 6250 | J55: =IF(W55="","",W55) -> 5450 | K55: =IF(X55="","",X55) -> 5850 | L55: =IF(Y55="","",Y55) -> 5950 | M55: =IF(Z55="","",Z55) -> 5100 | Q55: capex_mid | R55: 4850 | S55: 4550 | T55: 3650 | U55: 4150 | V55: 6250 | W55: 5450 | X55: 5850 | Y55: 5950 | Z55: 5100
B56: =IFERROR(VLOOKUP(Q56,unified_reference_costs!$I$41:$J$69,2,FALSE),B55) -> en_coal_igcc_ccs | C56: =IFERROR(VLOOKUP(Q56,unified_reference_costs!$I$31:$J$40,2,FALSE),"*") -> efficiency | D56: =IF(ISNUMBER(Q56),Q56,D55) -> 2022 | E56: =IF(R56="","",R56) -> 0.32 | F56: =IF(S56="","",S56) | G56: =IF(T56="","",T56) -> 0.34 | H56: =IF(U56="","",U56) -> 0.32 | I56: =IF(V56="","",V56) -> 0.35 | J56: =IF(W56="","",W56) -> 0.35 | K56: =IF(X56="","",X56) -> 0.35 | L56: =IF(Y56="","",Y56) -> 0.35 | M56: =IF(Z56="","",Z56) | Q56: efficiency | R56: 0.32 | T56: 0.34 | U56: 0.32 | V56: 0.35 | W56: 0.35 | X56: 0.35 | Y56: 0.35
B57: =IFERROR(VLOOKUP(Q57,unified_reference_costs!$I$41:$J$69,2,FALSE),B56) -> en_coal_igcc_ccs | C57: =IFERROR(VLOOKUP(Q57,unified_reference_costs!$I$31:$J$40,2,FALSE),"*") -> fixom | D57: =IF(ISNUMBER(Q57),Q57,D56) -> 2022 | E57: =IF(R57="","",R57) -> 220 | F57: =IF(S57="","",S57) -> 205 | G57: =IF(T57="","",T57) -> 165 | H57: =IF(U57="","",U57) -> 200 | I57: =IF(V57="","",V57) -> 220 | J57: =IF(W57="","",W57) -> 190 | K57: =IF(X57="","",X57) -> 205 | L57: =IF(Y57="","",Y57) -> 210 | M57: =IF(Z57="","",Z57) -> 230 | Q57: fixed_om | R57: 220 | S57: 205 | T57: 165 | U57: 200 | V57: 220 | W57: 190 | X57: 205 | Y57: 210 | Z57: 230
B58: =IFERROR(VLOOKUP(Q58,unified_reference_costs!$I$41:$J$69,2,FALSE),B57) -> en_coal_igcc_ccs | C58: =IFERROR(VLOOKUP(Q58,unified_reference_costs!$I$31:$J$40,2,FALSE),"*") -> varom | D58: =IF(ISNUMBER(Q58),Q58,D57) -> 2022 | E58: =IF(R58="","",R58) -> 4.583 | F58: =IF(S58="","",S58) -> 4.583 | G58: =IF(T58="","",T58) -> 4.583 | H58: =IF(U58="","",U58) -> 4.583 | I58: =IF(V58="","",V58) -> 4.583 | J58: =IF(W58="","",W58) -> 4.583 | K58: =IF(X58="","",X58) -> 4.583 | L58: =IF(Y58="","",Y58) -> 4.583 | M58: =IF(Z58="","",Z58) -> 4.583 | Q58: variable_om | R58: 4.583 | S58: 4.583 | T58: 4.583 | U58: 4.583 | V58: 4.583 | W58: 4.583 | X58: 4.583 | Y58: 4.583 | Z58: 4.583
B59: =IFERROR(VLOOKUP(Q59,unified_reference_costs!$I$41:$J$69,2,FALSE),B58) -> en_gas_ccs | C59: =IFERROR(VLOOKUP(Q59,unified_reference_costs!$I$31:$J$40,2,FALSE),"*") -> * | D59: =IF(ISNUMBER(Q59),Q59,D58) -> 2022 | E59: =IF(R59="","",R59) | F59: =IF(S59="","",S59) | G59: =IF(T59="","",T59) | H59: =IF(U59="","",U59) | I59: =IF(V59="","",V59) | J59: =IF(W59="","",W59) | K59: =IF(X59="","",X59) | L59: =IF(Y59="","",Y59) | M59: =IF(Z59="","",Z59) | Q59: en_gas_ccs
B60: =IFERROR(VLOOKUP(Q60,unified_reference_costs!$I$41:$J$69,2,FALSE),B59) -> en_gas_ccs | C60: =IFERROR(VLOOKUP(Q60,unified_reference_costs!$I$31:$J$40,2,FALSE),"*") -> invcost | D60: =IF(ISNUMBER(Q60),Q60,D59) -> 2022 | E60: =IF(R60="","",R60) -> 2450 | F60: =IF(S60="","",S60) -> 1650 | G60: =IF(T60="","",T60) -> 2200 | H60: =IF(U60="","",U60) -> 2300 | I60: =IF(V60="","",V60) -> 3200 | J60: =IF(W60="","",W60) -> 2650 | K60: =IF(X60="","",X60) -> 3100 | L60: =IF(Y60="","",Y60) -> 3100 | M60: =IF(Z60="","",Z60) -> 2800 | Q60: capex_mid | R60: 2450 | S60: 1650 | T60: 2200 | U60: 2300 | V60: 3200 | W60: 2650 | X60: 3100 | Y60: 3100 | Z60: 2800
B61: =IFERROR(VLOOKUP(Q61,unified_reference_costs!$I$41:$J$69,2,FALSE),B60) -> en_gas_ccs | C61: =IFERROR(VLOOKUP(Q61,unified_reference_costs!$I$31:$J$40,2,FALSE),"*") -> efficiency | D61: =IF(ISNUMBER(Q61),Q61,D60) -> 2022 | E61: =IF(R61="","",R61) -> 0.5 | F61: =IF(S61="","",S61) | G61: =IF(T61="","",T61) -> 0.49 | H61: =IF(U61="","",U61) -> 0.48 | I61: =IF(V61="","",V61) -> 0.51 | J61: =IF(W61="","",W61) -> 0.49 | K61: =IF(X61="","",X61) -> 0.51 | L61: =IF(Y61="","",Y61) -> 0.51 | M61: =IF(Z61="","",Z61) -> 0.49 | Q61: efficiency | R61: 0.5 | T61: 0.49 | U61: 0.48 | V61: 0.51 | W61: 0.49 | X61: 0.51 | Y61: 0.51 | Z61: 0.49
B62: =IFERROR(VLOOKUP(Q62,unified_reference_costs!$I$41:$J$69,2,FALSE),B61) -> en_gas_ccs | C62: =IFERROR(VLOOKUP(Q62,unified_reference_costs!$I$31:$J$40,2,FALSE),"*") -> fixom | D62: =IF(ISNUMBER(Q62),Q62,D61) -> 2022 | E62: =IF(R62="","",R62) -> 85 | F62: =IF(S62="","",S62) -> 55 | G62: =IF(T62="","",T62) -> 70 | H62: =IF(U62="","",U62) -> 80 | I62: =IF(V62="","",V62) -> 80 | J62: =IF(W62="","",W62) -> 95 | K62: =IF(X62="","",X62) -> 80 | L62: =IF(Y62="","",Y62) -> 80 | M62: =IF(Z62="","",Z62) -> 100 | Q62: fixed_om | R62: 85 | S62: 55 | T62: 70 | U62: 80 | V62: 80 | W62: 95 | X62: 80 | Y62: 80 | Z62: 100
B63: =IFERROR(VLOOKUP(Q63,unified_reference_costs!$I$41:$J$69,2,FALSE),B62) -> en_gas_ccs | C63: =IFERROR(VLOOKUP(Q63,unified_reference_costs!$I$31:$J$40,2,FALSE),"*") -> varom | D63: =IF(ISNUMBER(Q63),Q63,D62) -> 2022 | E63: =IF(R63="","",R63) -> 1.35 | F63: =IF(S63="","",S63) -> 1.35 | G63: =IF(T63="","",T63) -> 1.35 | H63: =IF(U63="","",U63) -> 1.35 | I63: =IF(V63="","",V63) -> 1.35 | J63: =IF(W63="","",W63) -> 1.35 | K63: =IF(X63="","",X63) -> 1.35 | L63: =IF(Y63="","",Y63) -> 1.35 | M63: =IF(Z63="","",Z63) -> 1.35 | Q63: variable_om | R63: 1.35 | S63: 1.35 | T63: 1.35 | U63: 1.35 | V63: 1.35 | W63: 1.35 | X63: 1.35 | Y63: 1.35 | Z63: 1.35
B64: =IFERROR(VLOOKUP(Q64,unified_reference_costs!$I$41:$J$69,2,FALSE),B63) -> en_nuclear | C64: =IFERROR(VLOOKUP(Q64,unified_reference_costs!$I$31:$J$40,2,FALSE),"*") -> * | D64: =IF(ISNUMBER(Q64),Q64,D63) -> 2022 | E64: =IF(R64="","",R64) | F64: =IF(S64="","",S64) | G64: =IF(T64="","",T64) | H64: =IF(U64="","",U64) | I64: =IF(V64="","",V64) | J64: =IF(W64="","",W64) | K64: =IF(X64="","",X64) | L64: =IF(Y64="","",Y64) | M64: =IF(Z64="","",Z64) | Q64: en_nuclear
B65: =IFERROR(VLOOKUP(Q65,unified_reference_costs!$I$41:$J$69,2,FALSE),B64) -> en_nuclear | C65: =IFERROR(VLOOKUP(Q65,unified_reference_costs!$I$31:$J$40,2,FALSE),"*") -> invcost | D65: =IF(ISNUMBER(Q65),Q65,D64) -> 2022 | E65: =IF(R65="","",R65) -> 4000 | F65: =IF(S65="","",S65) -> 4000 | G65: =IF(T65="","",T65) -> 2800 | H65: =IF(U65="","",U65) -> 2800 | I65: =IF(V65="","",V65) -> 4200 | J65: =IF(W65="","",W65) -> 3800 | K65: =IF(X65="","",X65) -> 6600 | L65: =IF(Y65="","",Y65) -> 5000 | M65: =IF(Z65="","",Z65) -> 3500 | Q65: capex_mid | R65: 4000 | S65: 4000 | T65: 2800 | U65: 2800 | V65: 4200 | W65: 3800 | X65: 6600 | Y65: 5000 | Z65: 3500
B66: =IFERROR(VLOOKUP(Q66,unified_reference_costs!$I$41:$J$69,2,FALSE),B65) -> en_nuclear | C66: =IFERROR(VLOOKUP(Q66,unified_reference_costs!$I$31:$J$40,2,FALSE),"*") -> fixom | D66: =IF(ISNUMBER(Q66),Q66,D65) -> 2022 | E66: =IF(R66="","",R66) -> 170 | F66: =IF(S66="","",S66) -> 170 | G66: =IF(T66="","",T66) -> 120 | H66: =IF(U66="","",U66) -> 140 | I66: =IF(V66="","",V66) -> 225 | J66: =IF(W66="","",W66) -> 160 | K66: =IF(X66="","",X66) -> 160 | L66: =IF(Y66="","",Y66) -> 175 | M66: =IF(Z66="","",Z66) -> 160 | Q66: fixed_om | R66: 170 | S66: 170 | T66: 120 | U66: 140 | V66: 225 | W66: 160 | X66: 160 | Y66: 175 | Z66: 160
B67: =IFERROR(VLOOKUP(Q67,unified_reference_costs!$I$41:$J$69,2,FALSE),B66) -> \I: | C67: =IFERROR(VLOOKUP(Q67,unified_reference_costs!$I$31:$J$40,2,FALSE),"*") -> * | D67: =IF(ISNUMBER(Q67),Q67,D66) -> 2022 | E67: =IF(R67="","",R67) | F67: =IF(S67="","",S67) | G67: =IF(T67="","",T67) | H67: =IF(U67="","",U67) | I67: =IF(V67="","",V67) | J67: =IF(W67="","",W67) | K67: =IF(X67="","",X67) | L67: =IF(Y67="","",Y67) | M67: =IF(Z67="","",Z67) | Q67: en_solar_pv
B68: =IFERROR(VLOOKUP(Q68,unified_reference_costs!$I$41:$J$69,2,FALSE),B67) -> \I: | C68: =IFERROR(VLOOKUP(Q68,unified_reference_costs!$I$31:$J$40,2,FALSE),"*") -> *cf | D68: =IF(ISNUMBER(Q68),Q68,D67) -> 2022 | E68: =IF(R68="","",R68) -> 0.22 | F68: =IF(S68="","",S68) -> 0.2 | G68: =IF(T68="","",T68) -> 0.13 | H68: =IF(U68="","",U68) -> 0.2 | I68: =IF(V68="","",V68) -> 0.14 | J68: =IF(W68="","",W68) -> 0.13 | K68: =IF(X68="","",X68) -> 0.14 | L68: =IF(Y68="","",Y68) -> 0.21 | M68: =IF(Z68="","",Z68) -> 0.25 | Q68: capacity_factor | R68: 0.22 | S68: 0.2 | T68: 0.13 | U68: 0.2 | V68: 0.14 | W68: 0.13 | X68: 0.14 | Y68: 0.21 | Z68: 0.25
B69: =IFERROR(VLOOKUP(Q69,unified_reference_costs!$I$41:$J$69,2,FALSE),B68) -> \I: | C69: =IFERROR(VLOOKUP(Q69,unified_reference_costs!$I$31:$J$40,2,FALSE),"*") -> invcost | D69: =IF(ISNUMBER(Q69),Q69,D68) -> 2022 | E69: =IF(R69="","",R69) -> 1420 | F69: =IF(S69="","",S69) -> 750 | G69: =IF(T69="","",T69) -> 720 | H69: =IF(U69="","",U69) -> 640 | I69: =IF(V69="","",V69) -> 1910 | J69: =IF(W69="","",W69) -> 1710 | K69: =IF(X69="","",X69) -> 990 | L69: =IF(Y69="","",Y69) -> 1120 | M69: =IF(Z69="","",Z69) -> 620 | Q69: capex_mid | R69: 1420 | S69: 750 | T69: 720 | U69: 640 | V69: 1910 | W69: 1710 | X69: 990 | Y69: 1120 | Z69: 620
B70: =IFERROR(VLOOKUP(Q70,unified_reference_costs!$I$41:$J$69,2,FALSE),B69) -> \I: | C70: =IFERROR(VLOOKUP(Q70,unified_reference_costs!$I$31:$J$40,2,FALSE),"*") -> efficiency | D70: =IF(ISNUMBER(Q70),Q70,D69) -> 2022 | E70: =IF(R70="","",R70) -> 1 | F70: =IF(S70="","",S70) -> 1 | G70: =IF(T70="","",T70) -> 1 | H70: =IF(U70="","",U70) -> 1 | I70: =IF(V70="","",V70) -> 1 | J70: =IF(W70="","",W70) -> 1 | K70: =IF(X70="","",X70) -> 1 | L70: =IF(Y70="","",Y70) -> 1 | M70: =IF(Z70="","",Z70) -> 1 | Q70: efficiency | R70: 1 | S70: 1 | T70: 1 | U70: 1 | V70: 1 | W70: 1 | X70: 1 | Y70: 1 | Z70: 1
B71: =IFERROR(VLOOKUP(Q71,unified_reference_costs!$I$41:$J$69,2,FALSE),B70) -> \I: | C71: =IFERROR(VLOOKUP(Q71,unified_reference_costs!$I$31:$J$40,2,FALSE),"*") -> fixom | D71: =IF(ISNUMBER(Q71),Q71,D70) -> 2022 | E71: =IF(R71="","",R71) -> 22 | F71: =IF(S71="","",S71) -> 12 | G71: =IF(T71="","",T71) -> 12 | H71: =IF(U71="","",U71) -> 10 | I71: =IF(V71="","",V71) -> 28 | J71: =IF(W71="","",W71) -> 26 | K71: =IF(X71="","",X71) -> 14 | L71: =IF(Y71="","",Y71) -> 16 | M71: =IF(Z71="","",Z71) -> 10 | Q71: fixed_om | R71: 22 | S71: 12 | T71: 12 | U71: 10 | V71: 28 | W71: 26 | X71: 14 | Y71: 16 | Z71: 10
B72: =IFERROR(VLOOKUP(Q72,unified_reference_costs!$I$41:$J$69,2,FALSE),B71) -> \I: | C72: =IFERROR(VLOOKUP(Q72,unified_reference_costs!$I$31:$J$40,2,FALSE),"*") -> varom | D72: =IF(ISNUMBER(Q72),Q72,D71) -> 2022 | E72: =IF(R72="","",R72) -> 0 | F72: =IF(S72="","",S72) -> 0 | G72: =IF(T72="","",T72) -> 0 | H72: =IF(U72="","",U72) -> 0 | I72: =IF(V72="","",V72) -> 0 | J72: =IF(W72="","",W72) -> 0 | K72: =IF(X72="","",X72) -> 0 | L72: =IF(Y72="","",Y72) -> 0 | M72: =IF(Z72="","",Z72) -> 0 | Q72: variable_om | R72: 0 | S72: 0 | T72: 0 | U72: 0 | V72: 0 | W72: 0 | X72: 0 | Y72: 0 | Z72: 0
B73: =IFERROR(VLOOKUP(Q73,unified_reference_costs!$I$41:$J$69,2,FALSE),B72) -> \I: | C73: =IFERROR(VLOOKUP(Q73,unified_reference_costs!$I$31:$J$40,2,FALSE),"*") -> * | D73: =IF(ISNUMBER(Q73),Q73,D72) -> 2022 | E73: =IF(R73="","",R73) | F73: =IF(S73="","",S73) | G73: =IF(T73="","",T73) | H73: =IF(U73="","",U73) | I73: =IF(V73="","",V73) | J73: =IF(W73="","",W73) | K73: =IF(X73="","",X73) | L73: =IF(Y73="","",Y73) | M73: =IF(Z73="","",Z73) | Q73: en_wind_onshore
B74: =IFERROR(VLOOKUP(Q74,unified_reference_costs!$I$41:$J$69,2,FALSE),B73) -> \I: | C74: =IFERROR(VLOOKUP(Q74,unified_reference_costs!$I$31:$J$40,2,FALSE),"*") -> *cf | D74: =IF(ISNUMBER(Q74),Q74,D73) -> 2022 | E74: =IF(R74="","",R74) -> 0.32 | F74: =IF(S74="","",S74) -> 0.44 | G74: =IF(T74="","",T74) -> 0.26 | H74: =IF(U74="","",U74) -> 0.26 | I74: =IF(V74="","",V74) -> 0.26 | J74: =IF(W74="","",W74) -> 0.26 | K74: =IF(X74="","",X74) -> 0.29 | L74: =IF(Y74="","",Y74) -> 0.42 | M74: =IF(Z74="","",Z74) -> 0.35 | Q74: capacity_factor | R74: 0.32 | S74: 0.44 | T74: 0.26 | U74: 0.26 | V74: 0.26 | W74: 0.26 | X74: 0.29 | Y74: 0.42 | Z74: 0.35
B75: =IFERROR(VLOOKUP(Q75,unified_reference_costs!$I$41:$J$69,2,FALSE),B74) -> \I: | C75: =IFERROR(VLOOKUP(Q75,unified_reference_costs!$I$31:$J$40,2,FALSE),"*") -> invcost | D75: =IF(ISNUMBER(Q75),Q75,D74) -> 2022 | E75: =IF(R75="","",R75) -> 1950 | F75: =IF(S75="","",S75) -> 1050 | G75: =IF(T75="","",T75) -> 1100 | H75: =IF(U75="","",U75) -> 1120 | I75: =IF(V75="","",V75) -> 3520 | J75: =IF(W75="","",W75) -> 1640 | K75: =IF(X75="","",X75) -> 1750 | L75: =IF(Y75="","",Y75) -> 1220 | M75: =IF(Z75="","",Z75) -> 1950 | Q75: capex_mid | R75: 1950 | S75: 1050 | T75: 1100 | U75: 1120 | V75: 3520 | W75: 1640 | X75: 1750 | Y75: 1220 | Z75: 1950
B76: =IFERROR(VLOOKUP(Q76,unified_reference_costs!$I$41:$J$69,2,FALSE),B75) -> \I: | C76: =IFERROR(VLOOKUP(Q76,unified_reference_costs!$I$31:$J$40,2,FALSE),"*") -> efficiency | D76: =IF(ISNUMBER(Q76),Q76,D75) -> 2022 | E76: =IF(R76="","",R76) -> 1 | F76: =IF(S76="","",S76) -> 1 | G76: =IF(T76="","",T76) -> 1 | H76: =IF(U76="","",U76) -> 1 | I76: =IF(V76="","",V76) -> 1 | J76: =IF(W76="","",W76) -> 1 | K76: =IF(X76="","",X76) -> 1 | L76: =IF(Y76="","",Y76) -> 1 | M76: =IF(Z76="","",Z76) -> 1 | Q76: efficiency | R76: 1 | S76: 1 | T76: 1 | U76: 1 | V76: 1 | W76: 1 | X76: 1 | Y76: 1 | Z76: 1
B77: =IFERROR(VLOOKUP(Q77,unified_reference_costs!$I$41:$J$69,2,FALSE),B76) -> \I: | C77: =IFERROR(VLOOKUP(Q77,unified_reference_costs!$I$31:$J$40,2,FALSE),"*") -> fixom | D77: =IF(ISNUMBER(Q77),Q77,D76) -> 2022 | E77: =IF(R77="","",R77) -> 48 | F77: =IF(S77="","",S77) -> 26 | G77: =IF(T77="","",T77) -> 28 | H77: =IF(U77="","",U77) -> 28 | I77: =IF(V77="","",V77) -> 88 | J77: =IF(W77="","",W77) -> 40 | K77: =IF(X77="","",X77) -> 46 | L77: =IF(Y77="","",Y77) -> 30 | M77: =IF(Z77="","",Z77) -> 48 | Q77: fixed_om | R77: 48 | S77: 26 | T77: 28 | U77: 28 | V77: 88 | W77: 40 | X77: 46 | Y77: 30 | Z77: 48
B78: =IFERROR(VLOOKUP(Q78,unified_reference_costs!$I$41:$J$69,2,FALSE),B77) -> \I: | C78: =IFERROR(VLOOKUP(Q78,unified_reference_costs!$I$31:$J$40,2,FALSE),"*") -> varom | D78: =IF(ISNUMBER(Q78),Q78,D77) -> 2022 | E78: =IF(R78="","",R78) -> 0 | F78: =IF(S78="","",S78) -> 0 | G78: =IF(T78="","",T78) -> 0 | H78: =IF(U78="","",U78) -> 0 | I78: =IF(V78="","",V78) -> 0 | J78: =IF(W78="","",W78) -> 0 | K78: =IF(X78="","",X78) -> 0 | L78: =IF(Y78="","",Y78) -> 0 | M78: =IF(Z78="","",Z78) -> 0 | Q78: variable_om | R78: 0 | S78: 0 | T78: 0 | U78: 0 | V78: 0 | W78: 0 | X78: 0 | Y78: 0 | Z78: 0
B79: =IFERROR(VLOOKUP(Q79,unified_reference_costs!$I$41:$J$69,2,FALSE),B78) -> \I: | C79: =IFERROR(VLOOKUP(Q79,unified_reference_costs!$I$31:$J$40,2,FALSE),"*") -> * | D79: =IF(ISNUMBER(Q79),Q79,D78) -> 2022 | E79: =IF(R79="","",R79) | F79: =IF(S79="","",S79) | G79: =IF(T79="","",T79) | H79: =IF(U79="","",U79) | I79: =IF(V79="","",V79) | J79: =IF(W79="","",W79) | K79: =IF(X79="","",X79) | L79: =IF(Y79="","",Y79) | M79: =IF(Z79="","",Z79) | Q79: en_wind_offshore
B80: =IFERROR(VLOOKUP(Q80,unified_reference_costs!$I$41:$J$69,2,FALSE),B79) -> \I: | C80: =IFERROR(VLOOKUP(Q80,unified_reference_costs!$I$31:$J$40,2,FALSE),"*") -> *cf | D80: =IF(ISNUMBER(Q80),Q80,D79) -> 2022 | E80: =IF(R80="","",R80) -> 0.37 | F80: =IF(S80="","",S80) -> 0.48 | G80: =IF(T80="","",T80) -> 0.33 | H80: =IF(U80="","",U80) -> 0.33 | I80: =IF(V80="","",V80) -> 0.41 | J80: =IF(W80="","",W80) -> 0.39 | K80: =IF(X80="","",X80) -> 0.5 | L80: =IF(Y80="","",Y80) -> 0.42 | M80: =IF(Z80="","",Z80) -> 0.34 | Q80: capacity_factor | R80: 0.37 | S80: 0.48 | T80: 0.33 | U80: 0.33 | V80: 0.41 | W80: 0.39 | X80: 0.5 | Y80: 0.42 | Z80: 0.34
B81: =IFERROR(VLOOKUP(Q81,unified_reference_costs!$I$41:$J$69,2,FALSE),B80) -> \I: | C81: =IFERROR(VLOOKUP(Q81,unified_reference_costs!$I$31:$J$40,2,FALSE),"*") -> invcost | D81: =IF(ISNUMBER(Q81),Q81,D80) -> 2022 | E81: =IF(R81="","",R81) -> 4260 | F81: =IF(S81="","",S81) -> 4440 | G81: =IF(T81="","",T81) -> 2820 | H81: =IF(U81="","",U81) -> 3060 | I81: =IF(V81="","",V81) -> 6640 | J81: =IF(W81="","",W81) -> 4600 | K81: =IF(X81="","",X81) -> 3420 | L81: =IF(Y81="","",Y81) -> 4060 | M81: =IF(Z81="","",Z81) -> 4400 | Q81: capex_mid | R81: 4260 | S81: 4440 | T81: 2820 | U81: 3060 | V81: 6640 | W81: 4600 | X81: 3420 | Y81: 4060 | Z81: 4400
B82: =IFERROR(VLOOKUP(Q82,unified_reference_costs!$I$41:$J$69,2,FALSE),B81) -> \I: | C82: =IFERROR(VLOOKUP(Q82,unified_reference_costs!$I$31:$J$40,2,FALSE),"*") -> efficiency | D82: =IF(ISNUMBER(Q82),Q82,D81) -> 2022 | E82: =IF(R82="","",R82) -> 1 | F82: =IF(S82="","",S82) -> 1 | G82: =IF(T82="","",T82) -> 1 | H82: =IF(U82="","",U82) -> 1 | I82: =IF(V82="","",V82) -> 1 | J82: =IF(W82="","",W82) -> 1 | K82: =IF(X82="","",X82) -> 1 | L82: =IF(Y82="","",Y82) -> 1 | M82: =IF(Z82="","",Z82) -> 1 | Q82: efficiency | R82: 1 | S82: 1 | T82: 1 | U82: 1 | V82: 1 | W82: 1 | X82: 1 | Y82: 1 | Z82: 1
B83: =IFERROR(VLOOKUP(Q83,unified_reference_costs!$I$41:$J$69,2,FALSE),B82) -> \I: | C83: =IFERROR(VLOOKUP(Q83,unified_reference_costs!$I$31:$J$40,2,FALSE),"*") -> fixom | D83: =IF(ISNUMBER(Q83),Q83,D82) -> 2022 | E83: =IF(R83="","",R83) -> 105 | F83: =IF(S83="","",S83) -> 110 | G83: =IF(T83="","",T83) -> 70 | H83: =IF(U83="","",U83) -> 75 | I83: =IF(V83="","",V83) -> 165 | J83: =IF(W83="","",W83) -> 115 | K83: =IF(X83="","",X83) -> 70 | L83: =IF(Y83="","",Y83) -> 120 | M83: =IF(Z83="","",Z83) -> 110 | Q83: fixed_om | R83: 105 | S83: 110 | T83: 70 | U83: 75 | V83: 165 | W83: 115 | X83: 70 | Y83: 120 | Z83: 110
B84: =IFERROR(VLOOKUP(Q84,unified_reference_costs!$I$41:$J$69,2,FALSE),B83) -> \I: | C84: =IFERROR(VLOOKUP(Q84,unified_reference_costs!$I$31:$J$40,2,FALSE),"*") -> varom | D84: =IF(ISNUMBER(Q84),Q84,D83) -> 2022 | E84: =IF(R84="","",R84) -> 0 | F84: =IF(S84="","",S84) -> 0 | G84: =IF(T84="","",T84) -> 0 | H84: =IF(U84="","",U84) -> 0 | I84: =IF(V84="","",V84) -> 0 | J84: =IF(W84="","",W84) -> 0 | K84: =IF(X84="","",X84) -> 0 | L84: =IF(Y84="","",Y84) -> 0 | M84: =IF(Z84="","",Z84) -> 0 | Q84: variable_om | R84: 0 | S84: 0 | T84: 0 | U84: 0 | V84: 0 | W84: 0 | X84: 0 | Y84: 0 | Z84: 0
B85: =IFERROR(VLOOKUP(Q85,unified_reference_costs!$I$41:$J$69,2,FALSE),B84) -> \I: | C85: =IFERROR(VLOOKUP(Q85,unified_reference_costs!$I$31:$J$40,2,FALSE),"*") -> * | D85: =IF(ISNUMBER(Q85),Q85,D84) -> 2022 | E85: =IF(R85="","",R85) | F85: =IF(S85="","",S85) | G85: =IF(T85="","",T85) | H85: =IF(U85="","",U85) | I85: =IF(V85="","",V85) | J85: =IF(W85="","",W85) | K85: =IF(X85="","",X85) | L85: =IF(Y85="","",Y85) | M85: =IF(Z85="","",Z85) | Q85: en_hydro_large
B86: =IFERROR(VLOOKUP(Q86,unified_reference_costs!$I$41:$J$69,2,FALSE),B85) -> \I: | C86: =IFERROR(VLOOKUP(Q86,unified_reference_costs!$I$31:$J$40,2,FALSE),"*") -> *cf | D86: =IF(ISNUMBER(Q86),Q86,D85) -> 2022 | E86: =IF(R86="","",R86) -> 0.5 | F86: =IF(S86="","",S86) -> 0.5 | G86: =IF(T86="","",T86) -> 0.35 | H86: =IF(U86="","",U86) -> 0.4 | I86: =IF(V86="","",V86) -> 0.5 | J86: =IF(W86="","",W86) -> 0.4 | K86: =IF(X86="","",X86) -> 0.4 | L86: =IF(Y86="","",Y86) -> 0.4 | M86: =IF(Z86="","",Z86) -> 0.2 | Q86: capacity_factor | R86: 0.5 | S86: 0.5 | T86: 0.35 | U86: 0.4 | V86: 0.5 | W86: 0.4 | X86: 0.4 | Y86: 0.4 | Z86: 0.2
B87: =IFERROR(VLOOKUP(Q87,unified_reference_costs!$I$41:$J$69,2,FALSE),B86) -> \I: | C87: =IFERROR(VLOOKUP(Q87,unified_reference_costs!$I$31:$J$40,2,FALSE),"*") -> invcost | D87: =IF(ISNUMBER(Q87),Q87,D86) -> 2022 | E87: =IF(R87="","",R87) -> 2100 | F87: =IF(S87="","",S87) -> 2100 | G87: =IF(T87="","",T87) -> 1600 | H87: =IF(U87="","",U87) -> 2000 | I87: =IF(V87="","",V87) -> 2400 | J87: =IF(W87="","",W87) -> 2050 | K87: =IF(X87="","",X87) -> 2650 | L87: =IF(Y87="","",Y87) -> 2700 | M87: =IF(Z87="","",Z87) -> 2150 | Q87: capex_mid | R87: 2100 | S87: 2100 | T87: 1600 | U87: 2000 | V87: 2400 | W87: 2050 | X87: 2650 | Y87: 2700 | Z87: 2150
B88: =IFERROR(VLOOKUP(Q88,unified_reference_costs!$I$41:$J$69,2,FALSE),B87) -> \I: | C88: =IFERROR(VLOOKUP(Q88,unified_reference_costs!$I$31:$J$40,2,FALSE),"*") -> efficiency | D88: =IF(ISNUMBER(Q88),Q88,D87) -> 2022 | E88: =IF(R88="","",R88) -> 1 | F88: =IF(S88="","",S88) -> 1 | G88: =IF(T88="","",T88) -> 1 | H88: =IF(U88="","",U88) -> 1 | I88: =IF(V88="","",V88) -> 1 | J88: =IF(W88="","",W88) -> 1 | K88: =IF(X88="","",X88) -> 1 | L88: =IF(Y88="","",Y88) -> 1 | M88: =IF(Z88="","",Z88) -> 1 | Q88: efficiency | R88: 1 | S88: 1 | T88: 1 | U88: 1 | V88: 1 | W88: 1 | X88: 1 | Y88: 1 | Z88: 1
B89: =IFERROR(VLOOKUP(Q89,unified_reference_costs!$I$41:$J$69,2,FALSE),B88) -> \I: | C89: =IFERROR(VLOOKUP(Q89,unified_reference_costs!$I$31:$J$40,2,FALSE),"*") -> fixom | D89: =IF(ISNUMBER(Q89),Q89,D88) -> 2022 | E89: =IF(R89="","",R89) -> 50 | F89: =IF(S89="","",S89) -> 55 | G89: =IF(T89="","",T89) -> 40 | H89: =IF(U89="","",U89) -> 50 | I89: =IF(V89="","",V89) -> 60 | J89: =IF(W89="","",W89) -> 50 | K89: =IF(X89="","",X89) -> 60 | L89: =IF(Y89="","",Y89) -> 65 | M89: =IF(Z89="","",Z89) -> 55 | Q89: fixed_om | R89: 50 | S89: 55 | T89: 40 | U89: 50 | V89: 60 | W89: 50 | X89: 60 | Y89: 65 | Z89: 55
B90: =IFERROR(VLOOKUP(Q90,unified_reference_costs!$I$41:$J$69,2,FALSE),B89) -> \I: | C90: =IFERROR(VLOOKUP(Q90,unified_reference_costs!$I$31:$J$40,2,FALSE),"*") -> varom | D90: =IF(ISNUMBER(Q90),Q90,D89) -> 2022 | E90: =IF(R90="","",R90) -> 0 | F90: =IF(S90="","",S90) -> 0 | G90: =IF(T90="","",T90) -> 0 | H90: =IF(U90="","",U90) -> 0 | I90: =IF(V90="","",V90) -> 0 | J90: =IF(W90="","",W90) -> 0 | K90: =IF(X90="","",X90) -> 0 | L90: =IF(Y90="","",Y90) -> 0 | M90: =IF(Z90="","",Z90) -> 0 | Q90: variable_om | R90: 0 | S90: 0 | T90: 0 | U90: 0 | V90: 0 | W90: 0 | X90: 0 | Y90: 0 | Z90: 0
B91: =IFERROR(VLOOKUP(Q91,unified_reference_costs!$I$41:$J$69,2,FALSE),B90) -> \I: | C91: =IFERROR(VLOOKUP(Q91,unified_reference_costs!$I$31:$J$40,2,FALSE),"*") -> * | D91: =IF(ISNUMBER(Q91),Q91,D90) -> 2022 | E91: =IF(R91="","",R91) | F91: =IF(S91="","",S91) | G91: =IF(T91="","",T91) | H91: =IF(U91="","",U91) | I91: =IF(V91="","",V91) | J91: =IF(W91="","",W91) | K91: =IF(X91="","",X91) | L91: =IF(Y91="","",Y91) | M91: =IF(Z91="","",Z91) | Q91: en_hydro_small
B92: =IFERROR(VLOOKUP(Q92,unified_reference_costs!$I$41:$J$69,2,FALSE),B91) -> \I: | C92: =IFERROR(VLOOKUP(Q92,unified_reference_costs!$I$31:$J$40,2,FALSE),"*") -> *cf | D92: =IF(ISNUMBER(Q92),Q92,D91) -> 2022 | E92: =IF(R92="","",R92) -> 0.5 | F92: =IF(S92="","",S92) -> 0.5 | G92: =IF(T92="","",T92) -> 0.35 | H92: =IF(U92="","",U92) -> 0.35 | I92: =IF(V92="","",V92) -> 0.2 | J92: =IF(W92="","",W92) -> 0.4 | K92: =IF(X92="","",X92) -> 0.25 | L92: =IF(Y92="","",Y92) -> 0.3 | M92: =IF(Z92="","",Z92) -> 0.15 | Q92: capacity_factor | R92: 0.5 | S92: 0.5 | T92: 0.35 | U92: 0.35 | V92: 0.2 | W92: 0.4 | X92: 0.25 | Y92: 0.3 | Z92: 0.15
B93: =IFERROR(VLOOKUP(Q93,unified_reference_costs!$I$41:$J$69,2,FALSE),B92) -> \I: | C93: =IFERROR(VLOOKUP(Q93,unified_reference_costs!$I$31:$J$40,2,FALSE),"*") -> invcost | D93: =IF(ISNUMBER(Q93),Q93,D92) -> 2022 | E93: =IF(R93="","",R93) -> 3300 | F93: =IF(S93="","",S93) -> 3350 | G93: =IF(T93="","",T93) -> 2000 | H93: =IF(U93="","",U93) -> 3050 | I93: =IF(V93="","",V93) -> 3550 | J93: =IF(W93="","",W93) -> 3500 | K93: =IF(X93="","",X93) -> 3900 | L93: =IF(Y93="","",Y93) -> 4050 | M93: =IF(Z93="","",Z93) -> 3400 | Q93: capex_mid | R93: 3300 | S93: 3350 | T93: 2000 | U93: 3050 | V93: 3550 | W93: 3500 | X93: 3900 | Y93: 4050 | Z93: 3400
B94: =IFERROR(VLOOKUP(Q94,unified_reference_costs!$I$41:$J$69,2,FALSE),B93) -> \I: | C94: =IFERROR(VLOOKUP(Q94,unified_reference_costs!$I$31:$J$40,2,FALSE),"*") -> efficiency | D94: =IF(ISNUMBER(Q94),Q94,D93) -> 2022 | E94: =IF(R94="","",R94) -> 1 | F94: =IF(S94="","",S94) -> 1 | G94: =IF(T94="","",T94) -> 1 | H94: =IF(U94="","",U94) -> 1 | I94: =IF(V94="","",V94) -> 1 | J94: =IF(W94="","",W94) -> 1 | K94: =IF(X94="","",X94) -> 1 | L94: =IF(Y94="","",Y94) -> 1 | M94: =IF(Z94="","",Z94) -> 1 | Q94: efficiency | R94: 1 | S94: 1 | T94: 1 | U94: 1 | V94: 1 | W94: 1 | X94: 1 | Y94: 1 | Z94: 1
B95: =IFERROR(VLOOKUP(Q95,unified_reference_costs!$I$41:$J$69,2,FALSE),B94) -> \I: | C95: =IFERROR(VLOOKUP(Q95,unified_reference_costs!$I$31:$J$40,2,FALSE),"*") -> fixom | D95: =IF(ISNUMBER(Q95),Q95,D94) -> 2022 | E95: =IF(R95="","",R95) -> 65 | F95: =IF(S95="","",S95) -> 65 | G95: =IF(T95="","",T95) -> 40 | H95: =IF(U95="","",U95) -> 60 | I95: =IF(V95="","",V95) -> 70 | J95: =IF(W95="","",W95) -> 70 | K95: =IF(X95="","",X95) -> 80 | L95: =IF(Y95="","",Y95) -> 80 | M95: =IF(Z95="","",Z95) -> 70 | Q95: fixed_om | R95: 65 | S95: 65 | T95: 40 | U95: 60 | V95: 70 | W95: 70 | X95: 80 | Y95: 80 | Z95: 70
B96: =IFERROR(VLOOKUP(Q96,unified_reference_costs!$I$41:$J$69,2,FALSE),B95) -> \I: | C96: =IFERROR(VLOOKUP(Q96,unified_reference_costs!$I$31:$J$40,2,FALSE),"*") -> varom | D96: =IF(ISNUMBER(Q96),Q96,D95) -> 2022 | E96: =IF(R96="","",R96) -> 0.278 | F96: =IF(S96="","",S96) -> 0.278 | G96: =IF(T96="","",T96) -> 0.278 | H96: =IF(U96="","",U96) -> 0.278 | I96: =IF(V96="","",V96) -> 0.278 | J96: =IF(W96="","",W96) -> 0.278 | K96: =IF(X96="","",X96) -> 0.278 | L96: =IF(Y96="","",Y96) -> 0.278 | M96: =IF(Z96="","",Z96) -> 0.278 | Q96: variable_om | R96: 0.278 | S96: 0.278 | T96: 0.278 | U96: 0.278 | V96: 0.278 | W96: 0.278 | X96: 0.278 | Y96: 0.278 | Z96: 0.278
B97: =IFERROR(VLOOKUP(Q97,unified_reference_costs!$I$41:$J$69,2,FALSE),B96) -> en_biomass | C97: =IFERROR(VLOOKUP(Q97,unified_reference_costs!$I$31:$J$40,2,FALSE),"*") -> * | D97: =IF(ISNUMBER(Q97),Q97,D96) -> 2022 | E97: =IF(R97="","",R97) | F97: =IF(S97="","",S97) | G97: =IF(T97="","",T97) | H97: =IF(U97="","",U97) | I97: =IF(V97="","",V97) | J97: =IF(W97="","",W97) | K97: =IF(X97="","",X97) | L97: =IF(Y97="","",Y97) | M97: =IF(Z97="","",Z97) | Q97: en_biomass
B98: =IFERROR(VLOOKUP(Q98,unified_reference_costs!$I$41:$J$69,2,FALSE),B97) -> en_biomass | C98: =IFERROR(VLOOKUP(Q98,unified_reference_costs!$I$31:$J$40,2,FALSE),"*") -> *cf | D98: =IF(ISNUMBER(Q98),Q98,D97) -> 2022 | E98: =IF(R98="","",R98) -> 0.5 | F98: =IF(S98="","",S98) -> 0.4 | G98: =IF(T98="","",T98) -> 0.7 | H98: =IF(U98="","",U98) -> 0.6 | I98: =IF(V98="","",V98) -> 0.6 | J98: =IF(W98="","",W98) -> 0.5 | K98: =IF(X98="","",X98) -> 0.6 | L98: =IF(Y98="","",Y98) -> 0.5 | M98: =IF(Z98="","",Z98) -> 0.8 | Q98: capacity_factor | R98: 0.5 | S98: 0.4 | T98: 0.7 | U98: 0.6 | V98: 0.6 | W98: 0.5 | X98: 0.6 | Y98: 0.5 | Z98: 0.8
B99: =IFERROR(VLOOKUP(Q99,unified_reference_costs!$I$41:$J$69,2,FALSE),B98) -> en_biomass | C99: =IFERROR(VLOOKUP(Q99,unified_reference_costs!$I$31:$J$40,2,FALSE),"*") -> invcost | D99: =IF(ISNUMBER(Q99),Q99,D98) -> 2022 | E99: =IF(R99="","",R99) -> 2150 | F99: =IF(S99="","",S99) -> 2200 | G99: =IF(T99="","",T99) -> 1600 | H99: =IF(U99="","",U99) -> 2150 | I99: =IF(V99="","",V99) -> 2350 | J99: =IF(W99="","",W99) -> 2250 | K99: =IF(X99="","",X99) -> 2400 | L99: =IF(Y99="","",Y99) -> 2500 | M99: =IF(Z99="","",Z99) -> 2300 | Q99: capex_mid | R99: 2150 | S99: 2200 | T99: 1600 | U99: 2150 | V99: 2350 | W99: 2250 | X99: 2400 | Y99: 2500 | Z99: 2300
B100: =IFERROR(VLOOKUP(Q100,unified_reference_costs!$I$41:$J$69,2,FALSE),B99) -> en_biomass | C100: =IFERROR(VLOOKUP(Q100,unified_reference_costs!$I$31:$J$40,2,FALSE),"*") -> efficiency | D100: =IF(ISNUMBER(Q100),Q100,D99) -> 2022 | E100: =IF(R100="","",R100) -> 0.35 | F100: =IF(S100="","",S100) -> 0.35 | G100: =IF(T100="","",T100) -> 0.35 | H100: =IF(U100="","",U100) -> 0.35 | I100: =IF(V100="","",V100) -> 0.35 | J100: =IF(W100="","",W100) -> 0.35 | K100: =IF(X100="","",X100) -> 0.35 | L100: =IF(Y100="","",Y100) -> 0.35 | M100: =IF(Z100="","",Z100) -> 0.35 | Q100: efficiency | R100: 0.35 | S100: 0.35 | T100: 0.35 | U100: 0.35 | V100: 0.35 | W100: 0.35 | X100: 0.35 | Y100: 0.35 | Z100: 0.35
B101: =IFERROR(VLOOKUP(Q101,unified_reference_costs!$I$41:$J$69,2,FALSE),B100) -> en_biomass | C101: =IFERROR(VLOOKUP(Q101,unified_reference_costs!$I$31:$J$40,2,FALSE),"*") -> fixom | D101: =IF(ISNUMBER(Q101),Q101,D100) -> 2022 | E101: =IF(R101="","",R101) -> 75 | F101: =IF(S101="","",S101) -> 75 | G101: =IF(T101="","",T101) -> 55 | H101: =IF(U101="","",U101) -> 75 | I101: =IF(V101="","",V101) -> 75 | J101: =IF(W101="","",W101) -> 80 | K101: =IF(X101="","",X101) -> 85 | L101: =IF(Y101="","",Y101) -> 85 | M101: =IF(Z101="","",Z101) -> 80 | Q101: fixed_om | R101: 75 | S101: 75 | T101: 55 | U101: 75 | V101: 75 | W101: 80 | X101: 85 | Y101: 85 | Z101: 80
...

Sheet ELC_CO2 Transport and Storage
D2: ~FI_T | I2: ~FI_Process
B3: TechName | C3: Comm-IN | D3: Comm-OUT | E3: VAROM | F3: EFF | G3: ACT_CUM | I3: Sets | J3: TechName | K3: TechDesc | L3: Tslvl | M3: Tact | N3: Tcap | O3: PrimaryCG | P3: Vintage
B4: =J4 -> Sto-CO2_CB1 | C4: CO2ForStorage | E4: 0.001 | I4: PRE | J4: Sto-CO2_CB1 | K4: Enhanced Coalbed Meth recov <1000 m | M4: kt | N4: kt-Yr
B5: =J5 -> Sto-CO2_CB2 | C5: CO2ForStorage | E5: 0.001 | J5: Sto-CO2_CB2 | K5: Enhanced Coalbed Meth recov >1000 m | M5: kt | N5: kt-Yr
B6: =J6 -> Sto-CO2_DGF | C6: CO2ForStorage | E6: 0.001 | J6: Sto-CO2_DGF | K6: Depleted gas fields (offshore) | M6: kt | N6: kt-Yr
B7: =J7 -> Sto-CO2_DGO | C7: CO2ForStorage | E7: 0.001 | J7: Sto-CO2_DGO | K7: Depleted gas fields (onshore) | M7: kt | N7: kt-Yr
B8: =J8 -> Sto-CO2_DOF | C8: CO2ForStorage | E8: 0.001 | J8: Sto-CO2_DOF | K8: Depleted oil fields (offshore) | M8: kt | N8: kt-Yr
B9: =J9 -> Sto-CO2_DOO | C9: CO2ForStorage | E9: 0.001 | J9: Sto-CO2_DOO | K9: Depleted oil fields (onshore) | M9: kt | N9: kt-Yr
B10: =J10 -> Sto-CO2_DSA | C10: CO2ForStorage | E10: 0.001 | J10: Sto-CO2_DSA | K10: Deep saline aquifers (onshore) | M10: kt | N10: kt-Yr
B11: =J11 -> Sto-CO2_DSO | C11: CO2ForStorage | E11: 0.001 | J11: Sto-CO2_DSO | K11: Deep saline aquifers (offshore) | M11: kt | N11: kt-Yr
B12: =J12 -> Sto-CO2_EOF | C12: CO2ForStorage | E12: 0.001 | J12: Sto-CO2_EOF | K12: Enhanced Oil Recovery (offshore) | M12: kt | N12: kt-Yr
B13: =J13 -> Sto-CO2_EOR | C13: CO2ForStorage | E13: 0.001 | J13: Sto-CO2_EOR | K13: Enhanced Oil Recovery (onshore) | M13: kt | N13: kt-Yr
B14: * | I14: *
B15: =J15 -> Pipeline-CO2 | C15: CO2Captured | D15: =C7 -> CO2ForStorage | E15: 0.01 | F15: 1 | I15: PRE | J15: Pipeline-CO2 | K15: CO2 pipeline | M15: kt | N15: kt-Yr

Sheet pivot
A3: Sum of value | B3: Column Labels
A4: Row Labels | B4: ieapg_africa | C4: ieapg_brazil | D4: ieapg_china | E4: ieapg_india | F4: ieapg_japan | G4: ieapg_russia | H4: ieapg_european_union | I4: ieapg_united_states | J4: ieapg_middle_east
A5: 2022
A6: en_gas_ccgt
A7: capex_mid | B7: 700 | C7: 700 | D7: 560 | E7: 700 | F7: 1100 | G7: 800 | H7: 1000 | I7: 1000 | J7: 800
A8: efficiency | B8: 0.58 | C8: 0.58 | D8: 0.57 | E8: 0.56 | F8: 0.59 | G8: 0.57 | H8: 0.59 | I8: 0.59 | J8: 0.57
A9: fixed_om | B9: 25 | C9: 25 | D9: 20 | E9: 25 | F9: 30 | G9: 30 | H9: 25 | I9: 25 | J9: 30
A10: variable_om | B10: 0.603 | C10: 0.603 | D10: 0.603 | E10: 0.603 | F10: 0.603 | G10: 0.603 | H10: 0.603 | I10: 0.603 | J10: 0.603
A11: en_gas_turbine
A12: capex_mid | B12: 400 | C12: 400 | D12: 350 | E12: 400 | F12: 500 | G12: 450 | H12: 500 | I12: 500 | J12: 450
A13: efficiency | B13: 0.38 | C13: 0.38 | D13: 0.38 | E13: 0.38 | F13: 0.4 | G13: 0.38 | H13: 0.4 | I13: 0.4 | J13: 0.38
A14: fixed_om | B14: 20 | C14: 20 | D14: 20 | E14: 20 | F14: 20 | G14: 25 | H14: 20 | I14: 20 | J14: 25
A15: variable_om | B15: 1.928 | C15: 1.928 | D15: 1.928 | E15: 1.928 | F15: 1.928 | G15: 1.928 | H15: 1.928 | I15: 1.928 | J15: 1.928
A16: en_gas_chp
A17: capex_mid | B17: 920 | C17: 920 | D17: 720 | E17: 920 | F17: 1440 | G17: 1040 | H17: 1300 | I17: 1300 | J17: 1040
A18: efficiency | B18: 0.527 | C18: 0.527 | D18: 0.52 | E18: 0.514 | F18: 0.533 | G18: 0.52 | H18: 0.533 | I18: 0.533 | J18: 0.52
A19: fixed_om | B19: 35 | C19: 35 | D19: 30 | E19: 35 | F19: 45 | G19: 40 | H19: 40 | I19: 40 | J19: 40
A20: variable_om | B20: 0.694 | C20: 0.694 | D20: 0.694 | E20: 0.694 | F20: 0.694 | G20: 0.694 | H20: 0.694 | I20: 0.694 | J20: 0.694
A21: en_gas_fuelcell
A22: capex_mid | B22: 5000 | C22: 5000 | D22: 5000 | E22: 5000 | F22: 5000 | G22: 5000 | H22: 5000 | I22: 5000 | J22: 5000
A23: efficiency | B23: 0.46 | C23: 0.46 | D23: 0.46 | E23: 0.46 | F23: 0.46 | G23: 0.46 | H23: 0.46 | I23: 0.46 | J23: 0.46
A24: fixed_om | B24: 150 | C24: 150 | D24: 150 | E24: 150 | F24: 100 | G24: 150 | H24: 100 | I24: 100 | J24: 150
A25: variable_om | B25: 0.833 | C25: 0.833 | D25: 0.833 | E25: 0.833 | F25: 0.833 | G25: 0.833 | H25: 0.833 | I25: 0.833 | J25: 0.833
A26: en_coal_subcritical
A27: capex_mid | B27: 1300 | C27: 1300 | D27: 600 | E27: 1000 | F27: 2100 | G27: 1700 | H27: 1700 | I27: 1800 | J27: 1300
A28: efficiency | B28: 0.35 | C28: 0.39 | D28: 0.37 | E28: 0.36 | F28: 0.39 | G28: 0.39 | H28: 0.39 | I28: 0.39 | J28: 0.37
A29: fixed_om | B29: 45 | C29: 45 | D29: 20 | E29: 35 | F29: 55 | G29: 50 | H29: 45 | I29: 45 | J29: 45
A30: variable_om | B30: 2.361 | C30: 2.361 | D30: 2.361 | E30: 2.361 | F30: 2.361 | G30: 2.361 | H30: 2.361 | I30: 2.361 | J30: 2.361
A31: en_coal_supercritical
A32: capex_mid | B32: 1600 | C32: 1600 | D32: 700 | E32: 1200 | F32: 2400 | G32: 2000 | H32: 2000 | I32: 2100 | J32: 1600
A33: efficiency | B33: 0.39 | C33: 0.43 | D33: 0.41 | E33: 0.4 | F33: 0.43 | G33: 0.43 | H33: 0.43 | I33: 0.43 | J33: 0.41
A34: fixed_om | B34: 55 | C34: 65 | D34: 30 | E34: 50 | F34: 70 | G34: 70 | H34: 60 | I34: 65 | J34: 65
A35: variable_om | B35: 2.583 | C35: 2.583 | D35: 2.583 | E35: 2.583 | F35: 2.583 | G35: 2.583 | H35: 2.583 | I35: 2.583 | J35: 2.583
A36: en_coal_ultrasupercritical
A37: capex_mid | B37: 1900 | C37: 1800 | D37: 800 | E37: 1400 | F37: 2600 | G37: 2200 | H37: 2200 | I37: 2300 | J37: 1600
A38: efficiency | B38: 0.42 | C38: 0.45 | D38: 0.44 | E38: 0.4 | F38: 0.45 | G38: 0.45 | H38: 0.45 | I38: 0.45 | J38: 0.43
A39: fixed_om | B39: 70 | C39: 70 | D39: 30 | E39: 55 | F39: 80 | G39: 65 | H39: 65 | I39: 70 | J39: 65
A40: variable_om | B40: 2.639 | C40: 2.639 | D40: 2.639 | E40: 2.639 | F40: 2.639 | G40: 2.639 | H40: 2.639 | I40: 2.639 | J40: 2.639
A41: en_coal_igcc
A42: capex_mid | B42: 2200 | C42: 2000 | D42: 1100 | E42: 1600 | F42: 2900 | G42: 2500 | H42: 2500 | I42: 2600 | J42: 2000
A43: efficiency | B43: 0.4 | C43: 0.44 | D43: 0.43 | E43: 0.41 | F43: 0.44 | G43: 0.44 | H43: 0.44 | I43: 0.44 | J43: 0.42
A44: fixed_om | B44: 90 | C44: 90 | D44: 50 | E44: 70 | F44: 100 | G44: 90 | H44: 95 | I44: 90 | J44: 90
A45: en_coal_ccs
A46: capex_mid | B46: 4500 | C46: 4300 | D46: 3400 | E46: 3900 | F46: 5900 | G46: 5100 | H46: 5500 | I46: 5600 | J46: 4500
A47: efficiency | B47: 0.32 | D47: 0.35 | E47: 0.31 | F47: 0.36 | G47: 0.36 | H47: 0.36 | I47: 0.36
A48: fixed_om | B48: 175 | C48: 170 | D48: 135 | E48: 155 | F48: 175 | G48: 180 | H48: 165 | I48: 170 | J48: 180
A49: variable_om | B49: 4.478 | C49: 4.478 | D49: 4.478 | E49: 4.478 | F49: 4.478 | G49: 4.478 | H49: 4.478 | I49: 4.478 | J49: 4.478
A50: en_coal_oxyfuel_ccs
A51: capex_mid | B51: 4800 | C51: 4700 | D51: 3500 | E51: 4100 | F51: 6100 | G51: 5300 | H51: 5700 | I51: 5800 | J51: 4300
A52: efficiency | B52: 0.33 | D52: 0.35 | E52: 0.31 | F52: 0.36 | G52: 0.36 | H52: 0.36 | I52: 0.36
A53: fixed_om | B53: 185 | C53: 190 | D53: 140 | E53: 165 | F53: 185 | G53: 160 | H53: 170 | I53: 175 | J53: 170
A54: variable_om | B54: 4.306 | C54: 4.306 | D54: 4.306 | E54: 4.306 | F54: 4.306 | G54: 4.306 | H54: 4.306 | I54: 4.306 | J54: 4.306
A55: en_coal_igcc_ccs
A56: capex_mid | B56: 4850 | C56: 4550 | D56: 3650 | E56: 4150 | F56: 6250 | G56: 5450 | H56: 5850 | I56: 5950 | J56: 5100
A57: efficiency | B57: 0.32 | D57: 0.34 | E57: 0.32 | F57: 0.35 | G57: 0.35 | H57: 0.35 | I57: 0.35
A58: fixed_om | B58: 220 | C58: 205 | D58: 165 | E58: 200 | F58: 220 | G58: 190 | H58: 205 | I58: 210 | J58: 230
A59: variable_om | B59: 4.583 | C59: 4.583 | D59: 4.583 | E59: 4.583 | F59: 4.583 | G59: 4.583 | H59: 4.583 | I59: 4.583 | J59: 4.583
A60: en_gas_ccs
A61: capex_mid | B61: 2450 | C61: 1650 | D61: 2200 | E61: 2300 | F61: 3200 | G61: 2650 | H61: 3100 | I61: 3100 | J61: 2800
A62: efficiency | B62: 0.5 | D62: 0.49 | E62: 0.48 | F62: 0.51 | G62: 0.49 | H62: 0.51 | I62: 0.51 | J62: 0.49
A63: fixed_om | B63: 85 | C63: 55 | D63: 70 | E63: 80 | F63: 80 | G63: 95 | H63: 80 | I63: 80 | J63: 100
A64: variable_om | B64: 1.35 | C64: 1.35 | D64: 1.35 | E64: 1.35 | F64: 1.35 | G64: 1.35 | H64: 1.35 | I64: 1.35 | J64: 1.35
A65: en_nuclear
A66: capex_mid | B66: 4000 | C66: 4000 | D66: 2800 | E66: 2800 | F66: 4200 | G66: 3800 | H66: 6600 | I66: 5000 | J66: 3500
A67: fixed_om | B67: 170 | C67: 170 | D67: 120 | E67: 140 | F67: 225 | G67: 160 | H67: 160 | I67: 175 | J67: 160
A68: en_solar_pv
A69: capacity_factor | B69: 0.22 | C69: 0.2 | D69: 0.13 | E69: 0.2 | F69: 0.14 | G69: 0.13 | H69: 0.14 | I69: 0.21 | J69: 0.25
A70: capex_mid | B70: 1420 | C70: 750 | D70: 720 | E70: 640 | F70: 1910 | G70: 1710 | H70: 990 | I70: 1120 | J70: 620
A71: efficiency | B71: 1 | C71: 1 | D71: 1 | E71: 1 | F71: 1 | G71: 1 | H71: 1 | I71: 1 | J71: 1
A72: fixed_om | B72: 22 | C72: 12 | D72: 12 | E72: 10 | F72: 28 | G72: 26 | H72: 14 | I72: 16 | J72: 10
A73: variable_om | B73: 0 | C73: 0 | D73: 0 | E73: 0 | F73: 0 | G73: 0 | H73: 0 | I73: 0 | J73: 0
A74: en_wind_onshore
A75: capacity_factor | B75: 0.32 | C75: 0.44 | D75: 0.26 | E75: 0.26 | F75: 0.26 | G75: 0.26 | H75: 0.29 | I75: 0.42 | J75: 0.35
A76: capex_mid | B76: 1950 | C76: 1050 | D76: 1100 | E76: 1120 | F76: 3520 | G76: 1640 | H76: 1750 | I76: 1220 | J76: 1950
A77: efficiency | B77: 1 | C77: 1 | D77: 1 | E77: 1 | F77: 1 | G77: 1 | H77: 1 | I77: 1 | J77: 1
A78: fixed_om | B78: 48 | C78: 26 | D78: 28 | E78: 28 | F78: 88 | G78: 40 | H78: 46 | I78: 30 | J78: 48
A79: variable_om | B79: 0 | C79: 0 | D79: 0 | E79: 0 | F79: 0 | G79: 0 | H79: 0 | I79: 0 | J79: 0
A80: en_wind_offshore
A81: capacity_factor | B81: 0.37 | C81: 0.48 | D81: 0.33 | E81: 0.33 | F81: 0.41 | G81: 0.39 | H81: 0.5 | I81: 0.42 | J81: 0.34
A82: capex_mid | B82: 4260 | C82: 4440 | D82: 2820 | E82: 3060 | F82: 6640 | G82: 4600 | H82: 3420 | I82: 4060 | J82: 4400
A83: efficiency | B83: 1 | C83: 1 | D83: 1 | E83: 1 | F83: 1 | G83: 1 | H83: 1 | I83: 1 | J83: 1
A84: fixed_om | B84: 105 | C84: 110 | D84: 70 | E84: 75 | F84: 165 | G84: 115 | H84: 70 | I84: 120 | J84: 110
A85: variable_om | B85: 0 | C85: 0 | D85: 0 | E85: 0 | F85: 0 | G85: 0 | H85: 0 | I85: 0 | J85: 0
A86: en_hydro_large
A87: capacity_factor | B87: 0.5 | C87: 0.5 | D87: 0.35 | E87: 0.4 | F87: 0.5 | G87: 0.4 | H87: 0.4 | I87: 0.4 | J87: 0.2
A88: capex_mid | B88: 2100 | C88: 2100 | D88: 1600 | E88: 2000 | F88: 2400 | G88: 2050 | H88: 2650 | I88: 2700 | J88: 2150
A89: efficiency | B89: 1 | C89: 1 | D89: 1 | E89: 1 | F89: 1 | G89: 1 | H89: 1 | I89: 1 | J89: 1
A90: fixed_om | B90: 50 | C90: 55 | D90: 40 | E90: 50 | F90: 60 | G90: 50 | H90: 60 | I90: 65 | J90: 55
A91: variable_om | B91: 0 | C91: 0 | D91: 0 | E91: 0 | F91: 0 | G91: 0 | H91: 0 | I91: 0 | J91: 0
A92: en_hydro_small
A93: capacity_factor | B93: 0.5 | C93: 0.5 | D93: 0.35 | E93: 0.35 | F93: 0.2 | G93: 0.4 | H93: 0.25 | I93: 0.3 | J93: 0.15
A94: capex_mid | B94: 3300 | C94: 3350 | D94: 2000 | E94: 3050 | F94: 3550 | G94: 3500 | H94: 3900 | I94: 4050 | J94: 3400
A95: efficiency | B95: 1 | C95: 1 | D95: 1 | E95: 1 | F95: 1 | G95: 1 | H95: 1 | I95: 1 | J95: 1
A96: fixed_om | B96: 65 | C96: 65 | D96: 40 | E96: 60 | F96: 70 | G96: 70 | H96: 80 | I96: 80 | J96: 70
A97: variable_om | B97: 0.278 | C97: 0.278 | D97: 0.278 | E97: 0.278 | F97: 0.278 | G97: 0.278 | H97: 0.278 | I97: 0.278 | J97: 0.278
A98: en_biomass
A99: capacity_factor | B99: 0.5 | C99: 0.4 | D99: 0.7 | E99: 0.6 | F99: 0.6 | G99: 0.5 | H99: 0.6 | I99: 0.5 | J99: 0.8
A100: capex_mid | B100: 2150 | C100: 2200 | D100: 1600 | E100: 2150 | F100: 2350 | G100: 2250 | H100: 2400 | I100: 2500 | J100: 2300
A101: efficiency | B101: 0.35 | C101: 0.35 | D101: 0.35 | E101: 0.35 | F101: 0.35 | G101: 0.35 | H101: 0.35 | I101: 0.35 | J101: 0.35
A102: fixed_om | B102: 75 | C102: 75 | D102: 55 | E102: 75 | F102: 75 | G102: 80 | H102: 85 | I102: 85 | J102: 80
...

Sheet unified_reference_costs
A1: variable | B1: region | C1: year | D1: parameter | E1: value | F1: unit | I1: technology | J1: lifetime_yr | K1: construction_yr | M1: description | O1: Distinct Regions (en_coal_ccs + efficiency)
A2: en_gas_ccgt | B2: ieapg_european_union | C2: 2022 | D2: capex_mid | E2: 1000 | F2: USD2022/kW | I2: en_gas_ccgt | J2: 30 | K2: 3 | M2: Natural gas 2-on-1 combined cycle (F-Frame). IEA GEC: CCGT; ATB: CCAvgCF | O2: {=_xlfn.UNIQUE(_xlfn._xlws.FILTER(B:B,(A:A="en_coal_ccs")*(D:D="efficiency")))} -> ieapg_european_union
A3: en_gas_ccgt | B3: ieapg_european_union | C3: 2022 | D3: capex_hi | E3: 1000 | F3: USD2022/kW | I3: en_gas_turbine | J3: 30 | K3: 2 | M3: Natural gas open-cycle combustion turbine (F-Frame, peaking). IEA GEC: Gas turbine; ATB: CTAvgCF | O3: ieapg_united_states
A4: en_gas_ccgt | B4: ieapg_european_union | C4: 2022 | D4: capex_lo | E4: 1000 | F4: USD2022/kW | I4: en_gas_chp | J4: 25 | K4: 3 | M4: Natural gas CCGT combined heat and power. IEA GEC: CCGT-CHP. Produces electricity + useful heat (LHV basis) | O4: ieapg_japan
A5: en_gas_ccgt | B5: ieapg_european_union | C5: 2022 | D5: fixed_om | E5: 25 | F5: USD2022/kW-yr | I5: en_gas_fuelcell | J5: 20 | K5: 2 | M5: Natural gas fuel cell. IEA GEC: Fuel cell | O5: ieapg_russia
A6: en_gas_ccgt | B6: ieapg_european_union | C6: 2022 | D6: efficiency | E6: 0.59 | F6: fraction_LHV | I6: en_gas_ccs | J6: 30 | K6: 4 | M6: Natural gas CCGT with 95% post-combustion CCS. IEA GEC: CCGT+CCS; ATB: CCCCSAvgCF | O6: ieapg_china
A7: en_gas_ccgt | B7: ieapg_european_union | C7: 2022 | D7: variable_om | E7: 0.603 | F7: USD2022/GJ | I7: en_coal_subcritical | J7: 40 | K7: 4 | M7: Coal subcritical steam cycle. IEA GEC: Subcritical | O7: ieapg_india
A8: en_gas_ccgt | B8: ieapg_european_union | C8: 2030 | D8: capex_mid | E8: 1000 | F8: USD2022/kW | I8: en_coal_supercritical | J8: 40 | K8: 4 | M8: Coal supercritical steam cycle. IEA GEC: Supercritical; ATB: newAvgCF | O8: ieapg_africa
A9: en_gas_ccgt | B9: ieapg_european_union | C9: 2030 | D9: capex_hi | E9: 1015.8 | F9: USD2022/kW | I9: en_coal_ultrasupercritical | J9: 40 | K9: 4 | M9: Coal ultra-supercritical steam cycle. IEA GEC: Ultra-supercritical
A10: en_gas_ccgt | B10: ieapg_european_union | C10: 2030 | D10: capex_lo | E10: 984.2 | F10: USD2022/kW | I10: en_coal_igcc | J10: 40 | K10: 4 | M10: Coal integrated gasification combined cycle. IEA GEC: IGCC; ATB: IGCCAvgCF
A11: en_gas_ccgt | B11: ieapg_european_union | C11: 2030 | D11: fixed_om | E11: 25 | F11: USD2022/kW-yr | I11: en_coal_ccs | J11: 40 | K11: 5 | M11: Coal post-combustion with 95% CCS. IEA GEC: Coal+CCS; ATB: CCS95AvgCF
A12: en_gas_ccgt | B12: ieapg_european_union | C12: 2030 | D12: efficiency | E12: 0.6 | F12: fraction_LHV | I12: en_coal_oxyfuel_ccs | J12: 40 | K12: 5 | M12: Coal oxyfuel combustion with CCS. IEA GEC: Oxyfuel+CCS
A13: en_gas_ccgt | B13: ieapg_european_union | C13: 2030 | D13: variable_om | E13: 0.567 | F13: USD2022/GJ | I13: en_coal_igcc_ccs | J13: 40 | K13: 5 | M13: Coal IGCC with CCS. IEA GEC: IGCC+CCS
A14: en_gas_ccgt | B14: ieapg_european_union | C14: 2050 | D14: capex_mid | E14: 1000 | F14: USD2022/kW | I14: en_nuclear | J14: 60 | K14: 7 | M14: Nuclear large reactor (Gen III/III+). IEA GEC: Nuclear; ATB: Nuclear - Large. Life 60yr, constr 7yr
A15: en_gas_ccgt | B15: ieapg_european_union | C15: 2050 | D15: capex_hi | E15: 1041.9 | F15: USD2022/kW | I15: en_nuclear_smr | J15: 40 | K15: 3 | M15: Nuclear small modular reactor. ATB: Nuclear - Small. Regional costs scaled from IEA large nuclear ratios. Life 40yr, constr 3yr
A16: en_gas_ccgt | B16: ieapg_european_union | C16: 2050 | D16: capex_lo | E16: 958.2 | F16: USD2022/kW | I16: en_solar_pv | J16: 30 | K16: 1.5 | M16: Solar PV utility-scale. IEA GEC: Solar PV large-scale; ATB: UtilityPV Class5
A17: en_gas_ccgt | B17: ieapg_european_union | C17: 2050 | D17: fixed_om | E17: 25 | F17: USD2022/kW-yr | I17: en_solar_csp | J17: 30 | K17: 3 | M17: Concentrated solar power with thermal storage. IEA GEC: CSP; ATB: CSP Class2
A18: en_gas_ccgt | B18: ieapg_european_union | C18: 2050 | D18: efficiency | E18: 0.61 | F18: fraction_LHV | I18: en_wind_onshore | J18: 30 | K18: 1.5 | M18: Wind onshore. IEA GEC: Wind onshore; ATB: LandbasedWind Class4
A19: en_gas_ccgt | B19: ieapg_european_union | C19: 2050 | D19: variable_om | E19: 0.497 | F19: USD2022/GJ | I19: en_wind_offshore | J19: 30 | K19: 3 | M19: Wind offshore (bottom-fixed/floating). IEA GEC: Wind offshore; ATB: OffShoreWind Class3
A20: en_gas_ccgt | B20: ieapg_united_states | C20: 2022 | D20: capex_mid | E20: 1000 | F20: USD2022/kW | I20: en_hydro_large | J20: 100 | K20: 4 | M20: Hydropower large-scale. IEA GEC: Hydropower large; ATB: NPD4
... A28: en_gas_ccgt | B28: ieapg_united_states | C28: 2030 | D28: capex_lo | E28: 984.2 | F28: USD2022/kW | I28: en_battery_8h | J28: 20 | K28: 1 | M28: Utility-scale Li-ion battery, 8-hour duration. ATB only (no IEA GEC). Uniform cost across regions
A29: en_gas_ccgt | B29: ieapg_united_states | C29: 2030 | D29: fixed_om | E29: 25 | F29: USD2022/kW-yr
A30: en_gas_ccgt | B30: ieapg_united_states | C30: 2030 | D30: efficiency | E30: 0.6 | F30: fraction_LHV
A31: en_gas_ccgt | B31: ieapg_united_states | C31: 2030 | D31: variable_om | E31: 0.567 | F31: USD2022/GJ | I31: capex_mid | J31: invcost
A32: en_gas_ccgt | B32: ieapg_united_states | C32: 2050 | D32: capex_mid | E32: 1000 | F32: USD2022/kW | I32: capex_hi | J32: invcost
A33: en_gas_ccgt | B33: ieapg_united_states | C33: 2050 | D33: capex_hi | E33: 1041.9 | F33: USD2022/kW | I33: capex_lo | J33: invcost
A34: en_gas_ccgt | B34: ieapg_united_states | C34: 2050 | D34: capex_lo | E34: 958.2 | F34: USD2022/kW | I34: fixed_om | J34: fixom
A35: en_gas_ccgt | B35: ieapg_united_states | C35: 2050 | D35: fixed_om | E35: 25 | F35: USD2022/kW-yr | I35: variable_om | J35: varom
A36: en_gas_ccgt | B36: ieapg_united_states | C36: 2050 | D36: efficiency | E36: 0.61 | F36: fraction_LHV | I36: efficiency | J36: =I36 -> efficiency
A37: en_gas_ccgt | B37: ieapg_united_states | C37: 2050 | D37: variable_om | E37: 0.497 | F37: USD2022/GJ | I37: capacity_factor | J37: *cf
A38: en_gas_ccgt | B38: ieapg_japan | C38: 2022 | D38: capex_mid | E38: 1100 | F38: USD2022/kW | I38: roundtrip_efficiency | J38: stg_eff
A39: en_gas_ccgt | B39: ieapg_japan | C39: 2022 | D39: capex_hi | E39: 1100 | F39: USD2022/kW
A40: en_gas_ccgt | B40: ieapg_japan | C40: 2022 | D40: capex_lo | E40: 1100 | F40: USD2022/kW
A41: en_gas_ccgt | B41: ieapg_japan | C41: 2022 | D41: fixed_om | E41: 30 | F41: USD2022/kW-yr | I41: en_gas_ccgt | J41: =I41 -> en_gas_ccgt
A42: en_gas_ccgt | B42: ieapg_japan | C42: 2022 | D42: efficiency | E42: 0.59 | F42: fraction_LHV | I42: en_gas_turbine | J42: =I42 -> en_gas_turbine
A43: en_gas_ccgt | B43: ieapg_japan | C43: 2022 | D43: variable_om | E43: 0.603 | F43: USD2022/GJ | I43: en_gas_chp | J43: =I43 -> en_gas_chp
A44: en_gas_ccgt | B44: ieapg_japan | C44: 2030 | D44: capex_mid | E44: 1100 | F44: USD2022/kW | I44: en_gas_fuelcell | J44: \I:
A45: en_gas_ccgt | B45: ieapg_japan | C45: 2030 | D45: capex_hi | E45: 1117.4 | F45: USD2022/kW | I45: en_gas_ccs | J45: =I45 -> en_gas_ccs
A46: en_gas_ccgt | B46: ieapg_japan | C46: 2030 | D46: capex_lo | E46: 1082.6 | F46: USD2022/kW | I46: en_coal_subcritical | J46: =I46 -> en_coal_subcritical
A47: en_gas_ccgt | B47: ieapg_japan | C47: 2030 | D47: fixed_om | E47: 30 | F47: USD2022/kW-yr | I47: en_coal_supercritical | J47: =I47 -> en_coal_supercritical
A48: en_gas_ccgt | B48: ieapg_japan | C48: 2030 | D48: efficiency | E48: 0.6 | F48: fraction_LHV | I48: en_coal_ultrasupercritical | J48: =I48 -> en_coal_ultrasupercritical
A49: en_gas_ccgt | B49: ieapg_japan | C49: 2030 | D49: variable_om | E49: 0.567 | F49: USD2022/GJ | I49: en_coal_igcc | J49: =I49 -> en_coal_igcc
A50: en_gas_ccgt | B50: ieapg_japan | C50: 2050 | D50: capex_mid | E50: 1100 | F50: USD2022/kW | I50: en_coal_ccs | J50: =I50 -> en_coal_ccs
A51: en_gas_ccgt | B51: ieapg_japan | C51: 2050 | D51: capex_hi | E51: 1146.1 | F51: USD2022/kW | I51: en_coal_oxyfuel_ccs | J51: \I:
A52: en_gas_ccgt | B52: ieapg_japan | C52: 2050 | D52: capex_lo | E52: 1054 | F52: USD2022/kW | I52: en_coal_igcc_ccs | J52: =I52 -> en_coal_igcc_ccs
A53: en_gas_ccgt | B53: ieapg_japan | C53: 2050 | D53: fixed_om | E53: 30 | F53: USD2022/kW-yr | I53: en_nuclear | J53: =I53 -> en_nuclear
A54: en_gas_ccgt | B54: ieapg_japan | C54: 2050 | D54: efficiency | E54: 0.61 | F54: fraction_LHV | I54: en_nuclear_smr | J54: =I54 -> en_nuclear_smr
A55: en_gas_ccgt | B55: ieapg_japan | C55: 2050 | D55: variable_om | E55: 0.497 | F55: USD2022/GJ | I55: en_solar_pv | J55: \I:
A56: en_gas_ccgt | B56: ieapg_russia | C56: 2022 | D56: capex_mid | E56: 800 | F56: USD2022/kW | I56: en_solar_csp | J56: \I:
A57: en_gas_ccgt | B57: ieapg_russia | C57: 2022 | D57: capex_hi | E57: 800 | F57: USD2022/kW | I57: en_wind_onshore | J57: \I:
A58: en_gas_ccgt | B58: ieapg_russia | C58: 2022 | D58: capex_lo | E58: 800 | F58: USD2022/kW | I58: en_wind_offshore | J58: \I:
A59: en_gas_ccgt | B59: ieapg_russia | C59: 2022 | D59: fixed_om | E59: 30 | F59: USD2022/kW-yr | I59: en_hydro_large | J59: \I:
A60: en_gas_ccgt | B60: ieapg_russia | C60: 2022 | D60: efficiency | E60: 0.57 | F60: fraction_LHV | I60: en_hydro_small | J60: \I:
A61: en_gas_ccgt | B61: ieapg_russia | C61: 2022 | D61: variable_om | E61: 0.603 | F61: USD2022/GJ | I61: en_biomass | J61: =I61 -> en_biomass
A62: en_gas_ccgt | B62: ieapg_russia | C62: 2030 | D62: capex_mid | E62: 800 | F62: USD2022/kW | I62: en_biomass_cofiring | J62: \I:
A63: en_gas_ccgt | B63: ieapg_russia | C63: 2030 | D63: capex_hi | E63: 812.6 | F63: USD2022/kW | I63: en_biomass_chp | J63: =I63 -> en_biomass_chp
A64: en_gas_ccgt | B64: ieapg_russia | C64: 2030 | D64: capex_lo | E64: 787.4 | F64: USD2022/kW | I64: en_biomass_ccs | J64: =I64 -> en_biomass_ccs
A65: en_gas_ccgt | B65: ieapg_russia | C65: 2030 | D65: fixed_om | E65: 30 | F65: USD2022/kW-yr | I65: en_geothermal | J65: \I:
A66: en_gas_ccgt | B66: ieapg_russia | C66: 2030 | D66: efficiency | E66: 0.58 | F66: fraction_LHV | I66: en_battery_4h | J66: =I66 -> en_battery_4h
A67: en_gas_ccgt | B67: ieapg_russia | C67: 2030 | D67: variable_om | E67: 0.567 | F67: USD2022/GJ | I67: en_battery_8h | J67: =I67 -> en_battery_8h
A68: en_gas_ccgt | B68: ieapg_russia | C68: 2050 | D68: capex_mid | E68: 800 | F68: USD2022/kW
A69: en_gas_ccgt | B69: ieapg_russia | C69: 2050 | D69: capex_hi | E69: 833.5 | F69: USD2022/kW
A70: en_gas_ccgt | B70: ieapg_russia | C70: 2050 | D70: capex_lo | E70: 766.6 | F70: USD2022/kW
A71: en_gas_ccgt | B71: ieapg_russia | C71: 2050 | D71: fixed_om | E71: 30 | F71: USD2022/kW-yr
A72: en_gas_ccgt | B72: ieapg_russia | C72: 2050 | D72: efficiency | E72: 0.58 | F72: fraction_LHV
A73: en_gas_ccgt | B73: ieapg_russia | C73: 2050 | D73: variable_om | E73: 0.497 | F73: USD2022/GJ
A74: en_gas_ccgt | B74: ieapg_china | C74: 2022 | D74: capex_mid | E74: 560 | F74: USD2022/kW
A75: en_gas_ccgt | B75: ieapg_china | C75: 2022 | D75: capex_hi | E75: 560 | F75: USD2022/kW
A76: en_gas_ccgt | B76: ieapg_china | C76: 2022 | D76: capex_lo | E76: 560 | F76: USD2022/kW
A77: en_gas_ccgt | B77: ieapg_china | C77: 2022 | D77: fixed_om | E77: 20 | F77: USD2022/kW-yr
A78: en_gas_ccgt | B78: ieapg_china | C78: 2022 | D78: efficiency | E78: 0.57 | F78: fraction_LHV
A79: en_gas_ccgt | B79: ieapg_china | C79: 2022 | D79: variable_om | E79: 0.603 | F79: USD2022/GJ
... A5335: en_nuclear_smr | B5335: ieapg_brazil | C5335: 2050 | D5335: fixed_om | E5335: 104.9 | F5335: USD2022/kW-yr
