Workbook

Sheet IND Balance
A1: 0.041868 | B1: ktoe to PJ
A2: 0.0036
B4: Sector | C4: Sub-Sector | D4: sectfuel | E4: Africa_north | F4: Africa_other | G4: Arg-Chi | H4: Asia_central | I4: Asia_east | J4: Asia_other | K4: Australia_NZ | L4: Brazil | M4: Canada | N4: China | O4: EU_north | P4: EU_northeast | Q4: EU_northwest | R4: EU_south | S4: EU_southeast | T4: EU_southwest | U4: Europe_other | V4: France | W4: Germany | X4: India | Y4: LatAm_other | Z4: Mexico | AA4: MidEast_other | AB4: Nor-Ice | AC4: Russia | AD4: SaudiArabia | AE4: SouthAfrica | AF4: UK | AG4: USA | AH4: \I: | AI4: WORLD | AM4: TIAM Ind | AN4: Description | AO4: IEA FLOW
A5: =IF(C5="NECHEM","ICH_Feedstock",IF(AND(LEN(C5)=3,LEFT(C5,1)="I"),"IND","")) -> IND | B5: IND | C5: ICH | D5: INDBFG | I5: 4.3372066 | AB5: 0.28945023 | AI5: =SUM(E5:AH5) -> 4.6266568 | AK5: =IF(AM5<>AM6,1,0) -> 1 | AL5: CHEMICAL | AM5: ICH | AN5: Chemicals | AO5: =IF(AM5<>AM4,AL5,AO4&","&AL5) -> CHEMICAL
A6: =IF(C6="NECHEM","ICH_Feedstock",IF(AND(LEN(C6)=3,LEFT(C6,1)="I"),"IND","")) -> IND | B6: IND | C6: ICH | D6: INDBIO | E6: 0.36601843 | I6: 24.380486 | J6: 0.045904075 | K6: 3.8970023 | L6: 5.7708339 | M6: 0.06700136 | O6: 1.2592722 | P6: 7.2209153 | Q6: 0.56043249 | R6: 3.7089563 | S6: 2.2611651 | T6: 0.54703473 | U6: 5.8729751 | V6: 4.5246706 | W6: 10.569924 | Y6: 4.7691127 | AB6: 4.9583226 | AC6: 6.8716567 | AF6: 3.7389966 | AG6: 12.305206 | AI6: =SUM(E6:AH6) -> 103.69589 | AK6: =IF(AM6<>AM7,1,0) -> 1 | AL6: FOODPRO | AM6: IFP | AN6: Food processing | AO6: =IF(AM6<>AM5,AL6,AO5&","&AL6) -> FOODPRO
A7: =IF(C7="NECHEM","ICH_Feedstock",IF(AND(LEN(C7)=3,LEFT(C7,1)="I"),"IND","")) -> IND | B7: IND | C7: ICH | D7: INDCOA | F7: 0.04983548 | H7: 0.52572392 | I7: 111.47157 | J7: 99.790088 | K7: 6.4642852 | L7: 5.6323764 | N7: 1602.789 | O7: 0.10799851 | P7: 58.425689 | Q7: 0.058368179 | S7: 6.8989044 | T7: 4.8200284 | U7: 32.717585 | V7: 13.059525 | W7: 14.640821 | X7: 45.441057 | Y7: 3.6732597 | AB7: 8.1112635 | AC7: 6.7422092 | AE7: 43.889153 | AF7: 1.3960633 | AG7: 66.68215 | AI7: =SUM(E7:AH7) -> 2133.3869 | AK7: =IF(AM7<>AM8,1,0) -> 1 | AL7: IRONSTL | AM7: IIS | AN7: Iron and Steel | AO7: =IF(AM7<>AM6,AL7,AO6&","&AL7) -> IRONSTL
A8: =IF(C8="NECHEM","ICH_Feedstock",IF(AND(LEN(C8)=3,LEFT(C8,1)="I"),"IND","")) -> IND | B8: IND | C8: ICH | D8: INDCOG | I8: 24.640365 | J8: 0.18629167 | N8: 132.62583 | P8: 0.57997647 | W8: 1.6919989 | AI8: =SUM(E8:AH8) -> 159.72446 | AK8: =IF(AM8<>AM9,1,0) -> 1 | AL8: PAPERPRO | AM8: ILP | AN8: Pulp and Paper | AO8: =IF(AM8<>AM7,AL8,AO7&","&AL8) -> PAPERPRO
A9: =IF(C9="NECHEM","ICH_Feedstock",IF(AND(LEN(C9)=3,LEFT(C9,1)="I"),"IND","")) -> IND | B9: IND | C9: ICH | D9: INDELC | E9: 12.999495 | F9: 2.0887443 | G9: 43.624296 | H9: 35.447873 | I9: 393.0046 | J9: 236.64104 | K9: 15.540074 | L9: 75.579942 | M9: 75.2436 | N9: 2264.4864 | O9: 37.681786 | P9: 69.394745 | Q9: 103.67778 | R9: 51.156847 | S9: 32.164974 | T9: 42.165564 | U9: 67.710068 | V9: 70.728127 | W9: 189.7488 | X9: 65.317358 | Y9: 26.697838 | Z9: 20.6784 | AA9: 0.5400009 | AB9: 26.719458 | AC9: 171.5814 | AD9: 35.276708 | AE9: 28.702126 | AF9: 53.910129 | AG9: 448.02386 | AI9: =SUM(E9:AH9) -> 4696.532 | AK9: =IF(AM9<>AM10,1,0) -> 0 | AL9: CONSTRUC | AM9: IMC | AN9: Mining and Construction | AO9: =IF(AM9<>AM8,AL9,AO8&","&AL9) -> CONSTRUC
A10: =IF(C10="NECHEM","ICH_Feedstock",IF(AND(LEN(C10)=3,LEFT(C10,1)="I"),"IND","")) -> IND | B10: IND | C10: ICH | D10: INDHET | H10: 13.945 | I10: 86.325285 | J10: 66.825565 | M10: 10.533001 | N10: 1668.86 | O10: 11.514412 | P10: 33.236443 | Q10: 72.099321 | R10: 40.764895 | S10: 19.50211 | T10: 2.6495703 | U10: 54.634374 | V10: 40.393861 | W10: 105.172 | AB10: 0.33599907 | AC10: 518.99522 | AF10: 9.663461 | AG10: 122.3174 | AI10: =SUM(E10:AH10) -> 2877.7679 | AK10: =IF(AM10<>AM11,1,0) -> 1 | AL10: MINING | AM10: IMC | AN10: Mining and Construction | AO10: =IF(AM10<>AM9,AL10,AO9&","&AL10) -> CONSTRUC,MINING
A11: =IF(C11="NECHEM","ICH_Feedstock",IF(AND(LEN(C11)=3,LEFT(C11,1)="I"),"IND","")) -> IND | B11: IND | C11: ICH | D11: INDNGA | E11: 6.8981214 | F11: 57.930382 | G11: 25.270415 | H11: 111.43138 | I11: 135.46439 | J11: 401.60497 | K11: 84.405813 | L11: 92.513777 | M11: 146.1186 | N11: 1086.7643 | O11: 8.8904814 | P11: 78.602858 | Q11: 258.88002 | R11: 40.493913 | S11: 67.55141 | T11: 115.96293 | U11: 83.643807 | V11: 141.27286 | W11: 223.64461 | Y11: 72.830433 | Z11: 108.5607 | AA11: 728.49506 | AB11: 15.533932 | AC11: 352.44226 | AE11: 51.323858 | AF11: 65.628002 | AG11: 2285.6441 | AI11: =SUM(E11:AH11) -> 6847.8033 | AK11: =IF(AM11<>AM12,1,0) -> 1 | AL11: NONFERR | AM11: INF | AN11: Non-ferrous metals | AO11: =IF(AM11<>AM10,AL11,AO10&","&AL11) -> NONFERR
A12: =IF(C12="NECHEM","ICH_Feedstock",IF(AND(LEN(C12)=3,LEFT(C12,1)="I"),"IND","")) -> IND | B12: IND | C12: ICH | D12: INDOIL | E12: 2.9034704 | F12: 0.9253456 | G12: 4.1868e-05 | H12: 4.2379669 | I12: 372.73287 | J12: 91.418786 | K12: 4.4374553 | L12: 99.797787 | M12: 0.92447893 | N12: 1181.7628 | O12: 12.692108 | P12: 12.231451 | Q12: 46.427689 | R12: 14.404865 | S12: 26.880813 | T12: 3.6219211 | U12: 4.5531869 | V12: 2.9902126 | W12: 23.0162 | X12: 224.53652 | Y12: 9.9887753 | Z12: 9.0985779 | AA12: 13.121406 | AB12: 3.7340646 | AC12: 17.137012 | AE12: 0.095722808 | AF12: 4.7428908 | AG12: 68.227682 | AI12: =SUM(E12:AH12) -> 2256.6421 | AK12: =IF(AM12<>AM13,1,0) -> 1 | AL12: NONMET | AM12: INM | AN12: Non-metals | AO12: =IF(AM12<>AM11,AL12,AO11&","&AL12) -> NONMET
A13: =IF(C13="NECHEM","ICH_Feedstock",IF(AND(LEN(C13)=3,LEFT(C13,1)="I"),"IND","")) -> IND | B13: IND | C13: ICH | D13: INDOVC | H13: 9.1102842 | I13: 1.2387862 | K13: 0.18900053 | N13: 670.21619 | P13: 2.2581464 | Q13: 0.47919182 | R13: 0.028399064 | S13: 0.10929223 | T13: 0.27341897 | V13: 0.24808046 | W13: 0.012120786 | Y13: 0.013929484 | AB13: 1.392312 | AC13: 0.78920761 | AI13: =SUM(E13:AH13) -> 686.35836 | AK13: =IF(AM13<>AM14,1,0) -> 0 | AL13: INONSPEC | AM13: IOI | AN13: Other | AO13: =IF(AM13<>AM12,AL13,AO12&","&AL13) -> INONSPEC
A14: =IF(C14="NECHEM","ICH_Feedstock",IF(AND(LEN(C14)=3,LEFT(C14,1)="I"),"IND","")) -> IND | B14: IND | C14: IFP | D14: INDBIO | E14: 0.18975834 | F14: 11.088484 | G14: 0.012459917 | H14: 0.29984606 | I14: 6.8032569 | J14: 328.68886 | K14: 80.638999 | L14: 646.99056 | M14: 0.53699897 | O14: 2.7268293 | P14: 3.1780324 | Q14: 6.5811974 | R14: 6.5383078 | S14: 6.0703911 | T14: 20.805302 | U14: 7.8445936 | V14: 7.8830033 | W14: 3.0088522 | X14: 372.9628 | Y14: 100.24969 | Z14: 54.1174 | AB14: 0.32273948 | AC14: 11.189068 | AE14: 3.2221655 | AF14: 2.5239998 | AG14: 61.87583 | AI14: =SUM(E14:AH14) -> 1746.3494 | AK14: =IF(AM14<>AM15,1,0) -> 0 | AL14: TEXTILES | AM14: IOI | AN14: Other | AO14: =IF(AM14<>AM13,AL14,AO13&","&AL14) -> INONSPEC,TEXTILES
A15: =IF(C15="NECHEM","ICH_Feedstock",IF(AND(LEN(C15)=3,LEFT(C15,1)="I"),"IND","")) -> IND | B15: IND | C15: IFP | D15: INDCOA | E15: 0.74141948 | F15: 2.7292409 | G15: 2.1833576 | H15: 1.7897146 | I15: 0.028440932 | J15: 53.028661 | K15: 25.265965 | L15: 1.1937111 | N15: 520.48363 | O15: 1.615594 | P15: 24.993052 | Q15: 2.0641426 | S15: 0.33908056 | T15: 0.40766034 | U15: 37.468284 | V15: 7.1917878 | W15: 7.1274743 | Y15: 27.701791 | AC15: 4.1848448 | AF15: 1.4994731 | AG15: 119.21221 | AI15: =SUM(E15:AH15) -> 841.24954 | AK15: =IF(AM15<>AM16,1,0) -> 1 | AL15: WOODPRO | AM15: IOI | AN15: Other | AO15: =IF(AM15<>AM14,AL15,AO14&","&AL15) -> INONSPEC,TEXTILES,WOODPRO
A16: =IF(C16="NECHEM","ICH_Feedstock",IF(AND(LEN(C16)=3,LEFT(C16,1)="I"),"IND","")) -> IND | B16: IND | C16: IFP | D16: INDELC | E16: 17.577158 | F16: 7.8139504 | G16: 44.467446 | H16: 13.429395 | I16: 133.11444 | J16: 163.29724 | K16: 31.786152 | L16: 94.340407 | M16: 21.2148 | N16: 477.3024 | O16: 24.14152 | P16: 48.115036 | Q16: 52.334213 | R16: 55.550802 | S16: 25.032031 | T16: 45.83367 | U16: 70.406564 | V16: 82.963774 | W16: 67.237199 | X16: 262.31011 | Y16: 26.166771 | Z16: 9.1367992 | AA16: 5.7755776 | AB16: 12.718908 | AC16: 59.793118 | AE16: 2.5691545 | AF16: 41.29932 | AG16: 279.33483 | AI16: =SUM(E16:AH16) -> 2175.0628 | AK16: =IF(AM16<>AM17,1,0) -> 0 | AL16: MACHINE | AM16: ITM | AN16: Transport and machinery | AO16: =IF(AM16<>AM15,AL16,AO15&","&AL16) -> MACHINE
A17: =IF(C17="NECHEM","ICH_Feedstock",IF(AND(LEN(C17)=3,LEFT(C17,1)="I"),"IND","")) -> IND | B17: IND | C17: IFP | D17: INDHET | H17: 8.4380097 | I17: 5.4256364 | J17: 1.0304175 | M17: 0.094002034 | N17: 206.322 | O17: 7.9773571 | P17: 8.2375123 | Q17: 2.3438753 | R17: 15.00586 | S17: 2.5613754 | T17: 1.1600744 | U17: 54.588813 | V17: 9.9075263 | W17: 11.956002 | AB17: 0.60699808 | AC17: 173.82492 | AF17: 0.71560367 | AG17: 22.0526 | AI17: =SUM(E17:AH17) -> 532.24859 | AK17: =IF(AM17<>AM18,1,0) -> 1 | AL17: TRANSEQ | AM17: ITM | AN17: Transport and machinery | AO17: =IF(AM17<>AM16,AL17,AO16&","&AL17) -> MACHINE,TRANSEQ
A18: =IF(C18="NECHEM","ICH_Feedstock",IF(AND(LEN(C18)=3,LEFT(C18,1)="I"),"IND","")) -> IND | B18: IND | C18: IFP | D18: INDNGA | E18: 24.488514 | F18: 6.4661358 | G18: 62.197221 | H18: 37.632595 | I18: 105.76674 | J18: 15.842696 | K18: 49.013339 | L18: 36.5435 | M18: 71.6895 | N18: 241.18253 | O18: 15.279011 | P18: 67.82992 | Q18: 106.10298 | R18: 49.069401 | S18: 34.803177 | T18: 46.643799 | U18: 72.882081 | V18: 94.97917 | W18: 116.59355 | Y18: 13.154051 | Z18: 20.687402 | AA18: 0.04648604 | AB18: 2.3269858 | AC18: 55.72936 | AE18: 3.5729984 | AF18: 66.001498 | AG18: 646.28202 | AI18: =SUM(E18:AH18) -> 2062.8067 | AK18: =IF(AM18<>AM19,1,0) -> 1 | AL18: NECHEM | AM18: ICH_Feedstock | AN18: Chemical Feedstock | AO18: =IF(AM18<>AM17,AL18,AO17&","&AL18) -> NECHEM
A19: =IF(C19="NECHEM","ICH_Feedstock",IF(AND(LEN(C19)=3,LEFT(C19,1)="I"),"IND","")) -> IND | B19: IND | C19: IFP | D19: INDOIL | E19: 7.4229075 | F19: 11.896064 | G19: 0.22680733 | H19: 3.1530372 | I19: 49.613894 | J19: 80.89938 | K19: 5.0604135 | L19: 25.696418 | N19: 18.381873 | O19: 4.7711224 | P19: 4.9368317 | Q19: 3.3264796 | R19: 11.645806 | S19: 3.9085997 | T19: 14.348134 | U19: 9.1338433 | V19: 10.62923 | W19: 6.8009961 | X19: 0.19263885 | Y19: 10.520143 | Z19: 4.9261135 | AA19: 0.39740687 | AB19: 2.937551 | AC19: 23.630228 | AE19: 3.0790606 | AF19: 4.6855567 | AG19: 11.094936 | AI19: =SUM(E19:AH19) -> 333.31547 | AK19: =IF(AM19<>AM20,1,0) -> 1 | AL19: ONONSPEC | AM19: ONO | AN19: Other non-specified | AO19: =IF(AM19<>AM18,AL19,AO18&","&AL19) -> ONONSPEC
A20: =IF(C20="NECHEM","ICH_Feedstock",IF(AND(LEN(C20)=3,LEFT(C20,1)="I"),"IND","")) -> IND | B20: IND | C20: IFP | D20: INDOVC | G20: 0.11449642 | N20: 33.787078 | O20: 0.19191454 | P20: 1.2018963 | Q20: 0.11687452 | S20: 0.19128233 | T20: 0.65620972 | U20: 1.4349001 | V20: 0.61468504 | W20: 0.71859723 | Y20: 0.40184069 | AC20: 0.0002888892 | AI20: =SUM(E20:AH20) -> 39.430064
A21: =IF(C21="NECHEM","ICH_Feedstock",IF(AND(LEN(C21)=3,LEFT(C21,1)="I"),"IND","")) | B21: IND | C21: *IIS | D21: INDBFG | E21: 5.2041631 | G21: 4.4760995 | H21: 9.4339029 | I21: 161.62115 | J21: 14.653432 | K21: 1.0297309 | L21: 15.682777 | M21: 20.040001 | N21: 3143.1129 | O21: 4.5219994 | P21: 21.004054 | Q21: 3.8611423 | S21: 6.2049213 | T21: 1.4379983 | U21: 53.831509 | W21: 61.208998 | X21: 432.34051 | Y21: 0.56588789 | Z21: 2.2299985 | AA21: 1.9922385 | AB21: 1.7901961 | AC21: 138.8518 | AE21: 18.124632 | AF21: 0.91199808 | AG21: 63.144999 | AI21: =SUM(E21:AH21) -> 4187.277
A22: =IF(C22="NECHEM","ICH_Feedstock",IF(AND(LEN(C22)=3,LEFT(C22,1)="I"),"IND","")) | B22: IND | C22: *IIS | D22: INDBIO | I22: 2.1027073 | J22: 0.016165235 | L22: 140.12579 | M22: 0.068002006 | O22: 0.086578837 | P22: 0.26987275 | Q22: 0.066398461 | R22: 0.0045468648 | S22: 0.049065109 | T22: 0.0041072508 | U22: 0.65962615 | V22: 0.021733679 | W22: 0.003998394 | Y22: 0.3945096 | AB22: 0.58622736 | AC22: 53.944444 | AG22: 0.084359833 | AI22: =SUM(E22:AH22) -> 198.48814 | AM22: INDBFG | AN22: BF Gas
A23: =IF(C23="NECHEM","ICH_Feedstock",IF(AND(LEN(C23)=3,LEFT(C23,1)="I"),"IND","")) | B23: IND | C23: *IIS | D23: INDCOA | E23: 0.22661474 | F23: 0.03965737 | G23: 0.18143079 | H23: 22.837378 | I23: 150.22424 | J23: 355.47567 | K23: 0.67352633 | L23: 95.704173 | M23: 9.3672197 | N23: 2122.4898 | O23: 3.052487 | P23: 13.443028 | Q23: 11.021956 | R23: 0.86862702 | S23: 12.220763 | T23: 4.5049173 | U23: 70.003618 | V23: 1.8844075 | W23: 28.433279 | X23: 1542.0742 | Y23: 0.04867155 | AB23: 6.01003 | AC23: 98.881067 | AE23: 83.145979 | AF23: 4.6196314 | AG23: 8.8313387 | AI23: =SUM(E23:AH23) -> 4646.2637 | AM23: INDBIO | AN23: Biomass
A24: =IF(C24="NECHEM","ICH_Feedstock",IF(AND(LEN(C24)=3,LEFT(C24,1)="I"),"IND","")) | B24: IND | C24: *IIS | D24: INDCOG | F24: 0.8340608 | G24: 7.5567302 | I24: 195.95806 | J24: 30.737422 | K24: 0.7877841 | L24: 44.585279 | M24: 19.907099 | N24: 569.78817 | O24: 5.8553989 | P24: 18.512882 | Q24: 9.6562513 | R24: 3.0562845 | S24: 1.3166984 | T24: 1.6164021 | U24: 37.404243 | W24: 24.650099 | X24: 75.001314 | Y24: 0.50075803 | Z24: 6.9965992 | AA24: 2.5255154 | AC24: 132.2967 | AE24: 18.214024 | AF24: 2.5893013 | AG24: 0.18449972 | AI24: =SUM(E24:AH24) -> 1210.5316 | AM24: INDCOA | AN24: Coal
A25: =IF(C25="NECHEM","ICH_Feedstock",IF(AND(LEN(C25)=3,LEFT(C25,1)="I"),"IND","")) | B25: IND | C25: *IIS | D25: INDELC | E25: 3.0732787 | F25: 1.1637504 | G25: 23.895533 | H25: 87.381233 | I25: 433.31776 | J25: 173.67332 | K25: 17.187404 | L25: 85.630837 | M25: 29.498401 | N25: 2325.4848 | O25: 33.443032 | P25: 47.75346 | Q25: 30.067596 | R25: 72.544474 | S25: 17.081692 | T25: 53.527953 | U25: 174.27332 | V25: 45.951662 | W25: 87.7392 | X25: 350.63679 | Y25: 68.281588 | Z25: 19.429201 | AA25: 1.6120604 | AB25: 21.689102 | AC25: 223.47735 | AD25: 16.618644 | AE25: 67.765535 | AF25: 8.7959518 | AG25: 204.41374 | AI25: =SUM(E25:AH25) -> 4725.4087 | AM25: INDELC | AN25: Electricity
A26: =IF(C26="NECHEM","ICH_Feedstock",IF(AND(LEN(C26)=3,LEFT(C26,1)="I"),"IND","")) | B26: IND | C26: *IIS | D26: INDHET | H26: 35.69973 | I26: 0.23466595 | J26: 0.19284401 | M26: 0.056999095 | N26: 194.7274 | O26: 3.792035 | P26: 6.755226 | Q26: 0.013067003 | R26: 7.0243828 | S26: 1.3235103 | U26: 53.475681 | V26: 0.4182362 | W26: 1.4100012 | AB26: 0.0070003296 | AC26: 253.88066 | AG26: 7.327281 | AI26: =SUM(E26:AH26) -> 566.33871 | AM26: INDHET | AN26: Heat
A27: =IF(C27="NECHEM","ICH_Feedstock",IF(AND(LEN(C27)=3,LEFT(C27,1)="I"),"IND","")) | B27: IND | C27: *IIS | D27: INDNGA | E27: 88.866861 | F27: 10.66239 | G27: 34.209593 | H27: 27.625005 | I27: 199.60413 | J27: 51.623194 | K27: 8.4235695 | L27: 54.722142 | M27: 74.809801 | N27: 929.78709 | O27: 12.972197 | P27: 55.94671 | Q27: 38.021583 | R27: 55.646265 | S27: 20.724082 | T27: 26.522637 | U27: 134.18267 | V27: 23.384639 | W27: 94.027113 | X27: 21.470991 | Y27: 47.968498 | Z27: 154.0584 | AA27: 72.99914 | AB27: 0.043404556 | AC27: 488.51988 | AE27: 14.295598 | AF27: 13.5855 | AG27: 393.06899 | AI27: =SUM(E27:AH27) -> 3147.7721 | AM27: INDNGA | AN27: Natural Gas
A28: =IF(C28="NECHEM","ICH_Feedstock",IF(AND(LEN(C28)=3,LEFT(C28,1)="I"),"IND","")) | B28: IND | C28: *IIS | D28: INDOIL | E28: 2.3829968 | F28: 0.39150348 | G28: 0.35065287 | H28: 22.864446 | I28: 54.777554 | J28: 50.859886 | K28: 0.87116422 | L28: 11.928758 | M28: 0.18143916 | N28: 28.547419 | O28: 9.2687546 | P28: 0.35197172 | Q28: 0.7412855 | R28: 3.3251147 | S28: 0.13797599 | T28: 3.3590864 | U28: 7.3766392 | V28: 0.93863869 | W28: 0.59999775 | X28: 24.166323 | Y28: 0.50863758 | Z28: 3.2494802 | AB28: 0.61515815 | AC28: 13.775501 | AE28: 0.64145125 | AF28: 0.2313207 | AG28: 3.6858033 | AI28: =SUM(E28:AH28) -> 246.12896 | AM28: INDOIL | AN28: Oil
A29: =IF(C29="NECHEM","ICH_Feedstock",IF(AND(LEN(C29)=3,LEFT(C29,1)="I"),"IND","")) | B29: IND | C29: *IIS | D29: INDOVC | E29: 7.6538388 | F29: 1.3480701 | G29: 3.2370788 | H29: 27.373294 | I29: 114.24441 | J29: 169.83155 | K29: 12.285001 | L29: 71.299814 | M29: 20.373094 | N29: 1233.2233 | O29: 12.853183 | P29: 19.575697 | Q29: 17.730081 | R29: 19.215214 | S29: 2.4194429 | T29: 5.7615141 | U29: 86.008248 | V29: 2.2752244 | X29: 215.51669 | Y29: 0.060331788 | Z29: 22.0605 | AB29: 2.2235718 | AC29: 768.67759 | AE29: 4.6360101 | AF29: 15.227802 | AG29: 77.531388 | AI29: =SUM(E29:AH29) -> 2932.642 | AM29: INDOVC | AN29: Oven Coke
A30: =IF(C30="NECHEM","ICH_Feedstock",IF(AND(LEN(C30)=3,LEFT(C30,1)="I"),"IND","")) -> IND | B30: IND | C30: ILP | D30: INDBIO | G30: 63.6468 | I30: 135.202 | J30: 4.6462259 | K30: 7.3629986 | L30: 389.47277 | M30: 182.289 | O30: 326.07196 | P30: 100.73913 | Q30: 12.411028 | R30: 0.12249321 | S30: 8.292531 | T30: 62.762209 | U30: 2.008207 | V30: 25.758169 | W30: 34.984629 | Y30: 45.762457 | AB30: 4.3265931 | AC30: 19.313126 | AF30: 17.024998 | AG30: 1165.5846 | AI30: =SUM(E30:AH30) -> 2607.7819
A31: =IF(C31="NECHEM","ICH_Feedstock",IF(AND(LEN(C31)=3,LEFT(C31,1)="I"),"IND","")) -> IND | B31: IND | C31: ILP | D31: INDCOA | F31: 0.5064437 | H31: 0.042801656 | I31: 65.79408 | J31: 111.58915 | K31: 1.765942 | L31: 4.2823386 | N31: 156.24381 | O31: 7.9602121 | P31: 11.930261 | Q31: 0.86937227 | S31: 2.8957332 | U31: 12.278846 | V31: 0.40373731 | W31: 10.776848 | X31: 29.338767 | Y31: 12.523502 | AC31: 0.00083736 | AF31: 2.5077425 | AG31: 40.971326 | AI31: =SUM(E31:AH31) -> 472.68175
A32: =IF(C32="NECHEM","ICH_Feedstock",IF(AND(LEN(C32)=3,LEFT(C32,1)="I"),"IND","")) -> IND | B32: IND | C32: ILP | D32: INDELC | E32: 1.9958476 | F32: 0.030676684 | G32: 31.846526 | H32: 1.0418601 | I32: 159.98148 | J32: 43.818906 | K32: 18.100076 | L32: 84.360851 | M32: 146.8008 | N32: 315.2376 | O32: 135.30076 | P32: 47.264383 | Q32: 15.445658 | R32: 33.142252 | S32: 10.993009 | T32: 32.412414 | U32: 26.284601 | V32: 27.056471 | W32: 71.236798 | X32: 47.201276 | Y32: 11.857704 | Z32: 12.2796 | AA32: 0.26966341 | AB32: 13.392217 | AC32: 65.393282 | AE32: 4.2856587 | AF32: 36.62938 | AG32: 263.5879 | AI32: =SUM(E32:AH32) -> 1657.2477
A33: =IF(C33="NECHEM","ICH_Feedstock",IF(AND(LEN(C33)=3,LEFT(C33,1)="I"),"IND","")) -> IND | B33: IND | C33: ILP | D33: INDHET | H33: 0.72604974 | I33: 11.31571 | J33: 0.23196965 | M33: 4.6140001 | N33: 219.0485 | O33: 13.0681 | P33: 5.9627694 | Q33: 2.9553868 | R33: 27.561549 | S33: 1.0894054 | T33: 3.4624585 | U33: 15.281351 | V33: 11.042785 | W33: 26.801001 | AB33: 0.0099980784 | AC33: 176.70115 | AF33: 0.006510474 | AG33: 18.550358 | AI33: =SUM(E33:AH33) -> 538.42905
A34: =IF(C34="NECHEM","ICH_Feedstock",IF(AND(LEN(C34)=3,LEFT(C34,1)="I"),"IND","")) -> IND | B34: IND | C34: ILP | D34: INDNGA | E34: 2.4348754 | F34: 0.0080219088 | G34: 15.129743 | H34: 2.3323825 | I34: 40.252481 | J34: 12.522493 | K34: 13.156713 | L34: 38.310229 | M34: 86.448598 | N34: 87.287332 | O34: 18.381136 | P34: 42.708412 | Q34: 17.896958 | R34: 26.625745 | S34: 12.366765 | T34: 31.755551 | U34: 13.204033 | V34: 31.961252 | W34: 78.489358 | Y34: 5.2736389 | Z34: 32.783402 | AA34: 0.33023804 | AB34: 1.1019239 | AC34: 23.0637 | AE34: 4.2983992 | AF34: 14.668198 | AG34: 332.41077 | AI34: =SUM(E34:AH34) -> 985.20235
A35: =IF(C35="NECHEM","ICH_Feedstock",IF(AND(LEN(C35)=3,LEFT(C35,1)="I"),"IND","")) -> IND | B35: IND | C35: ILP | D35: INDOIL | E35: 0.82752939 | F35: 0.14312994 | G35: 9.8350737 | H35: 0.19715641 | I35: 29.612269 | J35: 9.8259758 | K35: 2.1882394 | L35: 18.44107 | M35: 5.0802003 | N35: 13.228823 | O35: 11.855695 | P35: 2.0767533 | Q35: 0.48898056 | R35: 2.1094857 | S35: 0.34812823 | T35: 4.8512326 | U35: 1.2178815 | V35: 1.7989759 | W35: 1.6396011 | Y35: 1.3285805 | Z35: 3.2754383 | AB35: 0.46851967 | AC35: 8.2867867 | AE35: 0.21486239 | AF35: 1.2626635 | AG35: 4.9315354 | AI35: =SUM(E35:AH35) -> 135.53459
A36: =IF(C36="NECHEM","ICH_Feedstock",IF(AND(LEN(C36)=3,LEFT(C36,1)="I"),"IND","")) -> IND | B36: IND | C36: IMC | D36: INDBIO | E36: 0.029106634 | F36: 0.24813908 | G36: 0.1172304 | H36: 0.010580044 | I36: 1.2923647 | J36: 0.3346593 | K36: 0.015001304 | L36: 1.5117991 | M36: 13.312998 | O36: 3.363089 | P36: 1.0318745 | Q36: 1.6168961 | R36: 0.19739925 | S36: 0.50036028 | T36: 1.5448999 | U36: 3.31721 | V36: 3.2754467 | W36: 2.3293555 | X36: 257.175 | Y36: 0.73030352 | AC36: 0.87583669 | AG36: 17.335567 | AI36: =SUM(E36:AH36) -> 310.16512
A37: =IF(C37="NECHEM","ICH_Feedstock",IF(AND(LEN(C37)=3,LEFT(C37,1)="I"),"IND","")) -> IND | B37: IND | C37: IMC | D37: INDCOA | F37: 1.8256374 | G37: 1.2458284 | H37: 18.20918 | J37: 17.693526 | K37: 4.0611332 | L37: 8.5354491 | N37: 306.35572 | O37: 3.8837259 | P37: 1.6478742 | Q37: 0.18862371 | S37: 0.18699505 | U37: 0.86169787 | W37: 2.4482857 | X37: 4.4388914 | AC37: 1.358311 | AE37: 10.92898 | AF37: 0.12926326 | AI37: =SUM(E37:AH37) -> 383.99912
A38: =IF(C38="NECHEM","ICH_Feedstock",IF(AND(LEN(C38)=3,LEFT(C38,1)="I"),"IND","")) -> IND | B38: IND | C38: IMC | D38: INDCOG | N38: 7.0868749 | O38: 0.13409902 | AI38: =SUM(E38:AH38) -> 7.220974
A39: =IF(C39="NECHEM","ICH_Feedstock",IF(AND(LEN(C39)=3,LEFT(C39,1)="I"),"IND","")) -> IND | B39: IND | C39: IMC | D39: INDELC | E39: 14.361616 | F39: 28.040323 | G39: 97.583071 | H39: 39.035667 | I39: 29.872537 | J39: 46.734833 | K39: 85.095739 | L39: 43.220324 | M39: 72.399598 | N39: 830.4912 | O39: 27.32675 | P39: 26.703837 | Q39: 11.258418 | R39: 11.901021 | S39: 11.393376 | T39: 23.698398 | U39: 66.79148 | V39: 20.50994 | W39: 23.785198 | X39: 92.770968 | Y39: 25.476423 | Z39: 43.527597 | AA39: 9.5146244 | AB39: 6.8244589 | AC39: 149.3352 | AD39: 1.0689905 | AE39: 104.20146 | AF39: 5.4377321 | AG39: 286.3652 | AI39: =SUM(E39:AH39) -> 2234.726
A40: =IF(C40="NECHEM","ICH_Feedstock",IF(AND(LEN(C40)=3,LEFT(C40,1)="I"),"IND","")) -> IND | B40: IND | C40: IMC | D40: INDHET | H40: 29.170449 | M40: 0.033000358 | N40: 49.8811 | O40: 0.22692037 | P40: 4.017737 | Q40: 1.4745449 | R40: 0.22775355 | S40: 1.0709583 | T40: 0.016102433 | U40: 3.9820613 | V40: 0.35349571 | W40: 0.19399956 | AB40: 0.49899957 | AC40: 54.53814 | AI40: =SUM(E40:AH40) -> 145.68526
A41: =IF(C41="NECHEM","ICH_Feedstock",IF(AND(LEN(C41)=3,LEFT(C41,1)="I"),"IND","")) -> IND | B41: IND | C41: IMC | D41: INDNGA | E41: 1.5443849 | F41: 0.0065816496 | G41: 9.9614062 | H41: 21.214612 | I41: 2.5060887 | J41: 1.2214152 | K41: 8.2145728 | L41: 12.985817 | M41: 59.013 | N41: 83.721413 | O41: 1.2679766 | P41: 18.372637 | Q41: 10.134514 | R41: 10.950353 | S41: 7.8628188 | T41: 26.580679 | U41: 30.982961 | V41: 10.376963 | W41: 30.366835 | Y41: 8.8358437 | Z41: 11.645099 | AA41: 0.6005211 | AB41: 0.15080016 | AC41: 240.56721 | AE41: 0.27089852 | AF41: 17.105402 | AG41: 200.33734 | AI41: =SUM(E41:AH41) -> 826.79814
A42: =IF(C42="NECHEM","ICH_Feedstock",IF(AND(LEN(C42)=3,LEFT(C42,1)="I"),"IND","")) -> IND | B42: IND | C42: IMC | D42: INDOIL | E42: 32.552655 | F42: 43.089943 | G42: 101.64134 | H42: 51.10038 | I42: 94.061842 | J42: 173.21472 | K42: 149.96565 | L42: 33.635931 | M42: 156.8836 | N42: 405.88148 | O42: 33.226235 | P42: 20.256974 | Q42: 24.677175 | R42: 8.9143085 | S42: 26.374186 | T42: 34.102348 | U42: 29.503902 | V42: 46.573821 | W42: 57.234205 | X42: 99.814861 | Y42: 75.095399 | Z42: 17.350941 | AA42: 17.644749 | AB42: 14.634938 | AC42: 200.05191 | AE42: 70.994236 | AF42: 8.8781303 | AG42: 484.64323 | AI42: =SUM(E42:AH42) -> 2511.9991
A43: =IF(C43="NECHEM","ICH_Feedstock",IF(AND(LEN(C43)=3,LEFT(C43,1)="I"),"IND","")) -> IND | B43: IND | C43: IMC | D43: INDOVC | G43: 0.16320146 | H43: 0.9764748 | I43: 0.1133911 | K43: 1.2420017 | L43: 1.5146796 | M43: 4.9065653 | N43: 45.220928 | P43: 0.019711454 | Q43: 0.042550448 | U43: 1.7584686 | W43: 0.17579536 | AC43: 1.2966771 | AI43: =SUM(E43:AH43) -> 57.430444
A44: =IF(C44="NECHEM","ICH_Feedstock",IF(AND(LEN(C44)=3,LEFT(C44,1)="I"),"IND","")) | B44: IND | C44: IND-ELAUTOC | D44: INDBFG | I44: 24.181312 | J44: 9.0262368 | K44: 1.6475724 | L44: 15.529374 | O44: 1.2168 | P44: 0.8960868 | Q44: 0.2428128 | R44: 5.2669656 | U44: 2.9148876 | W44: 1.4904 | AC44: 22.352724 | AF44: 0.1787004 | AG44: 8.0853696 | AI44: =SUM(E44:AH44) -> 93.029242
A45: =IF(C45="NECHEM","ICH_Feedstock",IF(AND(LEN(C45)=3,LEFT(C45,1)="I"),"IND","")) | B45: IND | C45: IND-ELAUTOC | D45: INDBIO | F45: 0.0019296 | G45: 19.826334 | I45: 2.5725096 | J45: 13.307245 | K45: 8.8955928 | L45: 198.50869 | M45: 0.2484 | N45: 0.4239972 | O45: 57.406194 | P45: 36.067468 | Q45: 26.141209 | R45: 3.536586 | S45: 2.972556 | T45: 10.887232 | U45: 13.156236 | V45: 15.771953 | W45: 14.652 | X45: 87.616152 | Y45: 6.8320512 | Z45: 2.7252 | AC45: 10.291187 | AE45: 0.2362104 | AF45: 16.437694 | AG45: 111.88407 | AI45: =SUM(E45:AH45) -> 660.39869
A46: =IF(C46="NECHEM","ICH_Feedstock",IF(AND(LEN(C46)=3,LEFT(C46,1)="I"),"IND","")) | B46: IND | C46: IND-ELAUTOC | D46: INDCOA | I46: 20.943238 | J46: 95.027328 | K46: 0.2626524 | L46: 5.547492 | O46: 1.5156 | P46: 21.940592 | Q46: 0.6801192 | R46: 0.037476 | S46: 1.0176732 | T46: 1.0332 | U46: 4.3893504 | V46: 1.5649092 | W46: 10.2852 | AA46: 0.1454112 | AC46: 21.671899 | AF46: 0.179406 | AG46: 39.85348 | AI46: =SUM(E46:AH46) -> 226.09503
A47: =IF(C47="NECHEM","ICH_Feedstock",IF(AND(LEN(C47)=3,LEFT(C47,1)="I"),"IND","")) | B47: IND | C47: IND-ELAUTOC | D47: INDCOG | I47: 6.1792524 | J47: 4.7906064 | K47: 0.7877844 | L47: 5.3769348 | O47: 0.1872 | P47: 4.6642464 | Q47: 0.0451764 | R47: 2.8782324 | U47: 0.858996 | W47: 0.4392 | AC47: 9.4063032 | AF47: 0.1119312 | AG47: 1.7023032 | AI47: =SUM(E47:AH47) -> 37.428167
A48: =IF(C48="NECHEM","ICH_Feedstock",IF(AND(LEN(C48)=3,LEFT(C48,1)="I"),"IND","")) | B48: IND | C48: IND-ELAUTOC | D48: INDHET | O48: 0.4824 | P48: 1.140588 | Q48: 0.8082 | U48: 0.46476 | AI48: =SUM(E48:AH48) -> 2.895948
A49: =IF(C49="NECHEM","ICH_Feedstock",IF(AND(LEN(C49)=3,LEFT(C49,1)="I"),"IND","")) | B49: IND | C49: IND-ELAUTOC | D49: INDNGA | E49: 2.2511232 | H49: 4.2766812 | I49: 29.999452 | J49: 6.5413476 | K49: 33.229969 | L49: 53.107866 | O49: 3.416976 | P49: 44.411029 | Q49: 95.919779 | R49: 73.518383 | S49: 6.823548 | T49: 124.00667 | U49: 41.729134 | V49: 18.880614 | W49: 93.7836 | Z49: 66.168 | AA49: 10.286402 | AB49: 8.5657248 | AC49: 125.99015 | AF49: 71.335631 | AG49: 415.23866 | AI49: =SUM(E49:AH49) -> 1329.4807
A50: =IF(C50="NECHEM","ICH_Feedstock",IF(AND(LEN(C50)=3,LEFT(C50,1)="I"),"IND","")) | B50: IND | C50: IND-ELAUTOC | D50: INDOIL | H50: 0.00252 | I50: 15.624907 | J50: 1.516878 | K50: 0.558 | L50: 7.5558456 | O50: 0.7659864 | P50: 7.1524296 | Q50: 0.0884412 | R50: 0.910854 | S50: 1.443492 | T50: 10.761826 | U50: 1.4753844 | V50: 0.3526416 | W50: 5.5116 | Z50: 3.0852 | AA50: 0.0921636 | AC50: 9.7639848 | AF50: 0.802242 | AG50: 4.0237344 | AI50: =SUM(E50:AH50) -> 71.48813
A51: =IF(C51="NECHEM","ICH_Feedstock",IF(AND(LEN(C51)=3,LEFT(C51,1)="I"),"IND","")) | B51: IND | C51: IND-ELAUTOE | D51: INDBFG | G51: 2.2093092 | I51: 37.341994 | N51: 277.17087 | P51: 4.6051272 | S51: 0.3799188 | U51: 3.6617796 | V51: 8.047458 | W51: 22.5108 | Y51: 0.1078632 | Z51: 0.6336 | AA51: 2.0808288 | AF51: 2.7223452 | AG51: 0.3625668 | AI51: =SUM(E51:AH51) -> 361.83446
A52: =IF(C52="NECHEM","ICH_Feedstock",IF(AND(LEN(C52)=3,LEFT(C52,1)="I"),"IND","")) | B52: IND | C52: IND-ELAUTOE | D52: INDBIO | F52: 4.4875044 | G52: 5.0197464 | H52: 0.71604 | I52: 62.29867 | J52: 117.1156 | K52: 0.141426 | L52: 1.1010852 | M52: 28.9404 | N52: 436.11462 | O52: 3.2468544 | P52: 2.970738 | Q52: 0.1561752 | R52: 0.498258 | S52: 0.4821336 | T52: 11.623212 | U52: 0.5901336 | V52: 9.37161 | W52: 4.2876 | X52: 29.62611 | Y52: 21.339832 | Z52: 5.3748 | AE52: 1.1126124 | AF52: 56.864538 | AG52: 10.400476 | AI52: =SUM(E52:AH52) -> 813.88017
A53: =IF(C53="NECHEM","ICH_Feedstock",IF(AND(LEN(C53)=3,LEFT(C53,1)="I"),"IND","")) | B53: IND | C53: IND-ELAUTOE | D53: INDCOA | F53: 5.9592816 | G53: 0.2507256 | H53: 0.11592 | I53: 135.49903 | J53: 242.23902 | O53: 0.1188 | P53: 0.0762408 | Q53: 0.3348 | R53: 0.5504364 | S53: 0.3636 | T53: 1.0404 | U53: 22.403221 | V53: 1.0642788 | W53: 15.39 | X53: 730.58964 | Y53: 5.8579596 | Z53: 1.5552 | AE53: 46.853021 | AG53: 3.9826548 | AI53: =SUM(E53:AH53) -> 1214.2442
A54: =IF(C54="NECHEM","ICH_Feedstock",IF(AND(LEN(C54)=3,LEFT(C54,1)="I"),"IND","")) | B54: IND | C54: IND-ELAUTOE | D54: INDCOG | G54: 0.1612404 | I54: 6.0107472 | M54: 0.7956 | N54: 103.56963 | P54: 1.048752 | S54: 0.1116 | U54: 1.8733932 | W54: 8.6472 | X54: 9.3751632 | Z54: 0.108 | AA54: 0.5810652 | AF54: 0.369072 | AI54: =SUM(E54:AH54) -> 132.65147
A55: =IF(C55="NECHEM","ICH_Feedstock",IF(AND(LEN(C55)=3,LEFT(C55,1)="I"),"IND","")) | B55: IND | C55: IND-ELAUTOE | D55: INDGEO | I55: 2.2032288 | J55: 35.966725 | V55: 0.0251172 | Z55: 0.3708 | AG55: 1.8669024 | AI55: =SUM(E55:AH55) -> 40.432774
A56: =IF(C56="NECHEM","ICH_Feedstock",IF(AND(LEN(C56)=3,LEFT(C56,1)="I"),"IND","")) | B56: IND | C56: IND-ELAUTOE | D56: INDHET | E56: 5.7348648 | F56: 0.2077704 | I56: 0.3975192 | L56: 1.4891508 | O56: 0.2484 | P56: 0.045972 | Q56: 0.72144 | S56: 0.1115892 | AA56: 0.8991504 | AB56: 1.1817 | AI56: =SUM(E56:AH56) -> 11.037557
A57: =IF(C57="NECHEM","ICH_Feedstock",IF(AND(LEN(C57)=3,LEFT(C57,1)="I"),"IND","")) | B57: IND | C57: IND-ELAUTOE | D57: INDHYD | F57: 1.392102 | G57: 0.2819772 | I57: 11.982467 | J57: 47.30656 | K57: 0.0139392 | L57: 69.938791 | M57: 103.9536 | O57: 2.754 | P57: 4.447242 | Q57: 0.0173052 | R57: 1.7713404 | S57: 1.7572392 | T57: 3.2928984 | U57: 15.011449 | V57: 2.14281 | W57: 0.3528 | X57: 1.252944 | Y57: 9.1993068 | Z57: 2.8404 | AC57: 4.2361992 | AE57: 0.1548 | AF57: 5.963274 | AG57: 4.4587476 | AI57: =SUM(E57:AH57) -> 294.52219
A58: =IF(C58="NECHEM","ICH_Feedstock",IF(AND(LEN(C58)=3,LEFT(C58,1)="I"),"IND","")) | B58: IND | C58: IND-ELAUTOE | D58: INDNGA | E58: 21.246264 | F58: 37.775732 | G58: 47.241335 | H58: 5.80068 | I58: 96.027736 | J58: 314.94262 | K58: 34.2792 | M58: 74.3976 | N58: 82.343048 | O58: 0.054 | P58: 3.0624948 | Q58: 0.4312656 | R58: 0.5448492 | S58: 15.896898 | T58: 3.2883768 | U58: 14.969974 | V58: 8.896176 | W58: 9.1404 | X58: 91.59534 | Y58: 33.64079 | Z58: 72.1944 | AA58: 245.64376 | AC58: 57.352892 | AD58: 350.58345 | AF58: 5.6302128 | AG58: 25.388096 | AI58: =SUM(E58:AH58) -> 1652.3676
A59: =IF(C59="NECHEM","ICH_Feedstock",IF(AND(LEN(C59)=3,LEFT(C59,1)="I"),"IND","")) | B59: IND | C59: IND-ELAUTOE | D59: INDOIL | E59: 0.762444 | F59: 16.2972 | G59: 4.4574552 | H59: 0.15255 | I59: 37.86642 | J59: 51.224843 | K59: 14.2164 | L59: 4.2810948 | M59: 3.4056 | N59: 35.861051 | O59: 0.1512 | P59: 0.7118964 | Q59: 0.00792 | R59: 0.0466704 | S59: 0.0365076 | T59: 0.0645444 | U59: 0.2317644 | V59: 0.2683296 | W59: 5.5188 | X59: 6.909552 | Y59: 49.220334 | Z59: 16.9884 | AA59: 30.625319 | AC59: 14.423465 | AD59: 155.65078 | AF59: 0.0590328 | AG59: 0.522144 | AI59: =SUM(E59:AH59) -> 449.96172
A60: =IF(C60="NECHEM","ICH_Feedstock",IF(AND(LEN(C60)=3,LEFT(C60,1)="I"),"IND","")) | B60: IND | C60: IND-ELAUTOE | D60: INDSPV | E60: 0.882846 | F60: 0.8995068 | G60: 0.0214956 | H60: 1.7529984 | I60: 205.79544 | J60: 31.155613 | K60: 44.775292 | L60: 6.0358212 | M60: 5.6304 | N60: 807.534 | O60: 3.982014 | P60: 3.918906 | Q60: 33.185351 | R60: 1.0138356 | S60: 4.572306 | T60: 2.6868564 | U60: 14.781496 | V60: 9.6121908 | X60: 1.7388 | Y60: 2.2099608 | Z60: 1.2852 | AA60: 13.938005 | AB60: 0.0462312 | AE60: 11.718 | AF60: 31.391334 | AG60: 89.407206 | AI60: =SUM(E60:AH60) -> 1329.9711
A61: =IF(C61="NECHEM","ICH_Feedstock",IF(AND(LEN(C61)=3,LEFT(C61,1)="I"),"IND","")) | B61: IND | C61: IND-ELAUTOE | D61: INDSTH | AE61: 5.5944 | AI61: =SUM(E61:AH61) -> 5.5944
A62: =IF(C62="NECHEM","ICH_Feedstock",IF(AND(LEN(C62)=3,LEFT(C62,1)="I"),"IND","")) | B62: IND | C62: IND-ELAUTOE | D62: INDWIN | E62: 0.32139 | G62: 0.0061704 | I62: 4.0187196 | J62: 1.8478476 | L62: 0.1141956 | M62: 2.9088 | P62: 0.033282 | Q62: 4.5227448 | R62: 0.0017532 | S62: 0.925092 | T62: 0.491436 | U62: 0.5557896 | V62: 4.5615996 | X62: 22.717332 | Y62: 0.37647 | Z62: 42.246 | AA62: 0.685422 | AE62: 21.319967 | AF62: 31.396993 | AG62: 1.0126404 | AI62: =SUM(E62:AH62) -> 140.06364
A63: =IF(C63="NECHEM","ICH_Feedstock",IF(AND(LEN(C63)=3,LEFT(C63,1)="I"),"IND","")) | B63: IND | C63: IND-HEAUTOC | D63: INDBFG | J63: 2.4485369 | P63: 0.74079146 | Q63: 0.44503591 | R63: 2.9229893 | U63: 17.691889 | AC63: 18.913576 | AI63: =SUM(E63:AH63) -> 43.162818
A64: =IF(C64="NECHEM","ICH_Feedstock",IF(AND(LEN(C64)=3,LEFT(C64,1)="I"),"IND","")) | B64: IND | C64: IND-HEAUTOC | D64: INDBIO | I64: 12.071532 | J64: 2.772859 | M64: 0.069999109 | O64: 48.809057 | P64: 15.472035 | Q64: 17.528909 | R64: 2.8728147 | S64: 0.41083812 | U64: 24.084734 | V64: 17.902552 | AC64: 70.576381 | AI64: =SUM(E64:AH64) -> 212.57171
A65: =IF(C65="NECHEM","ICH_Feedstock",IF(AND(LEN(C65)=3,LEFT(C65,1)="I"),"IND","")) | B65: IND | C65: IND-HEAUTOC | D65: INDCOA | I65: 60.38496 | J65: 73.494421 | K65: 1.1669616 | O65: 0.53699897 | P65: 9.6325582 | R65: 0.33204673 | S65: 0.006636078 | U65: 5.8920753 | V65: 0.64815432 | AC65: 58.469336 | AI65: =SUM(E65:AH65) -> 210.56415
A66: =IF(C66="NECHEM","ICH_Feedstock",IF(AND(LEN(C66)=3,LEFT(C66,1)="I"),"IND","")) | B66: IND | C66: IND-HEAUTOC | D66: INDCOG | J66: 1.1117419 | P66: 0.67212375 | Q66: 0.1240172 | R66: 1.3325496 | U66: 7.1280019 | AC66: 20.807927 | AI66: =SUM(E66:AH66) -> 31.176361
A67: =IF(C67="NECHEM","ICH_Feedstock",IF(AND(LEN(C67)=3,LEFT(C67,1)="I"),"IND","")) | B67: IND | C67: IND-HEAUTOC | D67: INDHET | I67: 2.1695705 | O67: 0.75500146 | P67: 7.2031466 | Q67: 9.9009991 | U67: 21.038101 | AI67: =SUM(E67:AH67) -> 41.066818
A68: =IF(C68="NECHEM","ICH_Feedstock",IF(AND(LEN(C68)=3,LEFT(C68,1)="I"),"IND","")) | B68: IND | C68: IND-HEAUTOC | D68: INDNGA | H68: 0.23196547 | I68: 16.156133 | J68: 4.7161916 | O68: 0.2906979 | P68: 7.0491561 | Q68: 16.754196 | R68: 67.511869 | S68: 0.3606049 | T68: 20.715704 | U68: 76.517433 | V68: 3.3193871 | AC68: 290.02432 | AI68: =SUM(E68:AH68) -> 503.64766
A69: =IF(C69="NECHEM","ICH_Feedstock",IF(AND(LEN(C69)=3,LEFT(C69,1)="I"),"IND","")) | B69: IND | C69: IND-HEAUTOC | D69: INDOIL | I69: 36.599436 | J69: 1.0865667 | O69: 0.23599317 | P69: 3.8869874 | Q69: 0.057170754 | R69: 2.2054346 | S69: 0.050078315 | T69: 0.1623641 | U69: 4.2260764 | V69: 0.006636078 | AC69: 31.171161 | AI69: =SUM(E69:AH69) -> 79.687904
A70: =IF(C70="NECHEM","ICH_Feedstock",IF(AND(LEN(C70)=3,LEFT(C70,1)="I"),"IND","")) | B70: IND | C70: IND-HEAUTOH | D70: INDBFG | N70: 194.50411 | P70: 0.0030019356 | S70: 0.17446396 | U70: 0.4149998 | AC70: 11.896805 | AF70: 0.0092695752 | AI70: =SUM(E70:AH70) -> 207.00265
A71: =IF(C71="NECHEM","ICH_Feedstock",IF(AND(LEN(C71)=3,LEFT(C71,1)="I"),"IND","")) | B71: IND | C71: IND-HEAUTOH | D71: INDBIO | I71: 19.115681 | M71: 0.82099799 | N71: 41.220972 | O71: 3.4903468 | P71: 4.2286764 | Q71: 0.0056898612 | S71: 1.4952905 | U71: 36.33488 | V71: 13.904534 | AC71: 82.179532 | AF71: 4.6030056 | AI71: =SUM(E71:AH71) -> 207.39961
A72: =IF(C72="NECHEM","ICH_Feedstock",IF(AND(LEN(C72)=3,LEFT(C72,1)="I"),"IND","")) | B72: IND | C72: IND-HEAUTOH | D72: INDCOA | O72: 5.4166851 | P72: 4.538801 | S72: 2.0210019 | U72: 20.934795 | V72: 0.026896003 | AC72: 750.43226 | AF72: 0.096468059 | AI72: =SUM(E72:AH72) -> 783.46691
A73: =IF(C73="NECHEM","ICH_Feedstock",IF(AND(LEN(C73)=3,LEFT(C73,1)="I"),"IND","")) | B73: IND | C73: IND-HEAUTOH | D73: INDCOG | N73: 93.417309 | P73: 0.0012434796 | AC73: 7.326766 | AF73: 0.019464433 | AI73: =SUM(E73:AH73) -> 100.76478
A74: =IF(C74="NECHEM","ICH_Feedstock",IF(AND(LEN(C74)=3,LEFT(C74,1)="I"),"IND","")) | B74: IND | C74: IND-HEAUTOH | D74: INDELC | P74: 0.0035085384 | U74: 1.1329983 | AC74: 13.208718 | AI74: =SUM(E74:AH74) -> 14.345224
A75: =IF(C75="NECHEM","ICH_Feedstock",IF(AND(LEN(C75)=3,LEFT(C75,1)="I"),"IND","")) | B75: IND | C75: IND-HEAUTOH | D75: INDGEO | P75: 0.060742094 | S75: 0.73500111 | V75: 0.6621801 | AI75: =SUM(E75:AH75) -> 1.4579233
A76: =IF(C76="NECHEM","ICH_Feedstock",IF(AND(LEN(C76)=3,LEFT(C76,1)="I"),"IND","")) | B76: IND | C76: IND-HEAUTOH | D76: INDHET | E76: 4.2502635 | F76: 0.6296068 | L76: 3.5235146 | O76: 3.8120019 | P76: 5.1496803 | Q76: 9.0324014 | S76: 2.2165505 | U76: 6.8784979 | V76: 0.042248999 | AB76: 3.5809993 | AI76: =SUM(E76:AH76) -> 39.115765
A77: =IF(C77="NECHEM","ICH_Feedstock",IF(AND(LEN(C77)=3,LEFT(C77,1)="I"),"IND","")) | B77: IND | C77: IND-HEAUTOH | D77: INDNGA | H77: 0.81269975 | N77: 34.175504 | O77: 0.17512966 | P77: 10.526792 | Q77: 1.733913 | S77: 2.2757812 | U77: 36.405302 | V77: 1.2527031 | AC77: 1428.1406 | AF77: 60.532482 | AI77: =SUM(E77:AH77) -> 1576.0309
A78: =IF(C78="NECHEM","ICH_Feedstock",IF(AND(LEN(C78)=3,LEFT(C78,1)="I"),"IND","")) | B78: IND | C78: IND-HEAUTOH | D78: INDOIL | I78: 0.9305163 | N78: 140.23955 | O78: 0.063932436 | P78: 0.19889812 | S78: 0.95692663 | U78: 2.2608469 | V78: 0.11442106 | AC78: 121.53586 | AF78: 1.1755446 | AI78: =SUM(E78:AH78) -> 267.4765
A79: =IF(C79="NECHEM","ICH_Feedstock",IF(AND(LEN(C79)=3,LEFT(C79,1)="I"),"IND","")) -> IND | B79: IND | C79: INF | D79: INDBFG | I79: 1.4306379 | AI79: =SUM(E79:AH79) -> 1.4306379
A80: =IF(C80="NECHEM","ICH_Feedstock",IF(AND(LEN(C80)=3,LEFT(C80,1)="I"),"IND","")) -> IND | B80: IND | C80: INF | D80: INDBIO | E80: 0.0002051532 | I80: 1.3379589 | K80: 1.8700007 | L80: 0.50949169 | M80: 0.85200124 | O80: 0.08090991 | P80: 0.0066486384 | R80: 0.0004772952 | S80: 0.0031024188 | T80: 0.002114334 | U80: 0.52461441 | V80: 0.0050576544 | W80: 0.24799672 | Y80: 0.0012602268 | AG80: 0.042177823 | AI80: =SUM(E80:AH80) -> 5.4840172
A81: =IF(C81="NECHEM","ICH_Feedstock",IF(AND(LEN(C81)=3,LEFT(C81,1)="I"),"IND","")) -> IND | B81: IND | C81: INF | D81: INDCOA | E81: 0.087566922 | F81: 0.01276974 | H81: 64.917711 | I81: 1.3052391 | J81: 163.01094 | K81: 61.821142 | L81: 26.965064 | M81: 8.4824819 | N81: 518.5259 | O81: 1.3235982 | P81: 0.76038568 | R81: 6.4377577 | S81: 0.05998847 | U81: 15.648312 | V81: 0.0027339804 | W81: 0.7823915 | X81: 11.515743 | Y81: 0.2611977 | AE81: 62.238252 | AF81: 0.69803167 | AI81: =SUM(E81:AH81) -> 944.8572
A82: =IF(C82="NECHEM","ICH_Feedstock",IF(AND(LEN(C82)=3,LEFT(C82,1)="I"),"IND","")) -> IND | B82: IND | C82: INF | D82: INDCOG | N82: 32.098404 | P82: 0.069006838 | AI82: =SUM(E82:AH82) -> 32.16741
A83: =IF(C83="NECHEM","ICH_Feedstock",IF(AND(LEN(C83)=3,LEFT(C83,1)="I"),"IND","")) -> IND | B83: IND | C83: INF | D83: INDELC | E83: 5.2937732 | F83: 58.29267 | G83: 17.781758 | H83: 66.957051 | I83: 72.193717 | J83: 8.1387624 | K83: 135.09489 | L83: 89.149281 | M83: 220.9104 | N83: 2402.5212 | O83: 17.276403 | P83: 23.890505 | Q83: 19.062881 | R83: 22.027982 | S83: 21.637001 | T83: 28.223131 | U83: 28.835275 | V83: 29.131997 | W83: 54.953998 | X83: 38.493837 | Y83: 22.137772 | Z83: 2.7756014 | AA83: 54.873034 | AB83: 125.39387 | AC83: 335.21602 | AE83: 53.784424 | AF83: 15.558186 | AG83: 146.94141 | AI83: =SUM(E83:AH83) -> 4116.5468
A84: =IF(C84="NECHEM","ICH_Feedstock",IF(AND(LEN(C84)=3,LEFT(C84,1)="I"),"IND","")) -> IND | B84: IND | C84: INF | D84: INDHET | H84: 0.61864157 | I84: 0.0023194872 | J84: 0.21631102 | N84: 218.5802 | O84: 1.9509986 | P84: 0.99723296 | Q84: 4.60548e-05 | R84: 0.053959478 | S84: 1.0350523 | U84: 12.269807 | V84: 0.77364109 | W84: 1.1310012 | AB84: 0.034001003 | AG84: 3.9134857 | AI84: =SUM(E84:AH84) -> 241.5767
A85: =IF(C85="NECHEM","ICH_Feedstock",IF(AND(LEN(C85)=3,LEFT(C85,1)="I"),"IND","")) -> IND | B85: IND | C85: INF | D85: INDNGA | F85: 1.0854781 | G85: 9.132692 | H85: 4.2868645 | I85: 25.760154 | J85: 3.4463184 | K85: 114.8628 | L85: 16.983666 | M85: 41.065202 | N85: 258.51441 | O85: 0.34354787 | P85: 17.78453 | Q85: 24.783595 | R85: 22.622863 | S85: 13.140092 | T85: 20.070443 | U85: 21.93274 | V85: 10.092281 | W85: 35.464181 | Y85: 3.1977899 | AB85: 1.8541034 | AE85: 1.8989985 | AF85: 9.8981981 | AG85: 140.43162 | AI85: =SUM(E85:AH85) -> 798.65257
A86: =IF(C86="NECHEM","ICH_Feedstock",IF(AND(LEN(C86)=3,LEFT(C86,1)="I"),"IND","")) -> IND | B86: IND | C86: INF | D86: INDOIL | E86: 2.9439233 | F86: 1.7011513 | H86: 3.254341 | I86: 16.966266 | J86: 4.604203 | K86: 11.775337 | L86: 50.02464 | M86: 2.7054013 | N86: 24.063566 | O86: 2.6070576 | P86: 0.64717042 | Q86: 0.53988367 | R86: 3.0034596 | S86: 0.8398344 | T86: 3.0667096 | U86: 2.0191932 | V86: 3.8307043 | W86: 1.6005969 | X86: 3.7076794 | Y86: 2.5136207 | AB86: 0.95826641 | AF86: 0.29884122 | AG86: 8.6113014 | AI86: =SUM(E86:AH86) -> 152.28315
A87: =IF(C87="NECHEM","ICH_Feedstock",IF(AND(LEN(C87)=3,LEFT(C87,1)="I"),"IND","")) -> IND | B87: IND | C87: INF | D87: INDOVC | H87: 3.0387669 | I87: 5.6057107 | K87: 2.9699987 | L87: 10.946966 | M87: 0.34321293 | N87: 108.83196 | O87: 0.234398 | P87: 1.1171597 | R87: 0.08520138 | S87: 0.040725004 | T87: 0.027343991 | U87: 0.13502011 | W87: 0.31520742 | Y87: 0.001486314 | AI87: =SUM(E87:AH87) -> 133.69315
A88: =IF(C88="NECHEM","ICH_Feedstock",IF(AND(LEN(C88)=3,LEFT(C88,1)="I"),"IND","")) -> IND | B88: IND | C88: INM | D88: INDBIO | E88: 3.772043 | F88: 3.0501215 | H88: 0.0007787448 | I88: 60.40059 | J88: 17.370024 | K88: 3.1160008 | L88: 107.61372 | M88: 7.1300032 | O88: 5.1217417 | P88: 67.219664 | Q88: 15.461723 | R88: 15.124472 | S88: 18.743449 | T88: 25.603559 | U88: 27.492752 | V88: 21.537284 | W88: 60.597332 | Y88: 1.3386288 | AB88: 3.7773896 | AC88: 3.0966368 | AF88: 10.911002 | AG88: 21.39693 | AI88: =SUM(E88:AH88) -> 499.87584
A89: =IF(C89="NECHEM","ICH_Feedstock",IF(AND(LEN(C89)=3,LEFT(C89,1)="I"),"IND","")) -> IND | B89: IND | C89: INM | D89: INDCOA | E89: 64.5774 | F89: 49.796443 | G89: 0.11791285 | H89: 55.842387 | I89: 211.19026 | J89: 1462.8435 | K89: 23.271386 | L89: 4.7090405 | M89: 10.36305 | N89: 4801.3625 | O89: 8.7956294 | P89: 37.509512 | Q89: 19.595329 | R89: 10.647263 | S89: 8.3061883 | T89: 0.38367835 | U89: 143.58068 | V89: 9.0312793 | W89: 51.076092 | X89: 517.26964 | Y89: 48.332989 | Z89: 4.2976539 | AA89: 28.257471 | AB89: 2.3356734 | AC89: 27.501394 | AE89: 29.316413 | AF89: 15.485947 | AG89: 193.02161 | AI89: =SUM(E89:AH89) -> 7838.8183
A90: =IF(C90="NECHEM","ICH_Feedstock",IF(AND(LEN(C90)=3,LEFT(C90,1)="I"),"IND","")) -> IND | B90: IND | C90: INM | D90: INDCOG | I90: 5.4925164 | N90: 59.64926 | O90: 0.4778981 | P90: 1.7718538 | AC90: 0.79865303 | AI90: =SUM(E90:AH90) -> 68.190181
A91: =IF(C91="NECHEM","ICH_Feedstock",IF(AND(LEN(C91)=3,LEFT(C91,1)="I"),"IND","")) -> IND | B91: IND | C91: INM | D91: INDELC | E91: 31.824922 | F91: 5.950255 | G91: 18.983001 | H91: 14.372321 | I91: 105.9229 | J91: 111.78589 | K91: 12.57937 | L91: 35.364773 | M91: 7.7435996 | N91: 1353.8304 | O91: 9.2665858 | P91: 43.452683 | Q91: 14.112614 | R91: 36.867583 | S91: 22.197388 | T91: 29.674493 | U91: 68.88537 | V91: 29.962679 | W91: 44.971202 | X91: 6.0171182 | Y91: 18.964914 | Z91: 38.365202 | AA91: 0.5688019 | AB91: 5.0040215 | AC91: 60.98652 | AD91: 1.8081868 | AE91: 7.549868 | AF91: 22.172141 | AG91: 119.17936 | AI91: =SUM(E91:AH91) -> 2278.3642
A92: =IF(C92="NECHEM","ICH_Feedstock",IF(AND(LEN(C92)=3,LEFT(C92,1)="I"),"IND","")) -> IND | B92: IND | C92: INM | D92: INDHET | H92: 2.1929454 | I92: 0.11907678 | J92: 5.86152e-05 | N92: 25.186202 | O92: 0.83761121 | P92: 2.115858 | Q92: 0.33419875 | R92: 6.6554336 | S92: 0.13563139 | T92: 0.2956132 | U92: 5.4450423 | V92: 0.43840401 | W92: 0.88899999 | AB92: 0.035998106 | AC92: 88.621255 | AG92: 0.14924267 | AI92: =SUM(E92:AH92) -> 133.45157
A93: =IF(C93="NECHEM","ICH_Feedstock",IF(AND(LEN(C93)=3,LEFT(C93,1)="I"),"IND","")) -> IND | B93: IND | C93: INM | D93: INDNGA | E93: 161.235 | F93: 3.1427754 | G93: 47.25073 | H93: 67.679467 | I93: 59.139948 | J93: 52.450832 | K93: 48.089907 | L93: 52.464163 | M93: 36.6102 | N93: 582.08048 | O93: 8.9591491 | P93: 89.961843 | Q93: 41.623156 | R93: 85.122597 | S93: 39.103896 | T93: 95.53658 | U93: 102.63905 | V93: 69.576309 | W93: 105.07303 | Y93: 21.265427 | Z93: 48.877201 | AA93: 91.646724 | AB93: 2.1333504 | AC93: 339.50798 | AE93: 11.370599 | AF93: 45.599402 | AG93: 398.8844 | AI93: =SUM(E93:AH93) -> 2707.0242
A94: =IF(C94="NECHEM","ICH_Feedstock",IF(AND(LEN(C94)=3,LEFT(C94,1)="I"),"IND","")) -> IND | B94: IND | C94: INM | D94: INDOIL | E94: 70.150981 | F94: 13.585584 | G94: 9.0156876 | H94: 9.4928824 | I94: 104.37662 | J94: 86.727795 | K94: 7.189573 | L94: 136.75889 | M94: 20.748202 | N94: 215.00361 | O94: 15.676037 | P94: 9.1466382 | Q94: 10.98371 | R94: 55.972718 | S94: 27.902732 | T94: 68.981972 | U94: 150.02402 | V94: 24.621319 | W94: 16.512396 | X94: 307.45267 | Y94: 38.19204 | Z94: 131.95404 | AA94: 3.9058239 | AB94: 2.3006759 | AC94: 23.360359 | AE94: 0.43637342 | AF94: 7.0182324 | AG94: 48.546218 | AI94: =SUM(E94:AH94) -> 1616.0378
A95: =IF(C95="NECHEM","ICH_Feedstock",IF(AND(LEN(C95)=3,LEFT(C95,1)="I"),"IND","")) -> IND | B95: IND | C95: INM | D95: INDOVC | H95: 0.25248497 | I95: 5.8750769 | K95: 0.10799851 | L95: 1.8748365 | M95: 0.69191475 | N95: 359.18162 | O95: 1.0614082 | P95: 4.3363064 | Q95: 1.0479058 | R95: 0.056798129 | S95: 1.7284576 | T95: 0.23120766 | U95: 1.652777 | V95: 1.3794208 | W95: 2.7993615 | Y95: 0.17975607 | AA95: 1.8269939 | AB95: 0.45152545 | AC95: 2.4958687 | AI95: =SUM(E95:AH95) -> 387.23172
A96: =IF(C96="NECHEM","ICH_Feedstock",IF(AND(LEN(C96)=3,LEFT(C96,1)="I"),"IND","")) -> IND | B96: IND | C96: IOI | D96: INDBIO | E96: 0.30683382 | F96: 453.10183 | G96: 62.365141 | H96: 0.0039858336 | I96: 18.281503 | J96: 905.41953 | K96: 29.947586 | L96: 39.125537 | M96: 49.455001 | O96: 29.543731 | P96: 71.781995 | Q96: 15.313418 | R96: 11.467109 | S96: 15.191641 | T96: 23.649399 | U96: 23.964511 | V96: 13.278683 | W96: 53.323851 | X96: 2036.3074 | Y96: 181.38974 | Z96: 6.0030003 | AA96: 3.9483408 | AB96: 4.0511895 | AC96: 31.027081 | AE96: 49.00309 | AF96: 21.289995 | AG96: 139.84873 | AI96: =SUM(E96:AH96) -> 4288.3899
A97: =IF(C97="NECHEM","ICH_Feedstock",IF(AND(LEN(C97)=3,LEFT(C97,1)="I"),"IND","")) -> IND | B97: IND | C97: IOI | D97: INDCOA | F97: 42.768857 | G97: 4.2695982 | H97: 1.9197399 | I97: 10.800265 | J97: 719.73864 | K97: 9.1809825 | L97: 0.44105426 | M97: 8.195033 | N97: 1832.551 | O97: 0.11483974 | P97: 3.76709 | Q97: 0.74606264 | R97: 0.52609235 | S97: 0.079716672 | T97: 0.0064099908 | U97: 47.279753 | W97: 1.6550546 | X97: 841.87186 | Y97: 28.929339 | Z97: 66.98283 | AA97: 73.63246 | AC97: 0.56454393 | AE97: 132.75745 | AF97: 13.185033 | AG97: 31.379262 | AI97: =SUM(E97:AH97) -> 3873.343
A98: =IF(C98="NECHEM","ICH_Feedstock",IF(AND(LEN(C98)=3,LEFT(C98,1)="I"),"IND","")) -> IND | B98: IND | C98: IOI | D98: INDCOG | N98: 1.8920484 | W98: 0.013498243 | AG98: 26.825401 | AI98: =SUM(E98:AH98) -> 28.730948
A99: =IF(C99="NECHEM","ICH_Feedstock",IF(AND(LEN(C99)=3,LEFT(C99,1)="I"),"IND","")) -> IND | B99: IND | C99: IOI | D99: INDELC | E99: 205.37431 | F99: 142.84234 | G99: 52.762376 | H99: 30.516966 | I99: 164.48103 | J99: 1268.5205 | K99: 11.19987 | L99: 197.47369 | M99: 70.016401 | N99: 1728.1131 | O99: 29.292636 | P99: 72.401428 | Q99: 27.895623 | R99: 100.22226 | S99: 30.369247 | T99: 36.744944 | U99: 183.89816 | V99: 42.317646 | W99: 84.4092 | X99: 967.272 | Y99: 227.91365 | Z99: 395.9568 | AA99: 582.57862 | AB99: 4.0775831 | AC99: 45.28656 | AD99: 102.0773 | AE99: 103.60765 | AF99: 87.086918 | AG99: 451.00281 | AI99: =SUM(E99:AH99) -> 7445.7115
A100: =IF(C100="NECHEM","ICH_Feedstock",IF(AND(LEN(C100)=3,LEFT(C100,1)="I"),"IND","")) -> IND | B100: IND | C100: IOI | D100: INDGEO | I100: 0.2118772 | K100: 4.908081 | N100: 12.965573 | R100: 0.066628735 | S100: 0.012376181 | U100: 0.017638988 | AB100: 0.46509486 | AI100: =SUM(E100:AH100) -> 18.64727
A101: =IF(C101="NECHEM","ICH_Feedstock",IF(AND(LEN(C101)=3,LEFT(C101,1)="I"),"IND","")) -> IND | B101: IND | C101: IOI | D101: INDHET | H101: 19.955905 | I101: 29.471597 | J101: 14.07397 | M101: 6.6939982 | N101: 373.0331 | O101: 31.530695 | P101: 15.426168 | Q101: 0.49946431 | R101: 18.513435 | S101: 5.2296733 | T101: 1.6826331 | U101: 60.336084 | V101: 2.5071856 | W101: 9.3559991 | AB101: 0.32100196 | AC101: 92.39985 | AF101: 18.168175 | AG101: 16.852301 | AI101: =SUM(E101:AH101) -> 716.05123
...

Sheet Service shares
A1: from MECS
A2: Fuel | B2: Industry | C2: Service | D2: Share | F2: ='IND Balance'!E4 -> Africa_north | G2: ='IND Balance'!F4 -> Africa_other | H2: ='IND Balance'!G4 -> Arg-Chi | I2: ='IND Balance'!H4 -> Asia_central | J2: ='IND Balance'!I4 -> Asia_east | K2: ='IND Balance'!J4 -> Asia_other | L2: ='IND Balance'!K4 -> Australia_NZ | M2: ='IND Balance'!L4 -> Brazil | ... AI2: ='IND Balance'!AH4 -> \I: | AK2: =F2 -> Africa_north | AL2: =G2 -> Africa_other | AM2: =H2 -> Arg-Chi | AN2: =I2 -> Asia_central | AO2: =J2 -> Asia_east | AP2: =K2 -> Asia_other | AQ2: =L2 -> Australia_NZ | AR2: =M2 -> Brazil | ... BN2: =AI2 -> \I:
A3: ELC | B3: IFP | C3: STM | D3: 0.028301887 | F3: =$D3 -> 0.028301887 | G3: =$D3 -> 0.028301887 | H3: =$D3 -> 0.028301887 | I3: =$D3 -> 0.028301887 | J3: =$D3 -> 0.028301887 | K3: =$D3 -> 0.028301887 | L3: =$D3 -> 0.028301887 | M3: =$D3 -> 0.028301887 | ... AI3: =$D3 -> 0.028301887 | AK3: =SUMIFS('IND Balance'!E$5:E$141,'IND Balance'!$C$5:$C$141,'Service shares'!$B3,'IND Balance'!$D$5:$D$141,"*"&'Service shares'!$A3)*F3 -> 0.49746673 | AL3: =SUMIFS('IND Balance'!F$5:F$141,'IND Balance'!$C$5:$C$141,'Service shares'!$B3,'IND Balance'!$D$5:$D$141,"*"&'Service shares'!$A3)*G3 -> 0.22114954 | AM3: =SUMIFS('IND Balance'!G$5:G$141,'IND Balance'!$C$5:$C$141,'Service shares'!$B3,'IND Balance'!$D$5:$D$141,"*"&'Service shares'!$A3)*H3 -> 1.2585126 | AN3: =SUMIFS('IND Balance'!H$5:H$141,'IND Balance'!$C$5:$C$141,'Service shares'!$B3,'IND Balance'!$D$5:$D$141,"*"&'Service shares'!$A3)*I3 -> 0.38007723 | AO3: =SUMIFS('IND Balance'!I$5:I$141,'IND Balance'!$C$5:$C$141,'Service shares'!$B3,'IND Balance'!$D$5:$D$141,"*"&'Service shares'!$A3)*J3 -> 3.7673897 | AP3: =SUMIFS('IND Balance'!J$5:J$141,'IND Balance'!$C$5:$C$141,'Service shares'!$B3,'IND Balance'!$D$5:$D$141,"*"&'Service shares'!$A3)*K3 -> 4.6216199 | AQ3: =SUMIFS('IND Balance'!K$5:K$141,'IND Balance'!$C$5:$C$141,'Service shares'!$B3,'IND Balance'!$D$5:$D$141,"*"&'Service shares'!$A3)*L3 -> 0.89960808 | AR3: =SUMIFS('IND Balance'!L$5:L$141,'IND Balance'!$C$5:$C$141,'Service shares'!$B3,'IND Balance'!$D$5:$D$141,"*"&'Service shares'!$A3)*M3 -> 2.6700115 | ... BN3: =SUMIFS('IND Balance'!AH$5:AH$141,'IND Balance'!$C$5:$C$141,'Service shares'!$B3,'IND Balance'!$D$5:$D$141,"*"&'Service shares'!$A3)*AI3 -> 0
A4: ELC | B4: IFP | C4: PRH | D4: 0.034591195 | F4: =$D4 -> 0.034591195 | G4: =$D4 -> 0.034591195 | H4: =$D4 -> 0.034591195 | I4: =$D4 -> 0.034591195 | J4: =$D4 -> 0.034591195 | K4: =$D4 -> 0.034591195 | L4: =$D4 -> 0.034591195 | M4: =$D4 -> 0.034591195 | ... AI4: =$D4 -> 0.034591195 | AK4: =SUMIFS('IND Balance'!E$5:E$141,'IND Balance'!$C$5:$C$141,'Service shares'!$B4,'IND Balance'!$D$5:$D$141,"*"&'Service shares'!$A4)*F4 -> 0.60801489 | AL4: =SUMIFS('IND Balance'!F$5:F$141,'IND Balance'!$C$5:$C$141,'Service shares'!$B4,'IND Balance'!$D$5:$D$141,"*"&'Service shares'!$A4)*G4 -> 0.27029388 | AM4: =SUMIFS('IND Balance'!G$5:G$141,'IND Balance'!$C$5:$C$141,'Service shares'!$B4,'IND Balance'!$D$5:$D$141,"*"&'Service shares'!$A4)*H4 -> 1.5381821 | AN4: =SUMIFS('IND Balance'!H$5:H$141,'IND Balance'!$C$5:$C$141,'Service shares'!$B4,'IND Balance'!$D$5:$D$141,"*"&'Service shares'!$A4)*I4 -> 0.46453884 | AO4: =SUMIFS('IND Balance'!I$5:I$141,'IND Balance'!$C$5:$C$141,'Service shares'!$B4,'IND Balance'!$D$5:$D$141,"*"&'Service shares'!$A4)*J4 -> 4.6045874 | AP4: =SUMIFS('IND Balance'!J$5:J$141,'IND Balance'!$C$5:$C$141,'Service shares'!$B4,'IND Balance'!$D$5:$D$141,"*"&'Service shares'!$A4)*K4 -> 5.6486466 | AQ4: =SUMIFS('IND Balance'!K$5:K$141,'IND Balance'!$C$5:$C$141,'Service shares'!$B4,'IND Balance'!$D$5:$D$141,"*"&'Service shares'!$A4)*L4 -> 1.099521 | AR4: =SUMIFS('IND Balance'!L$5:L$141,'IND Balance'!$C$5:$C$141,'Service shares'!$B4,'IND Balance'!$D$5:$D$141,"*"&'Service shares'!$A4)*M4 -> 3.2633474 | ... BN4: =SUMIFS('IND Balance'!AH$5:AH$141,'IND Balance'!$C$5:$C$141,'Service shares'!$B4,'IND Balance'!$D$5:$D$141,"*"&'Service shares'!$A4)*AI4 -> 0
A5: ELC | B5: IFP | C5: PRC | D5: 0.2672956 | F5: =$D5 -> 0.2672956 | G5: =$D5 -> 0.2672956 | H5: =$D5 -> 0.2672956 | I5: =$D5 -> 0.2672956 | J5: =$D5 -> 0.2672956 | K5: =$D5 -> 0.2672956 | L5: =$D5 -> 0.2672956 | M5: =$D5 -> 0.2672956 | ... AI5: =$D5 -> 0.2672956 | AK5: =SUMIFS('IND Balance'!E$5:E$141,'IND Balance'!$C$5:$C$141,'Service shares'!$B5,'IND Balance'!$D$5:$D$141,"*"&'Service shares'!$A5)*F5 -> 4.6982969 | AL5: =SUMIFS('IND Balance'!F$5:F$141,'IND Balance'!$C$5:$C$141,'Service shares'!$B5,'IND Balance'!$D$5:$D$141,"*"&'Service shares'!$A5)*G5 -> 2.0886346 | AM5: =SUMIFS('IND Balance'!G$5:G$141,'IND Balance'!$C$5:$C$141,'Service shares'!$B5,'IND Balance'!$D$5:$D$141,"*"&'Service shares'!$A5)*H5 -> 11.885953 | AN5: =SUMIFS('IND Balance'!H$5:H$141,'IND Balance'!$C$5:$C$141,'Service shares'!$B5,'IND Balance'!$D$5:$D$141,"*"&'Service shares'!$A5)*I5 -> 3.5896183 | AO5: =SUMIFS('IND Balance'!I$5:I$141,'IND Balance'!$C$5:$C$141,'Service shares'!$B5,'IND Balance'!$D$5:$D$141,"*"&'Service shares'!$A5)*J5 -> 35.580903 | AP5: =SUMIFS('IND Balance'!J$5:J$141,'IND Balance'!$C$5:$C$141,'Service shares'!$B5,'IND Balance'!$D$5:$D$141,"*"&'Service shares'!$A5)*K5 -> 43.648633 | AQ5: =SUMIFS('IND Balance'!K$5:K$141,'IND Balance'!$C$5:$C$141,'Service shares'!$B5,'IND Balance'!$D$5:$D$141,"*"&'Service shares'!$A5)*L5 -> 8.4962985 | AR5: =SUMIFS('IND Balance'!L$5:L$141,'IND Balance'!$C$5:$C$141,'Service shares'!$B5,'IND Balance'!$D$5:$D$141,"*"&'Service shares'!$A5)*M5 -> 25.216775 | ... BN5: =SUMIFS('IND Balance'!AH$5:AH$141,'IND Balance'!$C$5:$C$141,'Service shares'!$B5,'IND Balance'!$D$5:$D$141,"*"&'Service shares'!$A5)*AI5 -> 0
A6: ELC | B6: IFP | C6: MDR | D6: 0.4245283 | F6: =$D6 -> 0.4245283 | G6: =$D6 -> 0.4245283 | H6: =$D6 -> 0.4245283 | I6: =$D6 -> 0.4245283 | J6: =$D6 -> 0.4245283 | K6: =$D6 -> 0.4245283 | L6: =$D6 -> 0.4245283 | M6: =$D6 -> 0.4245283 | ... AI6: =$D6 -> 0.4245283 | AK6: =SUMIFS('IND Balance'!E$5:E$141,'IND Balance'!$C$5:$C$141,'Service shares'!$B6,'IND Balance'!$D$5:$D$141,"*"&'Service shares'!$A6)*F6 -> 7.4620009 | AL6: =SUMIFS('IND Balance'!F$5:F$141,'IND Balance'!$C$5:$C$141,'Service shares'!$B6,'IND Balance'!$D$5:$D$141,"*"&'Service shares'!$A6)*G6 -> 3.3172431 | AM6: =SUMIFS('IND Balance'!G$5:G$141,'IND Balance'!$C$5:$C$141,'Service shares'!$B6,'IND Balance'!$D$5:$D$141,"*"&'Service shares'!$A6)*H6 -> 18.877689 | AN6: =SUMIFS('IND Balance'!H$5:H$141,'IND Balance'!$C$5:$C$141,'Service shares'!$B6,'IND Balance'!$D$5:$D$141,"*"&'Service shares'!$A6)*I6 -> 5.7011585 | AO6: =SUMIFS('IND Balance'!I$5:I$141,'IND Balance'!$C$5:$C$141,'Service shares'!$B6,'IND Balance'!$D$5:$D$141,"*"&'Service shares'!$A6)*J6 -> 56.510846 | AP6: =SUMIFS('IND Balance'!J$5:J$141,'IND Balance'!$C$5:$C$141,'Service shares'!$B6,'IND Balance'!$D$5:$D$141,"*"&'Service shares'!$A6)*K6 -> 69.324299 | AQ6: =SUMIFS('IND Balance'!K$5:K$141,'IND Balance'!$C$5:$C$141,'Service shares'!$B6,'IND Balance'!$D$5:$D$141,"*"&'Service shares'!$A6)*L6 -> 13.494121 | AR6: =SUMIFS('IND Balance'!L$5:L$141,'IND Balance'!$C$5:$C$141,'Service shares'!$B6,'IND Balance'!$D$5:$D$141,"*"&'Service shares'!$A6)*M6 -> 40.050173 | ... BN6: =SUMIFS('IND Balance'!AH$5:AH$141,'IND Balance'!$C$5:$C$141,'Service shares'!$B6,'IND Balance'!$D$5:$D$141,"*"&'Service shares'!$A6)*AI6 -> 0
A7: ELC | B7: IFP | C7: ECP | D7: 0.0062893082 | F7: =$D7 -> 0.0062893082 | G7: =$D7 -> 0.0062893082 | H7: =$D7 -> 0.0062893082 | I7: =$D7 -> 0.0062893082 | J7: =$D7 -> 0.0062893082 | K7: =$D7 -> 0.0062893082 | L7: =$D7 -> 0.0062893082 | M7: =$D7 -> 0.0062893082 | ... AI7: =$D7 -> 0.0062893082 | AK7: =SUMIFS('IND Balance'!E$5:E$141,'IND Balance'!$C$5:$C$141,'Service shares'!$B7,'IND Balance'!$D$5:$D$141,"*"&'Service shares'!$A7)*F7 -> 0.11054816 | AL7: =SUMIFS('IND Balance'!F$5:F$141,'IND Balance'!$C$5:$C$141,'Service shares'!$B7,'IND Balance'!$D$5:$D$141,"*"&'Service shares'!$A7)*G7 -> 0.049144342 | AM7: =SUMIFS('IND Balance'!G$5:G$141,'IND Balance'!$C$5:$C$141,'Service shares'!$B7,'IND Balance'!$D$5:$D$141,"*"&'Service shares'!$A7)*H7 -> 0.27966947 | AN7: =SUMIFS('IND Balance'!H$5:H$141,'IND Balance'!$C$5:$C$141,'Service shares'!$B7,'IND Balance'!$D$5:$D$141,"*"&'Service shares'!$A7)*I7 -> 0.084461607 | AO7: =SUMIFS('IND Balance'!I$5:I$141,'IND Balance'!$C$5:$C$141,'Service shares'!$B7,'IND Balance'!$D$5:$D$141,"*"&'Service shares'!$A7)*J7 -> 0.83719772 | AP7: =SUMIFS('IND Balance'!J$5:J$141,'IND Balance'!$C$5:$C$141,'Service shares'!$B7,'IND Balance'!$D$5:$D$141,"*"&'Service shares'!$A7)*K7 -> 1.0270266 | AQ7: =SUMIFS('IND Balance'!K$5:K$141,'IND Balance'!$C$5:$C$141,'Service shares'!$B7,'IND Balance'!$D$5:$D$141,"*"&'Service shares'!$A7)*L7 -> 0.19991291 | AR7: =SUMIFS('IND Balance'!L$5:L$141,'IND Balance'!$C$5:$C$141,'Service shares'!$B7,'IND Balance'!$D$5:$D$141,"*"&'Service shares'!$A7)*M7 -> 0.59333589 | ... BN7: =SUMIFS('IND Balance'!AH$5:AH$141,'IND Balance'!$C$5:$C$141,'Service shares'!$B7,'IND Balance'!$D$5:$D$141,"*"&'Service shares'!$A7)*AI7 -> 0
A8: ELC | B8: IFP | C8: OTP | D8: 0.012578616 | F8: =$D8 -> 0.012578616 | G8: =$D8 -> 0.012578616 | H8: =$D8 -> 0.012578616 | I8: =$D8 -> 0.012578616 | J8: =$D8 -> 0.012578616 | K8: =$D8 -> 0.012578616 | L8: =$D8 -> 0.012578616 | M8: =$D8 -> 0.012578616 | ... AI8: =$D8 -> 0.012578616 | AK8: =SUMIFS('IND Balance'!E$5:E$141,'IND Balance'!$C$5:$C$141,'Service shares'!$B8,'IND Balance'!$D$5:$D$141,"*"&'Service shares'!$A8)*F8 -> 0.22109632 | AL8: =SUMIFS('IND Balance'!F$5:F$141,'IND Balance'!$C$5:$C$141,'Service shares'!$B8,'IND Balance'!$D$5:$D$141,"*"&'Service shares'!$A8)*G8 -> 0.098288685 | AM8: =SUMIFS('IND Balance'!G$5:G$141,'IND Balance'!$C$5:$C$141,'Service shares'!$B8,'IND Balance'!$D$5:$D$141,"*"&'Service shares'!$A8)*H8 -> 0.55933894 | AN8: =SUMIFS('IND Balance'!H$5:H$141,'IND Balance'!$C$5:$C$141,'Service shares'!$B8,'IND Balance'!$D$5:$D$141,"*"&'Service shares'!$A8)*I8 -> 0.16892321 | AO8: =SUMIFS('IND Balance'!I$5:I$141,'IND Balance'!$C$5:$C$141,'Service shares'!$B8,'IND Balance'!$D$5:$D$141,"*"&'Service shares'!$A8)*J8 -> 1.6743954 | AP8: =SUMIFS('IND Balance'!J$5:J$141,'IND Balance'!$C$5:$C$141,'Service shares'!$B8,'IND Balance'!$D$5:$D$141,"*"&'Service shares'!$A8)*K8 -> 2.0540533 | AQ8: =SUMIFS('IND Balance'!K$5:K$141,'IND Balance'!$C$5:$C$141,'Service shares'!$B8,'IND Balance'!$D$5:$D$141,"*"&'Service shares'!$A8)*L8 -> 0.39982581 | AR8: =SUMIFS('IND Balance'!L$5:L$141,'IND Balance'!$C$5:$C$141,'Service shares'!$B8,'IND Balance'!$D$5:$D$141,"*"&'Service shares'!$A8)*M8 -> 1.1866718 | ... BN8: =SUMIFS('IND Balance'!AH$5:AH$141,'IND Balance'!$C$5:$C$141,'Service shares'!$B8,'IND Balance'!$D$5:$D$141,"*"&'Service shares'!$A8)*AI8 -> 0
A9: ELC | B9: IFP | C9: SPC | D9: 0.10691824 | F9: =$D9 -> 0.10691824 | G9: =$D9 -> 0.10691824 | H9: =$D9 -> 0.10691824 | I9: =$D9 -> 0.10691824 | J9: =$D9 -> 0.10691824 | K9: =$D9 -> 0.10691824 | L9: =$D9 -> 0.10691824 | M9: =$D9 -> 0.10691824 | ... AI9: =$D9 -> 0.10691824 | AK9: =SUMIFS('IND Balance'!E$5:E$141,'IND Balance'!$C$5:$C$141,'Service shares'!$B9,'IND Balance'!$D$5:$D$141,"*"&'Service shares'!$A9)*F9 -> 1.8793188 | AL9: =SUMIFS('IND Balance'!F$5:F$141,'IND Balance'!$C$5:$C$141,'Service shares'!$B9,'IND Balance'!$D$5:$D$141,"*"&'Service shares'!$A9)*G9 -> 0.83545382 | AM9: =SUMIFS('IND Balance'!G$5:G$141,'IND Balance'!$C$5:$C$141,'Service shares'!$B9,'IND Balance'!$D$5:$D$141,"*"&'Service shares'!$A9)*H9 -> 4.754381 | AN9: =SUMIFS('IND Balance'!H$5:H$141,'IND Balance'!$C$5:$C$141,'Service shares'!$B9,'IND Balance'!$D$5:$D$141,"*"&'Service shares'!$A9)*I9 -> 1.4358473 | AO9: =SUMIFS('IND Balance'!I$5:I$141,'IND Balance'!$C$5:$C$141,'Service shares'!$B9,'IND Balance'!$D$5:$D$141,"*"&'Service shares'!$A9)*J9 -> 14.232361 | AP9: =SUMIFS('IND Balance'!J$5:J$141,'IND Balance'!$C$5:$C$141,'Service shares'!$B9,'IND Balance'!$D$5:$D$141,"*"&'Service shares'!$A9)*K9 -> 17.459453 | AQ9: =SUMIFS('IND Balance'!K$5:K$141,'IND Balance'!$C$5:$C$141,'Service shares'!$B9,'IND Balance'!$D$5:$D$141,"*"&'Service shares'!$A9)*L9 -> 3.3985194 | AR9: =SUMIFS('IND Balance'!L$5:L$141,'IND Balance'!$C$5:$C$141,'Service shares'!$B9,'IND Balance'!$D$5:$D$141,"*"&'Service shares'!$A9)*M9 -> 10.08671 | ... BN9: =SUMIFS('IND Balance'!AH$5:AH$141,'IND Balance'!$C$5:$C$141,'Service shares'!$B9,'IND Balance'!$D$5:$D$141,"*"&'Service shares'!$A9)*AI9 -> 0
A10: ELC | B10: IFP | C10: LIG | D10: 0.088050314 | F10: =$D10 -> 0.088050314 | G10: =$D10 -> 0.088050314 | H10: =$D10 -> 0.088050314 | I10: =$D10 -> 0.088050314 | J10: =$D10 -> 0.088050314 | K10: =$D10 -> 0.088050314 | L10: =$D10 -> 0.088050314 | M10: =$D10 -> 0.088050314 | ... AI10: =$D10 -> 0.088050314 | AK10: =SUMIFS('IND Balance'!E$5:E$141,'IND Balance'!$C$5:$C$141,'Service shares'!$B10,'IND Balance'!$D$5:$D$141,"*"&'Service shares'!$A10)*F10 -> 1.5476743 | AL10: =SUMIFS('IND Balance'!F$5:F$141,'IND Balance'!$C$5:$C$141,'Service shares'!$B10,'IND Balance'!$D$5:$D$141,"*"&'Service shares'!$A10)*G10 -> 0.68802079 | AM10: =SUMIFS('IND Balance'!G$5:G$141,'IND Balance'!$C$5:$C$141,'Service shares'!$B10,'IND Balance'!$D$5:$D$141,"*"&'Service shares'!$A10)*H10 -> 3.9153726 | AN10: =SUMIFS('IND Balance'!H$5:H$141,'IND Balance'!$C$5:$C$141,'Service shares'!$B10,'IND Balance'!$D$5:$D$141,"*"&'Service shares'!$A10)*I10 -> 1.1824625 | AO10: =SUMIFS('IND Balance'!I$5:I$141,'IND Balance'!$C$5:$C$141,'Service shares'!$B10,'IND Balance'!$D$5:$D$141,"*"&'Service shares'!$A10)*J10 -> 11.720768 | AP10: =SUMIFS('IND Balance'!J$5:J$141,'IND Balance'!$C$5:$C$141,'Service shares'!$B10,'IND Balance'!$D$5:$D$141,"*"&'Service shares'!$A10)*K10 -> 14.378373 | AQ10: =SUMIFS('IND Balance'!K$5:K$141,'IND Balance'!$C$5:$C$141,'Service shares'!$B10,'IND Balance'!$D$5:$D$141,"*"&'Service shares'!$A10)*L10 -> 2.7987807 | AR10: =SUMIFS('IND Balance'!L$5:L$141,'IND Balance'!$C$5:$C$141,'Service shares'!$B10,'IND Balance'!$D$5:$D$141,"*"&'Service shares'!$A10)*M10 -> 8.3067025 | ... BN10: =SUMIFS('IND Balance'!AH$5:AH$141,'IND Balance'!$C$5:$C$141,'Service shares'!$B10,'IND Balance'!$D$5:$D$141,"*"&'Service shares'!$A10)*AI10 -> 0
A11: ELC | B11: IFP | C11: OTH | D11: 0.031446541 | F11: =$D11 -> 0.031446541 | G11: =$D11 -> 0.031446541 | H11: =$D11 -> 0.031446541 | I11: =$D11 -> 0.031446541 | J11: =$D11 -> 0.031446541 | K11: =$D11 -> 0.031446541 | L11: =$D11 -> 0.031446541 | M11: =$D11 -> 0.031446541 | ... AI11: =$D11 -> 0.031446541 | AK11: =SUMIFS('IND Balance'!E$5:E$141,'IND Balance'!$C$5:$C$141,'Service shares'!$B11,'IND Balance'!$D$5:$D$141,"*"&'Service shares'!$A11)*F11 -> 0.55274081 | AL11: =SUMIFS('IND Balance'!F$5:F$141,'IND Balance'!$C$5:$C$141,'Service shares'!$B11,'IND Balance'!$D$5:$D$141,"*"&'Service shares'!$A11)*G11 -> 0.24572171 | AM11: =SUMIFS('IND Balance'!G$5:G$141,'IND Balance'!$C$5:$C$141,'Service shares'!$B11,'IND Balance'!$D$5:$D$141,"*"&'Service shares'!$A11)*H11 -> 1.3983474 | AN11: =SUMIFS('IND Balance'!H$5:H$141,'IND Balance'!$C$5:$C$141,'Service shares'!$B11,'IND Balance'!$D$5:$D$141,"*"&'Service shares'!$A11)*I11 -> 0.42230803 | AO11: =SUMIFS('IND Balance'!I$5:I$141,'IND Balance'!$C$5:$C$141,'Service shares'!$B11,'IND Balance'!$D$5:$D$141,"*"&'Service shares'!$A11)*J11 -> 4.1859886 | AP11: =SUMIFS('IND Balance'!J$5:J$141,'IND Balance'!$C$5:$C$141,'Service shares'!$B11,'IND Balance'!$D$5:$D$141,"*"&'Service shares'!$A11)*K11 -> 5.1351332 | AQ11: =SUMIFS('IND Balance'!K$5:K$141,'IND Balance'!$C$5:$C$141,'Service shares'!$B11,'IND Balance'!$D$5:$D$141,"*"&'Service shares'!$A11)*L11 -> 0.99956453 | AR11: =SUMIFS('IND Balance'!L$5:L$141,'IND Balance'!$C$5:$C$141,'Service shares'!$B11,'IND Balance'!$D$5:$D$141,"*"&'Service shares'!$A11)*M11 -> 2.9666795 | ... BN11: =SUMIFS('IND Balance'!AH$5:AH$141,'IND Balance'!$C$5:$C$141,'Service shares'!$B11,'IND Balance'!$D$5:$D$141,"*"&'Service shares'!$A11)*AI11 -> 0
A12: ELC | B12: IOI | C12: STM | D12: 0.015936255 | F12: =$D12 -> 0.015936255 | G12: =$D12 -> 0.015936255 | H12: =$D12 -> 0.015936255 | I12: =$D12 -> 0.015936255 | J12: =$D12 -> 0.015936255 | K12: =$D12 -> 0.015936255 | L12: =$D12 -> 0.015936255 | M12: =$D12 -> 0.015936255 | ... AI12: =$D12 -> 0.015936255 | AK12: =SUMIFS('IND Balance'!E$5:E$141,'IND Balance'!$C$5:$C$141,'Service shares'!$B12,'IND Balance'!$D$5:$D$141,"*"&'Service shares'!$A12)*F12 -> 3.2728974 | AL12: =SUMIFS('IND Balance'!F$5:F$141,'IND Balance'!$C$5:$C$141,'Service shares'!$B12,'IND Balance'!$D$5:$D$141,"*"&'Service shares'!$A12)*G12 -> 2.2763719 | AM12: =SUMIFS('IND Balance'!G$5:G$141,'IND Balance'!$C$5:$C$141,'Service shares'!$B12,'IND Balance'!$D$5:$D$141,"*"&'Service shares'!$A12)*H12 -> 0.84083468 | AN12: =SUMIFS('IND Balance'!H$5:H$141,'IND Balance'!$C$5:$C$141,'Service shares'!$B12,'IND Balance'!$D$5:$D$141,"*"&'Service shares'!$A12)*I12 -> 0.48632614 | AO12: =SUMIFS('IND Balance'!I$5:I$141,'IND Balance'!$C$5:$C$141,'Service shares'!$B12,'IND Balance'!$D$5:$D$141,"*"&'Service shares'!$A12)*J12 -> 2.6212116 | AP12: =SUMIFS('IND Balance'!J$5:J$141,'IND Balance'!$C$5:$C$141,'Service shares'!$B12,'IND Balance'!$D$5:$D$141,"*"&'Service shares'!$A12)*K12 -> 20.215465 | AQ12: =SUMIFS('IND Balance'!K$5:K$141,'IND Balance'!$C$5:$C$141,'Service shares'!$B12,'IND Balance'!$D$5:$D$141,"*"&'Service shares'!$A12)*L12 -> 0.17848398 | AR12: =SUMIFS('IND Balance'!L$5:L$141,'IND Balance'!$C$5:$C$141,'Service shares'!$B12,'IND Balance'!$D$5:$D$141,"*"&'Service shares'!$A12)*M12 -> 3.146991 | ... BN12: =SUMIFS('IND Balance'!AH$5:AH$141,'IND Balance'!$C$5:$C$141,'Service shares'!$B12,'IND Balance'!$D$5:$D$141,"*"&'Service shares'!$A12)*AI12 -> 0
A13: ELC | B13: IOI | C13: PRH | D13: 0.051792829 | F13: =$D13 -> 0.051792829 | G13: =$D13 -> 0.051792829 | H13: =$D13 -> 0.051792829 | I13: =$D13 -> 0.051792829 | J13: =$D13 -> 0.051792829 | K13: =$D13 -> 0.051792829 | L13: =$D13 -> 0.051792829 | M13: =$D13 -> 0.051792829 | ... AI13: =$D13 -> 0.051792829 | AK13: =SUMIFS('IND Balance'!E$5:E$141,'IND Balance'!$C$5:$C$141,'Service shares'!$B13,'IND Balance'!$D$5:$D$141,"*"&'Service shares'!$A13)*F13 -> 10.636916 | AL13: =SUMIFS('IND Balance'!F$5:F$141,'IND Balance'!$C$5:$C$141,'Service shares'!$B13,'IND Balance'!$D$5:$D$141,"*"&'Service shares'!$A13)*G13 -> 7.3982087 | AM13: =SUMIFS('IND Balance'!G$5:G$141,'IND Balance'!$C$5:$C$141,'Service shares'!$B13,'IND Balance'!$D$5:$D$141,"*"&'Service shares'!$A13)*H13 -> 2.7327127 | AN13: =SUMIFS('IND Balance'!H$5:H$141,'IND Balance'!$C$5:$C$141,'Service shares'!$B13,'IND Balance'!$D$5:$D$141,"*"&'Service shares'!$A13)*I13 -> 1.58056 | AO13: =SUMIFS('IND Balance'!I$5:I$141,'IND Balance'!$C$5:$C$141,'Service shares'!$B13,'IND Balance'!$D$5:$D$141,"*"&'Service shares'!$A13)*J13 -> 8.5189378 | AP13: =SUMIFS('IND Balance'!J$5:J$141,'IND Balance'!$C$5:$C$141,'Service shares'!$B13,'IND Balance'!$D$5:$D$141,"*"&'Service shares'!$A13)*K13 -> 65.700263 | AQ13: =SUMIFS('IND Balance'!K$5:K$141,'IND Balance'!$C$5:$C$141,'Service shares'!$B13,'IND Balance'!$D$5:$D$141,"*"&'Service shares'!$A13)*L13 -> 0.58007295 | AR13: =SUMIFS('IND Balance'!L$5:L$141,'IND Balance'!$C$5:$C$141,'Service shares'!$B13,'IND Balance'!$D$5:$D$141,"*"&'Service shares'!$A13)*M13 -> 10.227721 | ... BN13: =SUMIFS('IND Balance'!AH$5:AH$141,'IND Balance'!$C$5:$C$141,'Service shares'!$B13,'IND Balance'!$D$5:$D$141,"*"&'Service shares'!$A13)*AI13 -> 0
A14: ELC | B14: IOI | C14: PRC | D14: 0.067729084 | F14: =$D14 -> 0.067729084 | G14: =$D14 -> 0.067729084 | H14: =$D14 -> 0.067729084 | I14: =$D14 -> 0.067729084 | J14: =$D14 -> 0.067729084 | K14: =$D14 -> 0.067729084 | L14: =$D14 -> 0.067729084 | M14: =$D14 -> 0.067729084 | ... AI14: =$D14 -> 0.067729084 | AK14: =SUMIFS('IND Balance'!E$5:E$141,'IND Balance'!$C$5:$C$141,'Service shares'!$B14,'IND Balance'!$D$5:$D$141,"*"&'Service shares'!$A14)*F14 -> 13.909814 | AL14: =SUMIFS('IND Balance'!F$5:F$141,'IND Balance'!$C$5:$C$141,'Service shares'!$B14,'IND Balance'!$D$5:$D$141,"*"&'Service shares'!$A14)*G14 -> 9.6745806 | AM14: =SUMIFS('IND Balance'!G$5:G$141,'IND Balance'!$C$5:$C$141,'Service shares'!$B14,'IND Balance'!$D$5:$D$141,"*"&'Service shares'!$A14)*H14 -> 3.5735474 | AN14: =SUMIFS('IND Balance'!H$5:H$141,'IND Balance'!$C$5:$C$141,'Service shares'!$B14,'IND Balance'!$D$5:$D$141,"*"&'Service shares'!$A14)*I14 -> 2.0668861 | AO14: =SUMIFS('IND Balance'!I$5:I$141,'IND Balance'!$C$5:$C$141,'Service shares'!$B14,'IND Balance'!$D$5:$D$141,"*"&'Service shares'!$A14)*J14 -> 11.140149 | AP14: =SUMIFS('IND Balance'!J$5:J$141,'IND Balance'!$C$5:$C$141,'Service shares'!$B14,'IND Balance'!$D$5:$D$141,"*"&'Service shares'!$A14)*K14 -> 85.915728 | AQ14: =SUMIFS('IND Balance'!K$5:K$141,'IND Balance'!$C$5:$C$141,'Service shares'!$B14,'IND Balance'!$D$5:$D$141,"*"&'Service shares'!$A14)*L14 -> 0.75855693 | AR14: =SUMIFS('IND Balance'!L$5:L$141,'IND Balance'!$C$5:$C$141,'Service shares'!$B14,'IND Balance'!$D$5:$D$141,"*"&'Service shares'!$A14)*M14 -> 13.374712 | ... BN14: =SUMIFS('IND Balance'!AH$5:AH$141,'IND Balance'!$C$5:$C$141,'Service shares'!$B14,'IND Balance'!$D$5:$D$141,"*"&'Service shares'!$A14)*AI14 -> 0
... A153: COA | B153: IIS | C153: OTP | D153: 0.74074074 | F153: =$D153 -> 0.74074074 | G153: =$D153 -> 0.74074074 | H153: =$D153 -> 0.74074074 | I153: =$D153 -> 0.74074074 | J153: =$D153 -> 0.74074074 | K153: =$D153 -> 0.74074074 | L153: =$D153 -> 0.74074074 | M153: =$D153 -> 0.74074074 | ... AI153: =$D153 -> 0.74074074 | AK153: =SUMIFS('IND Balance'!E$5:E$141,'IND Balance'!$C$5:$C$141,'Service shares'!$B153,'IND Balance'!$D$5:$D$141,"*"&'Service shares'!$A153)*F153 -> 0 | AL153: =SUMIFS('IND Balance'!F$5:F$141,'IND Balance'!$C$5:$C$141,'Service shares'!$B153,'IND Balance'!$D$5:$D$141,"*"&'Service shares'!$A153)*G153 -> 0 | AM153: =SUMIFS('IND Balance'!G$5:G$141,'IND Balance'!$C$5:$C$141,'Service shares'!$B153,'IND Balance'!$D$5:$D$141,"*"&'Service shares'!$A153)*H153 -> 0 | AN153: =SUMIFS('IND Balance'!H$5:H$141,'IND Balance'!$C$5:$C$141,'Service shares'!$B153,'IND Balance'!$D$5:$D$141,"*"&'Service shares'!$A153)*I153 -> 0 | AO153: =SUMIFS('IND Balance'!I$5:I$141,'IND Balance'!$C$5:$C$141,'Service shares'!$B153,'IND Balance'!$D$5:$D$141,"*"&'Service shares'!$A153)*J153 -> 0 | AP153: =SUMIFS('IND Balance'!J$5:J$141,'IND Balance'!$C$5:$C$141,'Service shares'!$B153,'IND Balance'!$D$5:$D$141,"*"&'Service shares'!$A153)*K153 -> 0 | AQ153: =SUMIFS('IND Balance'!K$5:K$141,'IND Balance'!$C$5:$C$141,'Service shares'!$B153,'IND Balance'!$D$5:$D$141,"*"&'Service shares'!$A153)*L153 -> 0 | AR153: =SUMIFS('IND Balance'!L$5:L$141,'IND Balance'!$C$5:$C$141,'Service shares'!$B153,'IND Balance'!$D$5:$D$141,"*"&'Service shares'!$A153)*M153 -> 0 | ... BN153: =SUMIFS('IND Balance'!AH$5:AH$141,'IND Balance'!$C$5:$C$141,'Service shares'!$B153,'IND Balance'!$D$5:$D$141,"*"&'Service shares'!$A153)*AI153 -> 0
A154: =A153 -> COA | B154: INF | C154: PRH | D154: 1 | F154: =$D154 -> 1 | G154: =$D154 -> 1 | H154: =$D154 -> 1 | I154: =$D154 -> 1 | J154: =$D154 -> 1 | K154: =$D154 -> 1 | L154: =$D154 -> 1 | M154: =$D154 -> 1 | ... AI154: =$D154 -> 1 | AK154: =SUMIFS('IND Balance'!E$5:E$141,'IND Balance'!$C$5:$C$141,'Service shares'!$B154,'IND Balance'!$D$5:$D$141,"*"&'Service shares'!$A154)*F154 -> 0.087566922 | AL154: =SUMIFS('IND Balance'!F$5:F$141,'IND Balance'!$C$5:$C$141,'Service shares'!$B154,'IND Balance'!$D$5:$D$141,"*"&'Service shares'!$A154)*G154 -> 0.01276974 | AM154: =SUMIFS('IND Balance'!G$5:G$141,'IND Balance'!$C$5:$C$141,'Service shares'!$B154,'IND Balance'!$D$5:$D$141,"*"&'Service shares'!$A154)*H154 -> 0 | AN154: =SUMIFS('IND Balance'!H$5:H$141,'IND Balance'!$C$5:$C$141,'Service shares'!$B154,'IND Balance'!$D$5:$D$141,"*"&'Service shares'!$A154)*I154 -> 64.917711 | AO154: =SUMIFS('IND Balance'!I$5:I$141,'IND Balance'!$C$5:$C$141,'Service shares'!$B154,'IND Balance'!$D$5:$D$141,"*"&'Service shares'!$A154)*J154 -> 1.3052391 | AP154: =SUMIFS('IND Balance'!J$5:J$141,'IND Balance'!$C$5:$C$141,'Service shares'!$B154,'IND Balance'!$D$5:$D$141,"*"&'Service shares'!$A154)*K154 -> 163.01094 | AQ154: =SUMIFS('IND Balance'!K$5:K$141,'IND Balance'!$C$5:$C$141,'Service shares'!$B154,'IND Balance'!$D$5:$D$141,"*"&'Service shares'!$A154)*L154 -> 61.821142 | AR154: =SUMIFS('IND Balance'!L$5:L$141,'IND Balance'!$C$5:$C$141,'Service shares'!$B154,'IND Balance'!$D$5:$D$141,"*"&'Service shares'!$A154)*M154 -> 26.965064 | ... BN154: =SUMIFS('IND Balance'!AH$5:AH$141,'IND Balance'!$C$5:$C$141,'Service shares'!$B154,'IND Balance'!$D$5:$D$141,"*"&'Service shares'!$A154)*AI154 -> 0
A155: =A154 -> COA | B155: IMC | C155: PRH | D155: 1 | F155: =$D155 -> 1 | G155: =$D155 -> 1 | H155: =$D155 -> 1 | I155: =$D155 -> 1 | J155: =$D155 -> 1 | K155: =$D155 -> 1 | L155: =$D155 -> 1 | M155: =$D155 -> 1 | ... AI155: =$D155 -> 1 | AK155: =SUMIFS('IND Balance'!E$5:E$141,'IND Balance'!$C$5:$C$141,'Service shares'!$B155,'IND Balance'!$D$5:$D$141,"*"&'Service shares'!$A155)*F155 -> 0 | AL155: =SUMIFS('IND Balance'!F$5:F$141,'IND Balance'!$C$5:$C$141,'Service shares'!$B155,'IND Balance'!$D$5:$D$141,"*"&'Service shares'!$A155)*G155 -> 1.8256374 | AM155: =SUMIFS('IND Balance'!G$5:G$141,'IND Balance'!$C$5:$C$141,'Service shares'!$B155,'IND Balance'!$D$5:$D$141,"*"&'Service shares'!$A155)*H155 -> 1.2458284 | AN155: =SUMIFS('IND Balance'!H$5:H$141,'IND Balance'!$C$5:$C$141,'Service shares'!$B155,'IND Balance'!$D$5:$D$141,"*"&'Service shares'!$A155)*I155 -> 18.20918 | AO155: =SUMIFS('IND Balance'!I$5:I$141,'IND Balance'!$C$5:$C$141,'Service shares'!$B155,'IND Balance'!$D$5:$D$141,"*"&'Service shares'!$A155)*J155 -> 0 | AP155: =SUMIFS('IND Balance'!J$5:J$141,'IND Balance'!$C$5:$C$141,'Service shares'!$B155,'IND Balance'!$D$5:$D$141,"*"&'Service shares'!$A155)*K155 -> 17.693526 | AQ155: =SUMIFS('IND Balance'!K$5:K$141,'IND Balance'!$C$5:$C$141,'Service shares'!$B155,'IND Balance'!$D$5:$D$141,"*"&'Service shares'!$A155)*L155 -> 4.0611332 | AR155: =SUMIFS('IND Balance'!L$5:L$141,'IND Balance'!$C$5:$C$141,'Service shares'!$B155,'IND Balance'!$D$5:$D$141,"*"&'Service shares'!$A155)*M155 -> 8.5354491 | ... BN155: =SUMIFS('IND Balance'!AH$5:AH$141,'IND Balance'!$C$5:$C$141,'Service shares'!$B155,'IND Balance'!$D$5:$D$141,"*"&'Service shares'!$A155)*AI155 -> 0
A156: =A155 -> COA | B156: ITM | C156: PRH | D156: 1 | F156: =$D156 -> 1 | G156: =$D156 -> 1 | H156: =$D156 -> 1 | I156: =$D156 -> 1 | J156: =$D156 -> 1 | K156: =$D156 -> 1 | L156: =$D156 -> 1 | M156: =$D156 -> 1 | ... AI156: =$D156 -> 1 | AK156: =SUMIFS('IND Balance'!E$5:E$141,'IND Balance'!$C$5:$C$141,'Service shares'!$B156,'IND Balance'!$D$5:$D$141,"*"&'Service shares'!$A156)*F156 -> 0 | AL156: =SUMIFS('IND Balance'!F$5:F$141,'IND Balance'!$C$5:$C$141,'Service shares'!$B156,'IND Balance'!$D$5:$D$141,"*"&'Service shares'!$A156)*G156 -> 0.076991065 | AM156: =SUMIFS('IND Balance'!G$5:G$141,'IND Balance'!$C$5:$C$141,'Service shares'!$B156,'IND Balance'!$D$5:$D$141,"*"&'Service shares'!$A156)*H156 -> 0 | AN156: =SUMIFS('IND Balance'!H$5:H$141,'IND Balance'!$C$5:$C$141,'Service shares'!$B156,'IND Balance'!$D$5:$D$141,"*"&'Service shares'!$A156)*I156 -> 1.2897982 | AO156: =SUMIFS('IND Balance'!I$5:I$141,'IND Balance'!$C$5:$C$141,'Service shares'!$B156,'IND Balance'!$D$5:$D$141,"*"&'Service shares'!$A156)*J156 -> 0.20447075 | AP156: =SUMIFS('IND Balance'!J$5:J$141,'IND Balance'!$C$5:$C$141,'Service shares'!$B156,'IND Balance'!$D$5:$D$141,"*"&'Service shares'!$A156)*K156 -> 0.72337018 | AQ156: =SUMIFS('IND Balance'!K$5:K$141,'IND Balance'!$C$5:$C$141,'Service shares'!$B156,'IND Balance'!$D$5:$D$141,"*"&'Service shares'!$A156)*L156 -> 0 | AR156: =SUMIFS('IND Balance'!L$5:L$141,'IND Balance'!$C$5:$C$141,'Service shares'!$B156,'IND Balance'!$D$5:$D$141,"*"&'Service shares'!$A156)*M156 -> 0 | ... BN156: =SUMIFS('IND Balance'!AH$5:AH$141,'IND Balance'!$C$5:$C$141,'Service shares'!$B156,'IND Balance'!$D$5:$D$141,"*"&'Service shares'!$A156)*AI156 -> 0
A157: OIL | B157: IFP | C157: STM | D157: 0.3 | F157: =$D157 -> 0.3 | G157: =$D157 -> 0.3 | H157: =$D157 -> 0.3 | I157: =$D157 -> 0.3 | J157: =$D157 -> 0.3 | K157: =$D157 -> 0.3 | L157: =$D157 -> 0.3 | M157: =$D157 -> 0.3 | ... AI157: =$D157 -> 0.3 | AK157: =SUMIFS('IND Balance'!E$5:E$141,'IND Balance'!$C$5:$C$141,'Service shares'!$B157,'IND Balance'!$D$5:$D$141,"*"&'Service shares'!$A157)*F157 -> 2.2268723 | AL157: =SUMIFS('IND Balance'!F$5:F$141,'IND Balance'!$C$5:$C$141,'Service shares'!$B157,'IND Balance'!$D$5:$D$141,"*"&'Service shares'!$A157)*G157 -> 3.5688191 | AM157: =SUMIFS('IND Balance'!G$5:G$141,'IND Balance'!$C$5:$C$141,'Service shares'!$B157,'IND Balance'!$D$5:$D$141,"*"&'Service shares'!$A157)*H157 -> 0.068042199 | AN157: =SUMIFS('IND Balance'!H$5:H$141,'IND Balance'!$C$5:$C$141,'Service shares'!$B157,'IND Balance'!$D$5:$D$141,"*"&'Service shares'!$A157)*I157 -> 0.94591116 | AO157: =SUMIFS('IND Balance'!I$5:I$141,'IND Balance'!$C$5:$C$141,'Service shares'!$B157,'IND Balance'!$D$5:$D$141,"*"&'Service shares'!$A157)*J157 -> 14.884168 | AP157: =SUMIFS('IND Balance'!J$5:J$141,'IND Balance'!$C$5:$C$141,'Service shares'!$B157,'IND Balance'!$D$5:$D$141,"*"&'Service shares'!$A157)*K157 -> 24.269814 | AQ157: =SUMIFS('IND Balance'!K$5:K$141,'IND Balance'!$C$5:$C$141,'Service shares'!$B157,'IND Balance'!$D$5:$D$141,"*"&'Service shares'!$A157)*L157 -> 1.5181241 | AR157: =SUMIFS('IND Balance'!L$5:L$141,'IND Balance'!$C$5:$C$141,'Service shares'!$B157,'IND Balance'!$D$5:$D$141,"*"&'Service shares'!$A157)*M157 -> 7.7089254 | ... BN157: =SUMIFS('IND Balance'!AH$5:AH$141,'IND Balance'!$C$5:$C$141,'Service shares'!$B157,'IND Balance'!$D$5:$D$141,"*"&'Service shares'!$A157)*AI157 -> 0
A158: OIL | B158: IFP | C158: SPC | D158: 0.1 | F158: =$D158 -> 0.1 | G158: =$D158 -> 0.1 | H158: =$D158 -> 0.1 | I158: =$D158 -> 0.1 | J158: =$D158 -> 0.1 | K158: =$D158 -> 0.1 | L158: =$D158 -> 0.1 | M158: =$D158 -> 0.1 | ... AI158: =$D158 -> 0.1 | AK158: =SUMIFS('IND Balance'!E$5:E$141,'IND Balance'!$C$5:$C$141,'Service shares'!$B158,'IND Balance'!$D$5:$D$141,"*"&'Service shares'!$A158)*F158 -> 0.74229075 | AL158: =SUMIFS('IND Balance'!F$5:F$141,'IND Balance'!$C$5:$C$141,'Service shares'!$B158,'IND Balance'!$D$5:$D$141,"*"&'Service shares'!$A158)*G158 -> 1.1896064 | AM158: =SUMIFS('IND Balance'!G$5:G$141,'IND Balance'!$C$5:$C$141,'Service shares'!$B158,'IND Balance'!$D$5:$D$141,"*"&'Service shares'!$A158)*H158 -> 0.022680733 | AN158: =SUMIFS('IND Balance'!H$5:H$141,'IND Balance'!$C$5:$C$141,'Service shares'!$B158,'IND Balance'!$D$5:$D$141,"*"&'Service shares'!$A158)*I158 -> 0.31530372 | AO158: =SUMIFS('IND Balance'!I$5:I$141,'IND Balance'!$C$5:$C$141,'Service shares'!$B158,'IND Balance'!$D$5:$D$141,"*"&'Service shares'!$A158)*J158 -> 4.9613894 | AP158: =SUMIFS('IND Balance'!J$5:J$141,'IND Balance'!$C$5:$C$141,'Service shares'!$B158,'IND Balance'!$D$5:$D$141,"*"&'Service shares'!$A158)*K158 -> 8.089938 | AQ158: =SUMIFS('IND Balance'!K$5:K$141,'IND Balance'!$C$5:$C$141,'Service shares'!$B158,'IND Balance'!$D$5:$D$141,"*"&'Service shares'!$A158)*L158 -> 0.50604135 | AR158: =SUMIFS('IND Balance'!L$5:L$141,'IND Balance'!$C$5:$C$141,'Service shares'!$B158,'IND Balance'!$D$5:$D$141,"*"&'Service shares'!$A158)*M158 -> 2.5696418 | ... BN158: =SUMIFS('IND Balance'!AH$5:AH$141,'IND Balance'!$C$5:$C$141,'Service shares'!$B158,'IND Balance'!$D$5:$D$141,"*"&'Service shares'!$A158)*AI158 -> 0
A159: OIL | B159: IFP | C159: OTH | D159: 0.6 | F159: =$D159 -> 0.6 | G159: =$D159 -> 0.6 | H159: =$D159 -> 0.6 | I159: =$D159 -> 0.6 | J159: =$D159 -> 0.6 | K159: =$D159 -> 0.6 | L159: =$D159 -> 0.6 | M159: =$D159 -> 0.6 | ... AI159: =$D159 -> 0.6 | AK159: =SUMIFS('IND Balance'!E$5:E$141,'IND Balance'!$C$5:$C$141,'Service shares'!$B159,'IND Balance'!$D$5:$D$141,"*"&'Service shares'!$A159)*F159 -> 4.4537445 | AL159: =SUMIFS('IND Balance'!F$5:F$141,'IND Balance'!$C$5:$C$141,'Service shares'!$B159,'IND Balance'!$D$5:$D$141,"*"&'Service shares'!$A159)*G159 -> 7.1376382 | AM159: =SUMIFS('IND Balance'!G$5:G$141,'IND Balance'!$C$5:$C$141,'Service shares'!$B159,'IND Balance'!$D$5:$D$141,"*"&'Service shares'!$A159)*H159 -> 0.1360844 | AN159: =SUMIFS('IND Balance'!H$5:H$141,'IND Balance'!$C$5:$C$141,'Service shares'!$B159,'IND Balance'!$D$5:$D$141,"*"&'Service shares'!$A159)*I159 -> 1.8918223 | AO159: =SUMIFS('IND Balance'!I$5:I$141,'IND Balance'!$C$5:$C$141,'Service shares'!$B159,'IND Balance'!$D$5:$D$141,"*"&'Service shares'!$A159)*J159 -> 29.768336 | AP159: =SUMIFS('IND Balance'!J$5:J$141,'IND Balance'!$C$5:$C$141,'Service shares'!$B159,'IND Balance'!$D$5:$D$141,"*"&'Service shares'!$A159)*K159 -> 48.539628 | AQ159: =SUMIFS('IND Balance'!K$5:K$141,'IND Balance'!$C$5:$C$141,'Service shares'!$B159,'IND Balance'!$D$5:$D$141,"*"&'Service shares'!$A159)*L159 -> 3.0362481 | AR159: =SUMIFS('IND Balance'!L$5:L$141,'IND Balance'!$C$5:$C$141,'Service shares'!$B159,'IND Balance'!$D$5:$D$141,"*"&'Service shares'!$A159)*M159 -> 15.417851 | ... BN159: =SUMIFS('IND Balance'!AH$5:AH$141,'IND Balance'!$C$5:$C$141,'Service shares'!$B159,'IND Balance'!$D$5:$D$141,"*"&'Service shares'!$A159)*AI159 -> 0
A160: OIL | B160: IOI | C160: MDR | D160: 0.1 | F160: =$D160 -> 0.1 | G160: =$D160 -> 0.1 | H160: =$D160 -> 0.1 | I160: =$D160 -> 0.1 | J160: =$D160 -> 0.1 | K160: =$D160 -> 0.1 | L160: =$D160 -> 0.1 | M160: =$D160 -> 0.1 | ... AI160: =$D160 -> 0.1 | AK160: =SUMIFS('IND Balance'!E$5:E$141,'IND Balance'!$C$5:$C$141,'Service shares'!$B160,'IND Balance'!$D$5:$D$141,"*"&'Service shares'!$A160)*F160 -> 18.40131 | AL160: =SUMIFS('IND Balance'!F$5:F$141,'IND Balance'!$C$5:$C$141,'Service shares'!$B160,'IND Balance'!$D$5:$D$141,"*"&'Service shares'!$A160)*G160 -> 20.303901 | AM160: =SUMIFS('IND Balance'!G$5:G$141,'IND Balance'!$C$5:$C$141,'Service shares'!$B160,'IND Balance'!$D$5:$D$141,"*"&'Service shares'!$A160)*H160 -> 5.8097439 | AN160: =SUMIFS('IND Balance'!H$5:H$141,'IND Balance'!$C$5:$C$141,'Service shares'!$B160,'IND Balance'!$D$5:$D$141,"*"&'Service shares'!$A160)*I160 -> 0.45228158 | AO160: =SUMIFS('IND Balance'!I$5:I$141,'IND Balance'!$C$5:$C$141,'Service shares'!$B160,'IND Balance'!$D$5:$D$141,"*"&'Service shares'!$A160)*J160 -> 7.0728542 | AP160: =SUMIFS('IND Balance'!J$5:J$141,'IND Balance'!$C$5:$C$141,'Service shares'!$B160,'IND Balance'!$D$5:$D$141,"*"&'Service shares'!$A160)*K160 -> 51.612223 | AQ160: =SUMIFS('IND Balance'!K$5:K$141,'IND Balance'!$C$5:$C$141,'Service shares'!$B160,'IND Balance'!$D$5:$D$141,"*"&'Service shares'!$A160)*L160 -> 1.2703086 | AR160: =SUMIFS('IND Balance'!L$5:L$141,'IND Balance'!$C$5:$C$141,'Service shares'!$B160,'IND Balance'!$D$5:$D$141,"*"&'Service shares'!$A160)*M160 -> 2.8976181 | ... BN160: =SUMIFS('IND Balance'!AH$5:AH$141,'IND Balance'!$C$5:$C$141,'Service shares'!$B160,'IND Balance'!$D$5:$D$141,"*"&'Service shares'!$A160)*AI160 -> 0
A161: OIL | B161: IOI | C161: OTH | D161: 0.9 | F161: =$D161 -> 0.9 | G161: =$D161 -> 0.9 | H161: =$D161 -> 0.9 | I161: =$D161 -> 0.9 | J161: =$D161 -> 0.9 | K161: =$D161 -> 0.9 | L161: =$D161 -> 0.9 | M161: =$D161 -> 0.9 | ... AI161: =$D161 -> 0.9 | AK161: =SUMIFS('IND Balance'!E$5:E$141,'IND Balance'!$C$5:$C$141,'Service shares'!$B161,'IND Balance'!$D$5:$D$141,"*"&'Service shares'!$A161)*F161 -> 165.61179 | AL161: =SUMIFS('IND Balance'!F$5:F$141,'IND Balance'!$C$5:$C$141,'Service shares'!$B161,'IND Balance'!$D$5:$D$141,"*"&'Service shares'!$A161)*G161 -> 182.73511 | AM161: =SUMIFS('IND Balance'!G$5:G$141,'IND Balance'!$C$5:$C$141,'Service shares'!$B161,'IND Balance'!$D$5:$D$141,"*"&'Service shares'!$A161)*H161 -> 52.287695 | AN161: =SUMIFS('IND Balance'!H$5:H$141,'IND Balance'!$C$5:$C$141,'Service shares'!$B161,'IND Balance'!$D$5:$D$141,"*"&'Service shares'!$A161)*I161 -> 4.0705342 | AO161: =SUMIFS('IND Balance'!I$5:I$141,'IND Balance'!$C$5:$C$141,'Service shares'!$B161,'IND Balance'!$D$5:$D$141,"*"&'Service shares'!$A161)*J161 -> 63.655688 | AP161: =SUMIFS('IND Balance'!J$5:J$141,'IND Balance'!$C$5:$C$141,'Service shares'!$B161,'IND Balance'!$D$5:$D$141,"*"&'Service shares'!$A161)*K161 -> 464.51 | AQ161: =SUMIFS('IND Balance'!K$5:K$141,'IND Balance'!$C$5:$C$141,'Service shares'!$B161,'IND Balance'!$D$5:$D$141,"*"&'Service shares'!$A161)*L161 -> 11.432778 | AR161: =SUMIFS('IND Balance'!L$5:L$141,'IND Balance'!$C$5:$C$141,'Service shares'!$B161,'IND Balance'!$D$5:$D$141,"*"&'Service shares'!$A161)*M161 -> 26.078563 | ... BN161: =SUMIFS('IND Balance'!AH$5:AH$141,'IND Balance'!$C$5:$C$141,'Service shares'!$B161,'IND Balance'!$D$5:$D$141,"*"&'Service shares'!$A161)*AI161 -> 0
A162: OIL | B162: ICH | C162: STM | D162: 0.3 | F162: =$D162 -> 0.3 | G162: =$D162 -> 0.3 | H162: =$D162 -> 0.3 | I162: =$D162 -> 0.3 | J162: =$D162 -> 0.3 | K162: =$D162 -> 0.3 | L162: =$D162 -> 0.3 | M162: =$D162 -> 0.3 | ... AI162: =$D162 -> 0.3 | AK162: =SUMIFS('IND Balance'!E$5:E$141,'IND Balance'!$C$5:$C$141,'Service shares'!$B162,'IND Balance'!$D$5:$D$141,"*"&'Service shares'!$A162)*F162 -> 0.87104113 | AL162: =SUMIFS('IND Balance'!F$5:F$141,'IND Balance'!$C$5:$C$141,'Service shares'!$B162,'IND Balance'!$D$5:$D$141,"*"&'Service shares'!$A162)*G162 -> 0.27760368 | AM162: =SUMIFS('IND Balance'!G$5:G$141,'IND Balance'!$C$5:$C$141,'Service shares'!$B162,'IND Balance'!$D$5:$D$141,"*"&'Service shares'!$A162)*H162 -> 1.25604e-05 | AN162: =SUMIFS('IND Balance'!H$5:H$141,'IND Balance'!$C$5:$C$141,'Service shares'!$B162,'IND Balance'!$D$5:$D$141,"*"&'Service shares'!$A162)*I162 -> 1.2713901 | AO162: =SUMIFS('IND Balance'!I$5:I$141,'IND Balance'!$C$5:$C$141,'Service shares'!$B162,'IND Balance'!$D$5:$D$141,"*"&'Service shares'!$A162)*J162 -> 111.81986 | AP162: =SUMIFS('IND Balance'!J$5:J$141,'IND Balance'!$C$5:$C$141,'Service shares'!$B162,'IND Balance'!$D$5:$D$141,"*"&'Service shares'!$A162)*K162 -> 27.425636 | AQ162: =SUMIFS('IND Balance'!K$5:K$141,'IND Balance'!$C$5:$C$141,'Service shares'!$B162,'IND Balance'!$D$5:$D$141,"*"&'Service shares'!$A162)*L162 -> 1.3312366 | AR162: =SUMIFS('IND Balance'!L$5:L$141,'IND Balance'!$C$5:$C$141,'Service shares'!$B162,'IND Balance'!$D$5:$D$141,"*"&'Service shares'!$A162)*M162 -> 29.939336 | ... BN162: =SUMIFS('IND Balance'!AH$5:AH$141,'IND Balance'!$C$5:$C$141,'Service shares'!$B162,'IND Balance'!$D$5:$D$141,"*"&'Service shares'!$A162)*AI162 -> 0
A163: OIL | B163: ICH | C163: PRH | D163: 0.1 | F163: =$D163 -> 0.1 | G163: =$D163 -> 0.1 | H163: =$D163 -> 0.1 | I163: =$D163 -> 0.1 | J163: =$D163 -> 0.1 | K163: =$D163 -> 0.1 | L163: =$D163 -> 0.1 | M163: =$D163 -> 0.1 | ... AI163: =$D163 -> 0.1 | AK163: =SUMIFS('IND Balance'!E$5:E$141,'IND Balance'!$C$5:$C$141,'Service shares'!$B163,'IND Balance'!$D$5:$D$141,"*"&'Service shares'!$A163)*F163 -> 0.29034704 | AL163: =SUMIFS('IND Balance'!F$5:F$141,'IND Balance'!$C$5:$C$141,'Service shares'!$B163,'IND Balance'!$D$5:$D$141,"*"&'Service shares'!$A163)*G163 -> 0.09253456 | AM163: =SUMIFS('IND Balance'!G$5:G$141,'IND Balance'!$C$5:$C$141,'Service shares'!$B163,'IND Balance'!$D$5:$D$141,"*"&'Service shares'!$A163)*H163 -> 4.1868e-06 | AN163: =SUMIFS('IND Balance'!H$5:H$141,'IND Balance'!$C$5:$C$141,'Service shares'!$B163,'IND Balance'!$D$5:$D$141,"*"&'Service shares'!$A163)*I163 -> 0.42379669 | AO163: =SUMIFS('IND Balance'!I$5:I$141,'IND Balance'!$C$5:$C$141,'Service shares'!$B163,'IND Balance'!$D$5:$D$141,"*"&'Service shares'!$A163)*J163 -> 37.273287 | AP163: =SUMIFS('IND Balance'!J$5:J$141,'IND Balance'!$C$5:$C$141,'Service shares'!$B163,'IND Balance'!$D$5:$D$141,"*"&'Service shares'!$A163)*K163 -> 9.1418786 | AQ163: =SUMIFS('IND Balance'!K$5:K$141,'IND Balance'!$C$5:$C$141,'Service shares'!$B163,'IND Balance'!$D$5:$D$141,"*"&'Service shares'!$A163)*L163 -> 0.44374553 | AR163: =SUMIFS('IND Balance'!L$5:L$141,'IND Balance'!$C$5:$C$141,'Service shares'!$B163,'IND Balance'!$D$5:$D$141,"*"&'Service shares'!$A163)*M163 -> 9.9797787 | ... BN163: =SUMIFS('IND Balance'!AH$5:AH$141,'IND Balance'!$C$5:$C$141,'Service shares'!$B163,'IND Balance'!$D$5:$D$141,"*"&'Service shares'!$A163)*AI163 -> 0
A164: OIL | B164: ICH | C164: OTH | D164: 0.6 | F164: =$D164 -> 0.6 | G164: =$D164 -> 0.6 | H164: =$D164 -> 0.6 | I164: =$D164 -> 0.6 | J164: =$D164 -> 0.6 | K164: =$D164 -> 0.6 | L164: =$D164 -> 0.6 | M164: =$D164 -> 0.6 | ... AI164: =$D164 -> 0.6 | AK164: =SUMIFS('IND Balance'!E$5:E$141,'IND Balance'!$C$5:$C$141,'Service shares'!$B164,'IND Balance'!$D$5:$D$141,"*"&'Service shares'!$A164)*F164 -> 1.7420823 | AL164: =SUMIFS('IND Balance'!F$5:F$141,'IND Balance'!$C$5:$C$141,'Service shares'!$B164,'IND Balance'!$D$5:$D$141,"*"&'Service shares'!$A164)*G164 -> 0.55520736 | AM164: =SUMIFS('IND Balance'!G$5:G$141,'IND Balance'!$C$5:$C$141,'Service shares'!$B164,'IND Balance'!$D$5:$D$141,"*"&'Service shares'!$A164)*H164 -> 2.51208e-05 | AN164: =SUMIFS('IND Balance'!H$5:H$141,'IND Balance'!$C$5:$C$141,'Service shares'!$B164,'IND Balance'!$D$5:$D$141,"*"&'Service shares'!$A164)*I164 -> 2.5427801 | AO164: =SUMIFS('IND Balance'!I$5:I$141,'IND Balance'!$C$5:$C$141,'Service shares'!$B164,'IND Balance'!$D$5:$D$141,"*"&'Service shares'!$A164)*J164 -> 223.63972 | AP164: =SUMIFS('IND Balance'!J$5:J$141,'IND Balance'!$C$5:$C$141,'Service shares'!$B164,'IND Balance'!$D$5:$D$141,"*"&'Service shares'!$A164)*K164 -> 54.851272 | AQ164: =SUMIFS('IND Balance'!K$5:K$141,'IND Balance'!$C$5:$C$141,'Service shares'!$B164,'IND Balance'!$D$5:$D$141,"*"&'Service shares'!$A164)*L164 -> 2.6624732 | AR164: =SUMIFS('IND Balance'!L$5:L$141,'IND Balance'!$C$5:$C$141,'Service shares'!$B164,'IND Balance'!$D$5:$D$141,"*"&'Service shares'!$A164)*M164 -> 59.878672 | ... BN164: =SUMIFS('IND Balance'!AH$5:AH$141,'IND Balance'!$C$5:$C$141,'Service shares'!$B164,'IND Balance'!$D$5:$D$141,"*"&'Service shares'!$A164)*AI164 -> 0
A165: OIL | B165: ITM | C165: STM | D165: 0.14285714 | F165: =$D165 -> 0.14285714 | G165: =$D165 -> 0.14285714 | H165: =$D165 -> 0.14285714 | I165: =$D165 -> 0.14285714 | J165: =$D165 -> 0.14285714 | K165: =$D165 -> 0.14285714 | L165: =$D165 -> 0.14285714 | M165: =$D165 -> 0.14285714 | ... AI165: =$D165 -> 0.14285714 | AK165: =SUMIFS('IND Balance'!E$5:E$141,'IND Balance'!$C$5:$C$141,'Service shares'!$B165,'IND Balance'!$D$5:$D$141,"*"&'Service shares'!$A165)*F165 -> 0.036181727 | AL165: =SUMIFS('IND Balance'!F$5:F$141,'IND Balance'!$C$5:$C$141,'Service shares'!$B165,'IND Balance'!$D$5:$D$141,"*"&'Service shares'!$A165)*G165 -> 0.10801705 | AM165: =SUMIFS('IND Balance'!G$5:G$141,'IND Balance'!$C$5:$C$141,'Service shares'!$B165,'IND Balance'!$D$5:$D$141,"*"&'Service shares'!$A165)*H165 -> 0 | AN165: =SUMIFS('IND Balance'!H$5:H$141,'IND Balance'!$C$5:$C$141,'Service shares'!$B165,'IND Balance'!$D$5:$D$141,"*"&'Service shares'!$A165)*I165 -> 0.22621879 | AO165: =SUMIFS('IND Balance'!I$5:I$141,'IND Balance'!$C$5:$C$141,'Service shares'!$B165,'IND Balance'!$D$5:$D$141,"*"&'Service shares'!$A165)*J165 -> 7.8297371 | AP165: =SUMIFS('IND Balance'!J$5:J$141,'IND Balance'!$C$5:$C$141,'Service shares'!$B165,'IND Balance'!$D$5:$D$141,"*"&'Service shares'!$A165)*K165 -> 4.8958854 | AQ165: =SUMIFS('IND Balance'!K$5:K$141,'IND Balance'!$C$5:$C$141,'Service shares'!$B165,'IND Balance'!$D$5:$D$141,"*"&'Service shares'!$A165)*L165 -> 0.11459571 | AR165: =SUMIFS('IND Balance'!L$5:L$141,'IND Balance'!$C$5:$C$141,'Service shares'!$B165,'IND Balance'!$D$5:$D$141,"*"&'Service shares'!$A165)*M165 -> 0 | ... BN165: =SUMIFS('IND Balance'!AH$5:AH$141,'IND Balance'!$C$5:$C$141,'Service shares'!$B165,'IND Balance'!$D$5:$D$141,"*"&'Service shares'!$A165)*AI165 -> 0
A166: OIL | B166: ITM | C166: MDR | D166: 0.14285714 | F166: =$D166 -> 0.14285714 | G166: =$D166 -> 0.14285714 | H166: =$D166 -> 0.14285714 | I166: =$D166 -> 0.14285714 | J166: =$D166 -> 0.14285714 | K166: =$D166 -> 0.14285714 | L166: =$D166 -> 0.14285714 | M166: =$D166 -> 0.14285714 | ... AI166: =$D166 -> 0.14285714 | AK166: =SUMIFS('IND Balance'!E$5:E$141,'IND Balance'!$C$5:$C$141,'Service shares'!$B166,'IND Balance'!$D$5:$D$141,"*"&'Service shares'!$A166)*F166 -> 0.036181727 | AL166: =SUMIFS('IND Balance'!F$5:F$141,'IND Balance'!$C$5:$C$141,'Service shares'!$B166,'IND Balance'!$D$5:$D$141,"*"&'Service shares'!$A166)*G166 -> 0.10801705 | AM166: =SUMIFS('IND Balance'!G$5:G$141,'IND Balance'!$C$5:$C$141,'Service shares'!$B166,'IND Balance'!$D$5:$D$141,"*"&'Service shares'!$A166)*H166 -> 0 | AN166: =SUMIFS('IND Balance'!H$5:H$141,'IND Balance'!$C$5:$C$141,'Service shares'!$B166,'IND Balance'!$D$5:$D$141,"*"&'Service shares'!$A166)*I166 -> 0.22621879 | AO166: =SUMIFS('IND Balance'!I$5:I$141,'IND Balance'!$C$5:$C$141,'Service shares'!$B166,'IND Balance'!$D$5:$D$141,"*"&'Service shares'!$A166)*J166 -> 7.8297371 | AP166: =SUMIFS('IND Balance'!J$5:J$141,'IND Balance'!$C$5:$C$141,'Service shares'!$B166,'IND Balance'!$D$5:$D$141,"*"&'Service shares'!$A166)*K166 -> 4.8958854 | AQ166: =SUMIFS('IND Balance'!K$5:K$141,'IND Balance'!$C$5:$C$141,'Service shares'!$B166,'IND Balance'!$D$5:$D$141,"*"&'Service shares'!$A166)*L166 -> 0.11459571 | AR166: =SUMIFS('IND Balance'!L$5:L$141,'IND Balance'!$C$5:$C$141,'Service shares'!$B166,'IND Balance'!$D$5:$D$141,"*"&'Service shares'!$A166)*M166 -> 0 | ... BN166: =SUMIFS('IND Balance'!AH$5:AH$141,'IND Balance'!$C$5:$C$141,'Service shares'!$B166,'IND Balance'!$D$5:$D$141,"*"&'Service shares'!$A166)*AI166 -> 0
A167: OIL | B167: ITM | C167: OTP | D167: 0.071428571 | F167: =$D167 -> 0.071428571 | G167: =$D167 -> 0.071428571 | H167: =$D167 -> 0.071428571 | I167: =$D167 -> 0.071428571 | J167: =$D167 -> 0.071428571 | K167: =$D167 -> 0.071428571 | L167: =$D167 -> 0.071428571 | M167: =$D167 -> 0.071428571 | ... AI167: =$D167 -> 0.071428571 | AK167: =SUMIFS('IND Balance'!E$5:E$141,'IND Balance'!$C$5:$C$141,'Service shares'!$B167,'IND Balance'!$D$5:$D$141,"*"&'Service shares'!$A167)*F167 -> 0.018090864 | AL167: =SUMIFS('IND Balance'!F$5:F$141,'IND Balance'!$C$5:$C$141,'Service shares'!$B167,'IND Balance'!$D$5:$D$141,"*"&'Service shares'!$A167)*G167 -> 0.054008524 | AM167: =SUMIFS('IND Balance'!G$5:G$141,'IND Balance'!$C$5:$C$141,'Service shares'!$B167,'IND Balance'!$D$5:$D$141,"*"&'Service shares'!$A167)*H167 -> 0 | AN167: =SUMIFS('IND Balance'!H$5:H$141,'IND Balance'!$C$5:$C$141,'Service shares'!$B167,'IND Balance'!$D$5:$D$141,"*"&'Service shares'!$A167)*I167 -> 0.11310939 | AO167: =SUMIFS('IND Balance'!I$5:I$141,'IND Balance'!$C$5:$C$141,'Service shares'!$B167,'IND Balance'!$D$5:$D$141,"*"&'Service shares'!$A167)*J167 -> 3.9148685 | AP167: =SUMIFS('IND Balance'!J$5:J$141,'IND Balance'!$C$5:$C$141,'Service shares'!$B167,'IND Balance'!$D$5:$D$141,"*"&'Service shares'!$A167)*K167 -> 2.4479427 | AQ167: =SUMIFS('IND Balance'!K$5:K$141,'IND Balance'!$C$5:$C$141,'Service shares'!$B167,'IND Balance'!$D$5:$D$141,"*"&'Service shares'!$A167)*L167 -> 0.057297853 | AR167: =SUMIFS('IND Balance'!L$5:L$141,'IND Balance'!$C$5:$C$141,'Service shares'!$B167,'IND Balance'!$D$5:$D$141,"*"&'Service shares'!$A167)*M167 -> 0 | ... BN167: =SUMIFS('IND Balance'!AH$5:AH$141,'IND Balance'!$C$5:$C$141,'Service shares'!$B167,'IND Balance'!$D$5:$D$141,"*"&'Service shares'!$A167)*AI167 -> 0
A168: OIL | B168: ITM | C168: SPC | D168: 0.14285714 | F168: =$D168 -> 0.14285714 | G168: =$D168 -> 0.14285714 | H168: =$D168 -> 0.14285714 | I168: =$D168 -> 0.14285714 | J168: =$D168 -> 0.14285714 | K168: =$D168 -> 0.14285714 | L168: =$D168 -> 0.14285714 | M168: =$D168 -> 0.14285714 | ... AI168: =$D168 -> 0.14285714 | AK168: =SUMIFS('IND Balance'!E$5:E$141,'IND Balance'!$C$5:$C$141,'Service shares'!$B168,'IND Balance'!$D$5:$D$141,"*"&'Service shares'!$A168)*F168 -> 0.036181727 | AL168: =SUMIFS('IND Balance'!F$5:F$141,'IND Balance'!$C$5:$C$141,'Service shares'!$B168,'IND Balance'!$D$5:$D$141,"*"&'Service shares'!$A168)*G168 -> 0.10801705 | AM168: =SUMIFS('IND Balance'!G$5:G$141,'IND Balance'!$C$5:$C$141,'Service shares'!$B168,'IND Balance'!$D$5:$D$141,"*"&'Service shares'!$A168)*H168 -> 0 | AN168: =SUMIFS('IND Balance'!H$5:H$141,'IND Balance'!$C$5:$C$141,'Service shares'!$B168,'IND Balance'!$D$5:$D$141,"*"&'Service shares'!$A168)*I168 -> 0.22621879 | AO168: =SUMIFS('IND Balance'!I$5:I$141,'IND Balance'!$C$5:$C$141,'Service shares'!$B168,'IND Balance'!$D$5:$D$141,"*"&'Service shares'!$A168)*J168 -> 7.8297371 | AP168: =SUMIFS('IND Balance'!J$5:J$141,'IND Balance'!$C$5:$C$141,'Service shares'!$B168,'IND Balance'!$D$5:$D$141,"*"&'Service shares'!$A168)*K168 -> 4.8958854 | AQ168: =SUMIFS('IND Balance'!K$5:K$141,'IND Balance'!$C$5:$C$141,'Service shares'!$B168,'IND Balance'!$D$5:$D$141,"*"&'Service shares'!$A168)*L168 -> 0.11459571 | AR168: =SUMIFS('IND Balance'!L$5:L$141,'IND Balance'!$C$5:$C$141,'Service shares'!$B168,'IND Balance'!$D$5:$D$141,"*"&'Service shares'!$A168)*M168 -> 0 | ... BN168: =SUMIFS('IND Balance'!AH$5:AH$141,'IND Balance'!$C$5:$C$141,'Service shares'!$B168,'IND Balance'!$D$5:$D$141,"*"&'Service shares'!$A168)*AI168 -> 0
... A180: OIL | B180: INF | C180: OTH | D180: 1 | F180: =$D180 -> 1 | G180: =$D180 -> 1 | H180: =$D180 -> 1 | I180: =$D180 -> 1 | J180: =$D180 -> 1 | K180: =$D180 -> 1 | L180: =$D180 -> 1 | M180: =$D180 -> 1 | ... AI180: =$D180 -> 1 | AK180: =SUMIFS('IND Balance'!E$5:E$141,'IND Balance'!$C$5:$C$141,'Service shares'!$B180,'IND Balance'!$D$5:$D$141,"*"&'Service shares'!$A180)*F180 -> 2.9439233 | AL180: =SUMIFS('IND Balance'!F$5:F$141,'IND Balance'!$C$5:$C$141,'Service shares'!$B180,'IND Balance'!$D$5:$D$141,"*"&'Service shares'!$A180)*G180 -> 1.7011513 | AM180: =SUMIFS('IND Balance'!G$5:G$141,'IND Balance'!$C$5:$C$141,'Service shares'!$B180,'IND Balance'!$D$5:$D$141,"*"&'Service shares'!$A180)*H180 -> 0 | AN180: =SUMIFS('IND Balance'!H$5:H$141,'IND Balance'!$C$5:$C$141,'Service shares'!$B180,'IND Balance'!$D$5:$D$141,"*"&'Service shares'!$A180)*I180 -> 3.254341 | AO180: =SUMIFS('IND Balance'!I$5:I$141,'IND Balance'!$C$5:$C$141,'Service shares'!$B180,'IND Balance'!$D$5:$D$141,"*"&'Service shares'!$A180)*J180 -> 16.966266 | AP180: =SUMIFS('IND Balance'!J$5:J$141,'IND Balance'!$C$5:$C$141,'Service shares'!$B180,'IND Balance'!$D$5:$D$141,"*"&'Service shares'!$A180)*K180 -> 4.604203 | AQ180: =SUMIFS('IND Balance'!K$5:K$141,'IND Balance'!$C$5:$C$141,'Service shares'!$B180,'IND Balance'!$D$5:$D$141,"*"&'Service shares'!$A180)*L180 -> 11.775337 | AR180: =SUMIFS('IND Balance'!L$5:L$141,'IND Balance'!$C$5:$C$141,'Service shares'!$B180,'IND Balance'!$D$5:$D$141,"*"&'Service shares'!$A180)*M180 -> 50.02464 | ... BN180: =SUMIFS('IND Balance'!AH$5:AH$141,'IND Balance'!$C$5:$C$141,'Service shares'!$B180,'IND Balance'!$D$5:$D$141,"*"&'Service shares'!$A180)*AI180 -> 0
A181: OVC | B181: IFP | C181: STM | D181: 0.33333333 | F181: 0.33333333 | G181: 0.33333333 | H181: 0.33333333 | I181: 0.33333333 | J181: 0.33333333 | K181: 0.33333333 | L181: 0.33333333 | M181: 0.33333333 | N181: 0.33333333 | O181: 0.33333333 | P181: 0.33333333 | Q181: 0.33333333 | R181: 0.33333333 | S181: 0.33333333 | T181: 0.33333333 | U181: 0.33333333 | V181: 0.33333333 | W181: 0.33333333 | X181: 0.33333333 | Y181: 0.33333333 | Z181: 0.33333333 | AA181: 0.33333333 | AB181: 0.33333333 | AC181: 0.33333333 | AD181: 0.33333333 | AE181: 0.33333333 | AF181: 0.33333333 | AG181: 0.33333333 | AH181: 0.33333333 | AI181: 0.33333333 | AK181: =SUMIFS('IND Balance'!E$5:E$141,'IND Balance'!$C$5:$C$141,'Service shares'!$B181,'IND Balance'!$D$5:$D$141,"*"&'Service shares'!$A181)*F181 -> 0 | AL181: =SUMIFS('IND Balance'!F$5:F$141,'IND Balance'!$C$5:$C$141,'Service shares'!$B181,'IND Balance'!$D$5:$D$141,"*"&'Service shares'!$A181)*G181 -> 0 | AM181: =SUMIFS('IND Balance'!G$5:G$141,'IND Balance'!$C$5:$C$141,'Service shares'!$B181,'IND Balance'!$D$5:$D$141,"*"&'Service shares'!$A181)*H181 -> 0.038165473 | AN181: =SUMIFS('IND Balance'!H$5:H$141,'IND Balance'!$C$5:$C$141,'Service shares'!$B181,'IND Balance'!$D$5:$D$141,"*"&'Service shares'!$A181)*I181 -> 0 | AO181: =SUMIFS('IND Balance'!I$5:I$141,'IND Balance'!$C$5:$C$141,'Service shares'!$B181,'IND Balance'!$D$5:$D$141,"*"&'Service shares'!$A181)*J181 -> 0 | AP181: =SUMIFS('IND Balance'!J$5:J$141,'IND Balance'!$C$5:$C$141,'Service shares'!$B181,'IND Balance'!$D$5:$D$141,"*"&'Service shares'!$A181)*K181 -> 0 | AQ181: =SUMIFS('IND Balance'!K$5:K$141,'IND Balance'!$C$5:$C$141,'Service shares'!$B181,'IND Balance'!$D$5:$D$141,"*"&'Service shares'!$A181)*L181 -> 0 | AR181: =SUMIFS('IND Balance'!L$5:L$141,'IND Balance'!$C$5:$C$141,'Service shares'!$B181,'IND Balance'!$D$5:$D$141,"*"&'Service shares'!$A181)*M181 -> 0 | ... BN181: =SUMIFS('IND Balance'!AH$5:AH$141,'IND Balance'!$C$5:$C$141,'Service shares'!$B181,'IND Balance'!$D$5:$D$141,"*"&'Service shares'!$A181)*AI181 -> 0
A182: OVC | B182: IFP | C182: PRH | D182: 0.66666667 | F182: 0.66666667 | G182: 0.66666667 | H182: 0.66666667 | I182: 0.66666667 | J182: 0.66666667 | K182: 0.66666667 | L182: 0.66666667 | M182: 0.66666667 | N182: 0.66666667 | O182: 0.66666667 | P182: 0.66666667 | Q182: 0.66666667 | R182: 0.66666667 | S182: 0.66666667 | T182: 0.66666667 | U182: 0.66666667 | V182: 0.66666667 | W182: 0.66666667 | X182: 0.66666667 | Y182: 0.66666667 | Z182: 0.66666667 | AA182: 0.66666667 | AB182: 0.66666667 | AC182: 0.66666667 | AD182: 0.66666667 | AE182: 0.66666667 | AF182: 0.66666667 | AG182: 0.66666667 | AH182: 0.66666667 | AI182: 0.66666667 | AK182: =SUMIFS('IND Balance'!E$5:E$141,'IND Balance'!$C$5:$C$141,'Service shares'!$B182,'IND Balance'!$D$5:$D$141,"*"&'Service shares'!$A182)*F182 -> 0 | AL182: =SUMIFS('IND Balance'!F$5:F$141,'IND Balance'!$C$5:$C$141,'Service shares'!$B182,'IND Balance'!$D$5:$D$141,"*"&'Service shares'!$A182)*G182 -> 0 | AM182: =SUMIFS('IND Balance'!G$5:G$141,'IND Balance'!$C$5:$C$141,'Service shares'!$B182,'IND Balance'!$D$5:$D$141,"*"&'Service shares'!$A182)*H182 -> 0.076330946 | AN182: =SUMIFS('IND Balance'!H$5:H$141,'IND Balance'!$C$5:$C$141,'Service shares'!$B182,'IND Balance'!$D$5:$D$141,"*"&'Service shares'!$A182)*I182 -> 0 | AO182: =SUMIFS('IND Balance'!I$5:I$141,'IND Balance'!$C$5:$C$141,'Service shares'!$B182,'IND Balance'!$D$5:$D$141,"*"&'Service shares'!$A182)*J182 -> 0 | AP182: =SUMIFS('IND Balance'!J$5:J$141,'IND Balance'!$C$5:$C$141,'Service shares'!$B182,'IND Balance'!$D$5:$D$141,"*"&'Service shares'!$A182)*K182 -> 0 | AQ182: =SUMIFS('IND Balance'!K$5:K$141,'IND Balance'!$C$5:$C$141,'Service shares'!$B182,'IND Balance'!$D$5:$D$141,"*"&'Service shares'!$A182)*L182 -> 0 | AR182: =SUMIFS('IND Balance'!L$5:L$141,'IND Balance'!$C$5:$C$141,'Service shares'!$B182,'IND Balance'!$D$5:$D$141,"*"&'Service shares'!$A182)*M182 -> 0 | ... BN182: =SUMIFS('IND Balance'!AH$5:AH$141,'IND Balance'!$C$5:$C$141,'Service shares'!$B182,'IND Balance'!$D$5:$D$141,"*"&'Service shares'!$A182)*AI182 -> 0
A183: OVC | B183: IOI | C183: STM | D183: 1 | F183: 1 | G183: 1 | H183: 1 | I183: 1 | J183: 1 | K183: 1 | L183: 1 | M183: 1 | N183: 1 | O183: 1 | P183: 1 | Q183: 1 | R183: 1 | S183: 1 | T183: 1 | U183: 1 | V183: 1 | W183: 1 | X183: 1 | Y183: 1 | Z183: 1 | AA183: 1 | AB183: 1 | AC183: 1 | AD183: 1 | AE183: 1 | AF183: 1 | AG183: 1 | AH183: 1 | AI183: 1 | AK183: =SUMIFS('IND Balance'!E$5:E$141,'IND Balance'!$C$5:$C$141,'Service shares'!$B183,'IND Balance'!$D$5:$D$141,"*"&'Service shares'!$A183)*F183 -> 0 | AL183: =SUMIFS('IND Balance'!F$5:F$141,'IND Balance'!$C$5:$C$141,'Service shares'!$B183,'IND Balance'!$D$5:$D$141,"*"&'Service shares'!$A183)*G183 -> 0.85549722 | AM183: =SUMIFS('IND Balance'!G$5:G$141,'IND Balance'!$C$5:$C$141,'Service shares'!$B183,'IND Balance'!$D$5:$D$141,"*"&'Service shares'!$A183)*H183 -> 0.026770399 | AN183: =SUMIFS('IND Balance'!H$5:H$141,'IND Balance'!$C$5:$C$141,'Service shares'!$B183,'IND Balance'!$D$5:$D$141,"*"&'Service shares'!$A183)*I183 -> 0 | AO183: =SUMIFS('IND Balance'!I$5:I$141,'IND Balance'!$C$5:$C$141,'Service shares'!$B183,'IND Balance'!$D$5:$D$141,"*"&'Service shares'!$A183)*J183 -> 8.8842179 | AP183: =SUMIFS('IND Balance'!J$5:J$141,'IND Balance'!$C$5:$C$141,'Service shares'!$B183,'IND Balance'!$D$5:$D$141,"*"&'Service shares'!$A183)*K183 -> 1.3251473 | AQ183: =SUMIFS('IND Balance'!K$5:K$141,'IND Balance'!$C$5:$C$141,'Service shares'!$B183,'IND Balance'!$D$5:$D$141,"*"&'Service shares'!$A183)*L183 -> 0 | AR183: =SUMIFS('IND Balance'!L$5:L$141,'IND Balance'!$C$5:$C$141,'Service shares'!$B183,'IND Balance'!$D$5:$D$141,"*"&'Service shares'!$A183)*M183 -> 0 | ... BN183: =SUMIFS('IND Balance'!AH$5:AH$141,'IND Balance'!$C$5:$C$141,'Service shares'!$B183,'IND Balance'!$D$5:$D$141,"*"&'Service shares'!$A183)*AI183 -> 0
A184: OVC | B184: ICH | C184: STM | D184: 0.31818182 | F184: 0.31818182 | G184: 0.31818182 | H184: 0.31818182 | I184: 0.31818182 | J184: 0.31818182 | K184: 0.31818182 | L184: 0.31818182 | M184: 0.31818182 | N184: 0.31818182 | O184: 0.31818182 | P184: 0.31818182 | Q184: 0.31818182 | R184: 0.31818182 | S184: 0.31818182 | T184: 0.31818182 | U184: 0.31818182 | V184: 0.31818182 | W184: 0.31818182 | X184: 0.31818182 | Y184: 0.31818182 | Z184: 0.31818182 | AA184: 0.31818182 | AB184: 0.31818182 | AC184: 0.31818182 | AD184: 0.31818182 | AE184: 0.31818182 | AF184: 0.31818182 | AG184: 0.31818182 | AH184: 0.31818182 | AI184: 0.31818182 | AK184: =SUMIFS('IND Balance'!E$5:E$141,'IND Balance'!$C$5:$C$141,'Service shares'!$B184,'IND Balance'!$D$5:$D$141,"*"&'Service shares'!$A184)*F184 -> 0 | AL184: =SUMIFS('IND Balance'!F$5:F$141,'IND Balance'!$C$5:$C$141,'Service shares'!$B184,'IND Balance'!$D$5:$D$141,"*"&'Service shares'!$A184)*G184 -> 0 | AM184: =SUMIFS('IND Balance'!G$5:G$141,'IND Balance'!$C$5:$C$141,'Service shares'!$B184,'IND Balance'!$D$5:$D$141,"*"&'Service shares'!$A184)*H184 -> 0 | AN184: =SUMIFS('IND Balance'!H$5:H$141,'IND Balance'!$C$5:$C$141,'Service shares'!$B184,'IND Balance'!$D$5:$D$141,"*"&'Service shares'!$A184)*I184 -> 2.8987268 | AO184: =SUMIFS('IND Balance'!I$5:I$141,'IND Balance'!$C$5:$C$141,'Service shares'!$B184,'IND Balance'!$D$5:$D$141,"*"&'Service shares'!$A184)*J184 -> 0.39415924 | AP184: =SUMIFS('IND Balance'!J$5:J$141,'IND Balance'!$C$5:$C$141,'Service shares'!$B184,'IND Balance'!$D$5:$D$141,"*"&'Service shares'!$A184)*K184 -> 0 | AQ184: =SUMIFS('IND Balance'!K$5:K$141,'IND Balance'!$C$5:$C$141,'Service shares'!$B184,'IND Balance'!$D$5:$D$141,"*"&'Service shares'!$A184)*L184 -> 0.060136531 | AR184: =SUMIFS('IND Balance'!L$5:L$141,'IND Balance'!$C$5:$C$141,'Service shares'!$B184,'IND Balance'!$D$5:$D$141,"*"&'Service shares'!$A184)*M184 -> 0 | ... BN184: =SUMIFS('IND Balance'!AH$5:AH$141,'IND Balance'!$C$5:$C$141,'Service shares'!$B184,'IND Balance'!$D$5:$D$141,"*"&'Service shares'!$A184)*AI184 -> 0
A185: OVC | B185: ICH | C185: PRH | D185: 0.31818182 | F185: 0.31818182 | G185: 0.31818182 | H185: 0.31818182 | I185: 0.31818182 | J185: 0.31818182 | K185: 0.31818182 | L185: 0.31818182 | M185: 0.31818182 | N185: 0.31818182 | O185: 0.31818182 | P185: 0.31818182 | Q185: 0.31818182 | R185: 0.31818182 | S185: 0.31818182 | T185: 0.31818182 | U185: 0.31818182 | V185: 0.31818182 | W185: 0.31818182 | X185: 0.31818182 | Y185: 0.31818182 | Z185: 0.31818182 | AA185: 0.31818182 | AB185: 0.31818182 | AC185: 0.31818182 | AD185: 0.31818182 | AE185: 0.31818182 | AF185: 0.31818182 | AG185: 0.31818182 | AH185: 0.31818182 | AI185: 0.31818182 | AK185: =SUMIFS('IND Balance'!E$5:E$141,'IND Balance'!$C$5:$C$141,'Service shares'!$B185,'IND Balance'!$D$5:$D$141,"*"&'Service shares'!$A185)*F185 -> 0 | AL185: =SUMIFS('IND Balance'!F$5:F$141,'IND Balance'!$C$5:$C$141,'Service shares'!$B185,'IND Balance'!$D$5:$D$141,"*"&'Service shares'!$A185)*G185 -> 0 | AM185: =SUMIFS('IND Balance'!G$5:G$141,'IND Balance'!$C$5:$C$141,'Service shares'!$B185,'IND Balance'!$D$5:$D$141,"*"&'Service shares'!$A185)*H185 -> 0 | AN185: =SUMIFS('IND Balance'!H$5:H$141,'IND Balance'!$C$5:$C$141,'Service shares'!$B185,'IND Balance'!$D$5:$D$141,"*"&'Service shares'!$A185)*I185 -> 2.8987268 | AO185: =SUMIFS('IND Balance'!I$5:I$141,'IND Balance'!$C$5:$C$141,'Service shares'!$B185,'IND Balance'!$D$5:$D$141,"*"&'Service shares'!$A185)*J185 -> 0.39415924 | AP185: =SUMIFS('IND Balance'!J$5:J$141,'IND Balance'!$C$5:$C$141,'Service shares'!$B185,'IND Balance'!$D$5:$D$141,"*"&'Service shares'!$A185)*K185 -> 0 | AQ185: =SUMIFS('IND Balance'!K$5:K$141,'IND Balance'!$C$5:$C$141,'Service shares'!$B185,'IND Balance'!$D$5:$D$141,"*"&'Service shares'!$A185)*L185 -> 0.060136531 | AR185: =SUMIFS('IND Balance'!L$5:L$141,'IND Balance'!$C$5:$C$141,'Service shares'!$B185,'IND Balance'!$D$5:$D$141,"*"&'Service shares'!$A185)*M185 -> 0 | ... BN185: =SUMIFS('IND Balance'!AH$5:AH$141,'IND Balance'!$C$5:$C$141,'Service shares'!$B185,'IND Balance'!$D$5:$D$141,"*"&'Service shares'!$A185)*AI185 -> 0
A186: OVC | B186: ICH | C186: OTP | D186: 0.36363636 | F186: 0.36363636 | G186: 0.36363636 | H186: 0.36363636 | I186: 0.36363636 | J186: 0.36363636 | K186: 0.36363636 | L186: 0.36363636 | M186: 0.36363636 | N186: 0.36363636 | O186: 0.36363636 | P186: 0.36363636 | Q186: 0.36363636 | R186: 0.36363636 | S186: 0.36363636 | T186: 0.36363636 | U186: 0.36363636 | V186: 0.36363636 | W186: 0.36363636 | X186: 0.36363636 | Y186: 0.36363636 | Z186: 0.36363636 | AA186: 0.36363636 | AB186: 0.36363636 | AC186: 0.36363636 | AD186: 0.36363636 | AE186: 0.36363636 | AF186: 0.36363636 | AG186: 0.36363636 | AH186: 0.36363636 | AI186: 0.36363636 | AK186: =SUMIFS('IND Balance'!E$5:E$141,'IND Balance'!$C$5:$C$141,'Service shares'!$B186,'IND Balance'!$D$5:$D$141,"*"&'Service shares'!$A186)*F186 -> 0 | AL186: =SUMIFS('IND Balance'!F$5:F$141,'IND Balance'!$C$5:$C$141,'Service shares'!$B186,'IND Balance'!$D$5:$D$141,"*"&'Service shares'!$A186)*G186 -> 0 | AM186: =SUMIFS('IND Balance'!G$5:G$141,'IND Balance'!$C$5:$C$141,'Service shares'!$B186,'IND Balance'!$D$5:$D$141,"*"&'Service shares'!$A186)*H186 -> 0 | AN186: =SUMIFS('IND Balance'!H$5:H$141,'IND Balance'!$C$5:$C$141,'Service shares'!$B186,'IND Balance'!$D$5:$D$141,"*"&'Service shares'!$A186)*I186 -> 3.3128306 | AO186: =SUMIFS('IND Balance'!I$5:I$141,'IND Balance'!$C$5:$C$141,'Service shares'!$B186,'IND Balance'!$D$5:$D$141,"*"&'Service shares'!$A186)*J186 -> 0.45046771 | AP186: =SUMIFS('IND Balance'!J$5:J$141,'IND Balance'!$C$5:$C$141,'Service shares'!$B186,'IND Balance'!$D$5:$D$141,"*"&'Service shares'!$A186)*K186 -> 0 | AQ186: =SUMIFS('IND Balance'!K$5:K$141,'IND Balance'!$C$5:$C$141,'Service shares'!$B186,'IND Balance'!$D$5:$D$141,"*"&'Service shares'!$A186)*L186 -> 0.068727464 | AR186: =SUMIFS('IND Balance'!L$5:L$141,'IND Balance'!$C$5:$C$141,'Service shares'!$B186,'IND Balance'!$D$5:$D$141,"*"&'Service shares'!$A186)*M186 -> 0 | ... BN186: =SUMIFS('IND Balance'!AH$5:AH$141,'IND Balance'!$C$5:$C$141,'Service shares'!$B186,'IND Balance'!$D$5:$D$141,"*"&'Service shares'!$A186)*AI186 -> 0
A187: OVC | B187: INM | C187: PRH | D187: 0.9005848 | F187: 0.9005848 | G187: 0.9005848 | H187: 0.9005848 | I187: 0.9005848 | J187: 0.9005848 | K187: 0.9005848 | L187: 0.9005848 | M187: 0.9005848 | N187: 0.9005848 | O187: 0.9005848 | P187: 0.9005848 | Q187: 0.9005848 | R187: 0.9005848 | S187: 0.9005848 | T187: 0.9005848 | U187: 0.9005848 | V187: 0.9005848 | W187: 0.9005848 | X187: 0.9005848 | Y187: 0.9005848 | Z187: 0.9005848 | AA187: 0.9005848 | AB187: 0.9005848 | AC187: 0.9005848 | AD187: 0.9005848 | AE187: 0.9005848 | AF187: 0.9005848 | AG187: 0.9005848 | AH187: 0.9005848 | AI187: 0.9005848 | AK187: =SUMIFS('IND Balance'!E$5:E$141,'IND Balance'!$C$5:$C$141,'Service shares'!$B187,'IND Balance'!$D$5:$D$141,"*"&'Service shares'!$A187)*F187 -> 0 | AL187: =SUMIFS('IND Balance'!F$5:F$141,'IND Balance'!$C$5:$C$141,'Service shares'!$B187,'IND Balance'!$D$5:$D$141,"*"&'Service shares'!$A187)*G187 -> 0 | AM187: =SUMIFS('IND Balance'!G$5:G$141,'IND Balance'!$C$5:$C$141,'Service shares'!$B187,'IND Balance'!$D$5:$D$141,"*"&'Service shares'!$A187)*H187 -> 0 | AN187: =SUMIFS('IND Balance'!H$5:H$141,'IND Balance'!$C$5:$C$141,'Service shares'!$B187,'IND Balance'!$D$5:$D$141,"*"&'Service shares'!$A187)*I187 -> 0.22738413 | AO187: =SUMIFS('IND Balance'!I$5:I$141,'IND Balance'!$C$5:$C$141,'Service shares'!$B187,'IND Balance'!$D$5:$D$141,"*"&'Service shares'!$A187)*J187 -> 5.2910049 | AP187: =SUMIFS('IND Balance'!J$5:J$141,'IND Balance'!$C$5:$C$141,'Service shares'!$B187,'IND Balance'!$D$5:$D$141,"*"&'Service shares'!$A187)*K187 -> 0 | AQ187: =SUMIFS('IND Balance'!K$5:K$141,'IND Balance'!$C$5:$C$141,'Service shares'!$B187,'IND Balance'!$D$5:$D$141,"*"&'Service shares'!$A187)*L187 -> 0.097261812 | AR187: =SUMIFS('IND Balance'!L$5:L$141,'IND Balance'!$C$5:$C$141,'Service shares'!$B187,'IND Balance'!$D$5:$D$141,"*"&'Service shares'!$A187)*M187 -> 1.6884492 | ... BN187: =SUMIFS('IND Balance'!AH$5:AH$141,'IND Balance'!$C$5:$C$141,'Service shares'!$B187,'IND Balance'!$D$5:$D$141,"*"&'Service shares'!$A187)*AI187 -> 0
A188: OVC | B188: INM | C188: PRC | D188: 0.01754386 | F188: 0.01754386 | G188: 0.01754386 | H188: 0.01754386 | I188: 0.01754386 | J188: 0.01754386 | K188: 0.01754386 | L188: 0.01754386 | M188: 0.01754386 | N188: 0.01754386 | O188: 0.01754386 | P188: 0.01754386 | Q188: 0.01754386 | R188: 0.01754386 | S188: 0.01754386 | T188: 0.01754386 | U188: 0.01754386 | V188: 0.01754386 | W188: 0.01754386 | X188: 0.01754386 | Y188: 0.01754386 | Z188: 0.01754386 | AA188: 0.01754386 | AB188: 0.01754386 | AC188: 0.01754386 | AD188: 0.01754386 | AE188: 0.01754386 | AF188: 0.01754386 | AG188: 0.01754386 | AH188: 0.01754386 | AI188: 0.01754386 | AK188: =SUMIFS('IND Balance'!E$5:E$141,'IND Balance'!$C$5:$C$141,'Service shares'!$B188,'IND Balance'!$D$5:$D$141,"*"&'Service shares'!$A188)*F188 -> 0 | AL188: =SUMIFS('IND Balance'!F$5:F$141,'IND Balance'!$C$5:$C$141,'Service shares'!$B188,'IND Balance'!$D$5:$D$141,"*"&'Service shares'!$A188)*G188 -> 0 | AM188: =SUMIFS('IND Balance'!G$5:G$141,'IND Balance'!$C$5:$C$141,'Service shares'!$B188,'IND Balance'!$D$5:$D$141,"*"&'Service shares'!$A188)*H188 -> 0 | AN188: =SUMIFS('IND Balance'!H$5:H$141,'IND Balance'!$C$5:$C$141,'Service shares'!$B188,'IND Balance'!$D$5:$D$141,"*"&'Service shares'!$A188)*I188 -> 0.0044295609 | AO188: =SUMIFS('IND Balance'!I$5:I$141,'IND Balance'!$C$5:$C$141,'Service shares'!$B188,'IND Balance'!$D$5:$D$141,"*"&'Service shares'!$A188)*J188 -> 0.10307152 | AP188: =SUMIFS('IND Balance'!J$5:J$141,'IND Balance'!$C$5:$C$141,'Service shares'!$B188,'IND Balance'!$D$5:$D$141,"*"&'Service shares'!$A188)*K188 -> 0 | AQ188: =SUMIFS('IND Balance'!K$5:K$141,'IND Balance'!$C$5:$C$141,'Service shares'!$B188,'IND Balance'!$D$5:$D$141,"*"&'Service shares'!$A188)*L188 -> 0.0018947106 | AR188: =SUMIFS('IND Balance'!L$5:L$141,'IND Balance'!$C$5:$C$141,'Service shares'!$B188,'IND Balance'!$D$5:$D$141,"*"&'Service shares'!$A188)*M188 -> 0.032891868 | ... BN188: =SUMIFS('IND Balance'!AH$5:AH$141,'IND Balance'!$C$5:$C$141,'Service shares'!$B188,'IND Balance'!$D$5:$D$141,"*"&'Service shares'!$A188)*AI188 -> 0
A189: OVC | B189: INM | C189: MDR | D189: 0.081871345 | F189: 0.081871345 | G189: 0.081871345 | H189: 0.081871345 | I189: 0.081871345 | J189: 0.081871345 | K189: 0.081871345 | L189: 0.081871345 | M189: 0.081871345 | N189: 0.081871345 | O189: 0.081871345 | P189: 0.081871345 | Q189: 0.081871345 | R189: 0.081871345 | S189: 0.081871345 | T189: 0.081871345 | U189: 0.081871345 | V189: 0.081871345 | W189: 0.081871345 | X189: 0.081871345 | Y189: 0.081871345 | Z189: 0.081871345 | AA189: 0.081871345 | AB189: 0.081871345 | AC189: 0.081871345 | AD189: 0.081871345 | AE189: 0.081871345 | AF189: 0.081871345 | AG189: 0.081871345 | AH189: 0.081871345 | AI189: 0.081871345 | AK189: =SUMIFS('IND Balance'!E$5:E$141,'IND Balance'!$C$5:$C$141,'Service shares'!$B189,'IND Balance'!$D$5:$D$141,"*"&'Service shares'!$A189)*F189 -> 0 | AL189: =SUMIFS('IND Balance'!F$5:F$141,'IND Balance'!$C$5:$C$141,'Service shares'!$B189,'IND Balance'!$D$5:$D$141,"*"&'Service shares'!$A189)*G189 -> 0 | AM189: =SUMIFS('IND Balance'!G$5:G$141,'IND Balance'!$C$5:$C$141,'Service shares'!$B189,'IND Balance'!$D$5:$D$141,"*"&'Service shares'!$A189)*H189 -> 0 | AN189: =SUMIFS('IND Balance'!H$5:H$141,'IND Balance'!$C$5:$C$141,'Service shares'!$B189,'IND Balance'!$D$5:$D$141,"*"&'Service shares'!$A189)*I189 -> 0.020671284 | AO189: =SUMIFS('IND Balance'!I$5:I$141,'IND Balance'!$C$5:$C$141,'Service shares'!$B189,'IND Balance'!$D$5:$D$141,"*"&'Service shares'!$A189)*J189 -> 0.48100044 | AP189: =SUMIFS('IND Balance'!J$5:J$141,'IND Balance'!$C$5:$C$141,'Service shares'!$B189,'IND Balance'!$D$5:$D$141,"*"&'Service shares'!$A189)*K189 -> 0 | AQ189: =SUMIFS('IND Balance'!K$5:K$141,'IND Balance'!$C$5:$C$141,'Service shares'!$B189,'IND Balance'!$D$5:$D$141,"*"&'Service shares'!$A189)*L189 -> 0.0088419829 | AR189: =SUMIFS('IND Balance'!L$5:L$141,'IND Balance'!$C$5:$C$141,'Service shares'!$B189,'IND Balance'!$D$5:$D$141,"*"&'Service shares'!$A189)*M189 -> 0.15349538 | ... BN189: =SUMIFS('IND Balance'!AH$5:AH$141,'IND Balance'!$C$5:$C$141,'Service shares'!$B189,'IND Balance'!$D$5:$D$141,"*"&'Service shares'!$A189)*AI189 -> 0
A190: OVC | B190: ILP | C190: STM | D190: 0.5 | F190: 0.5 | G190: 0.5 | H190: 0.5 | I190: 0.5 | J190: 0.5 | K190: 0.5 | L190: 0.5 | M190: 0.5 | N190: 0.5 | O190: 0.5 | P190: 0.5 | Q190: 0.5 | R190: 0.5 | S190: 0.5 | T190: 0.5 | U190: 0.5 | V190: 0.5 | W190: 0.5 | X190: 0.5 | Y190: 0.5 | Z190: 0.5 | AA190: 0.5 | AB190: 0.5 | AC190: 0.5 | AD190: 0.5 | AE190: 0.5 | AF190: 0.5 | AG190: 0.5 | AH190: 0.5 | AI190: 0.5 | AK190: =SUMIFS('IND Balance'!E$5:E$141,'IND Balance'!$C$5:$C$141,'Service shares'!$B190,'IND Balance'!$D$5:$D$141,"*"&'Service shares'!$A190)*F190 -> 0 | AL190: =SUMIFS('IND Balance'!F$5:F$141,'IND Balance'!$C$5:$C$141,'Service shares'!$B190,'IND Balance'!$D$5:$D$141,"*"&'Service shares'!$A190)*G190 -> 0 | AM190: =SUMIFS('IND Balance'!G$5:G$141,'IND Balance'!$C$5:$C$141,'Service shares'!$B190,'IND Balance'!$D$5:$D$141,"*"&'Service shares'!$A190)*H190 -> 0 | AN190: =SUMIFS('IND Balance'!H$5:H$141,'IND Balance'!$C$5:$C$141,'Service shares'!$B190,'IND Balance'!$D$5:$D$141,"*"&'Service shares'!$A190)*I190 -> 0 | AO190: =SUMIFS('IND Balance'!I$5:I$141,'IND Balance'!$C$5:$C$141,'Service shares'!$B190,'IND Balance'!$D$5:$D$141,"*"&'Service shares'!$A190)*J190 -> 0 | AP190: =SUMIFS('IND Balance'!J$5:J$141,'IND Balance'!$C$5:$C$141,'Service shares'!$B190,'IND Balance'!$D$5:$D$141,"*"&'Service shares'!$A190)*K190 -> 0 | AQ190: =SUMIFS('IND Balance'!K$5:K$141,'IND Balance'!$C$5:$C$141,'Service shares'!$B190,'IND Balance'!$D$5:$D$141,"*"&'Service shares'!$A190)*L190 -> 0 | AR190: =SUMIFS('IND Balance'!L$5:L$141,'IND Balance'!$C$5:$C$141,'Service shares'!$B190,'IND Balance'!$D$5:$D$141,"*"&'Service shares'!$A190)*M190 -> 0 | ... BN190: =SUMIFS('IND Balance'!AH$5:AH$141,'IND Balance'!$C$5:$C$141,'Service shares'!$B190,'IND Balance'!$D$5:$D$141,"*"&'Service shares'!$A190)*AI190 -> 0
A191: OVC | B191: ILP | C191: MDR | D191: 0.5 | F191: 0.5 | G191: 0.5 | H191: 0.5 | I191: 0.5 | J191: 0.5 | K191: 0.5 | L191: 0.5 | M191: 0.5 | N191: 0.5 | O191: 0.5 | P191: 0.5 | Q191: 0.5 | R191: 0.5 | S191: 0.5 | T191: 0.5 | U191: 0.5 | V191: 0.5 | W191: 0.5 | X191: 0.5 | Y191: 0.5 | Z191: 0.5 | AA191: 0.5 | AB191: 0.5 | AC191: 0.5 | AD191: 0.5 | AE191: 0.5 | AF191: 0.5 | AG191: 0.5 | AH191: 0.5 | AI191: 0.5 | AK191: =SUMIFS('IND Balance'!E$5:E$141,'IND Balance'!$C$5:$C$141,'Service shares'!$B191,'IND Balance'!$D$5:$D$141,"*"&'Service shares'!$A191)*F191 -> 0 | AL191: =SUMIFS('IND Balance'!F$5:F$141,'IND Balance'!$C$5:$C$141,'Service shares'!$B191,'IND Balance'!$D$5:$D$141,"*"&'Service shares'!$A191)*G191 -> 0 | AM191: =SUMIFS('IND Balance'!G$5:G$141,'IND Balance'!$C$5:$C$141,'Service shares'!$B191,'IND Balance'!$D$5:$D$141,"*"&'Service shares'!$A191)*H191 -> 0 | AN191: =SUMIFS('IND Balance'!H$5:H$141,'IND Balance'!$C$5:$C$141,'Service shares'!$B191,'IND Balance'!$D$5:$D$141,"*"&'Service shares'!$A191)*I191 -> 0 | AO191: =SUMIFS('IND Balance'!I$5:I$141,'IND Balance'!$C$5:$C$141,'Service shares'!$B191,'IND Balance'!$D$5:$D$141,"*"&'Service shares'!$A191)*J191 -> 0 | AP191: =SUMIFS('IND Balance'!J$5:J$141,'IND Balance'!$C$5:$C$141,'Service shares'!$B191,'IND Balance'!$D$5:$D$141,"*"&'Service shares'!$A191)*K191 -> 0 | AQ191: =SUMIFS('IND Balance'!K$5:K$141,'IND Balance'!$C$5:$C$141,'Service shares'!$B191,'IND Balance'!$D$5:$D$141,"*"&'Service shares'!$A191)*L191 -> 0 | AR191: =SUMIFS('IND Balance'!L$5:L$141,'IND Balance'!$C$5:$C$141,'Service shares'!$B191,'IND Balance'!$D$5:$D$141,"*"&'Service shares'!$A191)*M191 -> 0 | ... BN191: =SUMIFS('IND Balance'!AH$5:AH$141,'IND Balance'!$C$5:$C$141,'Service shares'!$B191,'IND Balance'!$D$5:$D$141,"*"&'Service shares'!$A191)*AI191 -> 0
A192: OVC | B192: IIS | C192: PRH | D192: 0.25925926 | F192: 0.25925926 | G192: 0.25925926 | H192: 0.25925926 | I192: 0.25925926 | J192: 0.25925926 | K192: 0.25925926 | L192: 0.25925926 | M192: 0.25925926 | N192: 0.25925926 | O192: 0.25925926 | P192: 0.25925926 | Q192: 0.25925926 | R192: 0.25925926 | S192: 0.25925926 | T192: 0.25925926 | U192: 0.25925926 | V192: 0.25925926 | W192: 0.25925926 | X192: 0.25925926 | Y192: 0.25925926 | Z192: 0.25925926 | AA192: 0.25925926 | AB192: 0.25925926 | AC192: 0.25925926 | AD192: 0.25925926 | AE192: 0.25925926 | AF192: 0.25925926 | AG192: 0.25925926 | AH192: 0.25925926 | AI192: 0.25925926 | AK192: =SUMIFS('IND Balance'!E$5:E$141,'IND Balance'!$C$5:$C$141,'Service shares'!$B192,'IND Balance'!$D$5:$D$141,"*"&'Service shares'!$A192)*F192 -> 0 | AL192: =SUMIFS('IND Balance'!F$5:F$141,'IND Balance'!$C$5:$C$141,'Service shares'!$B192,'IND Balance'!$D$5:$D$141,"*"&'Service shares'!$A192)*G192 -> 0 | AM192: =SUMIFS('IND Balance'!G$5:G$141,'IND Balance'!$C$5:$C$141,'Service shares'!$B192,'IND Balance'!$D$5:$D$141,"*"&'Service shares'!$A192)*H192 -> 0 | AN192: =SUMIFS('IND Balance'!H$5:H$141,'IND Balance'!$C$5:$C$141,'Service shares'!$B192,'IND Balance'!$D$5:$D$141,"*"&'Service shares'!$A192)*I192 -> 0 | AO192: =SUMIFS('IND Balance'!I$5:I$141,'IND Balance'!$C$5:$C$141,'Service shares'!$B192,'IND Balance'!$D$5:$D$141,"*"&'Service shares'!$A192)*J192 -> 0 | AP192: =SUMIFS('IND Balance'!J$5:J$141,'IND Balance'!$C$5:$C$141,'Service shares'!$B192,'IND Balance'!$D$5:$D$141,"*"&'Service shares'!$A192)*K192 -> 0 | AQ192: =SUMIFS('IND Balance'!K$5:K$141,'IND Balance'!$C$5:$C$141,'Service shares'!$B192,'IND Balance'!$D$5:$D$141,"*"&'Service shares'!$A192)*L192 -> 0 | AR192: =SUMIFS('IND Balance'!L$5:L$141,'IND Balance'!$C$5:$C$141,'Service shares'!$B192,'IND Balance'!$D$5:$D$141,"*"&'Service shares'!$A192)*M192 -> 0 | ... BN192: =SUMIFS('IND Balance'!AH$5:AH$141,'IND Balance'!$C$5:$C$141,'Service shares'!$B192,'IND Balance'!$D$5:$D$141,"*"&'Service shares'!$A192)*AI192 -> 0
A193: OVC | B193: IIS | C193: OTP | D193: 0.74074074 | F193: 0.74074074 | G193: 0.74074074 | H193: 0.74074074 | I193: 0.74074074 | J193: 0.74074074 | K193: 0.74074074 | L193: 0.74074074 | M193: 0.74074074 | N193: 0.74074074 | O193: 0.74074074 | P193: 0.74074074 | Q193: 0.74074074 | R193: 0.74074074 | S193: 0.74074074 | T193: 0.74074074 | U193: 0.74074074 | V193: 0.74074074 | W193: 0.74074074 | X193: 0.74074074 | Y193: 0.74074074 | Z193: 0.74074074 | AA193: 0.74074074 | AB193: 0.74074074 | AC193: 0.74074074 | AD193: 0.74074074 | AE193: 0.74074074 | AF193: 0.74074074 | AG193: 0.74074074 | AH193: 0.74074074 | AI193: 0.74074074 | AK193: =SUMIFS('IND Balance'!E$5:E$141,'IND Balance'!$C$5:$C$141,'Service shares'!$B193,'IND Balance'!$D$5:$D$141,"*"&'Service shares'!$A193)*F193 -> 0 | AL193: =SUMIFS('IND Balance'!F$5:F$141,'IND Balance'!$C$5:$C$141,'Service shares'!$B193,'IND Balance'!$D$5:$D$141,"*"&'Service shares'!$A193)*G193 -> 0 | AM193: =SUMIFS('IND Balance'!G$5:G$141,'IND Balance'!$C$5:$C$141,'Service shares'!$B193,'IND Balance'!$D$5:$D$141,"*"&'Service shares'!$A193)*H193 -> 0 | AN193: =SUMIFS('IND Balance'!H$5:H$141,'IND Balance'!$C$5:$C$141,'Service shares'!$B193,'IND Balance'!$D$5:$D$141,"*"&'Service shares'!$A193)*I193 -> 0 | AO193: =SUMIFS('IND Balance'!I$5:I$141,'IND Balance'!$C$5:$C$141,'Service shares'!$B193,'IND Balance'!$D$5:$D$141,"*"&'Service shares'!$A193)*J193 -> 0 | AP193: =SUMIFS('IND Balance'!J$5:J$141,'IND Balance'!$C$5:$C$141,'Service shares'!$B193,'IND Balance'!$D$5:$D$141,"*"&'Service shares'!$A193)*K193 -> 0 | AQ193: =SUMIFS('IND Balance'!K$5:K$141,'IND Balance'!$C$5:$C$141,'Service shares'!$B193,'IND Balance'!$D$5:$D$141,"*"&'Service shares'!$A193)*L193 -> 0 | AR193: =SUMIFS('IND Balance'!L$5:L$141,'IND Balance'!$C$5:$C$141,'Service shares'!$B193,'IND Balance'!$D$5:$D$141,"*"&'Service shares'!$A193)*M193 -> 0 | ... BN193: =SUMIFS('IND Balance'!AH$5:AH$141,'IND Balance'!$C$5:$C$141,'Service shares'!$B193,'IND Balance'!$D$5:$D$141,"*"&'Service shares'!$A193)*AI193 -> 0
A194: =A193 -> OVC | B194: INF | C194: PRH | D194: 1 | F194: =$D194 -> 1 | G194: =$D194 -> 1 | H194: =$D194 -> 1 | I194: =$D194 -> 1 | J194: =$D194 -> 1 | K194: =$D194 -> 1 | L194: =$D194 -> 1 | M194: =$D194 -> 1 | ... AI194: =$D194 -> 1 | AK194: =SUMIFS('IND Balance'!E$5:E$141,'IND Balance'!$C$5:$C$141,'Service shares'!$B194,'IND Balance'!$D$5:$D$141,"*"&'Service shares'!$A194)*F194 -> 0 | AL194: =SUMIFS('IND Balance'!F$5:F$141,'IND Balance'!$C$5:$C$141,'Service shares'!$B194,'IND Balance'!$D$5:$D$141,"*"&'Service shares'!$A194)*G194 -> 0 | AM194: =SUMIFS('IND Balance'!G$5:G$141,'IND Balance'!$C$5:$C$141,'Service shares'!$B194,'IND Balance'!$D$5:$D$141,"*"&'Service shares'!$A194)*H194 -> 0 | AN194: =SUMIFS('IND Balance'!H$5:H$141,'IND Balance'!$C$5:$C$141,'Service shares'!$B194,'IND Balance'!$D$5:$D$141,"*"&'Service shares'!$A194)*I194 -> 3.0387669 | AO194: =SUMIFS('IND Balance'!I$5:I$141,'IND Balance'!$C$5:$C$141,'Service shares'!$B194,'IND Balance'!$D$5:$D$141,"*"&'Service shares'!$A194)*J194 -> 5.6057107 | AP194: =SUMIFS('IND Balance'!J$5:J$141,'IND Balance'!$C$5:$C$141,'Service shares'!$B194,'IND Balance'!$D$5:$D$141,"*"&'Service shares'!$A194)*K194 -> 0 | AQ194: =SUMIFS('IND Balance'!K$5:K$141,'IND Balance'!$C$5:$C$141,'Service shares'!$B194,'IND Balance'!$D$5:$D$141,"*"&'Service shares'!$A194)*L194 -> 2.9699987 | AR194: =SUMIFS('IND Balance'!L$5:L$141,'IND Balance'!$C$5:$C$141,'Service shares'!$B194,'IND Balance'!$D$5:$D$141,"*"&'Service shares'!$A194)*M194 -> 10.946966 | ... BN194: =SUMIFS('IND Balance'!AH$5:AH$141,'IND Balance'!$C$5:$C$141,'Service shares'!$B194,'IND Balance'!$D$5:$D$141,"*"&'Service shares'!$A194)*AI194 -> 0
A195: =A194 -> OVC | B195: IMC | C195: PRH | D195: 1 | F195: =$D195 -> 1 | G195: =$D195 -> 1 | H195: =$D195 -> 1 | I195: =$D195 -> 1 | J195: =$D195 -> 1 | K195: =$D195 -> 1 | L195: =$D195 -> 1 | M195: =$D195 -> 1 | ... AI195: =$D195 -> 1 | AK195: =SUMIFS('IND Balance'!E$5:E$141,'IND Balance'!$C$5:$C$141,'Service shares'!$B195,'IND Balance'!$D$5:$D$141,"*"&'Service shares'!$A195)*F195 -> 0 | AL195: =SUMIFS('IND Balance'!F$5:F$141,'IND Balance'!$C$5:$C$141,'Service shares'!$B195,'IND Balance'!$D$5:$D$141,"*"&'Service shares'!$A195)*G195 -> 0 | AM195: =SUMIFS('IND Balance'!G$5:G$141,'IND Balance'!$C$5:$C$141,'Service shares'!$B195,'IND Balance'!$D$5:$D$141,"*"&'Service shares'!$A195)*H195 -> 0.16320146 | AN195: =SUMIFS('IND Balance'!H$5:H$141,'IND Balance'!$C$5:$C$141,'Service shares'!$B195,'IND Balance'!$D$5:$D$141,"*"&'Service shares'!$A195)*I195 -> 0.9764748 | AO195: =SUMIFS('IND Balance'!I$5:I$141,'IND Balance'!$C$5:$C$141,'Service shares'!$B195,'IND Balance'!$D$5:$D$141,"*"&'Service shares'!$A195)*J195 -> 0.1133911 | AP195: =SUMIFS('IND Balance'!J$5:J$141,'IND Balance'!$C$5:$C$141,'Service shares'!$B195,'IND Balance'!$D$5:$D$141,"*"&'Service shares'!$A195)*K195 -> 0 | AQ195: =SUMIFS('IND Balance'!K$5:K$141,'IND Balance'!$C$5:$C$141,'Service shares'!$B195,'IND Balance'!$D$5:$D$141,"*"&'Service shares'!$A195)*L195 -> 1.2420017 | AR195: =SUMIFS('IND Balance'!L$5:L$141,'IND Balance'!$C$5:$C$141,'Service shares'!$B195,'IND Balance'!$D$5:$D$141,"*"&'Service shares'!$A195)*M195 -> 1.5146796 | ... BN195: =SUMIFS('IND Balance'!AH$5:AH$141,'IND Balance'!$C$5:$C$141,'Service shares'!$B195,'IND Balance'!$D$5:$D$141,"*"&'Service shares'!$A195)*AI195 -> 0
A196: =A195 -> OVC | B196: ITM | C196: PRH | D196: 1 | F196: =$D196 -> 1 | G196: =$D196 -> 1 | H196: =$D196 -> 1 | I196: =$D196 -> 1 | J196: =$D196 -> 1 | K196: =$D196 -> 1 | L196: =$D196 -> 1 | M196: =$D196 -> 1 | ... AI196: =$D196 -> 1 | AK196: =SUMIFS('IND Balance'!E$5:E$141,'IND Balance'!$C$5:$C$141,'Service shares'!$B196,'IND Balance'!$D$5:$D$141,"*"&'Service shares'!$A196)*F196 -> 0 | AL196: =SUMIFS('IND Balance'!F$5:F$141,'IND Balance'!$C$5:$C$141,'Service shares'!$B196,'IND Balance'!$D$5:$D$141,"*"&'Service shares'!$A196)*G196 -> 0 | AM196: =SUMIFS('IND Balance'!G$5:G$141,'IND Balance'!$C$5:$C$141,'Service shares'!$B196,'IND Balance'!$D$5:$D$141,"*"&'Service shares'!$A196)*H196 -> 0 | AN196: =SUMIFS('IND Balance'!H$5:H$141,'IND Balance'!$C$5:$C$141,'Service shares'!$B196,'IND Balance'!$D$5:$D$141,"*"&'Service shares'!$A196)*I196 -> 0.042558822 | AO196: =SUMIFS('IND Balance'!I$5:I$141,'IND Balance'!$C$5:$C$141,'Service shares'!$B196,'IND Balance'!$D$5:$D$141,"*"&'Service shares'!$A196)*J196 -> 2.2505013 | AP196: =SUMIFS('IND Balance'!J$5:J$141,'IND Balance'!$C$5:$C$141,'Service shares'!$B196,'IND Balance'!$D$5:$D$141,"*"&'Service shares'!$A196)*K196 -> 0 | AQ196: =SUMIFS('IND Balance'!K$5:K$141,'IND Balance'!$C$5:$C$141,'Service shares'!$B196,'IND Balance'!$D$5:$D$141,"*"&'Service shares'!$A196)*L196 -> 0 | AR196: =SUMIFS('IND Balance'!L$5:L$141,'IND Balance'!$C$5:$C$141,'Service shares'!$B196,'IND Balance'!$D$5:$D$141,"*"&'Service shares'!$A196)*M196 -> 0 | ... BN196: =SUMIFS('IND Balance'!AH$5:AH$141,'IND Balance'!$C$5:$C$141,'Service shares'!$B196,'IND Balance'!$D$5:$D$141,"*"&'Service shares'!$A196)*AI196 -> 0
A197: BIO | B197: IFP | C197: STM | D197: 0.33333333 | F197: 0.33333333 | G197: 0.33333333 | H197: 0.33333333 | I197: 0.33333333 | J197: 0.33333333 | K197: 0.33333333 | L197: 0.33333333 | M197: 0.33333333 | N197: 0.33333333 | O197: 0.33333333 | P197: 0.33333333 | Q197: 0.33333333 | R197: 0.33333333 | S197: 0.33333333 | T197: 0.33333333 | U197: 0.33333333 | V197: 0.33333333 | W197: 0.33333333 | X197: 0.33333333 | Y197: 0.33333333 | Z197: 0.33333333 | AA197: 0.33333333 | AB197: 0.33333333 | AC197: 0.33333333 | AD197: 0.33333333 | AE197: 0.33333333 | AF197: 0.33333333 | AG197: 0.33333333 | AH197: 0.33333333 | AI197: 0.33333333 | AK197: =SUMIFS('IND Balance'!E$5:E$141,'IND Balance'!$C$5:$C$141,'Service shares'!$B197,'IND Balance'!$D$5:$D$141,"*"&'Service shares'!$A197)*F197 -> 0.063252779 | AL197: =SUMIFS('IND Balance'!F$5:F$141,'IND Balance'!$C$5:$C$141,'Service shares'!$B197,'IND Balance'!$D$5:$D$141,"*"&'Service shares'!$A197)*G197 -> 3.6961615 | AM197: =SUMIFS('IND Balance'!G$5:G$141,'IND Balance'!$C$5:$C$141,'Service shares'!$B197,'IND Balance'!$D$5:$D$141,"*"&'Service shares'!$A197)*H197 -> 0.0041533056 | AN197: =SUMIFS('IND Balance'!H$5:H$141,'IND Balance'!$C$5:$C$141,'Service shares'!$B197,'IND Balance'!$D$5:$D$141,"*"&'Service shares'!$A197)*I197 -> 0.099948685 | AO197: =SUMIFS('IND Balance'!I$5:I$141,'IND Balance'!$C$5:$C$141,'Service shares'!$B197,'IND Balance'!$D$5:$D$141,"*"&'Service shares'!$A197)*J197 -> 2.2677523 | AP197: =SUMIFS('IND Balance'!J$5:J$141,'IND Balance'!$C$5:$C$141,'Service shares'!$B197,'IND Balance'!$D$5:$D$141,"*"&'Service shares'!$A197)*K197 -> 109.56295 | AQ197: =SUMIFS('IND Balance'!K$5:K$141,'IND Balance'!$C$5:$C$141,'Service shares'!$B197,'IND Balance'!$D$5:$D$141,"*"&'Service shares'!$A197)*L197 -> 26.879666 | AR197: =SUMIFS('IND Balance'!L$5:L$141,'IND Balance'!$C$5:$C$141,'Service shares'!$B197,'IND Balance'!$D$5:$D$141,"*"&'Service shares'!$A197)*M197 -> 215.66352 | ... BN197: =SUMIFS('IND Balance'!AH$5:AH$141,'IND Balance'!$C$5:$C$141,'Service shares'!$B197,'IND Balance'!$D$5:$D$141,"*"&'Service shares'!$A197)*AI197 -> 0
A198: BIO | B198: IFP | C198: PRH | D198: 0.66666667 | F198: 0.66666667 | G198: 0.66666667 | H198: 0.66666667 | I198: 0.66666667 | J198: 0.66666667 | K198: 0.66666667 | L198: 0.66666667 | M198: 0.66666667 | N198: 0.66666667 | O198: 0.66666667 | P198: 0.66666667 | Q198: 0.66666667 | R198: 0.66666667 | S198: 0.66666667 | T198: 0.66666667 | U198: 0.66666667 | V198: 0.66666667 | W198: 0.66666667 | X198: 0.66666667 | Y198: 0.66666667 | Z198: 0.66666667 | AA198: 0.66666667 | AB198: 0.66666667 | AC198: 0.66666667 | AD198: 0.66666667 | AE198: 0.66666667 | AF198: 0.66666667 | AG198: 0.66666667 | AH198: 0.66666667 | AI198: 0.66666667 | AK198: =SUMIFS('IND Balance'!E$5:E$141,'IND Balance'!$C$5:$C$141,'Service shares'!$B198,'IND Balance'!$D$5:$D$141,"*"&'Service shares'!$A198)*F198 -> 0.12650556 | AL198: =SUMIFS('IND Balance'!F$5:F$141,'IND Balance'!$C$5:$C$141,'Service shares'!$B198,'IND Balance'!$D$5:$D$141,"*"&'Service shares'!$A198)*G198 -> 7.3923229 | AM198: =SUMIFS('IND Balance'!G$5:G$141,'IND Balance'!$C$5:$C$141,'Service shares'!$B198,'IND Balance'!$D$5:$D$141,"*"&'Service shares'!$A198)*H198 -> 0.0083066112 | AN198: =SUMIFS('IND Balance'!H$5:H$141,'IND Balance'!$C$5:$C$141,'Service shares'!$B198,'IND Balance'!$D$5:$D$141,"*"&'Service shares'!$A198)*I198 -> 0.19989737 | AO198: =SUMIFS('IND Balance'!I$5:I$141,'IND Balance'!$C$5:$C$141,'Service shares'!$B198,'IND Balance'!$D$5:$D$141,"*"&'Service shares'!$A198)*J198 -> 4.5355046 | AP198: =SUMIFS('IND Balance'!J$5:J$141,'IND Balance'!$C$5:$C$141,'Service shares'!$B198,'IND Balance'!$D$5:$D$141,"*"&'Service shares'!$A198)*K198 -> 219.12591 | AQ198: =SUMIFS('IND Balance'!K$5:K$141,'IND Balance'!$C$5:$C$141,'Service shares'!$B198,'IND Balance'!$D$5:$D$141,"*"&'Service shares'!$A198)*L198 -> 53.759333 | AR198: =SUMIFS('IND Balance'!L$5:L$141,'IND Balance'!$C$5:$C$141,'Service shares'!$B198,'IND Balance'!$D$5:$D$141,"*"&'Service shares'!$A198)*M198 -> 431.32704 | ... BN198: =SUMIFS('IND Balance'!AH$5:AH$141,'IND Balance'!$C$5:$C$141,'Service shares'!$B198,'IND Balance'!$D$5:$D$141,"*"&'Service shares'!$A198)*AI198 -> 0
A199: BIO | B199: IOI | C199: STM | D199: 1 | F199: 1 | G199: 1 | H199: 1 | I199: 1 | J199: 1 | K199: 1 | L199: 1 | M199: 1 | N199: 1 | O199: 1 | P199: 1 | Q199: 1 | R199: 1 | S199: 1 | T199: 1 | U199: 1 | V199: 1 | W199: 1 | X199: 1 | Y199: 1 | Z199: 1 | AA199: 1 | AB199: 1 | AC199: 1 | AD199: 1 | AE199: 1 | AF199: 1 | AG199: 1 | AH199: 1 | AI199: 1 | AK199: =SUMIFS('IND Balance'!E$5:E$141,'IND Balance'!$C$5:$C$141,'Service shares'!$B199,'IND Balance'!$D$5:$D$141,"*"&'Service shares'!$A199)*F199 -> 0.30683382 | AL199: =SUMIFS('IND Balance'!F$5:F$141,'IND Balance'!$C$5:$C$141,'Service shares'!$B199,'IND Balance'!$D$5:$D$141,"*"&'Service shares'!$A199)*G199 -> 453.10183 | AM199: =SUMIFS('IND Balance'!G$5:G$141,'IND Balance'!$C$5:$C$141,'Service shares'!$B199,'IND Balance'!$D$5:$D$141,"*"&'Service shares'!$A199)*H199 -> 62.365141 | AN199: =SUMIFS('IND Balance'!H$5:H$141,'IND Balance'!$C$5:$C$141,'Service shares'!$B199,'IND Balance'!$D$5:$D$141,"*"&'Service shares'!$A199)*I199 -> 0.0039858336 | AO199: =SUMIFS('IND Balance'!I$5:I$141,'IND Balance'!$C$5:$C$141,'Service shares'!$B199,'IND Balance'!$D$5:$D$141,"*"&'Service shares'!$A199)*J199 -> 18.281503 | AP199: =SUMIFS('IND Balance'!J$5:J$141,'IND Balance'!$C$5:$C$141,'Service shares'!$B199,'IND Balance'!$D$5:$D$141,"*"&'Service shares'!$A199)*K199 -> 905.41953 | AQ199: =SUMIFS('IND Balance'!K$5:K$141,'IND Balance'!$C$5:$C$141,'Service shares'!$B199,'IND Balance'!$D$5:$D$141,"*"&'Service shares'!$A199)*L199 -> 29.947586 | AR199: =SUMIFS('IND Balance'!L$5:L$141,'IND Balance'!$C$5:$C$141,'Service shares'!$B199,'IND Balance'!$D$5:$D$141,"*"&'Service shares'!$A199)*M199 -> 39.125537 | ... BN199: =SUMIFS('IND Balance'!AH$5:AH$141,'IND Balance'!$C$5:$C$141,'Service shares'!$B199,'IND Balance'!$D$5:$D$141,"*"&'Service shares'!$A199)*AI199 -> 0
A200: BIO | B200: ICH | C200: STM | D200: 0.31818182 | F200: 0.31818182 | G200: 0.31818182 | H200: 0.31818182 | I200: 0.31818182 | J200: 0.31818182 | K200: 0.31818182 | L200: 0.31818182 | M200: 0.31818182 | N200: 0.31818182 | O200: 0.31818182 | P200: 0.31818182 | Q200: 0.31818182 | R200: 0.31818182 | S200: 0.31818182 | T200: 0.31818182 | U200: 0.31818182 | V200: 0.31818182 | W200: 0.31818182 | X200: 0.31818182 | Y200: 0.31818182 | Z200: 0.31818182 | AA200: 0.31818182 | AB200: 0.31818182 | AC200: 0.31818182 | AD200: 0.31818182 | AE200: 0.31818182 | AF200: 0.31818182 | AG200: 0.31818182 | AH200: 0.31818182 | AI200: 0.31818182 | AK200: =SUMIFS('IND Balance'!E$5:E$141,'IND Balance'!$C$5:$C$141,'Service shares'!$B200,'IND Balance'!$D$5:$D$141,"*"&'Service shares'!$A200)*F200 -> 0.11646041 | AL200: =SUMIFS('IND Balance'!F$5:F$141,'IND Balance'!$C$5:$C$141,'Service shares'!$B200,'IND Balance'!$D$5:$D$141,"*"&'Service shares'!$A200)*G200 -> 0 | AM200: =SUMIFS('IND Balance'!G$5:G$141,'IND Balance'!$C$5:$C$141,'Service shares'!$B200,'IND Balance'!$D$5:$D$141,"*"&'Service shares'!$A200)*H200 -> 0 | AN200: =SUMIFS('IND Balance'!H$5:H$141,'IND Balance'!$C$5:$C$141,'Service shares'!$B200,'IND Balance'!$D$5:$D$141,"*"&'Service shares'!$A200)*I200 -> 0 | AO200: =SUMIFS('IND Balance'!I$5:I$141,'IND Balance'!$C$5:$C$141,'Service shares'!$B200,'IND Balance'!$D$5:$D$141,"*"&'Service shares'!$A200)*J200 -> 7.7574273 | AP200: =SUMIFS('IND Balance'!J$5:J$141,'IND Balance'!$C$5:$C$141,'Service shares'!$B200,'IND Balance'!$D$5:$D$141,"*"&'Service shares'!$A200)*K200 -> 0.014605842 | AQ200: =SUMIFS('IND Balance'!K$5:K$141,'IND Balance'!$C$5:$C$141,'Service shares'!$B200,'IND Balance'!$D$5:$D$141,"*"&'Service shares'!$A200)*L200 -> 1.2399553 | AR200: =SUMIFS('IND Balance'!L$5:L$141,'IND Balance'!$C$5:$C$141,'Service shares'!$B200,'IND Balance'!$D$5:$D$141,"*"&'Service shares'!$A200)*M200 -> 1.8361744 | ... BN200: =SUMIFS('IND Balance'!AH$5:AH$141,'IND Balance'!$C$5:$C$141,'Service shares'!$B200,'IND Balance'!$D$5:$D$141,"*"&'Service shares'!$A200)*AI200 -> 0
A201: BIO | B201: ICH | C201: PRH | D201: 0.31818182 | F201: 0.31818182 | G201: 0.31818182 | H201: 0.31818182 | I201: 0.31818182 | J201: 0.31818182 | K201: 0.31818182 | L201: 0.31818182 | M201: 0.31818182 | N201: 0.31818182 | O201: 0.31818182 | P201: 0.31818182 | Q201: 0.31818182 | R201: 0.31818182 | S201: 0.31818182 | T201: 0.31818182 | U201: 0.31818182 | V201: 0.31818182 | W201: 0.31818182 | X201: 0.31818182 | Y201: 0.31818182 | Z201: 0.31818182 | AA201: 0.31818182 | AB201: 0.31818182 | AC201: 0.31818182 | AD201: 0.31818182 | AE201: 0.31818182 | AF201: 0.31818182 | AG201: 0.31818182 | AH201: 0.31818182 | AI201: 0.31818182 | AK201: =SUMIFS('IND Balance'!E$5:E$141,'IND Balance'!$C$5:$C$141,'Service shares'!$B201,'IND Balance'!$D$5:$D$141,"*"&'Service shares'!$A201)*F201 -> 0.11646041 | AL201: =SUMIFS('IND Balance'!F$5:F$141,'IND Balance'!$C$5:$C$141,'Service shares'!$B201,'IND Balance'!$D$5:$D$141,"*"&'Service shares'!$A201)*G201 -> 0 | AM201: =SUMIFS('IND Balance'!G$5:G$141,'IND Balance'!$C$5:$C$141,'Service shares'!$B201,'IND Balance'!$D$5:$D$141,"*"&'Service shares'!$A201)*H201 -> 0 | AN201: =SUMIFS('IND Balance'!H$5:H$141,'IND Balance'!$C$5:$C$141,'Service shares'!$B201,'IND Balance'!$D$5:$D$141,"*"&'Service shares'!$A201)*I201 -> 0 | AO201: =SUMIFS('IND Balance'!I$5:I$141,'IND Balance'!$C$5:$C$141,'Service shares'!$B201,'IND Balance'!$D$5:$D$141,"*"&'Service shares'!$A201)*J201 -> 7.7574273 | AP201: =SUMIFS('IND Balance'!J$5:J$141,'IND Balance'!$C$5:$C$141,'Service shares'!$B201,'IND Balance'!$D$5:$D$141,"*"&'Service shares'!$A201)*K201 -> 0.014605842 | AQ201: =SUMIFS('IND Balance'!K$5:K$141,'IND Balance'!$C$5:$C$141,'Service shares'!$B201,'IND Balance'!$D$5:$D$141,"*"&'Service shares'!$A201)*L201 -> 1.2399553 | AR201: =SUMIFS('IND Balance'!L$5:L$141,'IND Balance'!$C$5:$C$141,'Service shares'!$B201,'IND Balance'!$D$5:$D$141,"*"&'Service shares'!$A201)*M201 -> 1.8361744 | ... BN201: =SUMIFS('IND Balance'!AH$5:AH$141,'IND Balance'!$C$5:$C$141,'Service shares'!$B201,'IND Balance'!$D$5:$D$141,"*"&'Service shares'!$A201)*AI201 -> 0
A202: BIO | B202: ICH | C202: OTP | D202: 0.36363636 | F202: 0.36363636 | G202: 0.36363636 | H202: 0.36363636 | I202: 0.36363636 | J202: 0.36363636 | K202: 0.36363636 | L202: 0.36363636 | M202: 0.36363636 | N202: 0.36363636 | O202: 0.36363636 | P202: 0.36363636 | Q202: 0.36363636 | R202: 0.36363636 | S202: 0.36363636 | T202: 0.36363636 | U202: 0.36363636 | V202: 0.36363636 | W202: 0.36363636 | X202: 0.36363636 | Y202: 0.36363636 | Z202: 0.36363636 | AA202: 0.36363636 | AB202: 0.36363636 | AC202: 0.36363636 | AD202: 0.36363636 | AE202: 0.36363636 | AF202: 0.36363636 | AG202: 0.36363636 | AH202: 0.36363636 | AI202: 0.36363636 | AK202: =SUMIFS('IND Balance'!E$5:E$141,'IND Balance'!$C$5:$C$141,'Service shares'!$B202,'IND Balance'!$D$5:$D$141,"*"&'Service shares'!$A202)*F202 -> 0.13309761 | AL202: =SUMIFS('IND Balance'!F$5:F$141,'IND Balance'!$C$5:$C$141,'Service shares'!$B202,'IND Balance'!$D$5:$D$141,"*"&'Service shares'!$A202)*G202 -> 0 | AM202: =SUMIFS('IND Balance'!G$5:G$141,'IND Balance'!$C$5:$C$141,'Service shares'!$B202,'IND Balance'!$D$5:$D$141,"*"&'Service shares'!$A202)*H202 -> 0 | AN202: =SUMIFS('IND Balance'!H$5:H$141,'IND Balance'!$C$5:$C$141,'Service shares'!$B202,'IND Balance'!$D$5:$D$141,"*"&'Service shares'!$A202)*I202 -> 0 | AO202: =SUMIFS('IND Balance'!I$5:I$141,'IND Balance'!$C$5:$C$141,'Service shares'!$B202,'IND Balance'!$D$5:$D$141,"*"&'Service shares'!$A202)*J202 -> 8.8656312 | AP202: =SUMIFS('IND Balance'!J$5:J$141,'IND Balance'!$C$5:$C$141,'Service shares'!$B202,'IND Balance'!$D$5:$D$141,"*"&'Service shares'!$A202)*K202 -> 0.016692391 | AQ202: =SUMIFS('IND Balance'!K$5:K$141,'IND Balance'!$C$5:$C$141,'Service shares'!$B202,'IND Balance'!$D$5:$D$141,"*"&'Service shares'!$A202)*L202 -> 1.4170917 | AR202: =SUMIFS('IND Balance'!L$5:L$141,'IND Balance'!$C$5:$C$141,'Service shares'!$B202,'IND Balance'!$D$5:$D$141,"*"&'Service shares'!$A202)*M202 -> 2.0984851 | ... BN202: =SUMIFS('IND Balance'!AH$5:AH$141,'IND Balance'!$C$5:$C$141,'Service shares'!$B202,'IND Balance'!$D$5:$D$141,"*"&'Service shares'!$A202)*AI202 -> 0
A203: BIO | B203: INM | C203: PRH | D203: 0.9005848 | F203: 0.9005848 | G203: 0.9005848 | H203: 0.9005848 | I203: 0.9005848 | J203: 0.9005848 | K203: 0.9005848 | L203: 0.9005848 | M203: 0.9005848 | N203: 0.9005848 | O203: 0.9005848 | P203: 0.9005848 | Q203: 0.9005848 | R203: 0.9005848 | S203: 0.9005848 | T203: 0.9005848 | U203: 0.9005848 | V203: 0.9005848 | W203: 0.9005848 | X203: 0.9005848 | Y203: 0.9005848 | Z203: 0.9005848 | AA203: 0.9005848 | AB203: 0.9005848 | AC203: 0.9005848 | AD203: 0.9005848 | AE203: 0.9005848 | AF203: 0.9005848 | AG203: 0.9005848 | AH203: 0.9005848 | AI203: 0.9005848 | AK203: =SUMIFS('IND Balance'!E$5:E$141,'IND Balance'!$C$5:$C$141,'Service shares'!$B203,'IND Balance'!$D$5:$D$141,"*"&'Service shares'!$A203)*F203 -> 3.3970446 | AL203: =SUMIFS('IND Balance'!F$5:F$141,'IND Balance'!$C$5:$C$141,'Service shares'!$B203,'IND Balance'!$D$5:$D$141,"*"&'Service shares'!$A203)*G203 -> 2.746893 | AM203: =SUMIFS('IND Balance'!G$5:G$141,'IND Balance'!$C$5:$C$141,'Service shares'!$B203,'IND Balance'!$D$5:$D$141,"*"&'Service shares'!$A203)*H203 -> 0 | AN203: =SUMIFS('IND Balance'!H$5:H$141,'IND Balance'!$C$5:$C$141,'Service shares'!$B203,'IND Balance'!$D$5:$D$141,"*"&'Service shares'!$A203)*I203 -> 0.00070132573 | AO203: =SUMIFS('IND Balance'!I$5:I$141,'IND Balance'!$C$5:$C$141,'Service shares'!$B203,'IND Balance'!$D$5:$D$141,"*"&'Service shares'!$A203)*J203 -> 54.395853 | AP203: =SUMIFS('IND Balance'!J$5:J$141,'IND Balance'!$C$5:$C$141,'Service shares'!$B203,'IND Balance'!$D$5:$D$141,"*"&'Service shares'!$A203)*K203 -> 15.64318 | AQ203: =SUMIFS('IND Balance'!K$5:K$141,'IND Balance'!$C$5:$C$141,'Service shares'!$B203,'IND Balance'!$D$5:$D$141,"*"&'Service shares'!$A203)*L203 -> 2.8062229 | AR203: =SUMIFS('IND Balance'!L$5:L$141,'IND Balance'!$C$5:$C$141,'Service shares'!$B203,'IND Balance'!$D$5:$D$141,"*"&'Service shares'!$A203)*M203 -> 96.915278 | ... BN203: =SUMIFS('IND Balance'!AH$5:AH$141,'IND Balance'!$C$5:$C$141,'Service shares'!$B203,'IND Balance'!$D$5:$D$141,"*"&'Service shares'!$A203)*AI203 -> 0
A204: BIO | B204: INM | C204: PRC | D204: 0.01754386 | F204: 0.01754386 | G204: 0.01754386 | H204: 0.01754386 | I204: 0.01754386 | J204: 0.01754386 | K204: 0.01754386 | L204: 0.01754386 | M204: 0.01754386 | N204: 0.01754386 | O204: 0.01754386 | P204: 0.01754386 | Q204: 0.01754386 | R204: 0.01754386 | S204: 0.01754386 | T204: 0.01754386 | U204: 0.01754386 | V204: 0.01754386 | W204: 0.01754386 | X204: 0.01754386 | Y204: 0.01754386 | Z204: 0.01754386 | AA204: 0.01754386 | AB204: 0.01754386 | AC204: 0.01754386 | AD204: 0.01754386 | AE204: 0.01754386 | AF204: 0.01754386 | AG204: 0.01754386 | AH204: 0.01754386 | AI204: 0.01754386 | AK204: =SUMIFS('IND Balance'!E$5:E$141,'IND Balance'!$C$5:$C$141,'Service shares'!$B204,'IND Balance'!$D$5:$D$141,"*"&'Service shares'!$A204)*F204 -> 0.066176194 | AL204: =SUMIFS('IND Balance'!F$5:F$141,'IND Balance'!$C$5:$C$141,'Service shares'!$B204,'IND Balance'!$D$5:$D$141,"*"&'Service shares'!$A204)*G204 -> 0.053510903 | AM204: =SUMIFS('IND Balance'!G$5:G$141,'IND Balance'!$C$5:$C$141,'Service shares'!$B204,'IND Balance'!$D$5:$D$141,"*"&'Service shares'!$A204)*H204 -> 0 | AN204: =SUMIFS('IND Balance'!H$5:H$141,'IND Balance'!$C$5:$C$141,'Service shares'!$B204,'IND Balance'!$D$5:$D$141,"*"&'Service shares'!$A204)*I204 -> 1.3662189e-05 | AO204: =SUMIFS('IND Balance'!I$5:I$141,'IND Balance'!$C$5:$C$141,'Service shares'!$B204,'IND Balance'!$D$5:$D$141,"*"&'Service shares'!$A204)*J204 -> 1.0596595 | AP204: =SUMIFS('IND Balance'!J$5:J$141,'IND Balance'!$C$5:$C$141,'Service shares'!$B204,'IND Balance'!$D$5:$D$141,"*"&'Service shares'!$A204)*K204 -> 0.30473727 | AQ204: =SUMIFS('IND Balance'!K$5:K$141,'IND Balance'!$C$5:$C$141,'Service shares'!$B204,'IND Balance'!$D$5:$D$141,"*"&'Service shares'!$A204)*L204 -> 0.05466668 | AR204: =SUMIFS('IND Balance'!L$5:L$141,'IND Balance'!$C$5:$C$141,'Service shares'!$B204,'IND Balance'!$D$5:$D$141,"*"&'Service shares'!$A204)*M204 -> 1.88796 | ... BN204: =SUMIFS('IND Balance'!AH$5:AH$141,'IND Balance'!$C$5:$C$141,'Service shares'!$B204,'IND Balance'!$D$5:$D$141,"*"&'Service shares'!$A204)*AI204 -> 0
A205: BIO | B205: INM | C205: MDR | D205: 0.081871345 | F205: 0.081871345 | G205: 0.081871345 | H205: 0.081871345 | I205: 0.081871345 | J205: 0.081871345 | K205: 0.081871345 | L205: 0.081871345 | M205: 0.081871345 | N205: 0.081871345 | O205: 0.081871345 | P205: 0.081871345 | Q205: 0.081871345 | R205: 0.081871345 | S205: 0.081871345 | T205: 0.081871345 | U205: 0.081871345 | V205: 0.081871345 | W205: 0.081871345 | X205: 0.081871345 | Y205: 0.081871345 | Z205: 0.081871345 | AA205: 0.081871345 | AB205: 0.081871345 | AC205: 0.081871345 | AD205: 0.081871345 | AE205: 0.081871345 | AF205: 0.081871345 | AG205: 0.081871345 | AH205: 0.081871345 | AI205: 0.081871345 | AK205: =SUMIFS('IND Balance'!E$5:E$141,'IND Balance'!$C$5:$C$141,'Service shares'!$B205,'IND Balance'!$D$5:$D$141,"*"&'Service shares'!$A205)*F205 -> 0.30882224 | AL205: =SUMIFS('IND Balance'!F$5:F$141,'IND Balance'!$C$5:$C$141,'Service shares'!$B205,'IND Balance'!$D$5:$D$141,"*"&'Service shares'!$A205)*G205 -> 0.24971755 | AM205: =SUMIFS('IND Balance'!G$5:G$141,'IND Balance'!$C$5:$C$141,'Service shares'!$B205,'IND Balance'!$D$5:$D$141,"*"&'Service shares'!$A205)*H205 -> 0 | AN205: =SUMIFS('IND Balance'!H$5:H$141,'IND Balance'!$C$5:$C$141,'Service shares'!$B205,'IND Balance'!$D$5:$D$141,"*"&'Service shares'!$A205)*I205 -> 6.3756884e-05 | AO205: =SUMIFS('IND Balance'!I$5:I$141,'IND Balance'!$C$5:$C$141,'Service shares'!$B205,'IND Balance'!$D$5:$D$141,"*"&'Service shares'!$A205)*J205 -> 4.9450775 | AP205: =SUMIFS('IND Balance'!J$5:J$141,'IND Balance'!$C$5:$C$141,'Service shares'!$B205,'IND Balance'!$D$5:$D$141,"*"&'Service shares'!$A205)*K205 -> 1.4221072 | AQ205: =SUMIFS('IND Balance'!K$5:K$141,'IND Balance'!$C$5:$C$141,'Service shares'!$B205,'IND Balance'!$D$5:$D$141,"*"&'Service shares'!$A205)*L205 -> 0.25511117 | AR205: =SUMIFS('IND Balance'!L$5:L$141,'IND Balance'!$C$5:$C$141,'Service shares'!$B205,'IND Balance'!$D$5:$D$141,"*"&'Service shares'!$A205)*M205 -> 8.8104798 | ... BN205: =SUMIFS('IND Balance'!AH$5:AH$141,'IND Balance'!$C$5:$C$141,'Service shares'!$B205,'IND Balance'!$D$5:$D$141,"*"&'Service shares'!$A205)*AI205 -> 0
A206: BIO | B206: ILP | C206: STM | D206: 0.5 | F206: 0.5 | G206: 0.5 | H206: 0.5 | I206: 0.5 | J206: 0.5 | K206: 0.5 | L206: 0.5 | M206: 0.5 | N206: 0.5 | O206: 0.5 | P206: 0.5 | Q206: 0.5 | R206: 0.5 | S206: 0.5 | T206: 0.5 | U206: 0.5 | V206: 0.5 | W206: 0.5 | X206: 0.5 | Y206: 0.5 | Z206: 0.5 | AA206: 0.5 | AB206: 0.5 | AC206: 0.5 | AD206: 0.5 | AE206: 0.5 | AF206: 0.5 | AG206: 0.5 | AH206: 0.5 | AI206: 0.5 | AK206: =SUMIFS('IND Balance'!E$5:E$141,'IND Balance'!$C$5:$C$141,'Service shares'!$B206,'IND Balance'!$D$5:$D$141,"*"&'Service shares'!$A206)*F206 -> 0 | AL206: =SUMIFS('IND Balance'!F$5:F$141,'IND Balance'!$C$5:$C$141,'Service shares'!$B206,'IND Balance'!$D$5:$D$141,"*"&'Service shares'!$A206)*G206 -> 0 | AM206: =SUMIFS('IND Balance'!G$5:G$141,'IND Balance'!$C$5:$C$141,'Service shares'!$B206,'IND Balance'!$D$5:$D$141,"*"&'Service shares'!$A206)*H206 -> 31.8234 | AN206: =SUMIFS('IND Balance'!H$5:H$141,'IND Balance'!$C$5:$C$141,'Service shares'!$B206,'IND Balance'!$D$5:$D$141,"*"&'Service shares'!$A206)*I206 -> 0 | AO206: =SUMIFS('IND Balance'!I$5:I$141,'IND Balance'!$C$5:$C$141,'Service shares'!$B206,'IND Balance'!$D$5:$D$141,"*"&'Service shares'!$A206)*J206 -> 67.601002 | AP206: =SUMIFS('IND Balance'!J$5:J$141,'IND Balance'!$C$5:$C$141,'Service shares'!$B206,'IND Balance'!$D$5:$D$141,"*"&'Service shares'!$A206)*K206 -> 2.323113 | AQ206: =SUMIFS('IND Balance'!K$5:K$141,'IND Balance'!$C$5:$C$141,'Service shares'!$B206,'IND Balance'!$D$5:$D$141,"*"&'Service shares'!$A206)*L206 -> 3.6814993 | AR206: =SUMIFS('IND Balance'!L$5:L$141,'IND Balance'!$C$5:$C$141,'Service shares'!$B206,'IND Balance'!$D$5:$D$141,"*"&'Service shares'!$A206)*M206 -> 194.73639 | ... BN206: =SUMIFS('IND Balance'!AH$5:AH$141,'IND Balance'!$C$5:$C$141,'Service shares'!$B206,'IND Balance'!$D$5:$D$141,"*"&'Service shares'!$A206)*AI206 -> 0
A207: BIO | B207: ILP | C207: MDR | D207: 0.5 | F207: 0.5 | G207: 0.5 | H207: 0.5 | I207: 0.5 | J207: 0.5 | K207: 0.5 | L207: 0.5 | M207: 0.5 | N207: 0.5 | O207: 0.5 | P207: 0.5 | Q207: 0.5 | R207: 0.5 | S207: 0.5 | T207: 0.5 | U207: 0.5 | V207: 0.5 | W207: 0.5 | X207: 0.5 | Y207: 0.5 | Z207: 0.5 | AA207: 0.5 | AB207: 0.5 | AC207: 0.5 | AD207: 0.5 | AE207: 0.5 | AF207: 0.5 | AG207: 0.5 | AH207: 0.5 | AI207: 0.5 | AK207: =SUMIFS('IND Balance'!E$5:E$141,'IND Balance'!$C$5:$C$141,'Service shares'!$B207,'IND Balance'!$D$5:$D$141,"*"&'Service shares'!$A207)*F207 -> 0 | AL207: =SUMIFS('IND Balance'!F$5:F$141,'IND Balance'!$C$5:$C$141,'Service shares'!$B207,'IND Balance'!$D$5:$D$141,"*"&'Service shares'!$A207)*G207 -> 0 | AM207: =SUMIFS('IND Balance'!G$5:G$141,'IND Balance'!$C$5:$C$141,'Service shares'!$B207,'IND Balance'!$D$5:$D$141,"*"&'Service shares'!$A207)*H207 -> 31.8234 | AN207: =SUMIFS('IND Balance'!H$5:H$141,'IND Balance'!$C$5:$C$141,'Service shares'!$B207,'IND Balance'!$D$5:$D$141,"*"&'Service shares'!$A207)*I207 -> 0 | AO207: =SUMIFS('IND Balance'!I$5:I$141,'IND Balance'!$C$5:$C$141,'Service shares'!$B207,'IND Balance'!$D$5:$D$141,"*"&'Service shares'!$A207)*J207 -> 67.601002 | AP207: =SUMIFS('IND Balance'!J$5:J$141,'IND Balance'!$C$5:$C$141,'Service shares'!$B207,'IND Balance'!$D$5:$D$141,"*"&'Service shares'!$A207)*K207 -> 2.323113 | AQ207: =SUMIFS('IND Balance'!K$5:K$141,'IND Balance'!$C$5:$C$141,'Service shares'!$B207,'IND Balance'!$D$5:$D$141,"*"&'Service shares'!$A207)*L207 -> 3.6814993 | AR207: =SUMIFS('IND Balance'!L$5:L$141,'IND Balance'!$C$5:$C$141,'Service shares'!$B207,'IND Balance'!$D$5:$D$141,"*"&'Service shares'!$A207)*M207 -> 194.73639 | ... BN207: =SUMIFS('IND Balance'!AH$5:AH$141,'IND Balance'!$C$5:$C$141,'Service shares'!$B207,'IND Balance'!$D$5:$D$141,"*"&'Service shares'!$A207)*AI207 -> 0
A208: BIO | B208: IIS | C208: PRH | D208: 0.25925926 | F208: 0.25925926 | G208: 0.25925926 | H208: 0.25925926 | I208: 0.25925926 | J208: 0.25925926 | K208: 0.25925926 | L208: 0.25925926 | M208: 0.25925926 | N208: 0.25925926 | O208: 0.25925926 | P208: 0.25925926 | Q208: 0.25925926 | R208: 0.25925926 | S208: 0.25925926 | T208: 0.25925926 | U208: 0.25925926 | V208: 0.25925926 | W208: 0.25925926 | X208: 0.25925926 | Y208: 0.25925926 | Z208: 0.25925926 | AA208: 0.25925926 | AB208: 0.25925926 | AC208: 0.25925926 | AD208: 0.25925926 | AE208: 0.25925926 | AF208: 0.25925926 | AG208: 0.25925926 | AH208: 0.25925926 | AI208: 0.25925926 | AK208: =SUMIFS('IND Balance'!E$5:E$141,'IND Balance'!$C$5:$C$141,'Service shares'!$B208,'IND Balance'!$D$5:$D$141,"*"&'Service shares'!$A208)*F208 -> 0 | AL208: =SUMIFS('IND Balance'!F$5:F$141,'IND Balance'!$C$5:$C$141,'Service shares'!$B208,'IND Balance'!$D$5:$D$141,"*"&'Service shares'!$A208)*G208 -> 0 | AM208: =SUMIFS('IND Balance'!G$5:G$141,'IND Balance'!$C$5:$C$141,'Service shares'!$B208,'IND Balance'!$D$5:$D$141,"*"&'Service shares'!$A208)*H208 -> 0 | AN208: =SUMIFS('IND Balance'!H$5:H$141,'IND Balance'!$C$5:$C$141,'Service shares'!$B208,'IND Balance'!$D$5:$D$141,"*"&'Service shares'!$A208)*I208 -> 0 | AO208: =SUMIFS('IND Balance'!I$5:I$141,'IND Balance'!$C$5:$C$141,'Service shares'!$B208,'IND Balance'!$D$5:$D$141,"*"&'Service shares'!$A208)*J208 -> 0 | AP208: =SUMIFS('IND Balance'!J$5:J$141,'IND Balance'!$C$5:$C$141,'Service shares'!$B208,'IND Balance'!$D$5:$D$141,"*"&'Service shares'!$A208)*K208 -> 0 | AQ208: =SUMIFS('IND Balance'!K$5:K$141,'IND Balance'!$C$5:$C$141,'Service shares'!$B208,'IND Balance'!$D$5:$D$141,"*"&'Service shares'!$A208)*L208 -> 0 | AR208: =SUMIFS('IND Balance'!L$5:L$141,'IND Balance'!$C$5:$C$141,'Service shares'!$B208,'IND Balance'!$D$5:$D$141,"*"&'Service shares'!$A208)*M208 -> 0 | ... BN208: =SUMIFS('IND Balance'!AH$5:AH$141,'IND Balance'!$C$5:$C$141,'Service shares'!$B208,'IND Balance'!$D$5:$D$141,"*"&'Service shares'!$A208)*AI208 -> 0
A209: BIO | B209: IIS | C209: OTP | D209: 0.74074074 | F209: 0.74074074 | G209: 0.74074074 | H209: 0.74074074 | I209: 0.74074074 | J209: 0.74074074 | K209: 0.74074074 | L209: 0.74074074 | M209: 0.74074074 | N209: 0.74074074 | O209: 0.74074074 | P209: 0.74074074 | Q209: 0.74074074 | R209: 0.74074074 | S209: 0.74074074 | T209: 0.74074074 | U209: 0.74074074 | V209: 0.74074074 | W209: 0.74074074 | X209: 0.74074074 | Y209: 0.74074074 | Z209: 0.74074074 | AA209: 0.74074074 | AB209: 0.74074074 | AC209: 0.74074074 | AD209: 0.74074074 | AE209: 0.74074074 | AF209: 0.74074074 | AG209: 0.74074074 | AH209: 0.74074074 | AI209: 0.74074074 | AK209: =SUMIFS('IND Balance'!E$5:E$141,'IND Balance'!$C$5:$C$141,'Service shares'!$B209,'IND Balance'!$D$5:$D$141,"*"&'Service shares'!$A209)*F209 -> 0 | AL209: =SUMIFS('IND Balance'!F$5:F$141,'IND Balance'!$C$5:$C$141,'Service shares'!$B209,'IND Balance'!$D$5:$D$141,"*"&'Service shares'!$A209)*G209 -> 0 | AM209: =SUMIFS('IND Balance'!G$5:G$141,'IND Balance'!$C$5:$C$141,'Service shares'!$B209,'IND Balance'!$D$5:$D$141,"*"&'Service shares'!$A209)*H209 -> 0 | AN209: =SUMIFS('IND Balance'!H$5:H$141,'IND Balance'!$C$5:$C$141,'Service shares'!$B209,'IND Balance'!$D$5:$D$141,"*"&'Service shares'!$A209)*I209 -> 0 | AO209: =SUMIFS('IND Balance'!I$5:I$141,'IND Balance'!$C$5:$C$141,'Service shares'!$B209,'IND Balance'!$D$5:$D$141,"*"&'Service shares'!$A209)*J209 -> 0 | AP209: =SUMIFS('IND Balance'!J$5:J$141,'IND Balance'!$C$5:$C$141,'Service shares'!$B209,'IND Balance'!$D$5:$D$141,"*"&'Service shares'!$A209)*K209 -> 0 | AQ209: =SUMIFS('IND Balance'!K$5:K$141,'IND Balance'!$C$5:$C$141,'Service shares'!$B209,'IND Balance'!$D$5:$D$141,"*"&'Service shares'!$A209)*L209 -> 0 | AR209: =SUMIFS('IND Balance'!L$5:L$141,'IND Balance'!$C$5:$C$141,'Service shares'!$B209,'IND Balance'!$D$5:$D$141,"*"&'Service shares'!$A209)*M209 -> 0 | ... BN209: =SUMIFS('IND Balance'!AH$5:AH$141,'IND Balance'!$C$5:$C$141,'Service shares'!$B209,'IND Balance'!$D$5:$D$141,"*"&'Service shares'!$A209)*AI209 -> 0
A210: =A209 -> BIO | B210: INF | C210: PRH | D210: 1 | F210: =$D210 -> 1 | G210: =$D210 -> 1 | H210: =$D210 -> 1 | I210: =$D210 -> 1 | J210: =$D210 -> 1 | K210: =$D210 -> 1 | L210: =$D210 -> 1 | M210: =$D210 -> 1 | ... AI210: =$D210 -> 1 | AK210: =SUMIFS('IND Balance'!E$5:E$141,'IND Balance'!$C$5:$C$141,'Service shares'!$B210,'IND Balance'!$D$5:$D$141,"*"&'Service shares'!$A210)*F210 -> 0.0002051532 | AL210: =SUMIFS('IND Balance'!F$5:F$141,'IND Balance'!$C$5:$C$141,'Service shares'!$B210,'IND Balance'!$D$5:$D$141,"*"&'Service shares'!$A210)*G210 -> 0 | AM210: =SUMIFS('IND Balance'!G$5:G$141,'IND Balance'!$C$5:$C$141,'Service shares'!$B210,'IND Balance'!$D$5:$D$141,"*"&'Service shares'!$A210)*H210 -> 0 | AN210: =SUMIFS('IND Balance'!H$5:H$141,'IND Balance'!$C$5:$C$141,'Service shares'!$B210,'IND Balance'!$D$5:$D$141,"*"&'Service shares'!$A210)*I210 -> 0 | AO210: =SUMIFS('IND Balance'!I$5:I$141,'IND Balance'!$C$5:$C$141,'Service shares'!$B210,'IND Balance'!$D$5:$D$141,"*"&'Service shares'!$A210)*J210 -> 1.3379589 | AP210: =SUMIFS('IND Balance'!J$5:J$141,'IND Balance'!$C$5:$C$141,'Service shares'!$B210,'IND Balance'!$D$5:$D$141,"*"&'Service shares'!$A210)*K210 -> 0 | AQ210: =SUMIFS('IND Balance'!K$5:K$141,'IND Balance'!$C$5:$C$141,'Service shares'!$B210,'IND Balance'!$D$5:$D$141,"*"&'Service shares'!$A210)*L210 -> 1.8700007 | AR210: =SUMIFS('IND Balance'!L$5:L$141,'IND Balance'!$C$5:$C$141,'Service shares'!$B210,'IND Balance'!$D$5:$D$141,"*"&'Service shares'!$A210)*M210 -> 0.50949169 | ... BN210: =SUMIFS('IND Balance'!AH$5:AH$141,'IND Balance'!$C$5:$C$141,'Service shares'!$B210,'IND Balance'!$D$5:$D$141,"*"&'Service shares'!$A210)*AI210 -> 0
A211: =A210 -> BIO | B211: IMC | C211: PRH | D211: 1 | F211: =$D211 -> 1 | G211: =$D211 -> 1 | H211: =$D211 -> 1 | I211: =$D211 -> 1 | J211: =$D211 -> 1 | K211: =$D211 -> 1 | L211: =$D211 -> 1 | M211: =$D211 -> 1 | ... AI211: =$D211 -> 1 | AK211: =SUMIFS('IND Balance'!E$5:E$141,'IND Balance'!$C$5:$C$141,'Service shares'!$B211,'IND Balance'!$D$5:$D$141,"*"&'Service shares'!$A211)*F211 -> 0.029106634 | AL211: =SUMIFS('IND Balance'!F$5:F$141,'IND Balance'!$C$5:$C$141,'Service shares'!$B211,'IND Balance'!$D$5:$D$141,"*"&'Service shares'!$A211)*G211 -> 0.24813908 | AM211: =SUMIFS('IND Balance'!G$5:G$141,'IND Balance'!$C$5:$C$141,'Service shares'!$B211,'IND Balance'!$D$5:$D$141,"*"&'Service shares'!$A211)*H211 -> 0.1172304 | AN211: =SUMIFS('IND Balance'!H$5:H$141,'IND Balance'!$C$5:$C$141,'Service shares'!$B211,'IND Balance'!$D$5:$D$141,"*"&'Service shares'!$A211)*I211 -> 0.010580044 | AO211: =SUMIFS('IND Balance'!I$5:I$141,'IND Balance'!$C$5:$C$141,'Service shares'!$B211,'IND Balance'!$D$5:$D$141,"*"&'Service shares'!$A211)*J211 -> 1.2923647 | AP211: =SUMIFS('IND Balance'!J$5:J$141,'IND Balance'!$C$5:$C$141,'Service shares'!$B211,'IND Balance'!$D$5:$D$141,"*"&'Service shares'!$A211)*K211 -> 0.3346593 | AQ211: =SUMIFS('IND Balance'!K$5:K$141,'IND Balance'!$C$5:$C$141,'Service shares'!$B211,'IND Balance'!$D$5:$D$141,"*"&'Service shares'!$A211)*L211 -> 0.015001304 | AR211: =SUMIFS('IND Balance'!L$5:L$141,'IND Balance'!$C$5:$C$141,'Service shares'!$B211,'IND Balance'!$D$5:$D$141,"*"&'Service shares'!$A211)*M211 -> 1.5117991 | ... BN211: =SUMIFS('IND Balance'!AH$5:AH$141,'IND Balance'!$C$5:$C$141,'Service shares'!$B211,'IND Balance'!$D$5:$D$141,"*"&'Service shares'!$A211)*AI211 -> 0
A212: =A211 -> BIO | B212: ITM | C212: PRH | D212: 1 | F212: =$D212 -> 1 | G212: =$D212 -> 1 | H212: =$D212 -> 1 | I212: =$D212 -> 1 | J212: =$D212 -> 1 | K212: =$D212 -> 1 | L212: =$D212 -> 1 | M212: =$D212 -> 1 | ... AI212: =$D212 -> 1 | AK212: =SUMIFS('IND Balance'!E$5:E$141,'IND Balance'!$C$5:$C$141,'Service shares'!$B212,'IND Balance'!$D$5:$D$141,"*"&'Service shares'!$A212)*F212 -> 0 | AL212: =SUMIFS('IND Balance'!F$5:F$141,'IND Balance'!$C$5:$C$141,'Service shares'!$B212,'IND Balance'!$D$5:$D$141,"*"&'Service shares'!$A212)*G212 -> 0 | AM212: =SUMIFS('IND Balance'!G$5:G$141,'IND Balance'!$C$5:$C$141,'Service shares'!$B212,'IND Balance'!$D$5:$D$141,"*"&'Service shares'!$A212)*H212 -> 0 | AN212: =SUMIFS('IND Balance'!H$5:H$141,'IND Balance'!$C$5:$C$141,'Service shares'!$B212,'IND Balance'!$D$5:$D$141,"*"&'Service shares'!$A212)*I212 -> 5.86152e-05 | AO212: =SUMIFS('IND Balance'!I$5:I$141,'IND Balance'!$C$5:$C$141,'Service shares'!$B212,'IND Balance'!$D$5:$D$141,"*"&'Service shares'!$A212)*J212 -> 0.084707338 | AP212: =SUMIFS('IND Balance'!J$5:J$141,'IND Balance'!$C$5:$C$141,'Service shares'!$B212,'IND Balance'!$D$5:$D$141,"*"&'Service shares'!$A212)*K212 -> 0.076915703 | AQ212: =SUMIFS('IND Balance'!K$5:K$141,'IND Balance'!$C$5:$C$141,'Service shares'!$B212,'IND Balance'!$D$5:$D$141,"*"&'Service shares'!$A212)*L212 -> 0 | AR212: =SUMIFS('IND Balance'!L$5:L$141,'IND Balance'!$C$5:$C$141,'Service shares'!$B212,'IND Balance'!$D$5:$D$141,"*"&'Service shares'!$A212)*M212 -> 0 | ... BN212: =SUMIFS('IND Balance'!AH$5:AH$141,'IND Balance'!$C$5:$C$141,'Service shares'!$B212,'IND Balance'!$D$5:$D$141,"*"&'Service shares'!$A212)*AI212 -> 0
A213: BFG | B213: IFP | C213: STM | D213: 0.33090024 | F213: =$D213 -> 0.33090024 | G213: =$D213 -> 0.33090024 | H213: =$D213 -> 0.33090024 | I213: =$D213 -> 0.33090024 | J213: =$D213 -> 0.33090024 | K213: =$D213 -> 0.33090024 | L213: =$D213 -> 0.33090024 | M213: =$D213 -> 0.33090024 | ... AI213: =$D213 -> 0.33090024 | AK213: =SUMIFS('IND Balance'!E$5:E$141,'IND Balance'!$C$5:$C$141,'Service shares'!$B213,'IND Balance'!$D$5:$D$141,"*"&'Service shares'!$A213)*F213 -> 0 | AL213: =SUMIFS('IND Balance'!F$5:F$141,'IND Balance'!$C$5:$C$141,'Service shares'!$B213,'IND Balance'!$D$5:$D$141,"*"&'Service shares'!$A213)*G213 -> 0 | AM213: =SUMIFS('IND Balance'!G$5:G$141,'IND Balance'!$C$5:$C$141,'Service shares'!$B213,'IND Balance'!$D$5:$D$141,"*"&'Service shares'!$A213)*H213 -> 0 | AN213: =SUMIFS('IND Balance'!H$5:H$141,'IND Balance'!$C$5:$C$141,'Service shares'!$B213,'IND Balance'!$D$5:$D$141,"*"&'Service shares'!$A213)*I213 -> 0 | AO213: =SUMIFS('IND Balance'!I$5:I$141,'IND Balance'!$C$5:$C$141,'Service shares'!$B213,'IND Balance'!$D$5:$D$141,"*"&'Service shares'!$A213)*J213 -> 0 | AP213: =SUMIFS('IND Balance'!J$5:J$141,'IND Balance'!$C$5:$C$141,'Service shares'!$B213,'IND Balance'!$D$5:$D$141,"*"&'Service shares'!$A213)*K213 -> 0 | AQ213: =SUMIFS('IND Balance'!K$5:K$141,'IND Balance'!$C$5:$C$141,'Service shares'!$B213,'IND Balance'!$D$5:$D$141,"*"&'Service shares'!$A213)*L213 -> 0 | AR213: =SUMIFS('IND Balance'!L$5:L$141,'IND Balance'!$C$5:$C$141,'Service shares'!$B213,'IND Balance'!$D$5:$D$141,"*"&'Service shares'!$A213)*M213 -> 0 | ... BN213: =SUMIFS('IND Balance'!AH$5:AH$141,'IND Balance'!$C$5:$C$141,'Service shares'!$B213,'IND Balance'!$D$5:$D$141,"*"&'Service shares'!$A213)*AI213 -> 0
A214: BFG | B214: IFP | C214: PRH | D214: 0.40632603 | F214: =$D214 -> 0.40632603 | G214: =$D214 -> 0.40632603 | H214: =$D214 -> 0.40632603 | I214: =$D214 -> 0.40632603 | J214: =$D214 -> 0.40632603 | K214: =$D214 -> 0.40632603 | L214: =$D214 -> 0.40632603 | M214: =$D214 -> 0.40632603 | ... AI214: =$D214 -> 0.40632603 | AK214: =SUMIFS('IND Balance'!E$5:E$141,'IND Balance'!$C$5:$C$141,'Service shares'!$B214,'IND Balance'!$D$5:$D$141,"*"&'Service shares'!$A214)*F214 -> 0 | AL214: =SUMIFS('IND Balance'!F$5:F$141,'IND Balance'!$C$5:$C$141,'Service shares'!$B214,'IND Balance'!$D$5:$D$141,"*"&'Service shares'!$A214)*G214 -> 0 | AM214: =SUMIFS('IND Balance'!G$5:G$141,'IND Balance'!$C$5:$C$141,'Service shares'!$B214,'IND Balance'!$D$5:$D$141,"*"&'Service shares'!$A214)*H214 -> 0 | AN214: =SUMIFS('IND Balance'!H$5:H$141,'IND Balance'!$C$5:$C$141,'Service shares'!$B214,'IND Balance'!$D$5:$D$141,"*"&'Service shares'!$A214)*I214 -> 0 | AO214: =SUMIFS('IND Balance'!I$5:I$141,'IND Balance'!$C$5:$C$141,'Service shares'!$B214,'IND Balance'!$D$5:$D$141,"*"&'Service shares'!$A214)*J214 -> 0 | AP214: =SUMIFS('IND Balance'!J$5:J$141,'IND Balance'!$C$5:$C$141,'Service shares'!$B214,'IND Balance'!$D$5:$D$141,"*"&'Service shares'!$A214)*K214 -> 0 | AQ214: =SUMIFS('IND Balance'!K$5:K$141,'IND Balance'!$C$5:$C$141,'Service shares'!$B214,'IND Balance'!$D$5:$D$141,"*"&'Service shares'!$A214)*L214 -> 0 | AR214: =SUMIFS('IND Balance'!L$5:L$141,'IND Balance'!$C$5:$C$141,'Service shares'!$B214,'IND Balance'!$D$5:$D$141,"*"&'Service shares'!$A214)*M214 -> 0 | ... BN214: =SUMIFS('IND Balance'!AH$5:AH$141,'IND Balance'!$C$5:$C$141,'Service shares'!$B214,'IND Balance'!$D$5:$D$141,"*"&'Service shares'!$A214)*AI214 -> 0
A215: BFG | B215: IFP | C215: PRC | D215: 0.0097323601 | F215: =$D215 -> 0.0097323601 | G215: =$D215 -> 0.0097323601 | H215: =$D215 -> 0.0097323601 | I215: =$D215 -> 0.0097323601 | J215: =$D215 -> 0.0097323601 | K215: =$D215 -> 0.0097323601 | L215: =$D215 -> 0.0097323601 | M215: =$D215 -> 0.0097323601 | ... AI215: =$D215 -> 0.0097323601 | AK215: =SUMIFS('IND Balance'!E$5:E$141,'IND Balance'!$C$5:$C$141,'Service shares'!$B215,'IND Balance'!$D$5:$D$141,"*"&'Service shares'!$A215)*F215 -> 0 | AL215: =SUMIFS('IND Balance'!F$5:F$141,'IND Balance'!$C$5:$C$141,'Service shares'!$B215,'IND Balance'!$D$5:$D$141,"*"&'Service shares'!$A215)*G215 -> 0 | AM215: =SUMIFS('IND Balance'!G$5:G$141,'IND Balance'!$C$5:$C$141,'Service shares'!$B215,'IND Balance'!$D$5:$D$141,"*"&'Service shares'!$A215)*H215 -> 0 | AN215: =SUMIFS('IND Balance'!H$5:H$141,'IND Balance'!$C$5:$C$141,'Service shares'!$B215,'IND Balance'!$D$5:$D$141,"*"&'Service shares'!$A215)*I215 -> 0 | AO215: =SUMIFS('IND Balance'!I$5:I$141,'IND Balance'!$C$5:$C$141,'Service shares'!$B215,'IND Balance'!$D$5:$D$141,"*"&'Service shares'!$A215)*J215 -> 0 | AP215: =SUMIFS('IND Balance'!J$5:J$141,'IND Balance'!$C$5:$C$141,'Service shares'!$B215,'IND Balance'!$D$5:$D$141,"*"&'Service shares'!$A215)*K215 -> 0 | AQ215: =SUMIFS('IND Balance'!K$5:K$141,'IND Balance'!$C$5:$C$141,'Service shares'!$B215,'IND Balance'!$D$5:$D$141,"*"&'Service shares'!$A215)*L215 -> 0 | AR215: =SUMIFS('IND Balance'!L$5:L$141,'IND Balance'!$C$5:$C$141,'Service shares'!$B215,'IND Balance'!$D$5:$D$141,"*"&'Service shares'!$A215)*M215 -> 0 | ... BN215: =SUMIFS('IND Balance'!AH$5:AH$141,'IND Balance'!$C$5:$C$141,'Service shares'!$B215,'IND Balance'!$D$5:$D$141,"*"&'Service shares'!$A215)*AI215 -> 0
A216: BFG | B216: IFP | C216: MDR | D216: 0.03406326 | F216: =$D216 -> 0.03406326 | G216: =$D216 -> 0.03406326 | H216: =$D216 -> 0.03406326 | I216: =$D216 -> 0.03406326 | J216: =$D216 -> 0.03406326 | K216: =$D216 -> 0.03406326 | L216: =$D216 -> 0.03406326 | M216: =$D216 -> 0.03406326 | ... AI216: =$D216 -> 0.03406326 | AK216: =SUMIFS('IND Balance'!E$5:E$141,'IND Balance'!$C$5:$C$141,'Service shares'!$B216,'IND Balance'!$D$5:$D$141,"*"&'Service shares'!$A216)*F216 -> 0 | AL216: =SUMIFS('IND Balance'!F$5:F$141,'IND Balance'!$C$5:$C$141,'Service shares'!$B216,'IND Balance'!$D$5:$D$141,"*"&'Service shares'!$A216)*G216 -> 0 | AM216: =SUMIFS('IND Balance'!G$5:G$141,'IND Balance'!$C$5:$C$141,'Service shares'!$B216,'IND Balance'!$D$5:$D$141,"*"&'Service shares'!$A216)*H216 -> 0 | AN216: =SUMIFS('IND Balance'!H$5:H$141,'IND Balance'!$C$5:$C$141,'Service shares'!$B216,'IND Balance'!$D$5:$D$141,"*"&'Service shares'!$A216)*I216 -> 0 | AO216: =SUMIFS('IND Balance'!I$5:I$141,'IND Balance'!$C$5:$C$141,'Service shares'!$B216,'IND Balance'!$D$5:$D$141,"*"&'Service shares'!$A216)*J216 -> 0 | AP216: =SUMIFS('IND Balance'!J$5:J$141,'IND Balance'!$C$5:$C$141,'Service shares'!$B216,'IND Balance'!$D$5:$D$141,"*"&'Service shares'!$A216)*K216 -> 0 | AQ216: =SUMIFS('IND Balance'!K$5:K$141,'IND Balance'!$C$5:$C$141,'Service shares'!$B216,'IND Balance'!$D$5:$D$141,"*"&'Service shares'!$A216)*L216 -> 0 | AR216: =SUMIFS('IND Balance'!L$5:L$141,'IND Balance'!$C$5:$C$141,'Service shares'!$B216,'IND Balance'!$D$5:$D$141,"*"&'Service shares'!$A216)*M216 -> 0 | ... BN216: =SUMIFS('IND Balance'!AH$5:AH$141,'IND Balance'!$C$5:$C$141,'Service shares'!$B216,'IND Balance'!$D$5:$D$141,"*"&'Service shares'!$A216)*AI216 -> 0
A217: BFG | B217: IFP | C217: OTP | D217: 0.03406326 | F217: =$D217 -> 0.03406326 | G217: =$D217 -> 0.03406326 | H217: =$D217 -> 0.03406326 | I217: =$D217 -> 0.03406326 | J217: =$D217 -> 0.03406326 | K217: =$D217 -> 0.03406326 | L217: =$D217 -> 0.03406326 | M217: =$D217 -> 0.03406326 | ... AI217: =$D217 -> 0.03406326 | AK217: =SUMIFS('IND Balance'!E$5:E$141,'IND Balance'!$C$5:$C$141,'Service shares'!$B217,'IND Balance'!$D$5:$D$141,"*"&'Service shares'!$A217)*F217 -> 0 | AL217: =SUMIFS('IND Balance'!F$5:F$141,'IND Balance'!$C$5:$C$141,'Service shares'!$B217,'IND Balance'!$D$5:$D$141,"*"&'Service shares'!$A217)*G217 -> 0 | AM217: =SUMIFS('IND Balance'!G$5:G$141,'IND Balance'!$C$5:$C$141,'Service shares'!$B217,'IND Balance'!$D$5:$D$141,"*"&'Service shares'!$A217)*H217 -> 0 | AN217: =SUMIFS('IND Balance'!H$5:H$141,'IND Balance'!$C$5:$C$141,'Service shares'!$B217,'IND Balance'!$D$5:$D$141,"*"&'Service shares'!$A217)*I217 -> 0 | AO217: =SUMIFS('IND Balance'!I$5:I$141,'IND Balance'!$C$5:$C$141,'Service shares'!$B217,'IND Balance'!$D$5:$D$141,"*"&'Service shares'!$A217)*J217 -> 0 | AP217: =SUMIFS('IND Balance'!J$5:J$141,'IND Balance'!$C$5:$C$141,'Service shares'!$B217,'IND Balance'!$D$5:$D$141,"*"&'Service shares'!$A217)*K217 -> 0 | AQ217: =SUMIFS('IND Balance'!K$5:K$141,'IND Balance'!$C$5:$C$141,'Service shares'!$B217,'IND Balance'!$D$5:$D$141,"*"&'Service shares'!$A217)*L217 -> 0 | AR217: =SUMIFS('IND Balance'!L$5:L$141,'IND Balance'!$C$5:$C$141,'Service shares'!$B217,'IND Balance'!$D$5:$D$141,"*"&'Service shares'!$A217)*M217 -> 0 | ... BN217: =SUMIFS('IND Balance'!AH$5:AH$141,'IND Balance'!$C$5:$C$141,'Service shares'!$B217,'IND Balance'!$D$5:$D$141,"*"&'Service shares'!$A217)*AI217 -> 0
A218: BFG | B218: IFP | C218: SPC | D218: 0.12895377 | F218: =$D218 -> 0.12895377 | G218: =$D218 -> 0.12895377 | H218: =$D218 -> 0.12895377 | I218: =$D218 -> 0.12895377 | J218: =$D218 -> 0.12895377 | K218: =$D218 -> 0.12895377 | L218: =$D218 -> 0.12895377 | M218: =$D218 -> 0.12895377 | ... AI218: =$D218 -> 0.12895377 | AK218: =SUMIFS('IND Balance'!E$5:E$141,'IND Balance'!$C$5:$C$141,'Service shares'!$B218,'IND Balance'!$D$5:$D$141,"*"&'Service shares'!$A218)*F218 -> 0 | AL218: =SUMIFS('IND Balance'!F$5:F$141,'IND Balance'!$C$5:$C$141,'Service shares'!$B218,'IND Balance'!$D$5:$D$141,"*"&'Service shares'!$A218)*G218 -> 0 | AM218: =SUMIFS('IND Balance'!G$5:G$141,'IND Balance'!$C$5:$C$141,'Service shares'!$B218,'IND Balance'!$D$5:$D$141,"*"&'Service shares'!$A218)*H218 -> 0 | AN218: =SUMIFS('IND Balance'!H$5:H$141,'IND Balance'!$C$5:$C$141,'Service shares'!$B218,'IND Balance'!$D$5:$D$141,"*"&'Service shares'!$A218)*I218 -> 0 | AO218: =SUMIFS('IND Balance'!I$5:I$141,'IND Balance'!$C$5:$C$141,'Service shares'!$B218,'IND Balance'!$D$5:$D$141,"*"&'Service shares'!$A218)*J218 -> 0 | AP218: =SUMIFS('IND Balance'!J$5:J$141,'IND Balance'!$C$5:$C$141,'Service shares'!$B218,'IND Balance'!$D$5:$D$141,"*"&'Service shares'!$A218)*K218 -> 0 | AQ218: =SUMIFS('IND Balance'!K$5:K$141,'IND Balance'!$C$5:$C$141,'Service shares'!$B218,'IND Balance'!$D$5:$D$141,"*"&'Service shares'!$A218)*L218 -> 0 | AR218: =SUMIFS('IND Balance'!L$5:L$141,'IND Balance'!$C$5:$C$141,'Service shares'!$B218,'IND Balance'!$D$5:$D$141,"*"&'Service shares'!$A218)*M218 -> 0 | ... BN218: =SUMIFS('IND Balance'!AH$5:AH$141,'IND Balance'!$C$5:$C$141,'Service shares'!$B218,'IND Balance'!$D$5:$D$141,"*"&'Service shares'!$A218)*AI218 -> 0
A219: BFG | B219: IFP | C219: OTH | D219: 0.055961071 | F219: =$D219 -> 0.055961071 | G219: =$D219 -> 0.055961071 | H219: =$D219 -> 0.055961071 | I219: =$D219 -> 0.055961071 | J219: =$D219 -> 0.055961071 | K219: =$D219 -> 0.055961071 | L219: =$D219 -> 0.055961071 | M219: =$D219 -> 0.055961071 | ... AI219: =$D219 -> 0.055961071 | AK219: =SUMIFS('IND Balance'!E$5:E$141,'IND Balance'!$C$5:$C$141,'Service shares'!$B219,'IND Balance'!$D$5:$D$141,"*"&'Service shares'!$A219)*F219 -> 0 | AL219: =SUMIFS('IND Balance'!F$5:F$141,'IND Balance'!$C$5:$C$141,'Service shares'!$B219,'IND Balance'!$D$5:$D$141,"*"&'Service shares'!$A219)*G219 -> 0 | AM219: =SUMIFS('IND Balance'!G$5:G$141,'IND Balance'!$C$5:$C$141,'Service shares'!$B219,'IND Balance'!$D$5:$D$141,"*"&'Service shares'!$A219)*H219 -> 0 | AN219: =SUMIFS('IND Balance'!H$5:H$141,'IND Balance'!$C$5:$C$141,'Service shares'!$B219,'IND Balance'!$D$5:$D$141,"*"&'Service shares'!$A219)*I219 -> 0 | AO219: =SUMIFS('IND Balance'!I$5:I$141,'IND Balance'!$C$5:$C$141,'Service shares'!$B219,'IND Balance'!$D$5:$D$141,"*"&'Service shares'!$A219)*J219 -> 0 | AP219: =SUMIFS('IND Balance'!J$5:J$141,'IND Balance'!$C$5:$C$141,'Service shares'!$B219,'IND Balance'!$D$5:$D$141,"*"&'Service shares'!$A219)*K219 -> 0 | AQ219: =SUMIFS('IND Balance'!K$5:K$141,'IND Balance'!$C$5:$C$141,'Service shares'!$B219,'IND Balance'!$D$5:$D$141,"*"&'Service shares'!$A219)*L219 -> 0 | AR219: =SUMIFS('IND Balance'!L$5:L$141,'IND Balance'!$C$5:$C$141,'Service shares'!$B219,'IND Balance'!$D$5:$D$141,"*"&'Service shares'!$A219)*M219 -> 0 | ... BN219: =SUMIFS('IND Balance'!AH$5:AH$141,'IND Balance'!$C$5:$C$141,'Service shares'!$B219,'IND Balance'!$D$5:$D$141,"*"&'Service shares'!$A219)*AI219 -> 0
A220: BFG | B220: IOI | C220: STM | D220: 0.21637427 | F220: =$D220 -> 0.21637427 | G220: =$D220 -> 0.21637427 | H220: =$D220 -> 0.21637427 | I220: =$D220 -> 0.21637427 | J220: =$D220 -> 0.21637427 | K220: =$D220 -> 0.21637427 | L220: =$D220 -> 0.21637427 | M220: =$D220 -> 0.21637427 | ... AI220: =$D220 -> 0.21637427 | AK220: =SUMIFS('IND Balance'!E$5:E$141,'IND Balance'!$C$5:$C$141,'Service shares'!$B220,'IND Balance'!$D$5:$D$141,"*"&'Service shares'!$A220)*F220 -> 0 | AL220: =SUMIFS('IND Balance'!F$5:F$141,'IND Balance'!$C$5:$C$141,'Service shares'!$B220,'IND Balance'!$D$5:$D$141,"*"&'Service shares'!$A220)*G220 -> 0 | AM220: =SUMIFS('IND Balance'!G$5:G$141,'IND Balance'!$C$5:$C$141,'Service shares'!$B220,'IND Balance'!$D$5:$D$141,"*"&'Service shares'!$A220)*H220 -> 0 | AN220: =SUMIFS('IND Balance'!H$5:H$141,'IND Balance'!$C$5:$C$141,'Service shares'!$B220,'IND Balance'!$D$5:$D$141,"*"&'Service shares'!$A220)*I220 -> 0 | AO220: =SUMIFS('IND Balance'!I$5:I$141,'IND Balance'!$C$5:$C$141,'Service shares'!$B220,'IND Balance'!$D$5:$D$141,"*"&'Service shares'!$A220)*J220 -> 0 | AP220: =SUMIFS('IND Balance'!J$5:J$141,'IND Balance'!$C$5:$C$141,'Service shares'!$B220,'IND Balance'!$D$5:$D$141,"*"&'Service shares'!$A220)*K220 -> 0 | AQ220: =SUMIFS('IND Balance'!K$5:K$141,'IND Balance'!$C$5:$C$141,'Service shares'!$B220,'IND Balance'!$D$5:$D$141,"*"&'Service shares'!$A220)*L220 -> 0 | AR220: =SUMIFS('IND Balance'!L$5:L$141,'IND Balance'!$C$5:$C$141,'Service shares'!$B220,'IND Balance'!$D$5:$D$141,"*"&'Service shares'!$A220)*M220 -> 0 | ... BN220: =SUMIFS('IND Balance'!AH$5:AH$141,'IND Balance'!$C$5:$C$141,'Service shares'!$B220,'IND Balance'!$D$5:$D$141,"*"&'Service shares'!$A220)*AI220 -> 0
A221: BFG | B221: IOI | C221: PRH | D221: 0.49122807 | F221: =$D221 -> 0.49122807 | G221: =$D221 -> 0.49122807 | H221: =$D221 -> 0.49122807 | I221: =$D221 -> 0.49122807 | J221: =$D221 -> 0.49122807 | K221: =$D221 -> 0.49122807 | L221: =$D221 -> 0.49122807 | M221: =$D221 -> 0.49122807 | ... AI221: =$D221 -> 0.49122807 | AK221: =SUMIFS('IND Balance'!E$5:E$141,'IND Balance'!$C$5:$C$141,'Service shares'!$B221,'IND Balance'!$D$5:$D$141,"*"&'Service shares'!$A221)*F221 -> 0 | AL221: =SUMIFS('IND Balance'!F$5:F$141,'IND Balance'!$C$5:$C$141,'Service shares'!$B221,'IND Balance'!$D$5:$D$141,"*"&'Service shares'!$A221)*G221 -> 0 | AM221: =SUMIFS('IND Balance'!G$5:G$141,'IND Balance'!$C$5:$C$141,'Service shares'!$B221,'IND Balance'!$D$5:$D$141,"*"&'Service shares'!$A221)*H221 -> 0 | AN221: =SUMIFS('IND Balance'!H$5:H$141,'IND Balance'!$C$5:$C$141,'Service shares'!$B221,'IND Balance'!$D$5:$D$141,"*"&'Service shares'!$A221)*I221 -> 0 | AO221: =SUMIFS('IND Balance'!I$5:I$141,'IND Balance'!$C$5:$C$141,'Service shares'!$B221,'IND Balance'!$D$5:$D$141,"*"&'Service shares'!$A221)*J221 -> 0 | AP221: =SUMIFS('IND Balance'!J$5:J$141,'IND Balance'!$C$5:$C$141,'Service shares'!$B221,'IND Balance'!$D$5:$D$141,"*"&'Service shares'!$A221)*K221 -> 0 | AQ221: =SUMIFS('IND Balance'!K$5:K$141,'IND Balance'!$C$5:$C$141,'Service shares'!$B221,'IND Balance'!$D$5:$D$141,"*"&'Service shares'!$A221)*L221 -> 0 | AR221: =SUMIFS('IND Balance'!L$5:L$141,'IND Balance'!$C$5:$C$141,'Service shares'!$B221,'IND Balance'!$D$5:$D$141,"*"&'Service shares'!$A221)*M221 -> 0 | ... BN221: =SUMIFS('IND Balance'!AH$5:AH$141,'IND Balance'!$C$5:$C$141,'Service shares'!$B221,'IND Balance'!$D$5:$D$141,"*"&'Service shares'!$A221)*AI221 -> 0
A222: BFG | B222: IOI | C222: MDR | D222: 0.040935673 | F222: =$D222 -> 0.040935673 | G222: =$D222 -> 0.040935673 | H222: =$D222 -> 0.040935673 | I222: =$D222 -> 0.040935673 | J222: =$D222 -> 0.040935673 | K222: =$D222 -> 0.040935673 | L222: =$D222 -> 0.040935673 | M222: =$D222 -> 0.040935673 | ... AI222: =$D222 -> 0.040935673 | AK222: =SUMIFS('IND Balance'!E$5:E$141,'IND Balance'!$C$5:$C$141,'Service shares'!$B222,'IND Balance'!$D$5:$D$141,"*"&'Service shares'!$A222)*F222 -> 0 | AL222: =SUMIFS('IND Balance'!F$5:F$141,'IND Balance'!$C$5:$C$141,'Service shares'!$B222,'IND Balance'!$D$5:$D$141,"*"&'Service shares'!$A222)*G222 -> 0 | AM222: =SUMIFS('IND Balance'!G$5:G$141,'IND Balance'!$C$5:$C$141,'Service shares'!$B222,'IND Balance'!$D$5:$D$141,"*"&'Service shares'!$A222)*H222 -> 0 | AN222: =SUMIFS('IND Balance'!H$5:H$141,'IND Balance'!$C$5:$C$141,'Service shares'!$B222,'IND Balance'!$D$5:$D$141,"*"&'Service shares'!$A222)*I222 -> 0 | AO222: =SUMIFS('IND Balance'!I$5:I$141,'IND Balance'!$C$5:$C$141,'Service shares'!$B222,'IND Balance'!$D$5:$D$141,"*"&'Service shares'!$A222)*J222 -> 0 | AP222: =SUMIFS('IND Balance'!J$5:J$141,'IND Balance'!$C$5:$C$141,'Service shares'!$B222,'IND Balance'!$D$5:$D$141,"*"&'Service shares'!$A222)*K222 -> 0 | AQ222: =SUMIFS('IND Balance'!K$5:K$141,'IND Balance'!$C$5:$C$141,'Service shares'!$B222,'IND Balance'!$D$5:$D$141,"*"&'Service shares'!$A222)*L222 -> 0 | AR222: =SUMIFS('IND Balance'!L$5:L$141,'IND Balance'!$C$5:$C$141,'Service shares'!$B222,'IND Balance'!$D$5:$D$141,"*"&'Service shares'!$A222)*M222 -> 0 | ... BN222: =SUMIFS('IND Balance'!AH$5:AH$141,'IND Balance'!$C$5:$C$141,'Service shares'!$B222,'IND Balance'!$D$5:$D$141,"*"&'Service shares'!$A222)*AI222 -> 0
A223: BFG | B223: IOI | C223: OTP | D223: 0.029239766 | F223: =$D223 -> 0.029239766 | G223: =$D223 -> 0.029239766 | H223: =$D223 -> 0.029239766 | I223: =$D223 -> 0.029239766 | J223: =$D223 -> 0.029239766 | K223: =$D223 -> 0.029239766 | L223: =$D223 -> 0.029239766 | M223: =$D223 -> 0.029239766 | ... AI223: =$D223 -> 0.029239766 | AK223: =SUMIFS('IND Balance'!E$5:E$141,'IND Balance'!$C$5:$C$141,'Service shares'!$B223,'IND Balance'!$D$5:$D$141,"*"&'Service shares'!$A223)*F223 -> 0 | AL223: =SUMIFS('IND Balance'!F$5:F$141,'IND Balance'!$C$5:$C$141,'Service shares'!$B223,'IND Balance'!$D$5:$D$141,"*"&'Service shares'!$A223)*G223 -> 0 | AM223: =SUMIFS('IND Balance'!G$5:G$141,'IND Balance'!$C$5:$C$141,'Service shares'!$B223,'IND Balance'!$D$5:$D$141,"*"&'Service shares'!$A223)*H223 -> 0 | AN223: =SUMIFS('IND Balance'!H$5:H$141,'IND Balance'!$C$5:$C$141,'Service shares'!$B223,'IND Balance'!$D$5:$D$141,"*"&'Service shares'!$A223)*I223 -> 0 | AO223: =SUMIFS('IND Balance'!I$5:I$141,'IND Balance'!$C$5:$C$141,'Service shares'!$B223,'IND Balance'!$D$5:$D$141,"*"&'Service shares'!$A223)*J223 -> 0 | AP223: =SUMIFS('IND Balance'!J$5:J$141,'IND Balance'!$C$5:$C$141,'Service shares'!$B223,'IND Balance'!$D$5:$D$141,"*"&'Service shares'!$A223)*K223 -> 0 | AQ223: =SUMIFS('IND Balance'!K$5:K$141,'IND Balance'!$C$5:$C$141,'Service shares'!$B223,'IND Balance'!$D$5:$D$141,"*"&'Service shares'!$A223)*L223 -> 0 | AR223: =SUMIFS('IND Balance'!L$5:L$141,'IND Balance'!$C$5:$C$141,'Service shares'!$B223,'IND Balance'!$D$5:$D$141,"*"&'Service shares'!$A223)*M223 -> 0 | ... BN223: =SUMIFS('IND Balance'!AH$5:AH$141,'IND Balance'!$C$5:$C$141,'Service shares'!$B223,'IND Balance'!$D$5:$D$141,"*"&'Service shares'!$A223)*AI223 -> 0
A224: BFG | B224: IOI | C224: SPC | D224: 0.21052632 | F224: =$D224 -> 0.21052632 | G224: =$D224 -> 0.21052632 | H224: =$D224 -> 0.21052632 | I224: =$D224 -> 0.21052632 | J224: =$D224 -> 0.21052632 | K224: =$D224 -> 0.21052632 | L224: =$D224 -> 0.21052632 | M224: =$D224 -> 0.21052632 | ... AI224: =$D224 -> 0.21052632 | AK224: =SUMIFS('IND Balance'!E$5:E$141,'IND Balance'!$C$5:$C$141,'Service shares'!$B224,'IND Balance'!$D$5:$D$141,"*"&'Service shares'!$A224)*F224 -> 0 | AL224: =SUMIFS('IND Balance'!F$5:F$141,'IND Balance'!$C$5:$C$141,'Service shares'!$B224,'IND Balance'!$D$5:$D$141,"*"&'Service shares'!$A224)*G224 -> 0 | AM224: =SUMIFS('IND Balance'!G$5:G$141,'IND Balance'!$C$5:$C$141,'Service shares'!$B224,'IND Balance'!$D$5:$D$141,"*"&'Service shares'!$A224)*H224 -> 0 | AN224: =SUMIFS('IND Balance'!H$5:H$141,'IND Balance'!$C$5:$C$141,'Service shares'!$B224,'IND Balance'!$D$5:$D$141,"*"&'Service shares'!$A224)*I224 -> 0 | AO224: =SUMIFS('IND Balance'!I$5:I$141,'IND Balance'!$C$5:$C$141,'Service shares'!$B224,'IND Balance'!$D$5:$D$141,"*"&'Service shares'!$A224)*J224 -> 0 | AP224: =SUMIFS('IND Balance'!J$5:J$141,'IND Balance'!$C$5:$C$141,'Service shares'!$B224,'IND Balance'!$D$5:$D$141,"*"&'Service shares'!$A224)*K224 -> 0 | AQ224: =SUMIFS('IND Balance'!K$5:K$141,'IND Balance'!$C$5:$C$141,'Service shares'!$B224,'IND Balance'!$D$5:$D$141,"*"&'Service shares'!$A224)*L224 -> 0 | AR224: =SUMIFS('IND Balance'!L$5:L$141,'IND Balance'!$C$5:$C$141,'Service shares'!$B224,'IND Balance'!$D$5:$D$141,"*"&'Service shares'!$A224)*M224 -> 0 | ... BN224: =SUMIFS('IND Balance'!AH$5:AH$141,'IND Balance'!$C$5:$C$141,'Service shares'!$B224,'IND Balance'!$D$5:$D$141,"*"&'Service shares'!$A224)*AI224 -> 0
... A280: HET | B280: INF | C280: STM | D280: 1 | F280: =$D280 -> 1 | G280: =$D280 -> 1 | H280: =$D280 -> 1 | I280: =$D280 -> 1 | J280: =$D280 -> 1 | K280: =$D280 -> 1 | L280: =$D280 -> 1 | M280: =$D280 -> 1 | ... AI280: =$D280 -> 1 | AK280: =SUMIFS('IND Balance'!E$5:E$141,'IND Balance'!$C$5:$C$141,'Service shares'!$B280,'IND Balance'!$D$5:$D$141,"*"&'Service shares'!$A280)*F280 -> 0 | AL280: =SUMIFS('IND Balance'!F$5:F$141,'IND Balance'!$C$5:$C$141,'Service shares'!$B280,'IND Balance'!$D$5:$D$141,"*"&'Service shares'!$A280)*G280 -> 0 | AM280: =SUMIFS('IND Balance'!G$5:G$141,'IND Balance'!$C$5:$C$141,'Service shares'!$B280,'IND Balance'!$D$5:$D$141,"*"&'Service shares'!$A280)*H280 -> 0 | AN280: =SUMIFS('IND Balance'!H$5:H$141,'IND Balance'!$C$5:$C$141,'Service shares'!$B280,'IND Balance'!$D$5:$D$141,"*"&'Service shares'!$A280)*I280 -> 0.61864157 | AO280: =SUMIFS('IND Balance'!I$5:I$141,'IND Balance'!$C$5:$C$141,'Service shares'!$B280,'IND Balance'!$D$5:$D$141,"*"&'Service shares'!$A280)*J280 -> 0.0023194872 | AP280: =SUMIFS('IND Balance'!J$5:J$141,'IND Balance'!$C$5:$C$141,'Service shares'!$B280,'IND Balance'!$D$5:$D$141,"*"&'Service shares'!$A280)*K280 -> 0.21631102 | AQ280: =SUMIFS('IND Balance'!K$5:K$141,'IND Balance'!$C$5:$C$141,'Service shares'!$B280,'IND Balance'!$D$5:$D$141,"*"&'Service shares'!$A280)*L280 -> 0 | AR280: =SUMIFS('IND Balance'!L$5:L$141,'IND Balance'!$C$5:$C$141,'Service shares'!$B280,'IND Balance'!$D$5:$D$141,"*"&'Service shares'!$A280)*M280 -> 0 | ... BN280: =SUMIFS('IND Balance'!AH$5:AH$141,'IND Balance'!$C$5:$C$141,'Service shares'!$B280,'IND Balance'!$D$5:$D$141,"*"&'Service shares'!$A280)*AI280 -> 0

Sheet Service PJ
F1: 2010 | G1: 2020 | H1: 2030 | I1: 2040 | J1: 2050 | N1: ~FI_T: Stock | AU1: ~FI_T: EFF | CB1: ~FI_Process | CL1: ~FI_T: FLO_MARK~LO | DV1: 0.99
A2: f* | B2: s* | C2: ='Service shares'!A2 -> Fuel | D2: ='Service shares'!B2 -> Industry | E2: ='Service shares'!C2 -> Service | F2: EFF | L2: process | M2: comm-in | N2: comm-out | O2: ='Service shares'!F2 -> Africa_north | P2: ='Service shares'!G2 -> Africa_other | Q2: ='Service shares'!H2 -> Arg-Chi | R2: ='Service shares'!I2 -> Asia_central | S2: ='Service shares'!J2 -> Asia_east | T2: ='Service shares'!K2 -> Asia_other | U2: ='Service shares'!L2 -> Australia_NZ | V2: ='Service shares'!M2 -> Brazil | ... AR2: ='Service shares'!AI2 -> \I: | AS2: NCAP_BND~0 | AU2: =L2 -> process | AV2: ='Service shares'!F2 -> Africa_north | AW2: ='Service shares'!G2 -> Africa_other | AX2: ='Service shares'!H2 -> Arg-Chi | AY2: ='Service shares'!I2 -> Asia_central | AZ2: ='Service shares'!J2 -> Asia_east | BA2: ='Service shares'!K2 -> Asia_other | BB2: ='Service shares'!L2 -> Australia_NZ | BC2: ='Service shares'!M2 -> Brazil | ... BY2: ='Service shares'!AI2 -> \I: | BZ2: year | CB2: Region | CC2: Sets | CD2: TechName | CE2: TechDesc | CF2: Tact | CG2: Tcap | CH2: Tslvl | CI2: PrimaryCG | CJ2: Vintage | CL2: process | CM2: commodity | CN2: =O2 -> Africa_north | CO2: =P2 -> Africa_other | CP2: =Q2 -> Arg-Chi | CQ2: =R2 -> Asia_central | CR2: =S2 -> Asia_east | CS2: =T2 -> Asia_other | CT2: =U2 -> Australia_NZ | CU2: =V2 -> Brazil | ... DQ2: =AR2 -> \I: | DR2: 0 | DS2: FLO_MARK~UP | DT2: FLO_MARK~UP~0
A3: =C3 -> ELC | B3: =VLOOKUP(E3,'EPA_US9RT techs'!$R$26:$S$34,2,FALSE) -> STM | C3: ='Service shares'!A3 -> ELC | D3: ='Service shares'!B3 -> IFP | E3: ='Service shares'!C3 -> STM | F3: =IFERROR(1/AVERAGEIFS('EPA_US9RT techs'!$I$2:$I$1718,'EPA_US9RT techs'!$J$2:$J$1718,'Service PJ'!$D3,'EPA_US9RT techs'!$K$2:$K$1718,'Service PJ'!$B3,'EPA_US9RT techs'!$L$2:$L$1718,'Service PJ'!$A3,'EPA_US9RT techs'!$C$2:$C$1718,"VDA_FLOP",'EPA_US9RT techs'!$F$2:$F$1718,'Service PJ'!F$1),1/AVERAGEIFS('EPA_US9RT techs'!$I$2:$I$1718,'EPA_US9RT techs'!$K$2:$K$1718,'Service PJ'!$B3,'EPA_US9RT techs'!$L$2:$L$1718,'Service PJ'!$A3,'EPA_US9RT techs'!$C$2:$C$1718,"VDA_FLOP",'EPA_US9RT techs'!$F$2:$F$1718,'Service PJ'!F$1)) -> 1 | G3: =IFERROR(IFERROR(1/AVERAGEIFS('EPA_US9RT techs'!$I$2:$I$1718,'EPA_US9RT techs'!$J$2:$J$1718,'Service PJ'!$D3,'EPA_US9RT techs'!$K$2:$K$1718,'Service PJ'!$B3,'EPA_US9RT techs'!$L$2:$L$1718,'Service PJ'!$A3,'EPA_US9RT techs'!$C$2:$C$1718,"VDA_FLOP",'EPA_US9RT techs'!$F$2:$F$1718,'Service PJ'!G$1),1/AVERAGEIFS('EPA_US9RT techs'!$I$2:$I$1718,'EPA_US9RT techs'!$K$2:$K$1718,'Service PJ'!$B3,'EPA_US9RT techs'!$L$2:$L$1718,'Service PJ'!$A3,'EPA_US9RT techs'!$C$2:$C$1718,"VDA_FLOP",'EPA_US9RT techs'!$F$2:$F$1718,'Service PJ'!G$1)),"") | H3: =IFERROR(IFERROR(1/AVERAGEIFS('EPA_US9RT techs'!$I$2:$I$1718,'EPA_US9RT techs'!$J$2:$J$1718,'Service PJ'!$D3,'EPA_US9RT techs'!$K$2:$K$1718,'Service PJ'!$B3,'EPA_US9RT techs'!$L$2:$L$1718,'Service PJ'!$A3,'EPA_US9RT techs'!$C$2:$C$1718,"VDA_FLOP",'EPA_US9RT techs'!$F$2:$F$1718,'Service PJ'!H$1),1/AVERAGEIFS('EPA_US9RT techs'!$I$2:$I$1718,'EPA_US9RT techs'!$K$2:$K$1718,'Service PJ'!$B3,'EPA_US9RT techs'!$L$2:$L$1718,'Service PJ'!$A3,'EPA_US9RT techs'!$C$2:$C$1718,"VDA_FLOP",'EPA_US9RT techs'!$F$2:$F$1718,'Service PJ'!H$1)),"") | I3: =IFERROR(IFERROR(1/AVERAGEIFS('EPA_US9RT techs'!$I$2:$I$1718,'EPA_US9RT techs'!$J$2:$J$1718,'Service PJ'!$D3,'EPA_US9RT techs'!$K$2:$K$1718,'Service PJ'!$B3,'EPA_US9RT techs'!$L$2:$L$1718,'Service PJ'!$A3,'EPA_US9RT techs'!$C$2:$C$1718,"VDA_FLOP",'EPA_US9RT techs'!$F$2:$F$1718,'Service PJ'!I$1),1/AVERAGEIFS('EPA_US9RT techs'!$I$2:$I$1718,'EPA_US9RT techs'!$K$2:$K$1718,'Service PJ'!$B3,'EPA_US9RT techs'!$L$2:$L$1718,'Service PJ'!$A3,'EPA_US9RT techs'!$C$2:$C$1718,"VDA_FLOP",'EPA_US9RT techs'!$F$2:$F$1718,'Service PJ'!I$1)),"") | J3: =IFERROR(IFERROR(1/AVERAGEIFS('EPA_US9RT techs'!$I$2:$I$1718,'EPA_US9RT techs'!$J$2:$J$1718,'Service PJ'!$D3,'EPA_US9RT techs'!$K$2:$K$1718,'Service PJ'!$B3,'EPA_US9RT techs'!$L$2:$L$1718,'Service PJ'!$A3,'EPA_US9RT techs'!$C$2:$C$1718,"VDA_FLOP",'EPA_US9RT techs'!$F$2:$F$1718,'Service PJ'!J$1),1/AVERAGEIFS('EPA_US9RT techs'!$I$2:$I$1718,'EPA_US9RT techs'!$K$2:$K$1718,'Service PJ'!$B3,'EPA_US9RT techs'!$L$2:$L$1718,'Service PJ'!$A3,'EPA_US9RT techs'!$C$2:$C$1718,"VDA_FLOP",'EPA_US9RT techs'!$F$2:$F$1718,'Service PJ'!J$1)),"") | L3: =IF(SUM(O3:AR3)=0,"\I: ","")&'Service PJ'!D3&"_"&'Service PJ'!E3&"_"&'Service PJ'!C3 -> IFP_STM_ELC | M3: ="IND"&'Service PJ'!C3 -> INDELC | N3: =LEFT(L3,7) -> IFP_STM | O3: ='Service shares'!AK3*'Service PJ'!AV3 -> 0.49746673 | P3: ='Service shares'!AL3*'Service PJ'!AW3 -> 0.22114954 | Q3: ='Service shares'!AM3*'Service PJ'!AX3 -> 1.2585126 | R3: ='Service shares'!AN3*'Service PJ'!AY3 -> 0.38007723 | S3: ='Service shares'!AO3*'Service PJ'!AZ3 -> 3.7673897 | T3: ='Service shares'!AP3*'Service PJ'!BA3 -> 4.6216199 | U3: ='Service shares'!AQ3*'Service PJ'!BB3 -> 0.89960808 | V3: ='Service shares'!AR3*'Service PJ'!BC3 -> 2.6700115 | ... AR3: ='Service shares'!BN3*'Service PJ'!BY3 -> 0 | AS3: 0 | AU3: =L3 -> IFP_STM_ELC | AV3: =IF($G3="",$F3,$G3) -> 1 | AW3: =IF($G3="",$F3,$G3) -> 1 | AX3: =IF($G3="",$F3,$G3) -> 1 | AY3: =IF($G3="",$F3,$G3) -> 1 | AZ3: =IF($G3="",$F3,$G3) -> 1 | BA3: =IF($G3="",$F3,$G3) -> 1 | BB3: =IF($G3="",$F3,$G3) -> 1 | BC3: =IF($G3="",$F3,$G3) -> 1 | ... BY3: =IF($G3="",$F3,$G3) -> 1 | CC3: =IF(SUM(O3:AE3)=0,"*","PRE") -> PRE | CD3: =L3 -> IFP_STM_ELC | CE3: =VLOOKUP(D3,'IND Balance'!$AM$5:$AN$21,2,FALSE)&" - "&VLOOKUP(E3,'MECS_Table 5.4'!$AF$18:$AG$30,2,FALSE)&" - "&VLOOKUP('Service PJ'!M3,'IND Balance'!$AM$22:$AN$32,2,FALSE) -> Food processing - Steam - Electricity | CF3: PJ | CG3: PJ-a | CL3: =L3 -> IFP_STM_ELC | CM3: =IF(OR(RIGHT(N3,3)="ECP",RIGHT(N3,3)="LIG"),"\I:","")&N3 -> IFP_STM | CN3: =IFERROR(O3/SUMIFS(O$3:O$280,$N$3:$N$280,$CM3)*$DV$1,"") -> 0.053612618 | CO3: =IFERROR(P3/SUMIFS(P$3:P$280,$N$3:$N$280,$CM3)*$DV$1,"") -> 0.026457031 | CP3: =IFERROR(Q3/SUMIFS(Q$3:Q$280,$N$3:$N$280,$CM3)*$DV$1,"") -> 0.064132105 | CQ3: =IFERROR(R3/SUMIFS(R$3:R$280,$N$3:$N$280,$CM3)*$DV$1,"") -> 0.018240949 | CR3: =IFERROR(S3/SUMIFS(S$3:S$280,$N$3:$N$280,$CM3)*$DV$1,"") -> 0.072926299 | CS3: =IFERROR(T3/SUMIFS(T$3:T$280,$N$3:$N$280,$CM3)*$DV$1,"") -> 0.035005914 | CT3: =IFERROR(U3/SUMIFS(U$3:U$280,$N$3:$N$280,$CM3)*$DV$1,"") -> 0.020005337 | CU3: =IFERROR(V3/SUMIFS(V$3:V$280,$N$3:$N$280,$CM3)*$DV$1,"") -> 0.01359438 | ... DQ3: =IFERROR(AR3/SUMIFS(AR$3:AR$280,$N$3:$N$280,$CM3)*$DV$1,"") | DR3: 3 | DS3: =IF(RIGHT(CL3,3)="BIO",MAX(CN3:DQ3)+0.01,"") | DT3: =IF(DS3="","",3)
A4: =C4 -> ELC | B4: =VLOOKUP(E4,'EPA_US9RT techs'!$R$26:$S$34,2,FALSE) -> PRH | C4: ='Service shares'!A4 -> ELC | D4: ='Service shares'!B4 -> IFP | E4: ='Service shares'!C4 -> PRH | F4: =IFERROR(1/AVERAGEIFS('EPA_US9RT techs'!$I$2:$I$1718,'EPA_US9RT techs'!$J$2:$J$1718,'Service PJ'!$D4,'EPA_US9RT techs'!$K$2:$K$1718,'Service PJ'!$B4,'EPA_US9RT techs'!$L$2:$L$1718,'Service PJ'!$A4,'EPA_US9RT techs'!$C$2:$C$1718,"VDA_FLOP",'EPA_US9RT techs'!$F$2:$F$1718,'Service PJ'!F$1),1/AVERAGEIFS('EPA_US9RT techs'!$I$2:$I$1718,'EPA_US9RT techs'!$K$2:$K$1718,'Service PJ'!$B4,'EPA_US9RT techs'!$L$2:$L$1718,'Service PJ'!$A4,'EPA_US9RT techs'!$C$2:$C$1718,"VDA_FLOP",'EPA_US9RT techs'!$F$2:$F$1718,'Service PJ'!F$1)) -> 1 | G4: =IFERROR(IFERROR(1/AVERAGEIFS('EPA_US9RT techs'!$I$2:$I$1718,'EPA_US9RT techs'!$J$2:$J$1718,'Service PJ'!$D4,'EPA_US9RT techs'!$K$2:$K$1718,'Service PJ'!$B4,'EPA_US9RT techs'!$L$2:$L$1718,'Service PJ'!$A4,'EPA_US9RT techs'!$C$2:$C$1718,"VDA_FLOP",'EPA_US9RT techs'!$F$2:$F$1718,'Service PJ'!G$1),1/AVERAGEIFS('EPA_US9RT techs'!$I$2:$I$1718,'EPA_US9RT techs'!$K$2:$K$1718,'Service PJ'!$B4,'EPA_US9RT techs'!$L$2:$L$1718,'Service PJ'!$A4,'EPA_US9RT techs'!$C$2:$C$1718,"VDA_FLOP",'EPA_US9RT techs'!$F$2:$F$1718,'Service PJ'!G$1)),"") -> 1.104422 | H4: =IFERROR(IFERROR(1/AVERAGEIFS('EPA_US9RT techs'!$I$2:$I$1718,'EPA_US9RT techs'!$J$2:$J$1718,'Service PJ'!$D4,'EPA_US9RT techs'!$K$2:$K$1718,'Service PJ'!$B4,'EPA_US9RT techs'!$L$2:$L$1718,'Service PJ'!$A4,'EPA_US9RT techs'!$C$2:$C$1718,"VDA_FLOP",'EPA_US9RT techs'!$F$2:$F$1718,'Service PJ'!H$1),1/AVERAGEIFS('EPA_US9RT techs'!$I$2:$I$1718,'EPA_US9RT techs'!$K$2:$K$1718,'Service PJ'!$B4,'EPA_US9RT techs'!$L$2:$L$1718,'Service PJ'!$A4,'EPA_US9RT techs'!$C$2:$C$1718,"VDA_FLOP",'EPA_US9RT techs'!$F$2:$F$1718,'Service PJ'!H$1)),"") -> 1.1266495 | I4: =IFERROR(IFERROR(1/AVERAGEIFS('EPA_US9RT techs'!$I$2:$I$1718,'EPA_US9RT techs'!$J$2:$J$1718,'Service PJ'!$D4,'EPA_US9RT techs'!$K$2:$K$1718,'Service PJ'!$B4,'EPA_US9RT techs'!$L$2:$L$1718,'Service PJ'!$A4,'EPA_US9RT techs'!$C$2:$C$1718,"VDA_FLOP",'EPA_US9RT techs'!$F$2:$F$1718,'Service PJ'!I$1),1/AVERAGEIFS('EPA_US9RT techs'!$I$2:$I$1718,'EPA_US9RT techs'!$K$2:$K$1718,'Service PJ'!$B4,'EPA_US9RT techs'!$L$2:$L$1718,'Service PJ'!$A4,'EPA_US9RT techs'!$C$2:$C$1718,"VDA_FLOP",'EPA_US9RT techs'!$F$2:$F$1718,'Service PJ'!I$1)),"") -> 1.1633689 | J4: =IFERROR(IFERROR(1/AVERAGEIFS('EPA_US9RT techs'!$I$2:$I$1718,'EPA_US9RT techs'!$J$2:$J$1718,'Service PJ'!$D4,'EPA_US9RT techs'!$K$2:$K$1718,'Service PJ'!$B4,'EPA_US9RT techs'!$L$2:$L$1718,'Service PJ'!$A4,'EPA_US9RT techs'!$C$2:$C$1718,"VDA_FLOP",'EPA_US9RT techs'!$F$2:$F$1718,'Service PJ'!J$1),1/AVERAGEIFS('EPA_US9RT techs'!$I$2:$I$1718,'EPA_US9RT techs'!$K$2:$K$1718,'Service PJ'!$B4,'EPA_US9RT techs'!$L$2:$L$1718,'Service PJ'!$A4,'EPA_US9RT techs'!$C$2:$C$1718,"VDA_FLOP",'EPA_US9RT techs'!$F$2:$F$1718,'Service PJ'!J$1)),"") -> 1.1937005 | L4: =IF(SUM(O4:AR4)=0,"\I: ","")&'Service PJ'!D4&"_"&'Service PJ'!E4&"_"&'Service PJ'!C4 -> IFP_PRH_ELC | M4: ="IND"&'Service PJ'!C4 -> INDELC | N4: =LEFT(L4,7) -> IFP_PRH | O4: ='Service shares'!AK4*'Service PJ'!AV4 -> 0.67150499 | P4: ='Service shares'!AL4*'Service PJ'!AW4 -> 0.2985185 | Q4: ='Service shares'!AM4*'Service PJ'!AX4 -> 1.6988021 | R4: ='Service shares'!AN4*'Service PJ'!AY4 -> 0.51304689 | S4: ='Service shares'!AO4*'Service PJ'!AZ4 -> 5.0854074 | T4: ='Service shares'!AP4*'Service PJ'!BA4 -> 6.2384893 | U4: ='Service shares'!AQ4*'Service PJ'!BB4 -> 1.2143351 | V4: ='Service shares'!AR4*'Service PJ'!BC4 -> 3.6041125 | ... AR4: ='Service shares'!BN4*'Service PJ'!BY4 -> 0 | AS4: 0 | AU4: =L4 -> IFP_PRH_ELC | AV4: =IF($G4="",$F4,$G4) -> 1.104422 | AW4: =IF($G4="",$F4,$G4) -> 1.104422 | AX4: =IF($G4="",$F4,$G4) -> 1.104422 | AY4: =IF($G4="",$F4,$G4) -> 1.104422 | AZ4: =IF($G4="",$F4,$G4) -> 1.104422 | BA4: =IF($G4="",$F4,$G4) -> 1.104422 | BB4: =IF($G4="",$F4,$G4) -> 1.104422 | BC4: =IF($G4="",$F4,$G4) -> 1.104422 | ... BY4: =IF($G4="",$F4,$G4) -> 1.104422 | CC4: =IF(SUM(O4:AE4)=0,"*","PRE") -> PRE | CD4: =L4 -> IFP_PRH_ELC | CE4: =VLOOKUP(D4,'IND Balance'!$AM$5:$AN$21,2,FALSE)&" - "&VLOOKUP(E4,'MECS_Table 5.4'!$AF$18:$AG$30,2,FALSE)&" - "&VLOOKUP('Service PJ'!M4,'IND Balance'!$AM$22:$AN$32,2,FALSE) -> Food processing - Process heat - Electricity | CF4: PJ | CG4: PJ-a | CL4: =L4 -> IFP_PRH_ELC | CM4: =IF(OR(RIGHT(N4,3)="ECP",RIGHT(N4,3)="LIG"),"\I:","")&N4 -> IFP_PRH | CN4: =IFERROR(O4/SUMIFS(O$3:O$280,$N$3:$N$280,$CM4)*$DV$1,"") -> 0.053844551 | CO4: =IFERROR(P4/SUMIFS(P$3:P$280,$N$3:$N$280,$CM4)*$DV$1,"") -> 0.022097659 | CP4: =IFERROR(Q4/SUMIFS(Q$3:Q$280,$N$3:$N$280,$CM4)*$DV$1,"") -> 0.05371289 | CQ4: =IFERROR(R4/SUMIFS(R$3:R$280,$N$3:$N$280,$CM4)*$DV$1,"") -> 0.026818005 | CR4: =IFERROR(S4/SUMIFS(S$3:S$280,$N$3:$N$280,$CM4)*$DV$1,"") -> 0.087437543 | CS4: =IFERROR(T4/SUMIFS(T$3:T$280,$N$3:$N$280,$CM4)*$DV$1,"") -> 0.020978654 | CT4: =IFERROR(U4/SUMIFS(U$3:U$280,$N$3:$N$280,$CM4)*$DV$1,"") -> 0.011881105 | CU4: =IFERROR(V4/SUMIFS(V$3:V$280,$N$3:$N$280,$CM4)*$DV$1,"") -> 0.0071756207 | ... DQ4: =IFERROR(AR4/SUMIFS(AR$3:AR$280,$N$3:$N$280,$CM4)*$DV$1,"") | DR4: 3 | DS4: =IF(RIGHT(CL4,3)="BIO",MAX(CN4:DQ4)+0.01,"") | DT4: =IF(DS4="","",3)
A5: =C5 -> ELC | B5: =VLOOKUP(E5,'EPA_US9RT techs'!$R$26:$S$34,2,FALSE) -> OTH | C5: ='Service shares'!A5 -> ELC | D5: ='Service shares'!B5 -> IFP | E5: ='Service shares'!C5 -> PRC | F5: =IFERROR(1/AVERAGEIFS('EPA_US9RT techs'!$I$2:$I$1718,'EPA_US9RT techs'!$J$2:$J$1718,'Service PJ'!$D5,'EPA_US9RT techs'!$K$2:$K$1718,'Service PJ'!$B5,'EPA_US9RT techs'!$L$2:$L$1718,'Service PJ'!$A5,'EPA_US9RT techs'!$C$2:$C$1718,"VDA_FLOP",'EPA_US9RT techs'!$F$2:$F$1718,'Service PJ'!F$1),1/AVERAGEIFS('EPA_US9RT techs'!$I$2:$I$1718,'EPA_US9RT techs'!$K$2:$K$1718,'Service PJ'!$B5,'EPA_US9RT techs'!$L$2:$L$1718,'Service PJ'!$A5,'EPA_US9RT techs'!$C$2:$C$1718,"VDA_FLOP",'EPA_US9RT techs'!$F$2:$F$1718,'Service PJ'!F$1)) -> 1 | G5: =IFERROR(IFERROR(1/AVERAGEIFS('EPA_US9RT techs'!$I$2:$I$1718,'EPA_US9RT techs'!$J$2:$J$1718,'Service PJ'!$D5,'EPA_US9RT techs'!$K$2:$K$1718,'Service PJ'!$B5,'EPA_US9RT techs'!$L$2:$L$1718,'Service PJ'!$A5,'EPA_US9RT techs'!$C$2:$C$1718,"VDA_FLOP",'EPA_US9RT techs'!$F$2:$F$1718,'Service PJ'!G$1),1/AVERAGEIFS('EPA_US9RT techs'!$I$2:$I$1718,'EPA_US9RT techs'!$K$2:$K$1718,'Service PJ'!$B5,'EPA_US9RT techs'!$L$2:$L$1718,'Service PJ'!$A5,'EPA_US9RT techs'!$C$2:$C$1718,"VDA_FLOP",'EPA_US9RT techs'!$F$2:$F$1718,'Service PJ'!G$1)),"") -> 1.104422 | H5: =IFERROR(IFERROR(1/AVERAGEIFS('EPA_US9RT techs'!$I$2:$I$1718,'EPA_US9RT techs'!$J$2:$J$1718,'Service PJ'!$D5,'EPA_US9RT techs'!$K$2:$K$1718,'Service PJ'!$B5,'EPA_US9RT techs'!$L$2:$L$1718,'Service PJ'!$A5,'EPA_US9RT techs'!$C$2:$C$1718,"VDA_FLOP",'EPA_US9RT techs'!$F$2:$F$1718,'Service PJ'!H$1),1/AVERAGEIFS('EPA_US9RT techs'!$I$2:$I$1718,'EPA_US9RT techs'!$K$2:$K$1718,'Service PJ'!$B5,'EPA_US9RT techs'!$L$2:$L$1718,'Service PJ'!$A5,'EPA_US9RT techs'!$C$2:$C$1718,"VDA_FLOP",'EPA_US9RT techs'!$F$2:$F$1718,'Service PJ'!H$1)),"") -> 1.1266495 | I5: =IFERROR(IFERROR(1/AVERAGEIFS('EPA_US9RT techs'!$I$2:$I$1718,'EPA_US9RT techs'!$J$2:$J$1718,'Service PJ'!$D5,'EPA_US9RT techs'!$K$2:$K$1718,'Service PJ'!$B5,'EPA_US9RT techs'!$L$2:$L$1718,'Service PJ'!$A5,'EPA_US9RT techs'!$C$2:$C$1718,"VDA_FLOP",'EPA_US9RT techs'!$F$2:$F$1718,'Service PJ'!I$1),1/AVERAGEIFS('EPA_US9RT techs'!$I$2:$I$1718,'EPA_US9RT techs'!$K$2:$K$1718,'Service PJ'!$B5,'EPA_US9RT techs'!$L$2:$L$1718,'Service PJ'!$A5,'EPA_US9RT techs'!$C$2:$C$1718,"VDA_FLOP",'EPA_US9RT techs'!$F$2:$F$1718,'Service PJ'!I$1)),"") -> 1.1633689 | J5: =IFERROR(IFERROR(1/AVERAGEIFS('EPA_US9RT techs'!$I$2:$I$1718,'EPA_US9RT techs'!$J$2:$J$1718,'Service PJ'!$D5,'EPA_US9RT techs'!$K$2:$K$1718,'Service PJ'!$B5,'EPA_US9RT techs'!$L$2:$L$1718,'Service PJ'!$A5,'EPA_US9RT techs'!$C$2:$C$1718,"VDA_FLOP",'EPA_US9RT techs'!$F$2:$F$1718,'Service PJ'!J$1),1/AVERAGEIFS('EPA_US9RT techs'!$I$2:$I$1718,'EPA_US9RT techs'!$K$2:$K$1718,'Service PJ'!$B5,'EPA_US9RT techs'!$L$2:$L$1718,'Service PJ'!$A5,'EPA_US9RT techs'!$C$2:$C$1718,"VDA_FLOP",'EPA_US9RT techs'!$F$2:$F$1718,'Service PJ'!J$1)),"") -> 1.1937005 | L5: =IF(SUM(O5:AR5)=0,"\I: ","")&'Service PJ'!D5&"_"&'Service PJ'!E5&"_"&'Service PJ'!C5 -> IFP_PRC_ELC | M5: ="IND"&'Service PJ'!C5 -> INDELC | N5: =LEFT(L5,7) -> IFP_PRC | O5: ='Service shares'!AK5*'Service PJ'!AV5 -> 5.1889022 | P5: ='Service shares'!AL5*'Service PJ'!AW5 -> 2.3067339 | Q5: ='Service shares'!AM5*'Service PJ'!AX5 -> 13.127107 | R5: ='Service shares'!AN5*'Service PJ'!AY5 -> 3.9644532 | S5: ='Service shares'!AO5*'Service PJ'!AZ5 -> 39.29633 | T5: ='Service shares'!AP5*'Service PJ'!BA5 -> 48.206508 | U5: ='Service shares'!AQ5*'Service PJ'!BB5 -> 9.3834986 | V5: ='Service shares'!AR5*'Service PJ'!BC5 -> 27.84996 | ... AR5: ='Service shares'!BN5*'Service PJ'!BY5 -> 0 | AS5: 0 | AU5: =L5 -> IFP_PRC_ELC | AV5: =IF($G5="",$F5,$G5) -> 1.104422 | AW5: =IF($G5="",$F5,$G5) -> 1.104422 | AX5: =IF($G5="",$F5,$G5) -> 1.104422 | AY5: =IF($G5="",$F5,$G5) -> 1.104422 | AZ5: =IF($G5="",$F5,$G5) -> 1.104422 | BA5: =IF($G5="",$F5,$G5) -> 1.104422 | BB5: =IF($G5="",$F5,$G5) -> 1.104422 | BC5: =IF($G5="",$F5,$G5) -> 1.104422 | ... BY5: =IF($G5="",$F5,$G5) -> 1.104422 | CC5: =IF(SUM(O5:AE5)=0,"*","PRE") -> PRE | CD5: =L5 -> IFP_PRC_ELC | CE5: =VLOOKUP(D5,'IND Balance'!$AM$5:$AN$21,2,FALSE)&" - "&VLOOKUP(E5,'MECS_Table 5.4'!$AF$18:$AG$30,2,FALSE)&" - "&VLOOKUP('Service PJ'!M5,'IND Balance'!$AM$22:$AN$32,2,FALSE) -> Food processing - Process Cool - Electricity | CF5: PJ | CG5: PJ-a | CL5: =L5 -> IFP_PRC_ELC | CM5: =IF(OR(RIGHT(N5,3)="ECP",RIGHT(N5,3)="LIG"),"\I:","")&N5 -> IFP_PRC | CN5: =IFERROR(O5/SUMIFS(O$3:O$280,$N$3:$N$280,$CM5)*$DV$1,"") -> 0.94220468 | CO5: =IFERROR(P5/SUMIFS(P$3:P$280,$N$3:$N$280,$CM5)*$DV$1,"") -> 0.96104366 | CP5: =IFERROR(Q5/SUMIFS(Q$3:Q$280,$N$3:$N$280,$CM5)*$DV$1,"") -> 0.94202473 | CQ5: =IFERROR(R5/SUMIFS(R$3:R$280,$N$3:$N$280,$CM5)*$DV$1,"") -> 0.89834097 | CR5: =IFERROR(S5/SUMIFS(S$3:S$280,$N$3:$N$280,$CM5)*$DV$1,"") -> 0.96216446 | CS5: =IFERROR(T5/SUMIFS(T$3:T$280,$N$3:$N$280,$CM5)*$DV$1,"") -> 0.98651518 | CT5: =IFERROR(U5/SUMIFS(U$3:U$280,$N$3:$N$280,$CM5)*$DV$1,"") -> 0.93737225 | CU5: =IFERROR(V5/SUMIFS(V$3:V$280,$N$3:$N$280,$CM5)*$DV$1,"") -> 0.97623135 | ... DQ5: =IFERROR(AR5/SUMIFS(AR$3:AR$280,$N$3:$N$280,$CM5)*$DV$1,"") | DR5: 3 | DS5: =IF(RIGHT(CL5,3)="BIO",MAX(CN5:DQ5)+0.01,"") | DT5: =IF(DS5="","",3)
