Workbook

Sheet TRA balance
A1: 0.041868 | B1: ktoe to PJ
B4: Sector | C4: Sub-Sector | D4: sectfuel | E4: Africa_north | F4: Africa_other | G4: Arg-Chi | H4: Asia_central | I4: Asia_east | J4: Asia_other | K4: Australia_NZ | L4: Brazil | M4: Canada | N4: China | O4: EU_north | P4: EU_northeast | Q4: EU_northwest | R4: EU_south | S4: EU_southeast | T4: EU_southwest | U4: Europe_other | V4: France | W4: Germany | X4: India | Y4: LatAm_other | Z4: Mexico | AA4: MidEast_other | AB4: Nor-Ice | AC4: Russia | AD4: SaudiArabia | AE4: SouthAfrica | AF4: UK | AG4: USA | AH4: \I:
A5: =IF(OR(C5="TT",C5="TR"),"RR","") | B5: TRA | C5: NEU | D5: COATAR | L5: 6.1607004 | P5: 0.023990364 | Z5: 2.5819619 | AK5: Bio Diesel | AL5: TRABDS | AM5: bdl
A6: =IF(OR(C6="TT",C6="TR"),"RR","") | B6: TRA | C6: NEU | D6: OILASP | F6: 2.3701893 | H6: 0.50052775 | M6: 22.480001 | N6: 1314.758 | P6: 0.011036405 | R6: 0.011388096 | S6: 0.04711406 | U6: 15.369902 | Y6: 0.37424549 | AA6: 1.7316019 | AB6: 0.079440343 | AE6: 3.601925 | AK6: Bio Gasoline | AL6: TRABGS | AM6: eth
A7: =IF(OR(C7="TT",C7="TR"),"RR","") | B7: TRA | C7: NEU | D7: OILKER | E7: 0.27722059 | H7: 0.69119881 | Q7: 0.075379147 | S7: 0.0033159456 | Y7: 0.23994969 | AK7: Biogas | AL7: TRANGA | AM7: nga
A8: =IF(OR(C8="TT",C8="TR"),"RR","") | B8: TRA | C8: NEU | D8: OILLUB | E8: 2.5678105 | F8: 2.1184789 | H8: 7.7056965 | I8: 86.862606 | J8: 3.9347923 | M8: 21.702998 | N8: 99.093555 | O8: 1.7354412 | P8: 28.133207 | Q8: 7.0347074 | R8: 10.076853 | S8: 6.7545854 | T8: 10.991359 | U8: 12.182985 | V8: 12.396298 | W8: 13.188001 | Y8: 2.2883667 | AA8: 8.2227203 | AB8: 2.043016 | AE8: 6.0861251 | AF8: 5.7178709 | AG8: 105.003 | AK8: Coal | AL8: TRACOA | AM8: coa
A9: =IF(OR(C9="TT",C9="TR"),"RR","") | B9: TRA | C9: NEU | D9: OILNSP | F9: 0.14324718 | H9: 0.12708194 | I9: 0.003998394 | J9: 2.8799992 | M9: 85.400002 | U9: 0.035998106 | AG9: 176.04 | AK9: Diesel | AL9: TRADST | AM9: dsl
A10: =IF(OR(C10="TT",C10="TR"),"RR","") | B10: TRA | C10: TAD | D10: TRADST | F10: 0.046243206 | G10: 0.30864252 | H10: 0.012794861 | I10: 0.056019384 | AE10: 0.74616312 | AK10: Electricity | AL10: TRAELC | AM10: elc
A11: =IF(OR(C11="TT",C11="TR"),"RR","") | B11: TRA | C11: TAD | D11: TRAGSL | G11: 0.18076928 | J11: 0.008959752 | O11: 4.60548e-05 | Q11: 0.030932078 | Y11: 0.51011553 | AK11: Gasoline | AL11: TRAGSL | AM11: gsl
A12: =IF(OR(C12="TT",C12="TR"),"RR","") | B12: TRA | C12: TAD | D12: TRAHFO | E12: 0.011999369 | I12: 0.0005945256 | U12: 7.6400015 | AK12: Heavy Fuel Oil | AL12: TRAHFO | AM12: hfo
A13: =IF(OR(C13="TT",C13="TR"),"RR","") | B13: TRA | C13: TAD | D13: TRAJTK | E13: 28.892667 | F13: 22.625924 | G13: 52.095645 | H13: 25.442263 | I13: 193.77429 | J13: 278.03335 | K13: 137.98737 | L13: 140.16919 | M13: 290.2216 | N13: 1141.9091 | O13: 10.771347 | P13: 4.7938525 | Q13: 0.7666282 | R13: 47.447853 | S13: 3.6679717 | T13: 104.06785 | U13: 53.855018 | V13: 67.799231 | W13: 30.753001 | X13: 179.28629 | Y13: 36.970817 | Z13: 0.54145372 | AA13: 60.200674 | AB13: 15.07984 | AC13: 245.144 | AD13: 40.847534 | AE13: 51.997134 | AF13: 37.125494 | AG13: 2524.0834 | AK13: Liquified Petroleum Gases | AL13: TRALPG | AM13: lpg
A14: =IF(OR(C14="TT",C14="TR"),"RR","") | B14: TRA | C14: TAI | D14: TRAHFO | U14: -5.0799994 | AK14: Natural Gas | AL14: TRANGA | AM14: nga
A15: =IF(OR(C15="TT",C15="TR"),"RR","") | B15: TRA | C15: TAI | D15: TRAJTK | E15: -99.12303 | F15: -192.0928 | G15: -79.985695 | H15: =-61.7382848448-6.9025133916 -> -68.640798 | I15: -541.37213 | J15: -1095.7451 | K15: -265.72401 | L15: -101.44622 | M15: -35.947601 | N15: -739.07707 | O15: -115.46579 | P15: -118.57451 | Q15: -306.15463 | R15: -233.4101 | S15: -37.673999 | T15: -260.69911 | U15: -282.17336 | V15: -260.04602 | W15: -409.876 | X15: -177.46911 | Y15: -242.43197 | Z15: -176.72739 | AA15: -762.82424 | AB15: -35.984771 | AC15: -245.1 | AD15: -153.09619 | AE15: -46.072598 | AF15: -493.59478 | AG15: -1072.184
A16: =IF(OR(C16="TT",C16="TR"),"RR","") -> RR | B16: TRA | C16: TR | D16: TRABDS | G16: 42.357391 | H16: 0.0096045192 | I16: 27.370456 | J16: 257.75518 | K16: 0.21377801 | L16: 651.02992 | M16: 21.418522 | N16: 38.175623 | O16: 71.665049 | P16: 74.214078 | Q16: 43.711729 | R16: 59.775015 | S16: 32.294936 | T16: 73.584672 | U16: 16.16001 | V16: 105.70326 | W16: 79.09389 | X16: 1.6369383 | Y16: 31.906137 | AB16: 18.191458 | AF16: 52.885602 | AG16: 182.82091
A17: =IF(OR(C17="TT",C17="TR"),"RR","") -> RR | B17: TRA | C17: TR | D17: TRABGS | F17: 1.9221473 | G17: 22.553672 | I17: 16.636849 | J17: 53.312425 | K17: 5.4593946 | L17: 235.95355 | M17: 66.814998 | N17: 85.76 | O17: 9.3798262 | P17: 15.139456 | Q17: 15.655638 | R17: 2.3274547 | S17: 7.5601131 | T17: 5.7976587 | U17: 7.2547866 | V17: 27.351933 | W17: 30.097494 | X17: 36.820817 | Y17: 30.535861 | AB17: 1.9523928 | AF17: 16.015121 | AG17: 1368.3873
A18: =IF(OR(C18="TT",C18="TR"),"RR","") -> RR | B18: TRA | C18: TR | D18: TRADST | E18: 1112.0205 | F18: 988.22762 | G18: 474.01883 | H18: 196.82152 | I18: 1715.4087 | J18: 2836.3807 | K18: 674.97822 | L18: 1435.9916 | M18: 644.83407 | N18: 3962.0627 | O18: 322.46291 | P18: 1230.9174 | Q18: 671.57682 | R18: 1012.3927 | S18: 523.33751 | T18: 1074.1823 | U18: 1390.5106 | V18: 1286.4001 | W18: 1389.2712 | X18: 2433.6589 | Y18: 1000.3491 | Z18: 517.18572 | AA18: 1497.7659 | AB18: 96.304757 | AC18: 616.49953 | AD18: 851.79872 | AE18: 347.12819 | AF18: 1019.9282 | AG18: 5138.1263 | AK18: =31536000/10^9 -> 0.031536 | AL18: GJ/lt Gasoline | AN18: =1/AK18 -> 31.709792 | AO18: km/l | AP18: equivalent to Bvkm/PJ = 1 | AT18: =100/AN18 -> 3.1536 | AU18: l/100km
A19: =IF(OR(C19="TT",C19="TR"),"RR","") -> RR | B19: TRA | C19: TR | D19: TRAELC | G19: 2.9016701 | H19: 0.13203492 | I19: 0.89122318 | J19: 0.6155224 | K19: 0.21488332 | M19: 4.6296002 | N19: 245.36301 | O19: 1.3584366 | P19: 0.79621213 | Q19: 2.4166168 | R19: 0.57130561 | S19: 0.43623525 | T19: 0.60042061 | U19: 0.56393684 | V19: 1.1790573 | W19: 1.2096 | Y19: 0.039439656 | AB19: 3.1735986 | AE19: 0.19335061 | AF19: 1.3193653 | AG19: 23.414913 | AK19: 0.038 | AL19: GJ/lt Diesel | AN19: =1/AK19 -> 26.315789 | AO19: km/l | AP19: equivalent to Bvkm/PJ = 1 | AT19: =100/AN19 -> 3.8 | AU19: l/100km
A20: =IF(OR(C20="TT",C20="TR"),"RR","") -> RR | B20: TRA | C20: TR | D20: TRAGSL | E20: 715.67029 | F20: 1242.7522 | G20: 410.20751 | H20: 410.23312 | I20: 2017.2047 | J20: 3553.7055 | K20: 674.81303 | L20: 898.18184 | M20: 1359.4517 | N20: 6022.405 | O20: 190.16307 | P20: 381.57698 | Q20: 300.14472 | R20: 439.49505 | S20: 176.45298 | T20: 271.13869 | U20: 369.35101 | V20: 329.10323 | W20: 722.612 | X20: 1342.88 | Y20: 1297.5831 | Z20: 1497.1269 | AA20: 2359.6239 | AB20: 33.120607 | AC20: 1493.067 | AD20: 1019.3707 | AE20: 316.57445 | AF20: 517.44924 | AG20: 15490.671
A21: =IF(OR(C21="TT",C21="TR"),"RR","") -> RR | B21: TRA | C21: TR | D21: TRAHFO | G21: 0.090451627 | H21: 0.20284627 | I21: 0.15391514 | R21: 0.0020808396 | X21: 0.064200391 | AE21: 0.7493116
A22: =IF(OR(C22="TT",C22="TR"),"RR","") -> RR | B22: TRA | C22: TR | D22: TRAJTK | G22: 0.32455655 | I22: 0.028315328 | AE22: 2.5273995 | AT22: =AT18/7.96 -> 0.3961809
A23: =IF(OR(C23="TT",C23="TR"),"RR","") -> RR | B23: TRA | C23: TR | D23: TRALPG | E23: 42.939992 | F23: 0.024643505 | G23: 0.52063277 | H23: 18.922825 | I23: 175.40778 | J23: 55.315411 | K23: 15.340222 | M23: 10.9263 | N23: 90.603704 | P23: 100.19563 | Q23: 8.255482 | R23: 86.156368 | S23: 27.006715 | T23: 5.6658625 | U23: 252.03443 | V23: 2.4205649 | W23: 15.594 | X23: 8.1308703 | Y23: 34.076508 | Z23: 59.731104 | AA23: 2.8085347 | AB23: 0.21472841 | AC23: 55.659081 | AE23: 0.65408283 | AF23: 2.8979983 | AG23: 3.169102
A24: =IF(OR(C24="TT",C24="TR"),"RR","") -> RR | B24: TRA | C24: TR | D24: TRANGA | E24: 20.348053 | F24: 0.074688325 | G24: 86.137837 | H24: 147.97629 | I24: 51.227713 | J24: 167.09004 | K24: 3.1234533 | L24: 84.173068 | M24: 2.0538012 | N24: 1028.3403 | O24: 5.276063 | P24: 5.4630581 | Q24: 3.8368882 | R24: 40.93794 | S24: 4.3994894 | T24: 8.8681657 | U24: 6.0262957 | V24: 6.8120701 | W24: 8.336551 | X24: 123.38074 | Y24: 75.744123 | Z24: 1.8773988 | AA24: 279.44311 | AB24: 2.4442664 | AC24: 8.7022177 | AE24: 0.0073310868 | AF24: 0.56970206 | AG24: 50.417245 | AK24: mtoe | AL24: 41.868 | AM24: PJ | AT24: =AT18/14.35 -> 0.21976307
A25: =IF(OR(C25="TT",C25="TR"),"RR","") -> RR | B25: TRA | C25: TT | D25: TRABDS | J25: 0.0012602268 | L25: 4.392284 | P25: 0.39039817 | Q25: 0.069345968 | U25: 0.012983267 | V25: 0.34193177 | W25: 0.59372592 | AG25: 17.209033
A26: =IF(OR(C26="TT",C26="TR"),"RR","") -> RR | B26: TRA | C26: TT | D26: TRACOA | F26: 0.146157 | H26: 0.7101399 | I26: 0.035989733 | J26: 0.75160596 | P26: 0.017463143 | Q26: 0.0026293104 | S26: 0.0042998436 | U26: 0.44037181 | AF26: 0.41068321
A27: =IF(OR(C27="TT",C27="TR"),"RR","") -> RR | B27: TRA | C27: TT | D27: TRADST | E27: 2.6678206 | F27: 15.084555 | G27: 1.8757576 | H27: 4.2143198 | I27: 10.483391 | J27: 68.181624 | K27: 49.288199 | L27: 40.785771 | M27: 94.018199 | N27: 114.11818 | O27: 4.553258 | P27: 12.799981 | Q27: 3.5362676 | R27: 2.2759487 | S27: 8.3750654 | T27: 3.8659069 | U27: 14.919272 | V27: 4.9130172 | W27: 10.735198 | X27: 109.95602 | Y27: 0.0774558 | Z27: 27.067059 | AA27: 3.4297931 | AB27: 0.56947598 | AC27: 164.53398 | AE27: 5.0480499 | AF27: 27.030977 | AG27: 562.80223 | AK27: 1489
A28: =IF(OR(C28="TT",C28="TR"),"RR","") -> RR | B28: TRA | C28: TT | D28: TRAELC | E28: 7.7860747 | F28: 0.18188715 | G28: 3.6344857 | H28: 21.966142 | I28: 72.601574 | J28: 18.411118 | K28: 11.929839 | L28: 8.1020442 | N28: 351.09232 | O28: 13.254643 | P28: 26.296788 | Q28: 12.346513 | R28: 20.635628 | S28: 10.521495 | T28: 14.232742 | U28: 38.995236 | V28: 30.492908 | W28: 40.568401 | X28: 68.932798 | Y28: 1.5699244 | Z28: 3.9816007 | AB28: 2.1131994 | AC28: 190.37124 | AE28: 9.3600017 | AF28: 20.356774 | AG28: 26.401521
A29: =IF(OR(C29="TT",C29="TR"),"RR","") -> RR | B29: TRA | C29: TT | D29: TRAGSL | H29: 0.08267674 | K29: 0.044555926 | O29: 8.79228e-05 | R29: 0.010111122 | Y29: 0.022219348 | AC29: 1.196801 | AE29: 1.3372053 | AK29: 6344
A30: =IF(OR(C30="TT",C30="TR"),"RR","") -> RR | B30: TRA | C30: TT | D30: TRAHFO | E30: 4.2400017 | H30: 0.014046714 | J30: 0.0082563696 | K30: 0.0017040276 | AC30: 0.087198484 | AE30: 3.0902729 | AK30: 39.45
A31: =IF(OR(C31="TT",C31="TR"),"RR","") | B31: TRA | C31: TWD | D31: TRABDS | J31: 0.25656292 | O31: 0.16820469 | Q31: 0.11824779 | R31: 0.016964914 | T31: 0.10596372 | U31: 0.028968469 | V31: 0.1783828 | AB31: 4.1868e-05 | AG31: 4.5131527 | AK31: 14164
A32: =IF(OR(C32="TT",C32="TR"),"RR","") | B32: TRA | C32: TWD | D32: TRADST | E32: 2.2515982 | F32: 20.462294 | G32: 17.652453 | H32: 1.3265792 | I32: 52.541351 | J32: 232.61042 | K32: 14.617295 | L32: 13.32218 | M32: 31.609201 | N32: 622.70791 | O32: 10.993741 | P32: 1.8474757 | Q32: 21.490681 | R32: 23.319681 | S32: 4.135026 | T32: 20.691115 | U32: 23.018729 | V32: 7.330823 | W32: 11.246398 | X32: 35.081662 | Y32: 17.33295 | Z32: 26.123811 | AB32: 36.583388 | AC32: 17.106457 | AE32: 11.016965 | AF32: 36.848575 | AG32: 146.75257
A33: =IF(OR(C33="TT",C33="TR"),"RR","") | B33: TRA | C33: TWD | D33: TRAGSL | F33: 2.8287654 | G33: 0.020967494 | J33: 9.0982597 | K33: 11.24232 | O33: 1.3640008 | P33: 0.10238819 | Q33: 0.0018463788 | R33: 0.020238991 | U33: 0.82389944 | V33: 13.110286 | Y33: 0.31506089 | AB33: 2.6370978 | AC33: 0.5852016 | AE33: 0.038229671 | AG33: 198.209
A34: =IF(OR(C34="TT",C34="TR"),"RR","") | B34: TRA | C34: TWD | D34: TRAHFO | E34: 9.7814743 | F34: 0.26331623 | G34: 9.4408404 | I34: 94.339021 | J34: 17.339829 | K34: 7.7457433 | L34: 40.989354 | M34: 21.4668 | N34: 395.31816 | O34: 3.9209173 | Q34: 0.028001318 | R34: 29.446522 | T34: 25.903359 | U34: 1.3999989 | V34: 0.47387877 | X34: 29.293742 | Y34: 7.1833723 | Z34: 2.6532003 | AB34: 0.32504222 | AC34: 7.8600011 | AF34: 0.33040132 | AG34: 14.352564
A35: =IF(OR(C35="TT",C35="TR"),"RR","") | B35: TRA | C35: TWD | D35: TRANGA | AB35: 3.1542221 | AK35: 89.6
A36: =IF(OR(C36="TT",C36="TR"),"RR","") | B36: TRA | C36: TWI | D36: TRABDS | Q36: -1.9816836 | R36: -0.0015449292 | AG36: -8.5687467
A37: =IF(OR(C37="TT",C37="TR"),"RR","") | B37: TRA | C37: TWI | D37: TRADST | E37: -9.1431003 | F37: -35.018965 | G37: -3.3965415 | H37: -1.4358128 | I37: -67.518656 | J37: -196.70222 | K37: -5.1881695 | L37: -19.71809 | M37: -4.6860005 | N37: -177.87758 | O37: -38.84979 | P37: -25.386235 | Q37: -138.48621 | R37: -59.697609 | S37: -5.9606341 | T37: -74.435618 | U37: -8.3002975 | V37: -5.9298779 | W37: -30.075601 | X37: -2.3815021 | Y37: -65.907061 | Z37: -30.033001 | AA37: -35.604874 | AB37: -12.07582 | AC37: -364.01444 | AE37: -68.67503 | AF37: -87.642088 | AG37: -427.02095
A38: =IF(OR(C38="TT",C38="TR"),"RR","") | B38: TRA | C38: TWI | D38: TRAHFO | E38: -26.703469 | F38: -53.407918 | G38: -19.622569 | I38: -468.93261 | J38: -1904.0823 | K38: -40.581057 | L38: -119.43586 | M38: -18.813599 | N38: -701.8157 | O38: -88.967679 | P38: -13.961441 | Q38: -673.53079 | R38: -263.21381 | S38: -7.4917678 | T38: -261.79841 | U38: -30.72 | V38: -65.158239 | W38: -26.719999 | X38: -65.767439 | Y38: -272.17003 | Z38: -3.0168029 | AA38: -833.70405 | AB38: -2.1987608 | AC38: -88.48 | AD38: -135.01029 | AE38: -57.689934 | AF38: -179.67128 | AG38: -522.96715
A39: =IF(OR(C39="TT",C39="TR"),"RR","") | B39: TRA | C39: TWI | D39: TRAJTK
A40: =IF(OR(C40="TT",C40="TR"),"RR","") | B40: TRA | C40: TWI | D40: TRANGA | O40: -0.74190096 | P40: -0.8522985 | Q40: -2.8695364 | T40: -1.4913005 | AB40: -2.2015199
E42: =SUMIF($A$5:$A$40,"RR",E$5:E$40) -> 1905.6728 | F42: =SUMIF($A$5:$A$40,"RR",F$5:F$40) -> 2248.4139 | G42: =SUMIF($A$5:$A$40,"RR",G$5:G$40) -> 1044.6228 | H42: =SUMIF($A$5:$A$40,"RR",H$5:H$40) -> 801.28556 | I42: =SUMIF($A$5:$A$40,"RR",I$5:I$40) -> 4087.4506 | J42: =SUMIF($A$5:$A$40,"RR",J$5:J$40) -> 7011.5286 | K42: =SUMIF($A$5:$A$40,"RR",K$5:K$40) -> 1435.4073 | L42: =SUMIF($A$5:$A$40,"RR",L$5:L$40) -> 3358.6101 | ... AI42: =SUMIF($A$5:$A$40,"RR",AI$5:AI$40) -> 0
E43: =SUM(Assumptions!AN3:AN103) -> 1905.6728 | F43: =SUM(Assumptions!AO3:AO103) -> 2248.4139 | G43: =SUM(Assumptions!AP3:AP103) -> 1044.2078 | H43: =SUM(Assumptions!AQ3:AQ103) -> 801.08272 | I43: =SUM(Assumptions!AR3:AR103) -> 4087.2684 | J43: =SUM(Assumptions!AS3:AS103) -> 7011.5286 | K43: =SUM(Assumptions!AT3:AT103) -> 1435.4073 | L43: =SUM(Assumptions!AU3:AU103) -> 3358.6101 | ... AI43: =SUM(Assumptions!BR3:BR103) -> 0
E45: =E4 -> Africa_north | F45: =F4 -> Africa_other | G45: =G4 -> Arg-Chi | H45: =H4 -> Asia_central | I45: =I4 -> Asia_east | J45: =J4 -> Asia_other | K45: =K4 -> Australia_NZ | L45: =L4 -> Brazil | ... AI45: =AI4 -> 0
A46: TRABGS | B46: TRAGSL | C46: Road | D46: BGS/GSL | E46: =IFERROR(SUMIFS(E$5:E$39,$C$5:$C$39,"TR",$D$5:$D$39,$A46)/SUMIFS(E$5:E$39,$C$5:$C$39,"TR",$D$5:$D$39,$B46),"") -> 0 | F46: =IFERROR(SUMIFS(F$5:F$39,$C$5:$C$39,"TR",$D$5:$D$39,$A46)/SUMIFS(F$5:F$39,$C$5:$C$39,"TR",$D$5:$D$39,$B46),"") -> 0.0015466859 | G46: =IFERROR(SUMIFS(G$5:G$39,$C$5:$C$39,"TR",$D$5:$D$39,$A46)/SUMIFS(G$5:G$39,$C$5:$C$39,"TR",$D$5:$D$39,$B46),"") -> 0.054981129 | H46: =IFERROR(SUMIFS(H$5:H$39,$C$5:$C$39,"TR",$D$5:$D$39,$A46)/SUMIFS(H$5:H$39,$C$5:$C$39,"TR",$D$5:$D$39,$B46),"") -> 0 | I46: =IFERROR(SUMIFS(I$5:I$39,$C$5:$C$39,"TR",$D$5:$D$39,$A46)/SUMIFS(I$5:I$39,$C$5:$C$39,"TR",$D$5:$D$39,$B46),"") -> 0.0082474766 | J46: =IFERROR(SUMIFS(J$5:J$39,$C$5:$C$39,"TR",$D$5:$D$39,$A46)/SUMIFS(J$5:J$39,$C$5:$C$39,"TR",$D$5:$D$39,$B46),"") -> 0.015001926 | K46: =IFERROR(SUMIFS(K$5:K$39,$C$5:$C$39,"TR",$D$5:$D$39,$A46)/SUMIFS(K$5:K$39,$C$5:$C$39,"TR",$D$5:$D$39,$B46),"") -> 0.008090233 | L46: =IFERROR(SUMIFS(L$5:L$39,$C$5:$C$39,"TR",$D$5:$D$39,$A46)/SUMIFS(L$5:L$39,$C$5:$C$39,"TR",$D$5:$D$39,$B46),"") -> 0.26270131 | ... AI46: =IFERROR(SUMIFS(AI$5:AI$39,$C$5:$C$39,"TR",$D$5:$D$39,$A46)/SUMIFS(AI$5:AI$39,$C$5:$C$39,"TR",$D$5:$D$39,$B46),"")
A47: TRABDS | B47: TRADST | D47: BDS/DST | E47: =IFERROR(SUMIFS(E$5:E$39,$C$5:$C$39,"TR",$D$5:$D$39,$A47)/SUMIFS(E$5:E$39,$C$5:$C$39,"TR",$D$5:$D$39,$B47),"") -> 0 | F47: =IFERROR(SUMIFS(F$5:F$39,$C$5:$C$39,"TR",$D$5:$D$39,$A47)/SUMIFS(F$5:F$39,$C$5:$C$39,"TR",$D$5:$D$39,$B47),"") -> 0 | G47: =IFERROR(SUMIFS(G$5:G$39,$C$5:$C$39,"TR",$D$5:$D$39,$A47)/SUMIFS(G$5:G$39,$C$5:$C$39,"TR",$D$5:$D$39,$B47),"") -> 0.089358035 | H47: =IFERROR(SUMIFS(H$5:H$39,$C$5:$C$39,"TR",$D$5:$D$39,$A47)/SUMIFS(H$5:H$39,$C$5:$C$39,"TR",$D$5:$D$39,$B47),"") -> 4.8798116e-05 | I47: =IFERROR(SUMIFS(I$5:I$39,$C$5:$C$39,"TR",$D$5:$D$39,$A47)/SUMIFS(I$5:I$39,$C$5:$C$39,"TR",$D$5:$D$39,$B47),"") -> 0.015955647 | J47: =IFERROR(SUMIFS(J$5:J$39,$C$5:$C$39,"TR",$D$5:$D$39,$A47)/SUMIFS(J$5:J$39,$C$5:$C$39,"TR",$D$5:$D$39,$B47),"") -> 0.090874676 | K47: =IFERROR(SUMIFS(K$5:K$39,$C$5:$C$39,"TR",$D$5:$D$39,$A47)/SUMIFS(K$5:K$39,$C$5:$C$39,"TR",$D$5:$D$39,$B47),"") -> 0.00031671838 | L47: =IFERROR(SUMIFS(L$5:L$39,$C$5:$C$39,"TR",$D$5:$D$39,$A47)/SUMIFS(L$5:L$39,$C$5:$C$39,"TR",$D$5:$D$39,$B47),"") -> 0.4533661 | ... AI47: =IFERROR(SUMIFS(AI$5:AI$39,$C$5:$C$39,"TR",$D$5:$D$39,$A47)/SUMIFS(AI$5:AI$39,$C$5:$C$39,"TR",$D$5:$D$39,$B47),"")
D52: Bvkm | E52: =Cars!D44 -> Africa_north | F52: =Cars!E44 -> Africa_other | G52: =Cars!F44 -> Arg-Chi | H52: =Cars!G44 -> Asia_central | I52: =Cars!H44 -> Asia_east | J52: =Cars!I44 -> Asia_other | K52: =Cars!J44 -> Australia_NZ | L52: =Cars!K44 -> Brazil | ... AH52: =Cars!AG44 -> \I:
C53: Bvkm/POP | D53: Cars | E53: =IFERROR(Cars!D45/E59,"") -> 1.2932426 | F53: =IFERROR(Cars!E45/F59,"") -> 0.35717666 | G53: =IFERROR(Cars!F45/G59,"") -> 3.3957994 | H53: =IFERROR(Cars!G45/H59,"") -> 2.0548944 | I53: =IFERROR(Cars!H45/I59,"") -> 5.3670731 | J53: =IFERROR(Cars!I45/J59,"") -> 0.95173488 | K53: =IFERROR(Cars!J45/K59,"") -> 9.5304004 | L53: =IFERROR(Cars!K45/L59,"") -> 2.6564321 | ... AH53: =IFERROR(Cars!AG45/AH59,"")
C54: Bvkm/GDP | D54: H Trucks | E54: =IFERROR('Trucks-hdt'!D45/E58,"") -> 0.03121479 | F54: =IFERROR('Trucks-hdt'!E45/F58,"") -> 0.020115382 | G54: =IFERROR('Trucks-hdt'!F45/G58,"") -> 0.054175983 | H54: =IFERROR('Trucks-hdt'!G45/H58,"") -> 0.027950996 | I54: =IFERROR('Trucks-hdt'!H45/I58,"") -> 0.029125938 | J54: =IFERROR('Trucks-hdt'!I45/J58,"") -> 0.028384958 | K54: =IFERROR('Trucks-hdt'!J45/K58,"") -> 0.053979407 | L54: =IFERROR('Trucks-hdt'!K45/L58,"") -> 0.081286492 | ... AH54: =IFERROR('Trucks-hdt'!AG45/AH58,"")
C57: Year | D57: Drvr | E57: Africa_north | F57: Africa_other | G57: Arg-Chi | H57: Asia_central | I57: Asia_east | J57: Asia_other | K57: Australia_NZ | L57: Brazil | M57: Canada | N57: China | O57: EU_north | P57: EU_northeast | Q57: EU_northwest | R57: EU_south | S57: EU_southeast | T57: EU_southwest | U57: Europe_other | V57: France | W57: Germany | X57: India | Y57: LatAm_other | Z57: Mexico | AA57: MidEast_other | AB57: Nor-Ice | AC57: Russia | AD57: SaudiArabia | AE57: SouthAfrica | AF57: UK | AG57: USA
C58: 2019 | D58: GDP | E58: 2018.274 | F58: 2783.9392 | G58: 1015.21 | H58: 1001.7532 | I58: 6334.56 | J58: 10498.518 | K58: 1111.535 | L58: 2724.93 | M58: 1586.46 | N58: 21698.553 | O58: 819.16 | P58: 1871.7913 | Q58: 1517.9469 | R58: 2016.789 | S58: 805.758 | T58: 1655.67 | U58: 2703.2985 | V58: 2313.4717 | W58: 3218.77 | X58: 8348.05 | Y58: 2670.5199 | Z58: 1782.59 | AA58: 3897.7243 | AB58: 281.3089 | AC58: 2310.67 | AD58: 1712.87 | AE58: 625.812 | AF58: 2365.1179 | AG58: 16690.1
C59: 2019 | D59: POP | E59: 198.38505 | F59: 1039.4856 | G59: 63.8907 | H59: 90.5156 | I59: 177.9741 | J59: 1196.6778 | K59: 30.345 | L59: 211.05 | M59: 37.5934 | N59: 1405.2274 | O59: 21.61493 | P59: 69.00633 | Q59: 34.388241 | R59: 72.185138 | S59: 42.27214 | T59: 57.4198 | U59: 164.81755 | V59: 68.440616 | W59: 83.093 | X59: 1366.42 | Y59: 245.14509 | Z59: 127.576 | AA59: 222.57825 | AB59: 5.708463 | AC59: 144.406 | AD59: 34.2685 | AE59: 58.5583 | AF59: 66.878303 | AG59: 328.33

Sheet 2-w
AI2: ~FI_T | AN2: ~FI_Process
C3: comm-in | D3: ='TRA balance'!E4 -> Africa_north | E3: ='TRA balance'!F4 -> Africa_other | F3: ='TRA balance'!G4 -> Arg-Chi | G3: ='TRA balance'!H4 -> Asia_central | H3: ='TRA balance'!I4 -> Asia_east | I3: ='TRA balance'!J4 -> Asia_other | J3: ='TRA balance'!K4 -> Australia_NZ | K3: ='TRA balance'!L4 -> Brazil | ... AG3: ='TRA balance'!AH4 -> \I: | AH3: * | AI3: attribute | AJ3: process | AK3: comm-out | AL3: LIFE | AN3: Sets | AO3: TechName | AP3: TechDesc | AQ3: Tact | AR3: Tcap | AS3: Vintage
A4: TR | C4: TRABDS | D4: {=SUM(SUMIFS(Assumptions!AN$3:AN$102,Assumptions!$B$3:$B$102,'2-w'!$C4,Assumptions!$G$3:$G$102,{"TRW"}))} -> 0 | E4: {=SUM(SUMIFS(Assumptions!AO$3:AO$102,Assumptions!$B$3:$B$102,'2-w'!$C4,Assumptions!$G$3:$G$102,{"TRW"}))} -> 0 | F4: {=SUM(SUMIFS(Assumptions!AP$3:AP$102,Assumptions!$B$3:$B$102,'2-w'!$C4,Assumptions!$G$3:$G$102,{"TRW"}))} -> 0 | G4: {=SUM(SUMIFS(Assumptions!AQ$3:AQ$102,Assumptions!$B$3:$B$102,'2-w'!$C4,Assumptions!$G$3:$G$102,{"TRW"}))} -> 0 | H4: {=SUM(SUMIFS(Assumptions!AR$3:AR$102,Assumptions!$B$3:$B$102,'2-w'!$C4,Assumptions!$G$3:$G$102,{"TRW"}))} -> 0 | I4: {=SUM(SUMIFS(Assumptions!AS$3:AS$102,Assumptions!$B$3:$B$102,'2-w'!$C4,Assumptions!$G$3:$G$102,{"TRW"}))} -> 0 | J4: {=SUM(SUMIFS(Assumptions!AT$3:AT$102,Assumptions!$B$3:$B$102,'2-w'!$C4,Assumptions!$G$3:$G$102,{"TRW"}))} -> 0 | K4: {=SUM(SUMIFS(Assumptions!AU$3:AU$102,Assumptions!$B$3:$B$102,'2-w'!$C4,Assumptions!$G$3:$G$102,{"TRW"}))} -> 0 | ... AG4: {=SUM(SUMIFS(Assumptions!BQ$3:BQ$102,Assumptions!$B$3:$B$102,'2-w'!$C4,Assumptions!$G$3:$G$102,{"TRW"}))} -> 0 | AH4: =IF(SUM(D4:AG4)=0,"zero","") -> zero | AI4: * | AK4: =IF($AJ4="","",$AK$45) | AL4: =IF($AJ4="","",25) | AN4: =IF($AJ4="","*","DMD") -> * | AO4: =AJ4 -> 0 | AQ4: Bvkm | AR4: million Vehicles | AS4: yes
A5: TR | C5: TRABGS | D5: {=SUM(SUMIFS(Assumptions!AN$3:AN$102,Assumptions!$B$3:$B$102,'2-w'!$C5,Assumptions!$G$3:$G$102,{"TRW"}))} -> 0 | E5: {=SUM(SUMIFS(Assumptions!AO$3:AO$102,Assumptions!$B$3:$B$102,'2-w'!$C5,Assumptions!$G$3:$G$102,{"TRW"}))} -> 0.67275156 | F5: {=SUM(SUMIFS(Assumptions!AP$3:AP$102,Assumptions!$B$3:$B$102,'2-w'!$C5,Assumptions!$G$3:$G$102,{"TRW"}))} -> 0.30447457 | G5: {=SUM(SUMIFS(Assumptions!AQ$3:AQ$102,Assumptions!$B$3:$B$102,'2-w'!$C5,Assumptions!$G$3:$G$102,{"TRW"}))} -> 0 | H5: {=SUM(SUMIFS(Assumptions!AR$3:AR$102,Assumptions!$B$3:$B$102,'2-w'!$C5,Assumptions!$G$3:$G$102,{"TRW"}))} -> 0.14973164 | I5: {=SUM(SUMIFS(Assumptions!AS$3:AS$102,Assumptions!$B$3:$B$102,'2-w'!$C5,Assumptions!$G$3:$G$102,{"TRW"}))} -> 18.659349 | J5: {=SUM(SUMIFS(Assumptions!AT$3:AT$102,Assumptions!$B$3:$B$102,'2-w'!$C5,Assumptions!$G$3:$G$102,{"TRW"}))} -> 0.098269103 | K5: {=SUM(SUMIFS(Assumptions!AU$3:AU$102,Assumptions!$B$3:$B$102,'2-w'!$C5,Assumptions!$G$3:$G$102,{"TRW"}))} -> 3.1853729 | ... AG5: {=SUM(SUMIFS(Assumptions!BQ$3:BQ$102,Assumptions!$B$3:$B$102,'2-w'!$C5,Assumptions!$G$3:$G$102,{"TRW"}))} -> 0 | AH5: =IF(SUM(D5:AG5)=0,"zero","") | AI5: * | AK5: =IF($AJ5="","",$AK$45) | AL5: =IF($AJ5="","",25) | AN5: =IF(AJ5="","*","DMD") -> * | AO5: =AJ5 -> 0 | AQ5: Bvkm | AR5: million Vehicles | AS5: yes
A6: TR | C6: TRADST | D6: {=SUM(SUMIFS(Assumptions!AN$3:AN$102,Assumptions!$B$3:$B$102,'2-w'!$C6,Assumptions!$G$3:$G$102,{"TRW"}))} -> 0 | E6: {=SUM(SUMIFS(Assumptions!AO$3:AO$102,Assumptions!$B$3:$B$102,'2-w'!$C6,Assumptions!$G$3:$G$102,{"TRW"}))} -> 0 | F6: {=SUM(SUMIFS(Assumptions!AP$3:AP$102,Assumptions!$B$3:$B$102,'2-w'!$C6,Assumptions!$G$3:$G$102,{"TRW"}))} -> 0 | G6: {=SUM(SUMIFS(Assumptions!AQ$3:AQ$102,Assumptions!$B$3:$B$102,'2-w'!$C6,Assumptions!$G$3:$G$102,{"TRW"}))} -> 0 | H6: {=SUM(SUMIFS(Assumptions!AR$3:AR$102,Assumptions!$B$3:$B$102,'2-w'!$C6,Assumptions!$G$3:$G$102,{"TRW"}))} -> 0 | I6: {=SUM(SUMIFS(Assumptions!AS$3:AS$102,Assumptions!$B$3:$B$102,'2-w'!$C6,Assumptions!$G$3:$G$102,{"TRW"}))} -> 0 | J6: {=SUM(SUMIFS(Assumptions!AT$3:AT$102,Assumptions!$B$3:$B$102,'2-w'!$C6,Assumptions!$G$3:$G$102,{"TRW"}))} -> 0 | K6: {=SUM(SUMIFS(Assumptions!AU$3:AU$102,Assumptions!$B$3:$B$102,'2-w'!$C6,Assumptions!$G$3:$G$102,{"TRW"}))} -> 0 | ... AG6: {=SUM(SUMIFS(Assumptions!BQ$3:BQ$102,Assumptions!$B$3:$B$102,'2-w'!$C6,Assumptions!$G$3:$G$102,{"TRW"}))} -> 0 | AH6: =IF(SUM(D6:AG6)=0,"zero","") -> zero | AI6: * | AK6: =IF($AJ6="","",$AK$45) | AL6: =IF($AJ6="","",25) | AN6: =IF(AJ6="","*","DMD") -> * | AO6: =AJ6 -> 0 | AQ6: Bvkm | AR6: million Vehicles | AS6: yes
A7: TR | C7: TRAELC | D7: {=SUM(SUMIFS(Assumptions!AN$3:AN$102,Assumptions!$B$3:$B$102,'2-w'!$C7,Assumptions!$G$3:$G$102,{"TRW"}))} -> 0 | E7: {=SUM(SUMIFS(Assumptions!AO$3:AO$102,Assumptions!$B$3:$B$102,'2-w'!$C7,Assumptions!$G$3:$G$102,{"TRW"}))} -> 0 | F7: {=SUM(SUMIFS(Assumptions!AP$3:AP$102,Assumptions!$B$3:$B$102,'2-w'!$C7,Assumptions!$G$3:$G$102,{"TRW"}))} -> 0 | G7: {=SUM(SUMIFS(Assumptions!AQ$3:AQ$102,Assumptions!$B$3:$B$102,'2-w'!$C7,Assumptions!$G$3:$G$102,{"TRW"}))} -> 0 | H7: {=SUM(SUMIFS(Assumptions!AR$3:AR$102,Assumptions!$B$3:$B$102,'2-w'!$C7,Assumptions!$G$3:$G$102,{"TRW"}))} -> 0 | I7: {=SUM(SUMIFS(Assumptions!AS$3:AS$102,Assumptions!$B$3:$B$102,'2-w'!$C7,Assumptions!$G$3:$G$102,{"TRW"}))} -> 0 | J7: {=SUM(SUMIFS(Assumptions!AT$3:AT$102,Assumptions!$B$3:$B$102,'2-w'!$C7,Assumptions!$G$3:$G$102,{"TRW"}))} -> 0 | K7: {=SUM(SUMIFS(Assumptions!AU$3:AU$102,Assumptions!$B$3:$B$102,'2-w'!$C7,Assumptions!$G$3:$G$102,{"TRW"}))} -> 0 | ... AG7: {=SUM(SUMIFS(Assumptions!BQ$3:BQ$102,Assumptions!$B$3:$B$102,'2-w'!$C7,Assumptions!$G$3:$G$102,{"TRW"}))} -> 0 | AH7: =IF(SUM(D7:AG7)=0,"zero","") -> zero | AI7: * | AK7: =IF($AJ7="","",$AK$45) | AL7: =IF($AJ7="","",25) | AN7: =IF(AJ7="","*","DMD") -> * | AO7: =AJ7 -> 0 | AQ7: Bvkm | AR7: million Vehicles | AS7: yes
A8: TR | C8: TRAGSL | D8: {=SUM(SUMIFS(Assumptions!AN$3:AN$102,Assumptions!$B$3:$B$102,'2-w'!$C8,Assumptions!$G$3:$G$102,{"TRW"}))} -> 250.4846 | E8: {=SUM(SUMIFS(Assumptions!AO$3:AO$102,Assumptions!$B$3:$B$102,'2-w'!$C8,Assumptions!$G$3:$G$102,{"TRW"}))} -> 434.96326 | F8: {=SUM(SUMIFS(Assumptions!AP$3:AP$102,Assumptions!$B$3:$B$102,'2-w'!$C8,Assumptions!$G$3:$G$102,{"TRW"}))} -> 5.5378014 | G8: {=SUM(SUMIFS(Assumptions!AQ$3:AQ$102,Assumptions!$B$3:$B$102,'2-w'!$C8,Assumptions!$G$3:$G$102,{"TRW"}))} -> 4.3074478 | H8: {=SUM(SUMIFS(Assumptions!AR$3:AR$102,Assumptions!$B$3:$B$102,'2-w'!$C8,Assumptions!$G$3:$G$102,{"TRW"}))} -> 18.154842 | I8: {=SUM(SUMIFS(Assumptions!AS$3:AS$102,Assumptions!$B$3:$B$102,'2-w'!$C8,Assumptions!$G$3:$G$102,{"TRW"}))} -> 1243.7969 | J8: {=SUM(SUMIFS(Assumptions!AT$3:AT$102,Assumptions!$B$3:$B$102,'2-w'!$C8,Assumptions!$G$3:$G$102,{"TRW"}))} -> 12.146635 | K8: {=SUM(SUMIFS(Assumptions!AU$3:AU$102,Assumptions!$B$3:$B$102,'2-w'!$C8,Assumptions!$G$3:$G$102,{"TRW"}))} -> 12.125455 | ... AG8: {=SUM(SUMIFS(Assumptions!BQ$3:BQ$102,Assumptions!$B$3:$B$102,'2-w'!$C8,Assumptions!$G$3:$G$102,{"TRW"}))} -> 0 | AH8: =IF(SUM(D8:AG8)=0,"zero","") | AI8: * | AK8: =IF($AJ8="","",$AK$45) | AL8: =IF($AJ8="","",25) | AN8: =IF(AJ8="","*","DMD") -> * | AO8: =AJ8 -> 0 | AQ8: Bvkm | AR8: million Vehicles | AS8: yes
A9: TR | C9: TRALPG | D9: {=SUM(SUMIFS(Assumptions!AN$3:AN$102,Assumptions!$B$3:$B$102,'2-w'!$C9,Assumptions!$G$3:$G$102,{"TRW"}))} -> 0 | E9: {=SUM(SUMIFS(Assumptions!AO$3:AO$102,Assumptions!$B$3:$B$102,'2-w'!$C9,Assumptions!$G$3:$G$102,{"TRW"}))} -> 0 | F9: {=SUM(SUMIFS(Assumptions!AP$3:AP$102,Assumptions!$B$3:$B$102,'2-w'!$C9,Assumptions!$G$3:$G$102,{"TRW"}))} -> 0 | G9: {=SUM(SUMIFS(Assumptions!AQ$3:AQ$102,Assumptions!$B$3:$B$102,'2-w'!$C9,Assumptions!$G$3:$G$102,{"TRW"}))} -> 0 | H9: {=SUM(SUMIFS(Assumptions!AR$3:AR$102,Assumptions!$B$3:$B$102,'2-w'!$C9,Assumptions!$G$3:$G$102,{"TRW"}))} -> 0 | I9: {=SUM(SUMIFS(Assumptions!AS$3:AS$102,Assumptions!$B$3:$B$102,'2-w'!$C9,Assumptions!$G$3:$G$102,{"TRW"}))} -> 0 | J9: {=SUM(SUMIFS(Assumptions!AT$3:AT$102,Assumptions!$B$3:$B$102,'2-w'!$C9,Assumptions!$G$3:$G$102,{"TRW"}))} -> 0 | K9: {=SUM(SUMIFS(Assumptions!AU$3:AU$102,Assumptions!$B$3:$B$102,'2-w'!$C9,Assumptions!$G$3:$G$102,{"TRW"}))} -> 0 | ... AG9: {=SUM(SUMIFS(Assumptions!BQ$3:BQ$102,Assumptions!$B$3:$B$102,'2-w'!$C9,Assumptions!$G$3:$G$102,{"TRW"}))} -> 0 | AH9: =IF(SUM(D9:AG9)=0,"zero","") -> zero | AI9: * | AK9: =IF($AJ9="","",$AK$45) | AL9: =IF($AJ9="","",25) | AN9: =IF(AJ9="","*","DMD") -> * | AO9: =AJ9 -> 0 | AQ9: Bvkm | AR9: million Vehicles | AS9: yes
A10: TR | C10: TRANGA | D10: {=SUM(SUMIFS(Assumptions!AN$3:AN$102,Assumptions!$B$3:$B$102,'2-w'!$C10,Assumptions!$G$3:$G$102,{"TRW"}))} -> 0 | E10: {=SUM(SUMIFS(Assumptions!AO$3:AO$102,Assumptions!$B$3:$B$102,'2-w'!$C10,Assumptions!$G$3:$G$102,{"TRW"}))} -> 0 | F10: {=SUM(SUMIFS(Assumptions!AP$3:AP$102,Assumptions!$B$3:$B$102,'2-w'!$C10,Assumptions!$G$3:$G$102,{"TRW"}))} -> 0 | G10: {=SUM(SUMIFS(Assumptions!AQ$3:AQ$102,Assumptions!$B$3:$B$102,'2-w'!$C10,Assumptions!$G$3:$G$102,{"TRW"}))} -> 0 | H10: {=SUM(SUMIFS(Assumptions!AR$3:AR$102,Assumptions!$B$3:$B$102,'2-w'!$C10,Assumptions!$G$3:$G$102,{"TRW"}))} -> 0 | I10: {=SUM(SUMIFS(Assumptions!AS$3:AS$102,Assumptions!$B$3:$B$102,'2-w'!$C10,Assumptions!$G$3:$G$102,{"TRW"}))} -> 0 | J10: {=SUM(SUMIFS(Assumptions!AT$3:AT$102,Assumptions!$B$3:$B$102,'2-w'!$C10,Assumptions!$G$3:$G$102,{"TRW"}))} -> 0 | K10: {=SUM(SUMIFS(Assumptions!AU$3:AU$102,Assumptions!$B$3:$B$102,'2-w'!$C10,Assumptions!$G$3:$G$102,{"TRW"}))} -> 0 | ... AG10: {=SUM(SUMIFS(Assumptions!BQ$3:BQ$102,Assumptions!$B$3:$B$102,'2-w'!$C10,Assumptions!$G$3:$G$102,{"TRW"}))} -> 0 | AH10: =IF(SUM(D10:AG10)=0,"zero","") -> zero | AI10: * | AK10: =IF($AJ10="","",$AK$45) | AL10: =IF($AJ10="","",25) | AN10: =IF(AJ10="","*","DMD") -> * | AO10: =AJ10 -> 0 | AQ10: Bvkm | AR10: million Vehicles | AS10: yes
A11: Share of PJ | D11: =SUM(D$4:D$10)/SUM($D$4:$T$10) -> 0.06801815 | E11: =SUM(E$4:E$10)/SUM($D$4:$T$10) -> 0.11829532 | F11: =SUM(F$4:F$10)/SUM($D$4:$T$10) -> 0.001586448 | G11: =SUM(G$4:G$10)/SUM($D$4:$T$10) -> 0.0011696712 | H11: =SUM(H$4:H$10)/SUM($D$4:$T$10) -> 0.0049705381 | I11: =SUM(I$4:I$10)/SUM($D$4:$T$10) -> 0.34281524 | J11: =SUM(J$4:J$10)/SUM($D$4:$T$10) -> 0.0033250575 | K11: =SUM(K$4:K$10)/SUM($D$4:$T$10) -> 0.0041575976 | ... AG11: =SUM(AG$4:AG$10)/SUM($D$4:$T$10) -> 0 | AI11: * | AK11: =IF($AJ11="","",$AK$45) | AL11: =IF($AJ11="","",25) | AN11: =IF(AJ11="","*","DMD") -> * | AO11: =AJ11 -> 0 | AQ11: Bvkm | AR11: million Vehicles | AS11: yes
AI12: * | AK12: =IF($AJ12="","",$AK$45) | AL12: =IF($AJ12="","",25) | AN12: =IF(AJ12="","*","DMD") -> * | AO12: =AJ12 -> 0 | AQ12: Bvkm | AR12: million Vehicles | AS12: yes
A13: m Vehicles | C13: =SUM(D13:T13) -> 520.81 | D13: =SUM(D19:D25) -> 35.43 | E13: =SUM(E19:E25) -> 61.62 | F13: =SUM(F19:F25) -> 0.82 | G13: =SUM(G19:G25) -> 0.61 | H13: =SUM(H19:H25) -> 2.59 | I13: =SUM(I19:I25) -> 178.55 | J13: =SUM(J19:J25) -> 1.73 | K13: =SUM(K19:K25) -> 2.16 | ... AG13: =SUM(AG19:AG25) -> 0 | AI13: * | AK13: =IF($AJ13="","",$AK$45) | AL13: =IF($AJ13="","",25) | AN13: =IF(AJ13="","*","DMD") -> * | AO13: =AJ13 -> 0 | AQ13: Bvkm | AR13: million Vehicles | AS13: yes
A14: Share of Veh | D14: =D13/SUM($D$13:$T$13) -> 0.068028648 | E14: =E13/SUM($D$13:$T$13) -> 0.1183157 | F14: =F13/SUM($D$13:$T$13) -> 0.0015744705 | G14: =G13/SUM($D$13:$T$13) -> 0.0011712525 | H14: =H13/SUM($D$13:$T$13) -> 0.0049730228 | I14: =I13/SUM($D$13:$T$13) -> 0.34283136 | J14: =J13/SUM($D$13:$T$13) -> 0.0033217488 | K14: =K13/SUM($D$13:$T$13) -> 0.0041473858 | ... AG14: =AG13/SUM($D$13:$T$13) -> 0 | AI14: * | AK14: =IF($AJ14="","",$AK$45) | AL14: =IF($AJ14="","",25) | AN14: =IF(AJ14="","*","DMD") -> * | AO14: =AJ14 -> 0 | AQ14: Bvkm | AR14: million Vehicles | AS14: yes
AI15: * | AK15: =IF($AJ15="","",$AK$45) | AL15: =IF($AJ15="","",25) | AN15: =IF(AJ15="","*","DMD") -> * | AO15: =AJ15 -> 0 | AQ15: Bvkm | AR15: million Vehicles | AS15: yes
AI16: * | AK16: =IF($AJ16="","",$AK$45) | AL16: =IF($AJ16="","",25) | AN16: =IF(AJ16="","*","DMD") -> * | AO16: =AJ16 -> 0 | AQ16: Bvkm | AR16: million Vehicles | AS16: yes
A17: PJ share/Veh share | D17: =IFERROR(D11/D14,"") -> 0.99984569 | E17: =IFERROR(E11/E14,"") -> 0.99982773 | F17: =IFERROR(F11/F14,"") -> 1.0076073 | G17: =IFERROR(G11/G14,"") -> 0.99864995 | H17: =IFERROR(H11/H14,"") -> 0.99950037 | I17: =IFERROR(I11/I14,"") -> 0.99995299 | J17: =IFERROR(J11/J14,"") -> 1.0009961 | K17: =IFERROR(K11/K14,"") -> 1.0024622 | ... AG17: =IFERROR(AG11/AG14,"") | AI17: * | AK17: =IF($AJ17="","",$AK$45) | AL17: =IF($AJ17="","",25) | AN17: =IF(AJ17="","*","DMD") -> * | AO17: =AJ17 -> 0 | AQ17: Bvkm | AR17: million Vehicles | AS17: yes
AI18: * | AK18: =IF($AJ18="","",$AK$45) | AL18: =IF($AJ18="","",25) | AN18: =IF(AJ18="","*","DMD") -> * | AO18: =AJ18 -> 0 | AQ18: Bvkm | AR18: million Vehicles | AS18: yes
A19: mVeh | C19: =C4 -> TRABDS | D19: =ROUND(D4*D28/D36,2) -> 0 | E19: =ROUND(E4*E28/E36,2) -> 0 | F19: =ROUND(F4*F28/F36,2) -> 0 | G19: =ROUND(G4*G28/G36,2) -> 0 | H19: =ROUND(H4*H28/H36,2) -> 0 | I19: =ROUND(I4*I28/I36,2) -> 0 | J19: =ROUND(J4*J28/J36,2) -> 0 | K19: =ROUND(K4*K28/K36,2) -> 0 | ... AG19: =ROUND(AG4*AG28/AG36,2) -> 0 | AI19: PASTI | AJ19: =IF(AH4="zero","\I:",$AK$45&"_"&VLOOKUP(C19,'TRA balance'!$AL$5:$AM$15,2,FALSE)) -> \I: | AK19: =IF($AJ19="","",$AK$45) -> Trd_2w | AL19: =IF($AJ19="","",25) -> 25 | AN19: =IF(AJ19="","*","DMD") -> DMD | AO19: =AJ19 -> \I: | AQ19: Bvkm | AR19: million Vehicles | AS19: yes
C20: =C5 -> TRABGS | D20: =ROUND(D5*D29/D37,2) -> 0 | E20: =ROUND(E5*E29/E37,2) -> 0.1 | F20: =ROUND(F5*F29/F37,2) -> 0.04 | G20: =ROUND(G5*G29/G37,2) -> 0 | H20: =ROUND(H5*H29/H37,2) -> 0.02 | I20: =ROUND(I5*I29/I37,2) -> 2.64 | J20: =ROUND(J5*J29/J37,2) -> 0.01 | K20: =ROUND(K5*K29/K37,2) -> 0.45 | ... AG20: =ROUND(AG5*AG29/AG37,2) -> 0 | AI20: PASTI | AJ20: =IF(AH5="zero","\I:",$AK$45&"_"&VLOOKUP(C20,'TRA balance'!$AL$5:$AM$15,2,FALSE)) -> Trd_2w_eth | AK20: =IF($AJ20="","",$AK$45) -> Trd_2w | AL20: =IF($AJ20="","",25) -> 25 | AN20: =IF(AJ20="","*","DMD") -> DMD | AO20: =AJ20 -> Trd_2w_eth | AQ20: Bvkm | AR20: million Vehicles | AS20: yes
C21: =C6 -> TRADST | D21: =ROUND(D6*D30/D38,2) -> 0 | E21: =ROUND(E6*E30/E38,2) -> 0 | F21: =ROUND(F6*F30/F38,2) -> 0 | G21: =ROUND(G6*G30/G38,2) -> 0 | H21: =ROUND(H6*H30/H38,2) -> 0 | I21: =ROUND(I6*I30/I38,2) -> 0 | J21: =ROUND(J6*J30/J38,2) -> 0 | K21: =ROUND(K6*K30/K38,2) -> 0 | ... AG21: =ROUND(AG6*AG30/AG38,2) -> 0 | AI21: PASTI | AJ21: =IF(AH6="zero","\I:",$AK$45&"_"&VLOOKUP(C21,'TRA balance'!$AL$5:$AM$15,2,FALSE)) -> \I: | AK21: =IF($AJ21="","",$AK$45) -> Trd_2w | AL21: =IF($AJ21="","",25) -> 25 | AN21: =IF(AJ21="","*","DMD") -> DMD | AO21: =AJ21 -> \I: | AQ21: Bvkm | AR21: million Vehicles | AS21: yes
C22: =C7 -> TRAELC | D22: =ROUND(D7*D31/D39,2) -> 0 | E22: =ROUND(E7*E31/E39,2) -> 0 | F22: =ROUND(F7*F31/F39,2) -> 0 | G22: =ROUND(G7*G31/G39,2) -> 0 | H22: =ROUND(H7*H31/H39,2) -> 0 | I22: =ROUND(I7*I31/I39,2) -> 0 | J22: =ROUND(J7*J31/J39,2) -> 0 | K22: =ROUND(K7*K31/K39,2) -> 0 | ... AG22: =ROUND(AG7*AG31/AG39,2) -> 0 | AI22: PASTI | AJ22: =IF(AH7="zero","\I:",$AK$45&"_"&VLOOKUP(C22,'TRA balance'!$AL$5:$AM$15,2,FALSE)) -> \I: | AK22: =IF($AJ22="","",$AK$45) -> Trd_2w | AL22: =IF($AJ22="","",25) -> 25 | AN22: =IF(AJ22="","*","DMD") -> DMD | AO22: =AJ22 -> \I: | AQ22: Bvkm | AR22: million Vehicles | AS22: yes
C23: =C8 -> TRAGSL | D23: =ROUND(D8*D32/D40,2) -> 35.43 | E23: =ROUND(E8*E32/E40,2) -> 61.52 | F23: =ROUND(F8*F32/F40,2) -> 0.78 | G23: =ROUND(G8*G32/G40,2) -> 0.61 | H23: =ROUND(H8*H32/H40,2) -> 2.57 | I23: =ROUND(I8*I32/I40,2) -> 175.91 | J23: =ROUND(J8*J32/J40,2) -> 1.72 | K23: =ROUND(K8*K32/K40,2) -> 1.71 | ... AG23: =ROUND(AG8*AG32/AG40,2) -> 0 | AI23: PASTI | AJ23: =IF(AH8="zero","\I:",$AK$45&"_"&VLOOKUP(C23,'TRA balance'!$AL$5:$AM$15,2,FALSE)) -> Trd_2w_gsl | AK23: =IF($AJ23="","",$AK$45) -> Trd_2w | AL23: =IF($AJ23="","",25) -> 25 | AN23: =IF(AJ23="","*","DMD") -> DMD | AO23: =AJ23 -> Trd_2w_gsl | AQ23: Bvkm | AR23: million Vehicles | AS23: yes
C24: =C9 -> TRALPG | D24: =ROUND(D9*D33/D41,2) -> 0 | E24: =ROUND(E9*E33/E41,2) -> 0 | F24: =ROUND(F9*F33/F41,2) -> 0 | G24: =ROUND(G9*G33/G41,2) -> 0 | H24: =ROUND(H9*H33/H41,2) -> 0 | I24: =ROUND(I9*I33/I41,2) -> 0 | J24: =ROUND(J9*J33/J41,2) -> 0 | K24: =ROUND(K9*K33/K41,2) -> 0 | ... AG24: =ROUND(AG9*AG33/AG41,2) -> 0 | AI24: PASTI | AJ24: =IF(AH9="zero","\I:",$AK$45&"_"&VLOOKUP(C24,'TRA balance'!$AL$5:$AM$15,2,FALSE)) -> \I: | AK24: =IF($AJ24="","",$AK$45) -> Trd_2w | AL24: =IF($AJ24="","",25) -> 25 | AN24: =IF(AJ24="","*","DMD") -> DMD | AO24: =AJ24 -> \I: | AQ24: Bvkm | AR24: million Vehicles | AS24: yes
C25: =C10 -> TRANGA | D25: =ROUND(D10*D34/D42,2) -> 0 | E25: =ROUND(E10*E34/E42,2) -> 0 | F25: =ROUND(F10*F34/F42,2) -> 0 | G25: =ROUND(G10*G34/G42,2) -> 0 | H25: =ROUND(H10*H34/H42,2) -> 0 | I25: =ROUND(I10*I34/I42,2) -> 0 | J25: =ROUND(J10*J34/J42,2) -> 0 | K25: =ROUND(K10*K34/K42,2) -> 0 | ... AG25: =ROUND(AG10*AG34/AG42,2) -> 0 | AI25: PASTI | AJ25: =IF(AH10="zero","\I:",$AK$45&"_"&VLOOKUP(C25,'TRA balance'!$AL$5:$AM$15,2,FALSE)) -> \I: | AK25: =IF($AJ25="","",$AK$45) -> Trd_2w | AL25: =IF($AJ25="","",25) -> 25 | AN25: =IF(AJ25="","*","DMD") -> DMD | AO25: =AJ25 -> \I: | AQ25: Bvkm | AR25: million Vehicles | AS25: yes
AI26: * | AK26: =IF($AJ26="","",$AK$45) | AL26: =IF($AJ26="","",25) | AN26: =IF(AJ26="","*","DMD") -> * | AO26: =AJ26 -> 0 | AQ26: Bvkm | AR26: million Vehicles | AS26: yes
D27: 1 | E27: 1 | F27: 1 | G27: 1 | H27: 1 | I27: 1 | J27: 1 | K27: 1 | L27: 1 | M27: 1 | N27: 1 | O27: 1 | P27: 1 | Q27: 1 | R27: 1 | S27: 1 | T27: 1 | U27: 1 | V27: 1 | W27: 1 | X27: 1 | Y27: 1 | Z27: 1 | AA27: 1 | AB27: 1 | AC27: 1 | AD27: 1 | AE27: 1 | AF27: 1 | AG27: 1 | AI27: * | AK27: =IF($AJ27="","",$AK$45) | AL27: =IF($AJ27="","",25) | AN27: =IF(AJ27="","*","DMD") -> * | AO27: =AJ27 -> 0 | AQ27: Bvkm | AR27: million Vehicles | AS27: yes
A28: Efficiency | C28: =C19 -> TRABDS | D28: =$AH28*D$27 -> 0.99 | E28: =$AH28*E$27 -> 0.99 | F28: =$AH28*F$27 -> 0.99 | G28: =$AH28*G$27 -> 0.99 | H28: =$AH28*H$27 -> 0.99 | I28: =$AH28*I$27 -> 0.99 | J28: =$AH28*J$27 -> 0.99 | K28: =$AH28*K$27 -> 0.99 | ... AG28: =$AH28*AG$27 -> 0.99 | AH28: 0.99 | AI28: EFF | AJ28: =AJ19 -> \I: | AK28: =IF($AJ28="","",$AK$45) -> Trd_2w | AL28: =IF($AJ28="","",25) -> 25 | AN28: =IF(AJ28="","*","DMD") -> DMD | AO28: =AJ28 -> \I: | AQ28: Bvkm | AR28: million Vehicles | AS28: yes
C29: =C20 -> TRABGS | D29: =$AH29*D$27 -> 0.99 | E29: =$AH29*E$27 -> 0.99 | F29: =$AH29*F$27 -> 0.99 | G29: =$AH29*G$27 -> 0.99 | H29: =$AH29*H$27 -> 0.99 | I29: =$AH29*I$27 -> 0.99 | J29: =$AH29*J$27 -> 0.99 | K29: =$AH29*K$27 -> 0.99 | ... AG29: =$AH29*AG$27 -> 0.99 | AH29: 0.99 | AI29: EFF | AJ29: =AJ20 -> Trd_2w_eth | AK29: =IF($AJ29="","",$AK$45) -> Trd_2w | AL29: =IF($AJ29="","",25) -> 25 | AN29: =IF(AJ29="","*","DMD") -> DMD | AO29: =AJ29 -> Trd_2w_eth | AQ29: Bvkm | AR29: million Vehicles | AS29: yes
C30: =C21 -> TRADST | D30: =$AH30*D$27 -> 0.99 | E30: =$AH30*E$27 -> 0.99 | F30: =$AH30*F$27 -> 0.99 | G30: =$AH30*G$27 -> 0.99 | H30: =$AH30*H$27 -> 0.99 | I30: =$AH30*I$27 -> 0.99 | J30: =$AH30*J$27 -> 0.99 | K30: =$AH30*K$27 -> 0.99 | ... AG30: =$AH30*AG$27 -> 0.99 | AH30: 0.99 | AI30: EFF | AJ30: =AJ21 -> \I: | AK30: =IF($AJ30="","",$AK$45) -> Trd_2w | AL30: =IF($AJ30="","",25) -> 25 | AN30: =IF(AJ30="","*","DMD") -> DMD | AO30: =AJ30 -> \I: | AQ30: Bvkm | AR30: million Vehicles | AS30: yes
C31: =C22 -> TRAELC | D31: =$AH31*D$27 -> 0.99 | E31: =$AH31*E$27 -> 0.99 | F31: =$AH31*F$27 -> 0.99 | G31: =$AH31*G$27 -> 0.99 | H31: =$AH31*H$27 -> 0.99 | I31: =$AH31*I$27 -> 0.99 | J31: =$AH31*J$27 -> 0.99 | K31: =$AH31*K$27 -> 0.99 | ... AG31: =$AH31*AG$27 -> 0.99 | AH31: 0.99 | AI31: EFF | AJ31: =AJ22 -> \I: | AK31: =IF($AJ31="","",$AK$45) -> Trd_2w | AL31: =IF($AJ31="","",25) -> 25 | AN31: =IF(AJ31="","*","DMD") -> DMD | AO31: =AJ31 -> \I: | AQ31: Bvkm | AR31: million Vehicles | AS31: yes
C32: =C23 -> TRAGSL | D32: =$AH32*D$27 -> 0.99 | E32: =$AH32*E$27 -> 0.99 | F32: =$AH32*F$27 -> 0.99 | G32: =$AH32*G$27 -> 0.99 | H32: =$AH32*H$27 -> 0.99 | I32: =$AH32*I$27 -> 0.99 | J32: =$AH32*J$27 -> 0.99 | K32: =$AH32*K$27 -> 0.99 | ... AG32: =$AH32*AG$27 -> 0.99 | AH32: 0.99 | AI32: EFF | AJ32: =AJ23 -> Trd_2w_gsl | AK32: =IF($AJ32="","",$AK$45) -> Trd_2w | AL32: =IF($AJ32="","",25) -> 25 | AN32: =IF(AJ32="","*","DMD") -> DMD | AO32: =AJ32 -> Trd_2w_gsl | AQ32: Bvkm | AR32: million Vehicles | AS32: yes
C33: =C24 -> TRALPG | D33: =$AH33*D$27 -> 0.99 | E33: =$AH33*E$27 -> 0.99 | F33: =$AH33*F$27 -> 0.99 | G33: =$AH33*G$27 -> 0.99 | H33: =$AH33*H$27 -> 0.99 | I33: =$AH33*I$27 -> 0.99 | J33: =$AH33*J$27 -> 0.99 | K33: =$AH33*K$27 -> 0.99 | ... AG33: =$AH33*AG$27 -> 0.99 | AH33: 0.99 | AI33: EFF | AJ33: =AJ24 -> \I: | AK33: =IF($AJ33="","",$AK$45) -> Trd_2w | AL33: =IF($AJ33="","",25) -> 25 | AN33: =IF(AJ33="","*","DMD") -> DMD | AO33: =AJ33 -> \I: | AQ33: Bvkm | AR33: million Vehicles | AS33: yes
C34: =C25 -> TRANGA | D34: =$AH34*D$27 -> 0.99 | E34: =$AH34*E$27 -> 0.99 | F34: =$AH34*F$27 -> 0.99 | G34: =$AH34*G$27 -> 0.99 | H34: =$AH34*H$27 -> 0.99 | I34: =$AH34*I$27 -> 0.99 | J34: =$AH34*J$27 -> 0.99 | K34: =$AH34*K$27 -> 0.99 | ... AG34: =$AH34*AG$27 -> 0.99 | AH34: 0.99 | AI34: EFF | AJ34: =AJ25 -> \I: | AK34: =IF($AJ34="","",$AK$45) -> Trd_2w | AL34: =IF($AJ34="","",25) -> 25 | AN34: =IF(AJ34="","*","DMD") -> DMD | AO34: =AJ34 -> \I: | AQ34: Bvkm | AR34: million Vehicles | AS34: yes
AI35: * | AK35: =IF($AJ35="","",$AK$45) | AL35: =IF($AJ35="","",25) | AN35: =IF(AJ35="","*","DMD") -> * | AO35: =AJ35 -> 0 | AQ35: Bvkm | AR35: million Vehicles | AS35: yes
A36: 000km/veh | C36: =C28 -> TRABDS | D36: 7 | E36: 7 | F36: 7 | G36: 7 | H36: 7 | I36: 7 | J36: 7 | K36: 7 | L36: 7 | M36: 7 | N36: 7 | O36: 7 | P36: 7 | Q36: 7 | R36: 7 | S36: 7 | T36: 7 | U36: 7 | V36: 7 | W36: 7 | X36: 7 | Y36: 7 | Z36: 7 | AA36: 7 | AB36: 7 | AC36: 7 | AD36: 7 | AE36: 7 | AF36: 7 | AG36: 7 | AI36: AF | AJ36: =AJ28 -> \I: | AK36: =IF($AJ36="","",$AK$45) -> Trd_2w | AL36: =IF($AJ36="","",25) -> 25 | AN36: =IF(AJ36="","*","DMD") -> DMD | AO36: =AJ36 -> \I: | AQ36: Bvkm | AR36: million Vehicles | AS36: yes
C37: =C29 -> TRABGS | D37: =D$36 -> 7 | E37: =E$36 -> 7 | F37: =F$36 -> 7 | G37: =G$36 -> 7 | H37: =H$36 -> 7 | I37: =I$36 -> 7 | J37: =J$36 -> 7 | K37: =K$36 -> 7 | ... AG37: =AG$36 -> 7 | AI37: AF | AJ37: =AJ29 -> Trd_2w_eth | AK37: =IF($AJ37="","",$AK$45) -> Trd_2w | AL37: =IF($AJ37="","",25) -> 25 | AN37: =IF(AJ37="","*","DMD") -> DMD | AO37: =AJ37 -> Trd_2w_eth | AQ37: Bvkm | AR37: million Vehicles | AS37: yes
C38: =C30 -> TRADST | D38: =D$36 -> 7 | E38: =E$36 -> 7 | F38: =F$36 -> 7 | G38: =G$36 -> 7 | H38: =H$36 -> 7 | I38: =I$36 -> 7 | J38: =J$36 -> 7 | K38: =K$36 -> 7 | ... AG38: =AG$36 -> 7 | AI38: AF | AJ38: =AJ30 -> \I: | AK38: =IF($AJ38="","",$AK$45) -> Trd_2w | AL38: =IF($AJ38="","",25) -> 25 | AN38: =IF(AJ38="","*","DMD") -> DMD | AO38: =AJ38 -> \I: | AQ38: Bvkm | AR38: million Vehicles | AS38: yes
C39: =C31 -> TRAELC | D39: =D$36 -> 7 | E39: =E$36 -> 7 | F39: =F$36 -> 7 | G39: =G$36 -> 7 | H39: =H$36 -> 7 | I39: =I$36 -> 7 | J39: =J$36 -> 7 | K39: =K$36 -> 7 | ... AG39: =AG$36 -> 7 | AI39: AF | AJ39: =AJ31 -> \I: | AK39: =IF($AJ39="","",$AK$45) -> Trd_2w | AL39: =IF($AJ39="","",25) -> 25 | AN39: =IF(AJ39="","*","DMD") -> DMD | AO39: =AJ39 -> \I: | AQ39: Bvkm | AR39: million Vehicles | AS39: yes
C40: =C32 -> TRAGSL | D40: =D$36 -> 7 | E40: =E$36 -> 7 | F40: =F$36 -> 7 | G40: =G$36 -> 7 | H40: =H$36 -> 7 | I40: =I$36 -> 7 | J40: =J$36 -> 7 | K40: =K$36 -> 7 | ... AG40: =AG$36 -> 7 | AI40: AF | AJ40: =AJ32 -> Trd_2w_gsl | AK40: =IF($AJ40="","",$AK$45) -> Trd_2w | AL40: =IF($AJ40="","",25) -> 25 | AN40: =IF(AJ40="","*","DMD") -> DMD | AO40: =AJ40 -> Trd_2w_gsl | AQ40: Bvkm | AR40: million Vehicles | AS40: yes
C41: =C33 -> TRALPG | D41: =D$36 -> 7 | E41: =E$36 -> 7 | F41: =F$36 -> 7 | G41: =G$36 -> 7 | H41: =H$36 -> 7 | I41: =I$36 -> 7 | J41: =J$36 -> 7 | K41: =K$36 -> 7 | ... AG41: =AG$36 -> 7 | AI41: AF | AJ41: =AJ33 -> \I: | AK41: =IF($AJ41="","",$AK$45) -> Trd_2w | AL41: =IF($AJ41="","",25) -> 25 | AN41: =IF(AJ41="","*","DMD") -> DMD | AO41: =AJ41 -> \I: | AQ41: Bvkm | AR41: million Vehicles | AS41: yes
C42: =C34 -> TRANGA | D42: =D$36 -> 7 | E42: =E$36 -> 7 | F42: =F$36 -> 7 | G42: =G$36 -> 7 | H42: =H$36 -> 7 | I42: =I$36 -> 7 | J42: =J$36 -> 7 | K42: =K$36 -> 7 | ... AG42: =AG$36 -> 7 | AI42: AF | AJ42: =AJ34 -> \I: | AK42: =IF($AJ42="","",$AK$45) -> Trd_2w | AL42: =IF($AJ42="","",25) -> 25 | AN42: =IF(AJ42="","*","DMD") -> DMD | AO42: =AJ42 -> \I: | AQ42: Bvkm | AR42: million Vehicles | AS42: yes
AI43: * | AL43: =IF($AJ43="","",25)
D44: =D3 -> Africa_north | E44: =E3 -> Africa_other | F44: =F3 -> Arg-Chi | G44: =G3 -> Asia_central | H44: =H3 -> Asia_east | I44: =I3 -> Asia_other | J44: =J3 -> Australia_NZ | K44: =K3 -> Brazil | ... AG44: =AG3 -> \I: | AI44: * | AL44: =IF($AJ44="","",25)
A45: Dem Bvkm | D45: =SUMPRODUCT(D36:D42,D19:D25) -> 248.01 | E45: =SUMPRODUCT(E36:E42,E19:E25) -> 431.34 | F45: =SUMPRODUCT(F36:F42,F19:F25) -> 5.74 | G45: =SUMPRODUCT(G36:G42,G19:G25) -> 4.27 | H45: =SUMPRODUCT(H36:H42,H19:H25) -> 18.13 | I45: =SUMPRODUCT(I36:I42,I19:I25) -> 1249.85 | J45: =SUMPRODUCT(J36:J42,J19:J25) -> 12.11 | K45: =SUMPRODUCT(K36:K42,K19:K25) -> 15.12 | ... AG45: =SUMPRODUCT(AG36:AG42,AG19:AG25) -> 0 | AI45: Demand | AK45: Trd_2w | AL45: =IF($AJ45="","",25)
D46: =D45/'non-road'!BV20 -> 0.12288223 | E46: =E45/'non-road'!BW20 -> 0.15493873 | F46: =F45/'non-road'!BX20 -> 0.0056540026 | G46: =G45/'non-road'!BY20 -> 0.0042625269 | H46: =H45/'non-road'!BZ20 -> 0.0028620772 | I46: =I45/'non-road'!CA20 -> 0.11905013 | J46: =J45/'non-road'!CB20 -> 0.010894844 | K46: =K45/'non-road'!CC20 -> 0.0055487664 | ... AG46: =AG45/'non-road'!CY20 -> #DIV/0! | AI46: *

Sheet 3-w
AI2: ~FI_T | AN2: ~FI_Process
C3: comm-in | D3: ='TRA balance'!E4 -> Africa_north | E3: ='TRA balance'!F4 -> Africa_other | F3: ='TRA balance'!G4 -> Arg-Chi | G3: ='TRA balance'!H4 -> Asia_central | H3: ='TRA balance'!I4 -> Asia_east | I3: ='TRA balance'!J4 -> Asia_other | J3: ='TRA balance'!K4 -> Australia_NZ | K3: ='TRA balance'!L4 -> Brazil | ... AG3: ='TRA balance'!AH4 -> \I: | AH3: * | AI3: attribute | AJ3: process | AK3: comm-out | AL3: LIFE | AN3: Sets | AO3: TechName | AP3: TechDesc | AQ3: Tact | AR3: Tcap | AS3: Vintage
A4: TR | C4: TRABDS | D4: {=SUM(SUMIFS(Assumptions!AN$3:AN$102,Assumptions!$B$3:$B$102,'3-w'!$C4,Assumptions!$G$3:$G$102,{"TRE"}))} -> 0 | E4: {=SUM(SUMIFS(Assumptions!AO$3:AO$102,Assumptions!$B$3:$B$102,'3-w'!$C4,Assumptions!$G$3:$G$102,{"TRE"}))} -> 0 | F4: {=SUM(SUMIFS(Assumptions!AP$3:AP$102,Assumptions!$B$3:$B$102,'3-w'!$C4,Assumptions!$G$3:$G$102,{"TRE"}))} -> 0.029650174 | G4: {=SUM(SUMIFS(Assumptions!AQ$3:AQ$102,Assumptions!$B$3:$B$102,'3-w'!$C4,Assumptions!$G$3:$G$102,{"TRE"}))} -> 0 | H4: {=SUM(SUMIFS(Assumptions!AR$3:AR$102,Assumptions!$B$3:$B$102,'3-w'!$C4,Assumptions!$G$3:$G$102,{"TRE"}))} -> 0.013685228 | I4: {=SUM(SUMIFS(Assumptions!AS$3:AS$102,Assumptions!$B$3:$B$102,'3-w'!$C4,Assumptions!$G$3:$G$102,{"TRE"}))} -> 0 | J4: {=SUM(SUMIFS(Assumptions!AT$3:AT$102,Assumptions!$B$3:$B$102,'3-w'!$C4,Assumptions!$G$3:$G$102,{"TRE"}))} -> 0 | K4: {=SUM(SUMIFS(Assumptions!AU$3:AU$102,Assumptions!$B$3:$B$102,'3-w'!$C4,Assumptions!$G$3:$G$102,{"TRE"}))} -> 0.45572095 | ... AG4: {=SUM(SUMIFS(Assumptions!BQ$3:BQ$102,Assumptions!$B$3:$B$102,'3-w'!$C4,Assumptions!$G$3:$G$102,{"TRE"}))} -> 0 | AH4: =IF(SUM(D4:AG4)=0,"zero","") | AI4: * | AK4: =IF($AJ4="","",$AK$45) | AL4: =IF($AJ4="","",25) | AN4: =IF($AJ4="","*","DMD") -> * | AO4: =AJ4 -> 0 | AQ4: Bvkm | AR4: million Vehicles | AS4: yes
A5: TR | C5: TRABGS | D5: {=SUM(SUMIFS(Assumptions!AN$3:AN$102,Assumptions!$B$3:$B$102,'3-w'!$C5,Assumptions!$G$3:$G$102,{"TRE"}))} -> 0 | E5: {=SUM(SUMIFS(Assumptions!AO$3:AO$102,Assumptions!$B$3:$B$102,'3-w'!$C5,Assumptions!$G$3:$G$102,{"TRE"}))} -> 0.19221473 | F5: {=SUM(SUMIFS(Assumptions!AP$3:AP$102,Assumptions!$B$3:$B$102,'3-w'!$C5,Assumptions!$G$3:$G$102,{"TRE"}))} -> 0.10149152 | G5: {=SUM(SUMIFS(Assumptions!AQ$3:AQ$102,Assumptions!$B$3:$B$102,'3-w'!$C5,Assumptions!$G$3:$G$102,{"TRE"}))} -> 0 | H5: {=SUM(SUMIFS(Assumptions!AR$3:AR$102,Assumptions!$B$3:$B$102,'3-w'!$C5,Assumptions!$G$3:$G$102,{"TRE"}))} -> 0.074865818 | I5: {=SUM(SUMIFS(Assumptions!AS$3:AS$102,Assumptions!$B$3:$B$102,'3-w'!$C5,Assumptions!$G$3:$G$102,{"TRE"}))} -> 5.3312425 | J5: {=SUM(SUMIFS(Assumptions!AT$3:AT$102,Assumptions!$B$3:$B$102,'3-w'!$C5,Assumptions!$G$3:$G$102,{"TRE"}))} -> 0 | K5: {=SUM(SUMIFS(Assumptions!AU$3:AU$102,Assumptions!$B$3:$B$102,'3-w'!$C5,Assumptions!$G$3:$G$102,{"TRE"}))} -> 1.061791 | ... AG5: {=SUM(SUMIFS(Assumptions!BQ$3:BQ$102,Assumptions!$B$3:$B$102,'3-w'!$C5,Assumptions!$G$3:$G$102,{"TRE"}))} -> 0 | AH5: =IF(SUM(D5:AG5)=0,"zero","") | AI5: * | AK5: =IF($AJ5="","",$AK$45) | AL5: =IF($AJ5="","",25) | AN5: =IF(AJ5="","*","DMD") -> * | AO5: =AJ5 -> 0 | AQ5: Bvkm | AR5: million Vehicles | AS5: yes
A6: TR | C6: TRADST | D6: {=SUM(SUMIFS(Assumptions!AN$3:AN$102,Assumptions!$B$3:$B$102,'3-w'!$C6,Assumptions!$G$3:$G$102,{"TRE"}))} -> 0 | E6: {=SUM(SUMIFS(Assumptions!AO$3:AO$102,Assumptions!$B$3:$B$102,'3-w'!$C6,Assumptions!$G$3:$G$102,{"TRE"}))} -> 0 | F6: {=SUM(SUMIFS(Assumptions!AP$3:AP$102,Assumptions!$B$3:$B$102,'3-w'!$C6,Assumptions!$G$3:$G$102,{"TRE"}))} -> 0.33181318 | G6: {=SUM(SUMIFS(Assumptions!AQ$3:AQ$102,Assumptions!$B$3:$B$102,'3-w'!$C6,Assumptions!$G$3:$G$102,{"TRE"}))} -> 0 | H6: {=SUM(SUMIFS(Assumptions!AR$3:AR$102,Assumptions!$B$3:$B$102,'3-w'!$C6,Assumptions!$G$3:$G$102,{"TRE"}))} -> 0.85770435 | I6: {=SUM(SUMIFS(Assumptions!AS$3:AS$102,Assumptions!$B$3:$B$102,'3-w'!$C6,Assumptions!$G$3:$G$102,{"TRE"}))} -> 0 | J6: {=SUM(SUMIFS(Assumptions!AT$3:AT$102,Assumptions!$B$3:$B$102,'3-w'!$C6,Assumptions!$G$3:$G$102,{"TRE"}))} -> 0 | K6: {=SUM(SUMIFS(Assumptions!AU$3:AU$102,Assumptions!$B$3:$B$102,'3-w'!$C6,Assumptions!$G$3:$G$102,{"TRE"}))} -> 1.0051941 | ... AG6: {=SUM(SUMIFS(Assumptions!BQ$3:BQ$102,Assumptions!$B$3:$B$102,'3-w'!$C6,Assumptions!$G$3:$G$102,{"TRE"}))} -> 0 | AH6: =IF(SUM(D6:AG6)=0,"zero","") | AI6: * | AK6: =IF($AJ6="","",$AK$45) | AL6: =IF($AJ6="","",25) | AN6: =IF(AJ6="","*","DMD") -> * | AO6: =AJ6 -> 0 | AQ6: Bvkm | AR6: million Vehicles | AS6: yes
A7: TR | C7: TRAELC | D7: {=SUM(SUMIFS(Assumptions!AN$3:AN$102,Assumptions!$B$3:$B$102,'3-w'!$C7,Assumptions!$G$3:$G$102,{"TRE"}))} -> 0 | E7: {=SUM(SUMIFS(Assumptions!AO$3:AO$102,Assumptions!$B$3:$B$102,'3-w'!$C7,Assumptions!$G$3:$G$102,{"TRE"}))} -> 0 | F7: {=SUM(SUMIFS(Assumptions!AP$3:AP$102,Assumptions!$B$3:$B$102,'3-w'!$C7,Assumptions!$G$3:$G$102,{"TRE"}))} -> 0 | G7: {=SUM(SUMIFS(Assumptions!AQ$3:AQ$102,Assumptions!$B$3:$B$102,'3-w'!$C7,Assumptions!$G$3:$G$102,{"TRE"}))} -> 0 | H7: {=SUM(SUMIFS(Assumptions!AR$3:AR$102,Assumptions!$B$3:$B$102,'3-w'!$C7,Assumptions!$G$3:$G$102,{"TRE"}))} -> 0 | I7: {=SUM(SUMIFS(Assumptions!AS$3:AS$102,Assumptions!$B$3:$B$102,'3-w'!$C7,Assumptions!$G$3:$G$102,{"TRE"}))} -> 0 | J7: {=SUM(SUMIFS(Assumptions!AT$3:AT$102,Assumptions!$B$3:$B$102,'3-w'!$C7,Assumptions!$G$3:$G$102,{"TRE"}))} -> 0 | K7: {=SUM(SUMIFS(Assumptions!AU$3:AU$102,Assumptions!$B$3:$B$102,'3-w'!$C7,Assumptions!$G$3:$G$102,{"TRE"}))} -> 0 | ... AG7: {=SUM(SUMIFS(Assumptions!BQ$3:BQ$102,Assumptions!$B$3:$B$102,'3-w'!$C7,Assumptions!$G$3:$G$102,{"TRE"}))} -> 0 | AH7: =IF(SUM(D7:AG7)=0,"zero","") -> zero | AI7: * | AK7: =IF($AJ7="","",$AK$45) | AL7: =IF($AJ7="","",25) | AN7: =IF(AJ7="","*","DMD") -> * | AO7: =AJ7 -> 0 | AQ7: Bvkm | AR7: million Vehicles | AS7: yes
A8: TR | C8: TRAGSL | D8: {=SUM(SUMIFS(Assumptions!AN$3:AN$102,Assumptions!$B$3:$B$102,'3-w'!$C8,Assumptions!$G$3:$G$102,{"TRE"}))} -> 71.567029 | E8: {=SUM(SUMIFS(Assumptions!AO$3:AO$102,Assumptions!$B$3:$B$102,'3-w'!$C8,Assumptions!$G$3:$G$102,{"TRE"}))} -> 124.27522 | F8: {=SUM(SUMIFS(Assumptions!AP$3:AP$102,Assumptions!$B$3:$B$102,'3-w'!$C8,Assumptions!$G$3:$G$102,{"TRE"}))} -> 1.8459338 | G8: {=SUM(SUMIFS(Assumptions!AQ$3:AQ$102,Assumptions!$B$3:$B$102,'3-w'!$C8,Assumptions!$G$3:$G$102,{"TRE"}))} -> 1.4358159 | H8: {=SUM(SUMIFS(Assumptions!AR$3:AR$102,Assumptions!$B$3:$B$102,'3-w'!$C8,Assumptions!$G$3:$G$102,{"TRE"}))} -> 9.0774212 | I8: {=SUM(SUMIFS(Assumptions!AS$3:AS$102,Assumptions!$B$3:$B$102,'3-w'!$C8,Assumptions!$G$3:$G$102,{"TRE"}))} -> 355.37055 | J8: {=SUM(SUMIFS(Assumptions!AT$3:AT$102,Assumptions!$B$3:$B$102,'3-w'!$C8,Assumptions!$G$3:$G$102,{"TRE"}))} -> 0 | K8: {=SUM(SUMIFS(Assumptions!AU$3:AU$102,Assumptions!$B$3:$B$102,'3-w'!$C8,Assumptions!$G$3:$G$102,{"TRE"}))} -> 4.0418183 | ... AG8: {=SUM(SUMIFS(Assumptions!BQ$3:BQ$102,Assumptions!$B$3:$B$102,'3-w'!$C8,Assumptions!$G$3:$G$102,{"TRE"}))} -> 0 | AH8: =IF(SUM(D8:AG8)=0,"zero","") | AI8: * | AK8: =IF($AJ8="","",$AK$45) | AL8: =IF($AJ8="","",25) | AN8: =IF(AJ8="","*","DMD") -> * | AO8: =AJ8 -> 0 | AQ8: Bvkm | AR8: million Vehicles | AS8: yes
A9: TR | C9: TRALPG | D9: {=SUM(SUMIFS(Assumptions!AN$3:AN$102,Assumptions!$B$3:$B$102,'3-w'!$C9,Assumptions!$G$3:$G$102,{"TRE"}))} -> 0 | E9: {=SUM(SUMIFS(Assumptions!AO$3:AO$102,Assumptions!$B$3:$B$102,'3-w'!$C9,Assumptions!$G$3:$G$102,{"TRE"}))} -> 0 | F9: {=SUM(SUMIFS(Assumptions!AP$3:AP$102,Assumptions!$B$3:$B$102,'3-w'!$C9,Assumptions!$G$3:$G$102,{"TRE"}))} -> 0 | G9: {=SUM(SUMIFS(Assumptions!AQ$3:AQ$102,Assumptions!$B$3:$B$102,'3-w'!$C9,Assumptions!$G$3:$G$102,{"TRE"}))} -> 0 | H9: {=SUM(SUMIFS(Assumptions!AR$3:AR$102,Assumptions!$B$3:$B$102,'3-w'!$C9,Assumptions!$G$3:$G$102,{"TRE"}))} -> 0 | I9: {=SUM(SUMIFS(Assumptions!AS$3:AS$102,Assumptions!$B$3:$B$102,'3-w'!$C9,Assumptions!$G$3:$G$102,{"TRE"}))} -> 0 | J9: {=SUM(SUMIFS(Assumptions!AT$3:AT$102,Assumptions!$B$3:$B$102,'3-w'!$C9,Assumptions!$G$3:$G$102,{"TRE"}))} -> 0 | K9: {=SUM(SUMIFS(Assumptions!AU$3:AU$102,Assumptions!$B$3:$B$102,'3-w'!$C9,Assumptions!$G$3:$G$102,{"TRE"}))} -> 0 | ... AG9: {=SUM(SUMIFS(Assumptions!BQ$3:BQ$102,Assumptions!$B$3:$B$102,'3-w'!$C9,Assumptions!$G$3:$G$102,{"TRE"}))} -> 0 | AH9: =IF(SUM(D9:AG9)=0,"zero","") -> zero | AI9: * | AK9: =IF($AJ9="","",$AK$45) | AL9: =IF($AJ9="","",25) | AN9: =IF(AJ9="","*","DMD") -> * | AO9: =AJ9 -> 0 | AQ9: Bvkm | AR9: million Vehicles | AS9: yes
A10: TR | C10: TRANGA | D10: {=SUM(SUMIFS(Assumptions!AN$3:AN$102,Assumptions!$B$3:$B$102,'3-w'!$C10,Assumptions!$G$3:$G$102,{"TRE"}))} -> 0 | E10: {=SUM(SUMIFS(Assumptions!AO$3:AO$102,Assumptions!$B$3:$B$102,'3-w'!$C10,Assumptions!$G$3:$G$102,{"TRE"}))} -> 0 | F10: {=SUM(SUMIFS(Assumptions!AP$3:AP$102,Assumptions!$B$3:$B$102,'3-w'!$C10,Assumptions!$G$3:$G$102,{"TRE"}))} -> 0 | G10: {=SUM(SUMIFS(Assumptions!AQ$3:AQ$102,Assumptions!$B$3:$B$102,'3-w'!$C10,Assumptions!$G$3:$G$102,{"TRE"}))} -> 0 | H10: {=SUM(SUMIFS(Assumptions!AR$3:AR$102,Assumptions!$B$3:$B$102,'3-w'!$C10,Assumptions!$G$3:$G$102,{"TRE"}))} -> 0 | I10: {=SUM(SUMIFS(Assumptions!AS$3:AS$102,Assumptions!$B$3:$B$102,'3-w'!$C10,Assumptions!$G$3:$G$102,{"TRE"}))} -> 0 | J10: {=SUM(SUMIFS(Assumptions!AT$3:AT$102,Assumptions!$B$3:$B$102,'3-w'!$C10,Assumptions!$G$3:$G$102,{"TRE"}))} -> 0 | K10: {=SUM(SUMIFS(Assumptions!AU$3:AU$102,Assumptions!$B$3:$B$102,'3-w'!$C10,Assumptions!$G$3:$G$102,{"TRE"}))} -> 0 | ... AG10: {=SUM(SUMIFS(Assumptions!BQ$3:BQ$102,Assumptions!$B$3:$B$102,'3-w'!$C10,Assumptions!$G$3:$G$102,{"TRE"}))} -> 0 | AH10: =IF(SUM(D10:AG10)=0,"zero","") -> zero | AI10: * | AK10: =IF($AJ10="","",$AK$45) | AL10: =IF($AJ10="","",25) | AN10: =IF(AJ10="","*","DMD") -> * | AO10: =AJ10 -> 0 | AQ10: Bvkm | AR10: million Vehicles | AS10: yes
A11: Share of PJ | D11: =SUM(D$4:D$10)/SUM($D$4:$T$10) -> 0.086526264 | E11: =SUM(E$4:E$10)/SUM($D$4:$T$10) -> 0.15048413 | F11: =SUM(F$4:F$10)/SUM($D$4:$T$10) -> 0.0027915021 | G11: =SUM(G$4:G$10)/SUM($D$4:$T$10) -> 0.0017359361 | H11: =SUM(H$4:H$10)/SUM($D$4:$T$10) -> 0.012118867 | I11: =SUM(I$4:I$10)/SUM($D$4:$T$10) -> 0.43609716 | J11: =SUM(J$4:J$10)/SUM($D$4:$T$10) -> 0 | K11: =SUM(K$4:K$10)/SUM($D$4:$T$10) -> 0.0079366682 | ... AG11: =SUM(AG$4:AG$10)/SUM($D$4:$T$10) -> 0 | AI11: * | AK11: =IF($AJ11="","",$AK$45) | AL11: =IF($AJ11="","",25) | AN11: =IF(AJ11="","*","DMD") -> * | AO11: =AJ11 -> 0 | AQ11: Bvkm | AR11: million Vehicles | AS11: yes
AI12: * | AK12: =IF($AJ12="","",$AK$45) | AL12: =IF($AJ12="","",25) | AN12: =IF(AJ12="","*","DMD") -> * | AO12: =AJ12 -> 0 | AQ12: Bvkm | AR12: million Vehicles | AS12: yes
A13: m Vehicles | C13: =SUM(D13:T13) -> 32.36 | D13: =SUM(D19:D25) -> 2.8 | E13: =SUM(E19:E25) -> 4.87 | F13: =SUM(F19:F25) -> 0.08 | G13: =SUM(G19:G25) -> 0.06 | H13: =SUM(H19:H25) -> 0.39 | I13: =SUM(I19:I25) -> 14.12 | J13: =SUM(J19:J25) -> 0 | K13: =SUM(K19:K25) -> 0.26 | ... AG13: =SUM(AG19:AG25) -> 0 | AI13: * | AK13: =IF($AJ13="","",$AK$45) | AL13: =IF($AJ13="","",25) | AN13: =IF(AJ13="","*","DMD") -> * | AO13: =AJ13 -> 0 | AQ13: Bvkm | AR13: million Vehicles | AS13: yes
A14: Share of Veh | D14: =D13/SUM($D$13:$T$13) -> 0.086526576 | E14: =E13/SUM($D$13:$T$13) -> 0.15049444 | F14: =F13/SUM($D$13:$T$13) -> 0.0024721879 | G14: =G13/SUM($D$13:$T$13) -> 0.0018541409 | H14: =H13/SUM($D$13:$T$13) -> 0.012051916 | I14: =I13/SUM($D$13:$T$13) -> 0.43634116 | J14: =J13/SUM($D$13:$T$13) -> 0 | K14: =K13/SUM($D$13:$T$13) -> 0.0080346106 | ... AG14: =AG13/SUM($D$13:$T$13) -> 0 | AI14: * | AK14: =IF($AJ14="","",$AK$45) | AL14: =IF($AJ14="","",25) | AN14: =IF(AJ14="","*","DMD") -> * | AO14: =AJ14 -> 0 | AQ14: Bvkm | AR14: million Vehicles | AS14: yes
AI15: * | AK15: =IF($AJ15="","",$AK$45) | AL15: =IF($AJ15="","",25) | AN15: =IF(AJ15="","*","DMD") -> * | AO15: =AJ15 -> 0 | AQ15: Bvkm | AR15: million Vehicles | AS15: yes
AI16: * | AK16: =IF($AJ16="","",$AK$45) | AL16: =IF($AJ16="","",25) | AN16: =IF(AJ16="","*","DMD") -> * | AO16: =AJ16 -> 0 | AQ16: Bvkm | AR16: million Vehicles | AS16: yes
A17: PJ share/Veh share | D17: =IFERROR(D11/D14,"") -> 0.9999964 | E17: =IFERROR(E11/E14,"") -> 0.99993149 | F17: =IFERROR(F11/F14,"") -> 1.1291626 | G17: =IFERROR(G11/G14,"") -> 0.93624819 | H17: =IFERROR(H11/H14,"") -> 1.0055552 | I17: =IFERROR(I11/I14,"") -> 0.9994408 | J17: =IFERROR(J11/J14,"") | K17: =IFERROR(K11/K14,"") -> 0.98780994 | ... AG17: =IFERROR(AG11/AG14,"") | AI17: * | AK17: =IF($AJ17="","",$AK$45) | AL17: =IF($AJ17="","",25) | AN17: =IF(AJ17="","*","DMD") -> * | AO17: =AJ17 -> 0 | AQ17: Bvkm | AR17: million Vehicles | AS17: yes
AI18: * | AK18: =IF($AJ18="","",$AK$45) | AL18: =IF($AJ18="","",25) | AN18: =IF(AJ18="","*","DMD") -> * | AO18: =AJ18 -> 0 | AQ18: Bvkm | AR18: million Vehicles | AS18: yes
A19: mVeh | C19: =C4 -> TRABDS | D19: =ROUND(D4*D28/D36,2) -> 0 | E19: =ROUND(E4*E28/E36,2) -> 0 | F19: =ROUND(F4*F28/F36,2) -> 0 | G19: =ROUND(G4*G28/G36,2) -> 0 | H19: =ROUND(H4*H28/H36,2) -> 0 | I19: =ROUND(I4*I28/I36,2) -> 0 | J19: =ROUND(J4*J28/J36,2) -> 0 | K19: =ROUND(K4*K28/K36,2) -> 0.02 | ... AG19: =ROUND(AG4*AG28/AG36,2) -> 0 | AI19: PASTI | AJ19: =IF(AH4="zero","\I:",$AK$45&"_"&VLOOKUP(C19,'TRA balance'!$AL$5:$AM$15,2,FALSE)) -> Trd_3w_bdl | AK19: =IF($AJ19="","",$AK$45) -> Trd_3w | AL19: =IF($AJ19="","",25) -> 25 | AN19: =IF(AJ19="","*","DMD") -> DMD | AO19: =AJ19 -> Trd_3w_bdl | AQ19: Bvkm | AR19: million Vehicles | AS19: yes
C20: =C5 -> TRABGS | D20: =ROUND(D5*D29/D37,2) -> 0 | E20: =ROUND(E5*E29/E37,2) -> 0.01 | F20: =ROUND(F5*F29/F37,2) -> 0 | G20: =ROUND(G5*G29/G37,2) -> 0 | H20: =ROUND(H5*H29/H37,2) -> 0 | I20: =ROUND(I5*I29/I37,2) -> 0.21 | J20: =ROUND(J5*J29/J37,2) -> 0 | K20: =ROUND(K5*K29/K37,2) -> 0.04 | ... AG20: =ROUND(AG5*AG29/AG37,2) -> 0 | AI20: PASTI | AJ20: =IF(AH5="zero","\I:",$AK$45&"_"&VLOOKUP(C20,'TRA balance'!$AL$5:$AM$15,2,FALSE)) -> Trd_3w_eth | AK20: =IF($AJ20="","",$AK$45) -> Trd_3w | AL20: =IF($AJ20="","",25) -> 25 | AN20: =IF(AJ20="","*","DMD") -> DMD | AO20: =AJ20 -> Trd_3w_eth | AQ20: Bvkm | AR20: million Vehicles | AS20: yes
C21: =C6 -> TRADST | D21: =ROUND(D6*D30/D38,2) -> 0 | E21: =ROUND(E6*E30/E38,2) -> 0 | F21: =ROUND(F6*F30/F38,2) -> 0.01 | G21: =ROUND(G6*G30/G38,2) -> 0 | H21: =ROUND(H6*H30/H38,2) -> 0.03 | I21: =ROUND(I6*I30/I38,2) -> 0 | J21: =ROUND(J6*J30/J38,2) -> 0 | K21: =ROUND(K6*K30/K38,2) -> 0.04 | ... AG21: =ROUND(AG6*AG30/AG38,2) -> 0 | AI21: PASTI | AJ21: =IF(AH6="zero","\I:",$AK$45&"_"&VLOOKUP(C21,'TRA balance'!$AL$5:$AM$15,2,FALSE)) -> Trd_3w_dsl | AK21: =IF($AJ21="","",$AK$45) -> Trd_3w | AL21: =IF($AJ21="","",25) -> 25 | AN21: =IF(AJ21="","*","DMD") -> DMD | AO21: =AJ21 -> Trd_3w_dsl | AQ21: Bvkm | AR21: million Vehicles | AS21: yes
C22: =C7 -> TRAELC | D22: =ROUND(D7*D31/D39,2) -> 0 | E22: =ROUND(E7*E31/E39,2) -> 0 | F22: =ROUND(F7*F31/F39,2) -> 0 | G22: =ROUND(G7*G31/G39,2) -> 0 | H22: =ROUND(H7*H31/H39,2) -> 0 | I22: =ROUND(I7*I31/I39,2) -> 0 | J22: =ROUND(J7*J31/J39,2) -> 0 | K22: =ROUND(K7*K31/K39,2) -> 0 | ... AG22: =ROUND(AG7*AG31/AG39,2) -> 0 | AI22: PASTI | AJ22: =IF(AH7="zero","\I:",$AK$45&"_"&VLOOKUP(C22,'TRA balance'!$AL$5:$AM$15,2,FALSE)) -> \I: | AK22: =IF($AJ22="","",$AK$45) -> Trd_3w | AL22: =IF($AJ22="","",25) -> 25 | AN22: =IF(AJ22="","*","DMD") -> DMD | AO22: =AJ22 -> \I: | AQ22: Bvkm | AR22: million Vehicles | AS22: yes
C23: =C8 -> TRAGSL | D23: =ROUND(D8*D32/D40,2) -> 2.8 | E23: =ROUND(E8*E32/E40,2) -> 4.86 | F23: =ROUND(F8*F32/F40,2) -> 0.07 | G23: =ROUND(G8*G32/G40,2) -> 0.06 | H23: =ROUND(H8*H32/H40,2) -> 0.36 | I23: =ROUND(I8*I32/I40,2) -> 13.91 | J23: =ROUND(J8*J32/J40,2) -> 0 | K23: =ROUND(K8*K32/K40,2) -> 0.16 | ... AG23: =ROUND(AG8*AG32/AG40,2) -> 0 | AI23: PASTI | AJ23: =IF(AH8="zero","\I:",$AK$45&"_"&VLOOKUP(C23,'TRA balance'!$AL$5:$AM$15,2,FALSE)) -> Trd_3w_gsl | AK23: =IF($AJ23="","",$AK$45) -> Trd_3w | AL23: =IF($AJ23="","",25) -> 25 | AN23: =IF(AJ23="","*","DMD") -> DMD | AO23: =AJ23 -> Trd_3w_gsl | AQ23: Bvkm | AR23: million Vehicles | AS23: yes
C24: =C9 -> TRALPG | D24: =ROUND(D9*D33/D41,2) -> 0 | E24: =ROUND(E9*E33/E41,2) -> 0 | F24: =ROUND(F9*F33/F41,2) -> 0 | G24: =ROUND(G9*G33/G41,2) -> 0 | H24: =ROUND(H9*H33/H41,2) -> 0 | I24: =ROUND(I9*I33/I41,2) -> 0 | J24: =ROUND(J9*J33/J41,2) -> 0 | K24: =ROUND(K9*K33/K41,2) -> 0 | ... AG24: =ROUND(AG9*AG33/AG41,2) -> 0 | AI24: PASTI | AJ24: =IF(AH9="zero","\I:",$AK$45&"_"&VLOOKUP(C24,'TRA balance'!$AL$5:$AM$15,2,FALSE)) -> \I: | AK24: =IF($AJ24="","",$AK$45) -> Trd_3w | AL24: =IF($AJ24="","",25) -> 25 | AN24: =IF(AJ24="","*","DMD") -> DMD | AO24: =AJ24 -> \I: | AQ24: Bvkm | AR24: million Vehicles | AS24: yes
C25: =C10 -> TRANGA | D25: =ROUND(D10*D34/D42,2) -> 0 | E25: =ROUND(E10*E34/E42,2) -> 0 | F25: =ROUND(F10*F34/F42,2) -> 0 | G25: =ROUND(G10*G34/G42,2) -> 0 | H25: =ROUND(H10*H34/H42,2) -> 0 | I25: =ROUND(I10*I34/I42,2) -> 0 | J25: =ROUND(J10*J34/J42,2) -> 0 | K25: =ROUND(K10*K34/K42,2) -> 0 | ... AG25: =ROUND(AG10*AG34/AG42,2) -> 0 | AI25: PASTI | AJ25: =IF(AH10="zero","\I:",$AK$45&"_"&VLOOKUP(C25,'TRA balance'!$AL$5:$AM$15,2,FALSE)) -> \I: | AK25: =IF($AJ25="","",$AK$45) -> Trd_3w | AL25: =IF($AJ25="","",25) -> 25 | AN25: =IF(AJ25="","*","DMD") -> DMD | AO25: =AJ25 -> \I: | AQ25: Bvkm | AR25: million Vehicles | AS25: yes
AI26: * | AK26: =IF($AJ26="","",$AK$45) | AL26: =IF($AJ26="","",25) | AN26: =IF(AJ26="","*","DMD") -> * | AO26: =AJ26 -> 0 | AQ26: Bvkm | AR26: million Vehicles | AS26: yes
D27: 1 | E27: 1 | F27: 1 | G27: 1 | H27: 1 | I27: 1 | J27: 1 | K27: 1 | L27: 1 | M27: 1 | N27: 1 | O27: 1 | P27: 1 | Q27: 1 | R27: 1 | S27: 1 | T27: 1 | U27: 1 | V27: 1 | W27: 1 | X27: 1 | Y27: 1 | Z27: 1 | AA27: 1 | AB27: 1 | AC27: 1 | AD27: 1 | AE27: 1 | AF27: 1 | AG27: 1 | AI27: * | AK27: =IF($AJ27="","",$AK$45) | AL27: =IF($AJ27="","",25) | AN27: =IF(AJ27="","*","DMD") -> * | AO27: =AJ27 -> 0 | AQ27: Bvkm | AR27: million Vehicles | AS27: yes
A28: Efficiency | C28: =C19 -> TRABDS | D28: =$AH28*D$27 -> 0.58697 | E28: =$AH28*E$27 -> 0.58697 | F28: =$AH28*F$27 -> 0.58697 | G28: =$AH28*G$27 -> 0.58697 | H28: =$AH28*H$27 -> 0.58697 | I28: =$AH28*I$27 -> 0.58697 | J28: =$AH28*J$27 -> 0.58697 | K28: =$AH28*K$27 -> 0.58697 | ... AG28: =$AH28*AG$27 -> 0.58697 | AH28: 0.58697 | AI28: EFF | AJ28: =AJ19 -> Trd_3w_bdl | AK28: =IF($AJ28="","",$AK$45) -> Trd_3w | AL28: =IF($AJ28="","",25) -> 25 | AN28: =IF(AJ28="","*","DMD") -> DMD | AO28: =AJ28 -> Trd_3w_bdl | AQ28: Bvkm | AR28: million Vehicles | AS28: yes
C29: =C20 -> TRABGS | D29: =$AH29*D$27 -> 0.58697 | E29: =$AH29*E$27 -> 0.58697 | F29: =$AH29*F$27 -> 0.58697 | G29: =$AH29*G$27 -> 0.58697 | H29: =$AH29*H$27 -> 0.58697 | I29: =$AH29*I$27 -> 0.58697 | J29: =$AH29*J$27 -> 0.58697 | K29: =$AH29*K$27 -> 0.58697 | ... AG29: =$AH29*AG$27 -> 0.58697 | AH29: 0.58697 | AI29: EFF | AJ29: =AJ20 -> Trd_3w_eth | AK29: =IF($AJ29="","",$AK$45) -> Trd_3w | AL29: =IF($AJ29="","",25) -> 25 | AN29: =IF(AJ29="","*","DMD") -> DMD | AO29: =AJ29 -> Trd_3w_eth | AQ29: Bvkm | AR29: million Vehicles | AS29: yes
C30: =C21 -> TRADST | D30: =$AH30*D$27 -> 0.58697 | E30: =$AH30*E$27 -> 0.58697 | F30: =$AH30*F$27 -> 0.58697 | G30: =$AH30*G$27 -> 0.58697 | H30: =$AH30*H$27 -> 0.58697 | I30: =$AH30*I$27 -> 0.58697 | J30: =$AH30*J$27 -> 0.58697 | K30: =$AH30*K$27 -> 0.58697 | ... AG30: =$AH30*AG$27 -> 0.58697 | AH30: 0.58697 | AI30: EFF | AJ30: =AJ21 -> Trd_3w_dsl | AK30: =IF($AJ30="","",$AK$45) -> Trd_3w | AL30: =IF($AJ30="","",25) -> 25 | AN30: =IF(AJ30="","*","DMD") -> DMD | AO30: =AJ30 -> Trd_3w_dsl | AQ30: Bvkm | AR30: million Vehicles | AS30: yes
C31: =C22 -> TRAELC | D31: =$AH31*D$27 -> 0.58697 | E31: =$AH31*E$27 -> 0.58697 | F31: =$AH31*F$27 -> 0.58697 | G31: =$AH31*G$27 -> 0.58697 | H31: =$AH31*H$27 -> 0.58697 | I31: =$AH31*I$27 -> 0.58697 | J31: =$AH31*J$27 -> 0.58697 | K31: =$AH31*K$27 -> 0.58697 | ... AG31: =$AH31*AG$27 -> 0.58697 | AH31: 0.58697 | AI31: EFF | AJ31: =AJ22 -> \I: | AK31: =IF($AJ31="","",$AK$45) -> Trd_3w | AL31: =IF($AJ31="","",25) -> 25 | AN31: =IF(AJ31="","*","DMD") -> DMD | AO31: =AJ31 -> \I: | AQ31: Bvkm | AR31: million Vehicles | AS31: yes
C32: =C23 -> TRAGSL | D32: =$AH32*D$27 -> 0.58697 | E32: =$AH32*E$27 -> 0.58697 | F32: =$AH32*F$27 -> 0.58697 | G32: =$AH32*G$27 -> 0.58697 | H32: =$AH32*H$27 -> 0.58697 | I32: =$AH32*I$27 -> 0.58697 | J32: =$AH32*J$27 -> 0.58697 | K32: =$AH32*K$27 -> 0.58697 | ... AG32: =$AH32*AG$27 -> 0.58697 | AH32: 0.58697 | AI32: EFF | AJ32: =AJ23 -> Trd_3w_gsl | AK32: =IF($AJ32="","",$AK$45) -> Trd_3w | AL32: =IF($AJ32="","",25) -> 25 | AN32: =IF(AJ32="","*","DMD") -> DMD | AO32: =AJ32 -> Trd_3w_gsl | AQ32: Bvkm | AR32: million Vehicles | AS32: yes
C33: =C24 -> TRALPG | D33: =$AH33*D$27 -> 0.58697 | E33: =$AH33*E$27 -> 0.58697 | F33: =$AH33*F$27 -> 0.58697 | G33: =$AH33*G$27 -> 0.58697 | H33: =$AH33*H$27 -> 0.58697 | I33: =$AH33*I$27 -> 0.58697 | J33: =$AH33*J$27 -> 0.58697 | K33: =$AH33*K$27 -> 0.58697 | ... AG33: =$AH33*AG$27 -> 0.58697 | AH33: 0.58697 | AI33: EFF | AJ33: =AJ24 -> \I: | AK33: =IF($AJ33="","",$AK$45) -> Trd_3w | AL33: =IF($AJ33="","",25) -> 25 | AN33: =IF(AJ33="","*","DMD") -> DMD | AO33: =AJ33 -> \I: | AQ33: Bvkm | AR33: million Vehicles | AS33: yes
C34: =C25 -> TRANGA | D34: =$AH34*D$27 -> 0.58697 | E34: =$AH34*E$27 -> 0.58697 | F34: =$AH34*F$27 -> 0.58697 | G34: =$AH34*G$27 -> 0.58697 | H34: =$AH34*H$27 -> 0.58697 | I34: =$AH34*I$27 -> 0.58697 | J34: =$AH34*J$27 -> 0.58697 | K34: =$AH34*K$27 -> 0.58697 | ... AG34: =$AH34*AG$27 -> 0.58697 | AH34: 0.58697 | AI34: EFF | AJ34: =AJ25 -> \I: | AK34: =IF($AJ34="","",$AK$45) -> Trd_3w | AL34: =IF($AJ34="","",25) -> 25 | AN34: =IF(AJ34="","*","DMD") -> DMD | AO34: =AJ34 -> \I: | AQ34: Bvkm | AR34: million Vehicles | AS34: yes
AI35: * | AK35: =IF($AJ35="","",$AK$45) | AL35: =IF($AJ35="","",25) | AN35: =IF(AJ35="","*","DMD") -> * | AO35: =AJ35 -> 0 | AQ35: Bvkm | AR35: million Vehicles | AS35: yes
A36: 000km/veh | C36: =C28 -> TRABDS | D36: 15 | E36: 15 | F36: 15 | G36: 15 | H36: 15 | I36: 15 | J36: 15 | K36: 15 | L36: 15 | M36: 15 | N36: 15 | O36: 15 | P36: 15 | Q36: 15 | R36: 15 | S36: 15 | T36: 15 | U36: 15 | V36: 15 | W36: 15 | X36: 15 | Y36: 15 | Z36: 15 | AA36: 15 | AB36: 15 | AC36: 15 | AD36: 15 | AE36: 15 | AF36: 15 | AG36: 15 | AI36: AF | AJ36: =AJ28 -> Trd_3w_bdl | AK36: =IF($AJ36="","",$AK$45) -> Trd_3w | AL36: =IF($AJ36="","",25) -> 25 | AN36: =IF(AJ36="","*","DMD") -> DMD | AO36: =AJ36 -> Trd_3w_bdl | AQ36: Bvkm | AR36: million Vehicles | AS36: yes
C37: =C29 -> TRABGS | D37: 15 | E37: 15 | F37: 15 | G37: 15 | H37: 15 | I37: 15 | J37: 15 | K37: =K36 -> 15 | L37: =L36 -> 15 | M37: =M36 -> 15 | N37: =N36 -> 15 | O37: =O36 -> 15 | P37: =P36 -> 15 | Q37: 15 | R37: 15 | S37: 15 | T37: 15 | U37: 15 | V37: 15 | W37: 15 | X37: 15 | Y37: 15 | Z37: 15 | AA37: 15 | AB37: 15 | AC37: 15 | AD37: 15 | AE37: 15 | AF37: 15 | AG37: 15 | AI37: AF | AJ37: =AJ29 -> Trd_3w_eth | AK37: =IF($AJ37="","",$AK$45) -> Trd_3w | AL37: =IF($AJ37="","",25) -> 25 | AN37: =IF(AJ37="","*","DMD") -> DMD | AO37: =AJ37 -> Trd_3w_eth | AQ37: Bvkm | AR37: million Vehicles | AS37: yes
C38: =C30 -> TRADST | D38: 15 | E38: 15 | F38: 15 | G38: 15 | H38: 15 | I38: 15 | J38: 15 | K38: =K37 -> 15 | L38: =L37 -> 15 | M38: =M37 -> 15 | N38: =N37 -> 15 | O38: =O37 -> 15 | P38: =P37 -> 15 | Q38: 15 | R38: 15 | S38: 15 | T38: 15 | U38: 15 | V38: 15 | W38: 15 | X38: 15 | Y38: 15 | Z38: 15 | AA38: 15 | AB38: 15 | AC38: 15 | AD38: 15 | AE38: 15 | AF38: 15 | AG38: 15 | AI38: AF | AJ38: =AJ30 -> Trd_3w_dsl | AK38: =IF($AJ38="","",$AK$45) -> Trd_3w | AL38: =IF($AJ38="","",25) -> 25 | AN38: =IF(AJ38="","*","DMD") -> DMD | AO38: =AJ38 -> Trd_3w_dsl | AQ38: Bvkm | AR38: million Vehicles | AS38: yes
C39: =C31 -> TRAELC | D39: 15 | E39: 15 | F39: 15 | G39: 15 | H39: 15 | I39: 15 | J39: 15 | K39: =K38 -> 15 | L39: =L38 -> 15 | M39: =M38 -> 15 | N39: =N38 -> 15 | O39: =O38 -> 15 | P39: =P38 -> 15 | Q39: 15 | R39: 15 | S39: 15 | T39: 15 | U39: 15 | V39: 15 | W39: 15 | X39: 15 | Y39: 15 | Z39: 15 | AA39: 15 | AB39: 15 | AC39: 15 | AD39: 15 | AE39: 15 | AF39: 15 | AG39: 15 | AI39: AF | AJ39: =AJ31 -> \I: | AK39: =IF($AJ39="","",$AK$45) -> Trd_3w | AL39: =IF($AJ39="","",25) -> 25 | AN39: =IF(AJ39="","*","DMD") -> DMD | AO39: =AJ39 -> \I: | AQ39: Bvkm | AR39: million Vehicles | AS39: yes
C40: =C32 -> TRAGSL | D40: 15 | E40: 15 | F40: 15 | G40: 15 | H40: 15 | I40: 15 | J40: 15 | K40: =K39 -> 15 | L40: =L39 -> 15 | M40: =M39 -> 15 | N40: =N39 -> 15 | O40: =O39 -> 15 | P40: =P39 -> 15 | Q40: 15 | R40: 15 | S40: 15 | T40: 15 | U40: 15 | V40: 15 | W40: 15 | X40: 15 | Y40: 15 | Z40: 15 | AA40: 15 | AB40: 15 | AC40: 15 | AD40: 15 | AE40: 15 | AF40: 15 | AG40: 15 | AI40: AF | AJ40: =AJ32 -> Trd_3w_gsl | AK40: =IF($AJ40="","",$AK$45) -> Trd_3w | AL40: =IF($AJ40="","",25) -> 25 | AN40: =IF(AJ40="","*","DMD") -> DMD | AO40: =AJ40 -> Trd_3w_gsl | AQ40: Bvkm | AR40: million Vehicles | AS40: yes
C41: =C33 -> TRALPG | D41: 15 | E41: 15 | F41: 15 | G41: 15 | H41: 15 | I41: 15 | J41: 15 | K41: =K40 -> 15 | L41: =L40 -> 15 | M41: =M40 -> 15 | N41: =N40 -> 15 | O41: =O40 -> 15 | P41: =P40 -> 15 | Q41: 15 | R41: 15 | S41: 15 | T41: 15 | U41: 15 | V41: 15 | W41: 15 | X41: 15 | Y41: 15 | Z41: 15 | AA41: 15 | AB41: 15 | AC41: 15 | AD41: 15 | AE41: 15 | AF41: 15 | AG41: 15 | AI41: AF | AJ41: =AJ33 -> \I: | AK41: =IF($AJ41="","",$AK$45) -> Trd_3w | AL41: =IF($AJ41="","",25) -> 25 | AN41: =IF(AJ41="","*","DMD") -> DMD | AO41: =AJ41 -> \I: | AQ41: Bvkm | AR41: million Vehicles | AS41: yes
C42: =C34 -> TRANGA | D42: 15 | E42: 15 | F42: 15 | G42: 15 | H42: 15 | I42: 15 | J42: 15 | K42: =K41 -> 15 | L42: =L41 -> 15 | M42: =M41 -> 15 | N42: =N41 -> 15 | O42: =O41 -> 15 | P42: =P41 -> 15 | Q42: 15 | R42: 15 | S42: 15 | T42: 15 | U42: 15 | V42: 15 | W42: 15 | X42: 15 | Y42: 15 | Z42: 15 | AA42: 15 | AB42: 15 | AC42: 15 | AD42: 15 | AE42: 15 | AF42: 15 | AG42: 15 | AI42: AF | AJ42: =AJ34 -> \I: | AK42: =IF($AJ42="","",$AK$45) -> Trd_3w | AL42: =IF($AJ42="","",25) -> 25 | AN42: =IF(AJ42="","*","DMD") -> DMD | AO42: =AJ42 -> \I: | AQ42: Bvkm | AR42: million Vehicles | AS42: yes
AI43: * | AL43: =IF($AJ43="","",25)
D44: =D3 -> Africa_north | E44: =E3 -> Africa_other | F44: =F3 -> Arg-Chi | G44: =G3 -> Asia_central | H44: =H3 -> Asia_east | I44: =I3 -> Asia_other | J44: =J3 -> Australia_NZ | K44: =K3 -> Brazil | ... AG44: =AG3 -> \I: | AI44: * | AL44: =IF($AJ44="","",25)
A45: Dem Bvkm | D45: =SUMPRODUCT(D36:D42,D19:D25) -> 42 | E45: =SUMPRODUCT(E36:E42,E19:E25) -> 73.05 | F45: =SUMPRODUCT(F36:F42,F19:F25) -> 1.2 | G45: =SUMPRODUCT(G36:G42,G19:G25) -> 0.9 | H45: =SUMPRODUCT(H36:H42,H19:H25) -> 5.85 | I45: =SUMPRODUCT(I36:I42,I19:I25) -> 211.8 | J45: =SUMPRODUCT(J36:J42,J19:J25) -> 0 | K45: =SUMPRODUCT(K36:K42,K19:K25) -> 3.9 | ... AG45: =SUMPRODUCT(AG36:AG42,AG19:AG25) -> 0 | AI45: Demand | AK45: Trd_3w | AL45: =IF($AJ45="","",25)
D46: =D45/'non-road'!BV20 -> 0.02080986 | E46: =E45/'non-road'!BW20 -> 0.026239797 | F46: =F45/'non-road'!BX20 -> 0.0011820215 | G46: =G45/'non-road'!BY20 -> 0.00089842488 | H46: =H45/'non-road'!BZ20 -> 0.00092350534 | I46: =I45/'non-road'!CA20 -> 0.020174275 | J46: =J45/'non-road'!CB20 -> 0 | K46: =K45/'non-road'!CC20 -> 0.0014312294 | ... AG46: =AG45/'non-road'!CY20 -> #DIV/0! | AI46: *

Sheet Cars
AI2: ~FI_T | AN2: ~FI_Process
C3: comm-in | D3: ='TRA balance'!E4 -> Africa_north | E3: ='TRA balance'!F4 -> Africa_other | F3: ='TRA balance'!G4 -> Arg-Chi | G3: ='TRA balance'!H4 -> Asia_central | H3: ='TRA balance'!I4 -> Asia_east | I3: ='TRA balance'!J4 -> Asia_other | J3: ='TRA balance'!K4 -> Australia_NZ | K3: ='TRA balance'!L4 -> Brazil | ... AG3: ='TRA balance'!AH4 -> \I: | AH3: * | AI3: attribute | AJ3: process | AK3: comm-out | AL3: LIFE | AN3: Sets | AO3: TechName | AP3: TechDesc | AQ3: Tact | AR3: Tcap | AS3: Vintage
A4: TR | C4: TRABDS | D4: {=SUM(SUMIFS(Assumptions!AN$3:AN$102,Assumptions!$B$3:$B$102,Cars!$C4,Assumptions!$G$3:$G$102,{"TRL","TRT"}))} -> 0 | E4: {=SUM(SUMIFS(Assumptions!AO$3:AO$102,Assumptions!$B$3:$B$102,Cars!$C4,Assumptions!$G$3:$G$102,{"TRL","TRT"}))} -> 0 | F4: {=SUM(SUMIFS(Assumptions!AP$3:AP$102,Assumptions!$B$3:$B$102,Cars!$C4,Assumptions!$G$3:$G$102,{"TRL","TRT"}))} -> 2.9353672 | G4: {=SUM(SUMIFS(Assumptions!AQ$3:AQ$102,Assumptions!$B$3:$B$102,Cars!$C4,Assumptions!$G$3:$G$102,{"TRL","TRT"}))} -> 0.00048022596 | H4: {=SUM(SUMIFS(Assumptions!AR$3:AR$102,Assumptions!$B$3:$B$102,Cars!$C4,Assumptions!$G$3:$G$102,{"TRL","TRT"}))} -> 1.3548376 | I4: {=SUM(SUMIFS(Assumptions!AS$3:AS$102,Assumptions!$B$3:$B$102,Cars!$C4,Assumptions!$G$3:$G$102,{"TRL","TRT"}))} -> 20.620414 | J4: {=SUM(SUMIFS(Assumptions!AT$3:AT$102,Assumptions!$B$3:$B$102,Cars!$C4,Assumptions!$G$3:$G$102,{"TRL","TRT"}))} -> 0.0042755602 | K4: {=SUM(SUMIFS(Assumptions!AU$3:AU$102,Assumptions!$B$3:$B$102,Cars!$C4,Assumptions!$G$3:$G$102,{"TRL","TRT"}))} -> 45.116374 | ... AG4: {=SUM(SUMIFS(Assumptions!BQ$3:BQ$102,Assumptions!$B$3:$B$102,Cars!$C4,Assumptions!$G$3:$G$102,{"TRL","TRT"}))} -> 0 | AI4: * | AK4: =IF($AJ4="","",$AK$45) | AL4: =IF($AJ4="","",25) | AN4: =IF($AJ4="","*","DMD") -> * | AO4: =AJ4 -> 0 | AQ4: Bvkm | AR4: million Vehicles | AS4: yes
A5: TR | C5: TRABGS | D5: {=SUM(SUMIFS(Assumptions!AN$3:AN$102,Assumptions!$B$3:$B$102,Cars!$C5,Assumptions!$G$3:$G$102,{"TRL","TRT"}))} -> 0 | E5: {=SUM(SUMIFS(Assumptions!AO$3:AO$102,Assumptions!$B$3:$B$102,Cars!$C5,Assumptions!$G$3:$G$102,{"TRL","TRT"}))} -> 1.057181 | F5: {=SUM(SUMIFS(Assumptions!AP$3:AP$102,Assumptions!$B$3:$B$102,Cars!$C5,Assumptions!$G$3:$G$102,{"TRL","TRT"}))} -> 19.892339 | G5: {=SUM(SUMIFS(Assumptions!AQ$3:AQ$102,Assumptions!$B$3:$B$102,Cars!$C5,Assumptions!$G$3:$G$102,{"TRL","TRT"}))} -> 0 | H5: {=SUM(SUMIFS(Assumptions!AR$3:AR$102,Assumptions!$B$3:$B$102,Cars!$C5,Assumptions!$G$3:$G$102,{"TRL","TRT"}))} -> 14.748566 | I5: {=SUM(SUMIFS(Assumptions!AS$3:AS$102,Assumptions!$B$3:$B$102,Cars!$C5,Assumptions!$G$3:$G$102,{"TRL","TRT"}))} -> 29.321834 | J5: {=SUM(SUMIFS(Assumptions!AT$3:AT$102,Assumptions!$B$3:$B$102,Cars!$C5,Assumptions!$G$3:$G$102,{"TRL","TRT"}))} -> 4.815186 | K5: {=SUM(SUMIFS(Assumptions!AU$3:AU$102,Assumptions!$B$3:$B$102,Cars!$C5,Assumptions!$G$3:$G$102,{"TRL","TRT"}))} -> 208.11103 | ... AG5: {=SUM(SUMIFS(Assumptions!BQ$3:BQ$102,Assumptions!$B$3:$B$102,Cars!$C5,Assumptions!$G$3:$G$102,{"TRL","TRT"}))} -> 0 | AI5: * | AK5: =IF($AJ5="","",$AK$45) | AL5: =IF($AJ5="","",25) | AN5: =IF(AJ5="","*","DMD") -> * | AO5: =AJ5 -> 0 | AQ5: Bvkm | AR5: million Vehicles | AS5: yes
A6: TR | C6: TRADST | D6: {=SUM(SUMIFS(Assumptions!AN$3:AN$102,Assumptions!$B$3:$B$102,Cars!$C6,Assumptions!$G$3:$G$102,{"TRL","TRT"}))} -> 111.20205 | E6: {=SUM(SUMIFS(Assumptions!AO$3:AO$102,Assumptions!$B$3:$B$102,Cars!$C6,Assumptions!$G$3:$G$102,{"TRL","TRT"}))} -> 98.822762 | F6: {=SUM(SUMIFS(Assumptions!AP$3:AP$102,Assumptions!$B$3:$B$102,Cars!$C6,Assumptions!$G$3:$G$102,{"TRL","TRT"}))} -> 32.849505 | G6: {=SUM(SUMIFS(Assumptions!AQ$3:AQ$102,Assumptions!$B$3:$B$102,Cars!$C6,Assumptions!$G$3:$G$102,{"TRL","TRT"}))} -> 9.8410759 | H6: {=SUM(SUMIFS(Assumptions!AR$3:AR$102,Assumptions!$B$3:$B$102,Cars!$C6,Assumptions!$G$3:$G$102,{"TRL","TRT"}))} -> 84.912731 | I6: {=SUM(SUMIFS(Assumptions!AS$3:AS$102,Assumptions!$B$3:$B$102,Cars!$C6,Assumptions!$G$3:$G$102,{"TRL","TRT"}))} -> 226.91046 | J6: {=SUM(SUMIFS(Assumptions!AT$3:AT$102,Assumptions!$B$3:$B$102,Cars!$C6,Assumptions!$G$3:$G$102,{"TRL","TRT"}))} -> 13.499564 | K6: {=SUM(SUMIFS(Assumptions!AU$3:AU$102,Assumptions!$B$3:$B$102,Cars!$C6,Assumptions!$G$3:$G$102,{"TRL","TRT"}))} -> 99.51422 | ... AG6: {=SUM(SUMIFS(Assumptions!BQ$3:BQ$102,Assumptions!$B$3:$B$102,Cars!$C6,Assumptions!$G$3:$G$102,{"TRL","TRT"}))} -> 0 | AI6: * | AK6: =IF($AJ6="","",$AK$45) | AL6: =IF($AJ6="","",25) | AN6: =IF(AJ6="","*","DMD") -> * | AO6: =AJ6 -> 0 | AQ6: Bvkm | AR6: million Vehicles | AS6: yes
A7: TR | C7: TRAELC | D7: {=SUM(SUMIFS(Assumptions!AN$3:AN$102,Assumptions!$B$3:$B$102,Cars!$C7,Assumptions!$G$3:$G$102,{"TRL","TRT"}))} -> 0 | E7: {=SUM(SUMIFS(Assumptions!AO$3:AO$102,Assumptions!$B$3:$B$102,Cars!$C7,Assumptions!$G$3:$G$102,{"TRL","TRT"}))} -> 0 | F7: {=SUM(SUMIFS(Assumptions!AP$3:AP$102,Assumptions!$B$3:$B$102,Cars!$C7,Assumptions!$G$3:$G$102,{"TRL","TRT"}))} -> 1.4508351 | G7: {=SUM(SUMIFS(Assumptions!AQ$3:AQ$102,Assumptions!$B$3:$B$102,Cars!$C7,Assumptions!$G$3:$G$102,{"TRL","TRT"}))} -> 0 | H7: {=SUM(SUMIFS(Assumptions!AR$3:AR$102,Assumptions!$B$3:$B$102,Cars!$C7,Assumptions!$G$3:$G$102,{"TRL","TRT"}))} -> 0.89122318 | I7: {=SUM(SUMIFS(Assumptions!AS$3:AS$102,Assumptions!$B$3:$B$102,Cars!$C7,Assumptions!$G$3:$G$102,{"TRL","TRT"}))} -> 0.6155224 | J7: {=SUM(SUMIFS(Assumptions!AT$3:AT$102,Assumptions!$B$3:$B$102,Cars!$C7,Assumptions!$G$3:$G$102,{"TRL","TRT"}))} -> 0.21488332 | K7: {=SUM(SUMIFS(Assumptions!AU$3:AU$102,Assumptions!$B$3:$B$102,Cars!$C7,Assumptions!$G$3:$G$102,{"TRL","TRT"}))} -> 0 | ... AG7: {=SUM(SUMIFS(Assumptions!BQ$3:BQ$102,Assumptions!$B$3:$B$102,Cars!$C7,Assumptions!$G$3:$G$102,{"TRL","TRT"}))} -> 0 | AI7: * | AK7: =IF($AJ7="","",$AK$45) | AL7: =IF($AJ7="","",25) | AN7: =IF(AJ7="","*","DMD") -> * | AO7: =AJ7 -> 0 | AQ7: Bvkm | AR7: million Vehicles | AS7: yes
A8: TR | C8: TRAGSL | D8: {=SUM(SUMIFS(Assumptions!AN$3:AN$102,Assumptions!$B$3:$B$102,Cars!$C8,Assumptions!$G$3:$G$102,{"TRL","TRT"}))} -> 393.61866 | E8: {=SUM(SUMIFS(Assumptions!AO$3:AO$102,Assumptions!$B$3:$B$102,Cars!$C8,Assumptions!$G$3:$G$102,{"TRL","TRT"}))} -> 683.5137 | F8: {=SUM(SUMIFS(Assumptions!AP$3:AP$102,Assumptions!$B$3:$B$102,Cars!$C8,Assumptions!$G$3:$G$102,{"TRL","TRT"}))} -> 361.80303 | G8: {=SUM(SUMIFS(Assumptions!AQ$3:AQ$102,Assumptions!$B$3:$B$102,Cars!$C8,Assumptions!$G$3:$G$102,{"TRL","TRT"}))} -> 281.41992 | H8: {=SUM(SUMIFS(Assumptions!AR$3:AR$102,Assumptions!$B$3:$B$102,Cars!$C8,Assumptions!$G$3:$G$102,{"TRL","TRT"}))} -> 1788.252 | I8: {=SUM(SUMIFS(Assumptions!AS$3:AS$102,Assumptions!$B$3:$B$102,Cars!$C8,Assumptions!$G$3:$G$102,{"TRL","TRT"}))} -> 1954.538 | J8: {=SUM(SUMIFS(Assumptions!AT$3:AT$102,Assumptions!$B$3:$B$102,Cars!$C8,Assumptions!$G$3:$G$102,{"TRL","TRT"}))} -> 595.18509 | K8: {=SUM(SUMIFS(Assumptions!AU$3:AU$102,Assumptions!$B$3:$B$102,Cars!$C8,Assumptions!$G$3:$G$102,{"TRL","TRT"}))} -> 792.19638 | ... AG8: {=SUM(SUMIFS(Assumptions!BQ$3:BQ$102,Assumptions!$B$3:$B$102,Cars!$C8,Assumptions!$G$3:$G$102,{"TRL","TRT"}))} -> 0 | AI8: * | AK8: =IF($AJ8="","",$AK$45) | AL8: =IF($AJ8="","",25) | AN8: =IF(AJ8="","*","DMD") -> * | AO8: =AJ8 -> 0 | AQ8: Bvkm | AR8: million Vehicles | AS8: yes
A9: TR | C9: TRALPG | D9: {=SUM(SUMIFS(Assumptions!AN$3:AN$102,Assumptions!$B$3:$B$102,Cars!$C9,Assumptions!$G$3:$G$102,{"TRL","TRT"}))} -> 25.763995 | E9: {=SUM(SUMIFS(Assumptions!AO$3:AO$102,Assumptions!$B$3:$B$102,Cars!$C9,Assumptions!$G$3:$G$102,{"TRL","TRT"}))} -> 0.014786103 | F9: {=SUM(SUMIFS(Assumptions!AP$3:AP$102,Assumptions!$B$3:$B$102,Cars!$C9,Assumptions!$G$3:$G$102,{"TRL","TRT"}))} -> 0.26031638 | G9: {=SUM(SUMIFS(Assumptions!AQ$3:AQ$102,Assumptions!$B$3:$B$102,Cars!$C9,Assumptions!$G$3:$G$102,{"TRL","TRT"}))} -> 10.78601 | H9: {=SUM(SUMIFS(Assumptions!AR$3:AR$102,Assumptions!$B$3:$B$102,Cars!$C9,Assumptions!$G$3:$G$102,{"TRL","TRT"}))} -> 99.982436 | I9: {=SUM(SUMIFS(Assumptions!AS$3:AS$102,Assumptions!$B$3:$B$102,Cars!$C9,Assumptions!$G$3:$G$102,{"TRL","TRT"}))} -> 38.720788 | J9: {=SUM(SUMIFS(Assumptions!AT$3:AT$102,Assumptions!$B$3:$B$102,Cars!$C9,Assumptions!$G$3:$G$102,{"TRL","TRT"}))} -> 3.8350554 | K9: {=SUM(SUMIFS(Assumptions!AU$3:AU$102,Assumptions!$B$3:$B$102,Cars!$C9,Assumptions!$G$3:$G$102,{"TRL","TRT"}))} -> 0 | ... AG9: {=SUM(SUMIFS(Assumptions!BQ$3:BQ$102,Assumptions!$B$3:$B$102,Cars!$C9,Assumptions!$G$3:$G$102,{"TRL","TRT"}))} -> 0 | AI9: * | AK9: =IF($AJ9="","",$AK$45) | AL9: =IF($AJ9="","",25) | AN9: =IF(AJ9="","*","DMD") -> * | AO9: =AJ9 -> 0 | AQ9: Bvkm | AR9: million Vehicles | AS9: yes
A10: TR | C10: TRANGA | D10: {=SUM(SUMIFS(Assumptions!AN$3:AN$102,Assumptions!$B$3:$B$102,Cars!$C10,Assumptions!$G$3:$G$102,{"TRL","TRT"}))} -> 5.0870133 | E10: {=SUM(SUMIFS(Assumptions!AO$3:AO$102,Assumptions!$B$3:$B$102,Cars!$C10,Assumptions!$G$3:$G$102,{"TRL","TRT"}))} -> 0.018672081 | F10: {=SUM(SUMIFS(Assumptions!AP$3:AP$102,Assumptions!$B$3:$B$102,Cars!$C10,Assumptions!$G$3:$G$102,{"TRL","TRT"}))} -> 43.068919 | G10: {=SUM(SUMIFS(Assumptions!AQ$3:AQ$102,Assumptions!$B$3:$B$102,Cars!$C10,Assumptions!$G$3:$G$102,{"TRL","TRT"}))} -> 103.5834 | H10: {=SUM(SUMIFS(Assumptions!AR$3:AR$102,Assumptions!$B$3:$B$102,Cars!$C10,Assumptions!$G$3:$G$102,{"TRL","TRT"}))} -> 48.666327 | I10: {=SUM(SUMIFS(Assumptions!AS$3:AS$102,Assumptions!$B$3:$B$102,Cars!$C10,Assumptions!$G$3:$G$102,{"TRL","TRT"}))} -> 150.38104 | J10: {=SUM(SUMIFS(Assumptions!AT$3:AT$102,Assumptions!$B$3:$B$102,Cars!$C10,Assumptions!$G$3:$G$102,{"TRL","TRT"}))} -> 0.78086332 | K10: {=SUM(SUMIFS(Assumptions!AU$3:AU$102,Assumptions!$B$3:$B$102,Cars!$C10,Assumptions!$G$3:$G$102,{"TRL","TRT"}))} -> 42.086534 | ... AG10: {=SUM(SUMIFS(Assumptions!BQ$3:BQ$102,Assumptions!$B$3:$B$102,Cars!$C10,Assumptions!$G$3:$G$102,{"TRL","TRT"}))} -> 0 | AI10: * | AK10: =IF($AJ10="","",$AK$45) | AL10: =IF($AJ10="","",25) | AN10: =IF(AJ10="","*","DMD") -> * | AO10: =AJ10 -> 0 | AQ10: Bvkm | AR10: million Vehicles | AS10: yes
A11: Share of PJ | D11: =SUM(D$4:D$10)/SUM($D$4:$T$10) -> 0.027989405 | E11: =SUM(E$4:E$10)/SUM($D$4:$T$10) -> 0.04093488 | F11: =SUM(F$4:F$10)/SUM($D$4:$T$10) -> 0.024153582 | G11: =SUM(G$4:G$10)/SUM($D$4:$T$10) -> 0.021194636 | H11: =SUM(H$4:H$10)/SUM($D$4:$T$10) -> 0.10652984 | I11: =SUM(I$4:I$10)/SUM($D$4:$T$10) -> 0.12650541 | J11: =SUM(J$4:J$10)/SUM($D$4:$T$10) -> 0.032308642 | K11: =SUM(K$4:K$10)/SUM($D$4:$T$10) -> 0.062023266 | ... AG11: =SUM(AG$4:AG$10)/SUM($D$4:$T$10) -> 0 | AI11: * | AK11: =IF($AJ11="","",$AK$45) | AL11: =IF($AJ11="","",25) | AN11: =IF(AJ11="","*","DMD") -> * | AO11: =AJ11 -> 0 | AQ11: Bvkm | AR11: million Vehicles | AS11: yes
C12: =SUM(D12:AG12) -> 1083.0102 | D12: =IFERROR('vehicle population data'!G45,"") -> 16.480099 | E12: =IFERROR('vehicle population data'!H45,"") -> 12.648214 | F12: =IFERROR('vehicle population data'!I45,"") -> 16.773889 | G12: =IFERROR('vehicle population data'!J45,"") -> 8.0993344 | H12: =IFERROR('vehicle population data'!K45,"") -> 82.319122 | I12: =IFERROR('vehicle population data'!L45,"") -> 63.491525 | J12: =IFERROR('vehicle population data'!M45,"") -> 18.589886 | K12: =IFERROR('vehicle population data'!N45,"") -> 42.624361 | ... AG12: =IFERROR('vehicle population data'!AJ45,"") -> 0 | AI12: * | AK12: =IF($AJ12="","",$AK$45) | AL12: =IF($AJ12="","",25) | AN12: =IF(AJ12="","*","DMD") -> * | AO12: =AJ12 -> 0 | AQ12: Bvkm | AR12: million Vehicles | AS12: yes
A13: m Vehicles | C13: =SUM(D13:AG13) -> 1709.84 | D13: =SUM(D19:D25) -> 21.38 | E13: =SUM(E19:E25) -> 30.94 | F13: =SUM(F19:F25) -> 18.08 | G13: =SUM(G19:G25) -> 15.5 | H13: =SUM(H19:H25) -> 79.6 | I13: =SUM(I19:I25) -> 94.91 | J13: =SUM(J19:J25) -> 24.1 | K13: =SUM(K19:K25) -> 46.72 | ... AG13: =SUM(AG19:AG25) -> 0 | AI13: * | AK13: =IF($AJ13="","",$AK$45) | AL13: =IF($AJ13="","",25) | AN13: =IF(AJ13="","*","DMD") -> * | AO13: =AJ13 -> 0 | AQ13: Bvkm | AR13: million Vehicles | AS13: yes
A14: Share of Veh | D14: =D13/SUM($D$13:$T$13) -> 0.021727642 | E14: =E13/SUM($D$13:$T$13) -> 0.031443089 | F14: =F13/SUM($D$13:$T$13) -> 0.018373984 | G14: =G13/SUM($D$13:$T$13) -> 0.015752033 | H14: =H13/SUM($D$13:$T$13) -> 0.080894309 | I14: =I13/SUM($D$13:$T$13) -> 0.096453252 | J14: =J13/SUM($D$13:$T$13) -> 0.02449187 | K14: =K13/SUM($D$13:$T$13) -> 0.047479675 | ... AG14: =AG13/SUM($D$13:$T$13) -> 0 | AI14: * | AK14: =IF($AJ14="","",$AK$45) | AL14: =IF($AJ14="","",25) | AN14: =IF(AJ14="","*","DMD") -> * | AO14: =AJ14 -> 0 | AQ14: Bvkm | AR14: million Vehicles | AS14: yes
D15: =D13/'non-road'!BV21 -> 0.10777022 | E15: =E13/'non-road'!BW21 -> 0.029764721 | F15: =F13/'non-road'!BX21 -> 0.28298328 | G15: =G13/'non-road'!BY21 -> 0.1712412 | H15: =H13/'non-road'!BZ21 -> 0.44725609 | I15: =I13/'non-road'!CA21 -> 0.07931124 | J15: =J13/'non-road'!CB21 -> 0.79420003 | K15: =K13/'non-road'!CC21 -> 0.22136934 | ... AG15: =AG13/'non-road'!CY21 -> #DIV/0! | AI15: * | AK15: =IF($AJ15="","",$AK$45) | AL15: =IF($AJ15="","",25) | AN15: =IF(AJ15="","*","DMD") -> * | AO15: =AJ15 -> 0 | AQ15: Bvkm | AR15: million Vehicles | AS15: yes
AI16: * | AK16: =IF($AJ16="","",$AK$45) | AL16: =IF($AJ16="","",25) | AN16: =IF(AJ16="","*","DMD") -> * | AO16: =AJ16 -> 0 | AQ16: Bvkm | AR16: million Vehicles | AS16: yes
A17: PJ share/Veh share | D17: =D11/D14 -> 1.2881934 | E17: =E11/E14 -> 1.3018721 | F17: =F11/F14 -> 1.3145533 | G17: =G11/G14 -> 1.3455175 | H17: =H11/H14 -> 1.3169016 | I17: =I11/I14 -> 1.3115723 | J17: =J11/J14 -> 1.3191578 | K17: =K11/K14 -> 1.3063119 | ... AG17: =AG11/AG14 -> #DIV/0! | AI17: * | AK17: =IF($AJ17="","",$AK$45) | AL17: =IF($AJ17="","",25) | AN17: =IF(AJ17="","*","DMD") -> * | AO17: =AJ17 -> 0 | AQ17: Bvkm | AR17: million Vehicles | AS17: yes
AI18: * | AK18: =IF($AJ18="","",$AK$45) | AL18: =IF($AJ18="","",25) | AN18: =IF(AJ18="","*","DMD") -> * | AO18: =AJ18 -> 0 | AQ18: Bvkm | AR18: million Vehicles | AS18: yes
A19: mVeh | C19: =C4 -> TRABDS | D19: =ROUND(D4*D28/D36,2) -> 0 | E19: =ROUND(E4*E28/E36,2) -> 0 | F19: =ROUND(F4*F28/F36,2) -> 0.13 | G19: =ROUND(G4*G28/G36,2) -> 0 | H19: =ROUND(H4*H28/H36,2) -> 0.06 | I19: =ROUND(I4*I28/I36,2) -> 0.91 | J19: =ROUND(J4*J28/J36,2) -> 0 | K19: =ROUND(K4*K28/K36,2) -> 1.98 | ... AG19: =ROUND(AG4*AG28/AG36,2) -> 0 | AI19: PASTI | AJ19: =IF(AH4="zero","\I:",$AK$45&"_"&VLOOKUP(C19,'TRA balance'!$AL$5:$AM$15,2,FALSE)) -> Trd_car_bdl | AK19: =IF($AJ19="","",$AK$45) -> Trd_car | AL19: =IF($AJ19="","",25) -> 25 | AN19: =IF(AJ19="","*","DMD") -> DMD | AO19: =AJ19 -> Trd_car_bdl | AQ19: Bvkm | AR19: million Vehicles | AS19: yes
C20: =C5 -> TRABGS | D20: =ROUND(D5*D29/D37,2) -> 0 | E20: =ROUND(E5*E29/E37,2) -> 0.04 | F20: =ROUND(F5*F29/F37,2) -> 0.77 | G20: =ROUND(G5*G29/G37,2) -> 0 | H20: =ROUND(H5*H29/H37,2) -> 0.57 | I20: =ROUND(I5*I29/I37,2) -> 1.14 | J20: =ROUND(J5*J29/J37,2) -> 0.19 | K20: =ROUND(K5*K29/K37,2) -> 8.08 | ... AG20: =ROUND(AG5*AG29/AG37,2) -> 0 | AI20: PASTI | AJ20: =IF(AH5="zero","\I:",$AK$45&"_"&VLOOKUP(C20,'TRA balance'!$AL$5:$AM$15,2,FALSE)) -> Trd_car_eth | AK20: =IF($AJ20="","",$AK$45) -> Trd_car | AL20: =IF($AJ20="","",25) -> 25 | AN20: =IF(AJ20="","*","DMD") -> DMD | AO20: =AJ20 -> Trd_car_eth | AQ20: Bvkm | AR20: million Vehicles | AS20: yes
C21: =C6 -> TRADST | D21: =ROUND(D6*D30/D38,2) -> 4.89 | E21: =ROUND(E6*E30/E38,2) -> 4.35 | F21: =ROUND(F6*F30/F38,2) -> 1.44 | G21: =ROUND(G6*G30/G38,2) -> 0.43 | H21: =ROUND(H6*H30/H38,2) -> 3.73 | I21: =ROUND(I6*I30/I38,2) -> 9.98 | J21: =ROUND(J6*J30/J38,2) -> 0.59 | K21: =ROUND(K6*K30/K38,2) -> 4.38 | ... AG21: =ROUND(AG6*AG30/AG38,2) -> 0 | AI21: PASTI | AJ21: =IF(AH6="zero","\I:",$AK$45&"_"&VLOOKUP(C21,'TRA balance'!$AL$5:$AM$15,2,FALSE)) -> Trd_car_dsl | AK21: =IF($AJ21="","",$AK$45) -> Trd_car | AL21: =IF($AJ21="","",25) -> 25 | AN21: =IF(AJ21="","*","DMD") -> DMD | AO21: =AJ21 -> Trd_car_dsl | AQ21: Bvkm | AR21: million Vehicles | AS21: yes
C22: =C7 -> TRAELC | D22: =ROUND(D7*D31/D39,2) -> 0 | E22: =ROUND(E7*E31/E39,2) -> 0 | F22: =ROUND(F7*F31/F39,2) -> 0.14 | G22: =ROUND(G7*G31/G39,2) -> 0 | H22: =ROUND(H7*H31/H39,2) -> 0.09 | I22: =ROUND(I7*I31/I39,2) -> 0.06 | J22: =ROUND(J7*J31/J39,2) -> 0.02 | K22: =ROUND(K7*K31/K39,2) -> 0 | ... AG22: =ROUND(AG7*AG31/AG39,2) -> 0 | AI22: PASTI | AJ22: =IF(AH7="zero","\I:",$AK$45&"_"&VLOOKUP(C22,'TRA balance'!$AL$5:$AM$15,2,FALSE)) -> Trd_car_elc | AK22: =IF($AJ22="","",$AK$45) -> Trd_car | AL22: =IF($AJ22="","",25) -> 25 | AN22: =IF(AJ22="","*","DMD") -> DMD | AO22: =AJ22 -> Trd_car_elc | AQ22: Bvkm | AR22: million Vehicles | AS22: yes
C23: =C8 -> TRAGSL | D23: =ROUND(D8*D32/D40,2) -> 15.29 | E23: =ROUND(E8*E32/E40,2) -> 26.55 | F23: =ROUND(F8*F32/F40,2) -> 14.05 | G23: =ROUND(G8*G32/G40,2) -> 10.93 | H23: =ROUND(H8*H32/H40,2) -> 69.45 | I23: =ROUND(I8*I32/I40,2) -> 75.91 | J23: =ROUND(J8*J32/J40,2) -> 23.12 | K23: =ROUND(K8*K32/K40,2) -> 30.77 | ... AG23: =ROUND(AG8*AG32/AG40,2) -> 0 | AI23: PASTI | AJ23: =IF(AH8="zero","\I:",$AK$45&"_"&VLOOKUP(C23,'TRA balance'!$AL$5:$AM$15,2,FALSE)) -> Trd_car_gsl | AK23: =IF($AJ23="","",$AK$45) -> Trd_car | AL23: =IF($AJ23="","",25) -> 25 | AN23: =IF(AJ23="","*","DMD") -> DMD | AO23: =AJ23 -> Trd_car_gsl | AQ23: Bvkm | AR23: million Vehicles | AS23: yes
C24: =C9 -> TRALPG | D24: =ROUND(D9*D33/D41,2) -> 1.02 | E24: =ROUND(E9*E33/E41,2) -> 0 | F24: =ROUND(F9*F33/F41,2) -> 0.01 | G24: =ROUND(G9*G33/G41,2) -> 0.43 | H24: =ROUND(H9*H33/H41,2) -> 3.96 | I24: =ROUND(I9*I33/I41,2) -> 1.53 | J24: =ROUND(J9*J33/J41,2) -> 0.15 | K24: =ROUND(K9*K33/K41,2) -> 0 | ... AG24: =ROUND(AG9*AG33/AG41,2) -> 0 | AI24: PASTI | AJ24: =IF(AH9="zero","\I:",$AK$45&"_"&VLOOKUP(C24,'TRA balance'!$AL$5:$AM$15,2,FALSE)) -> Trd_car_lpg | AK24: =IF($AJ24="","",$AK$45) -> Trd_car | AL24: =IF($AJ24="","",25) -> 25 | AN24: =IF(AJ24="","*","DMD") -> DMD | AO24: =AJ24 -> Trd_car_lpg | AQ24: Bvkm | AR24: million Vehicles | AS24: yes
C25: =C10 -> TRANGA | D25: =ROUND(D10*D34/D42,2) -> 0.18 | E25: =ROUND(E10*E34/E42,2) -> 0 | F25: =ROUND(F10*F34/F42,2) -> 1.54 | G25: =ROUND(G10*G34/G42,2) -> 3.71 | H25: =ROUND(H10*H34/H42,2) -> 1.74 | I25: =ROUND(I10*I34/I42,2) -> 5.38 | J25: =ROUND(J10*J34/J42,2) -> 0.03 | K25: =ROUND(K10*K34/K42,2) -> 1.51 | ... AG25: =ROUND(AG10*AG34/AG42,2) -> 0 | AI25: PASTI | AJ25: =IF(AH10="zero","\I:",$AK$45&"_"&VLOOKUP(C25,'TRA balance'!$AL$5:$AM$15,2,FALSE)) -> Trd_car_nga | AK25: =IF($AJ25="","",$AK$45) -> Trd_car | AL25: =IF($AJ25="","",25) -> 25 | AN25: =IF(AJ25="","*","DMD") -> DMD | AO25: =AJ25 -> Trd_car_nga | AQ25: Bvkm | AR25: million Vehicles | AS25: yes
AI26: * | AK26: =IF($AJ26="","",$AK$45) | AL26: =IF($AJ26="","",25) | AN26: =IF(AJ26="","*","DMD") -> * | AO26: =AJ26 -> 0 | AQ26: Bvkm | AR26: million Vehicles | AS26: yes
D27: 1 | E27: 1 | F27: 1 | G27: 1 | H27: 1 | I27: 1 | J27: 1 | K27: 1 | L27: 0.8 | M27: 1.5 | N27: 1 | O27: 1 | P27: 1 | Q27: 1 | R27: 1 | S27: 1 | T27: 1 | U27: 1 | V27: 0.9 | W27: 1 | X27: 1 | Y27: 1 | Z27: 1 | AA27: 1 | AB27: 1 | AC27: 0.7 | AD27: 1 | AE27: 1 | AF27: 0.8 | AG27: 1 | AI27: * | AK27: =IF($AJ27="","",$AK$45) | AL27: =IF($AJ27="","",25) | AN27: =IF(AJ27="","*","DMD") -> * | AO27: =AJ27 -> 0 | AQ27: Bvkm | AR27: million Vehicles | AS27: yes
A28: Efficiency | C28: =C19 -> TRABDS | D28: =$AH28*D$27 -> 0.52772281 | E28: =$AH28*E$27 -> 0.52772281 | F28: =$AH28*F$27 -> 0.52772281 | G28: =$AH28*G$27 -> 0.52772281 | H28: =$AH28*H$27 -> 0.52772281 | I28: =$AH28*I$27 -> 0.52772281 | J28: =$AH28*J$27 -> 0.52772281 | K28: =$AH28*K$27 -> 0.52772281 | ... AG28: =$AH28*AG$27 -> 0.52772281 | AH28: =AH30 -> 0.52772281 | AI28: EFF | AJ28: =AJ19 -> Trd_car_bdl | AK28: =IF($AJ28="","",$AK$45) -> Trd_car | AL28: =IF($AJ28="","",25) -> 25 | AN28: =IF(AJ28="","*","DMD") -> DMD | AO28: =AJ28 -> Trd_car_bdl | AQ28: Bvkm | AR28: million Vehicles | AS28: yes
C29: =C20 -> TRABGS | D29: =$AH29*D$27 -> 0.46605287 | E29: =$AH29*E$27 -> 0.46605287 | F29: =$AH29*F$27 -> 0.46605287 | G29: =$AH29*G$27 -> 0.46605287 | H29: =$AH29*H$27 -> 0.46605287 | I29: =$AH29*I$27 -> 0.46605287 | J29: =$AH29*J$27 -> 0.46605287 | K29: =$AH29*K$27 -> 0.46605287 | ... AG29: =$AH29*AG$27 -> 0.46605287 | AH29: =AH32 -> 0.46605287 | AI29: EFF | AJ29: =AJ20 -> Trd_car_eth | AK29: =IF($AJ29="","",$AK$45) -> Trd_car | AL29: =IF($AJ29="","",25) -> 25 | AN29: =IF(AJ29="","*","DMD") -> DMD | AO29: =AJ29 -> Trd_car_eth | AQ29: Bvkm | AR29: million Vehicles | AS29: yes
C30: =C21 -> TRADST | D30: =$AH30*D$27 -> 0.52772281 | E30: =$AH30*E$27 -> 0.52772281 | F30: =$AH30*F$27 -> 0.52772281 | G30: =$AH30*G$27 -> 0.52772281 | H30: =$AH30*H$27 -> 0.52772281 | I30: =$AH30*I$27 -> 0.52772281 | J30: =$AH30*J$27 -> 0.52772281 | K30: =$AH30*K$27 -> 0.52772281 | ... AG30: =$AH30*AG$27 -> 0.52772281 | AH30: 0.52772281 | AI30: EFF | AJ30: =AJ21 -> Trd_car_dsl | AK30: =IF($AJ30="","",$AK$45) -> Trd_car | AL30: =IF($AJ30="","",25) -> 25 | AN30: =IF(AJ30="","*","DMD") -> DMD | AO30: =AJ30 -> Trd_car_dsl | AQ30: Bvkm | AR30: million Vehicles | AS30: yes
C31: =C22 -> TRAELC | D31: =$AH31*D$27 -> 1.1651322 | E31: =$AH31*E$27 -> 1.1651322 | F31: =$AH31*F$27 -> 1.1651322 | G31: =$AH31*G$27 -> 1.1651322 | H31: =$AH31*H$27 -> 1.1651322 | I31: =$AH31*I$27 -> 1.1651322 | J31: =$AH31*J$27 -> 1.1651322 | K31: =$AH31*K$27 -> 1.1651322 | ... AG31: =$AH31*AG$27 -> 1.1651322 | AH31: =AH32*2.5 -> 1.1651322 | AI31: EFF | AJ31: =AJ22 -> Trd_car_elc | AK31: =IF($AJ31="","",$AK$45) -> Trd_car | AL31: =IF($AJ31="","",25) -> 25 | AN31: =IF(AJ31="","*","DMD") -> DMD | AO31: =AJ31 -> Trd_car_elc | AQ31: Bvkm | AR31: million Vehicles | AS31: yes
C32: =C23 -> TRAGSL | D32: =$AH32*D$27 -> 0.46605287 | E32: =$AH32*E$27 -> 0.46605287 | F32: =$AH32*F$27 -> 0.46605287 | G32: =$AH32*G$27 -> 0.46605287 | H32: =$AH32*H$27 -> 0.46605287 | I32: =$AH32*I$27 -> 0.46605287 | J32: =$AH32*J$27 -> 0.46605287 | K32: =$AH32*K$27 -> 0.46605287 | ... AG32: =$AH32*AG$27 -> 0.46605287 | AH32: 0.46605287 | AI32: EFF | AJ32: =AJ23 -> Trd_car_gsl | AK32: =IF($AJ32="","",$AK$45) -> Trd_car | AL32: =IF($AJ32="","",25) -> 25 | AN32: =IF(AJ32="","*","DMD") -> DMD | AO32: =AJ32 -> Trd_car_gsl | AQ32: Bvkm | AR32: million Vehicles | AS32: yes
C33: =C24 -> TRALPG | D33: =$AH33*D$27 -> 0.47553149 | E33: =$AH33*E$27 -> 0.47553149 | F33: =$AH33*F$27 -> 0.47553149 | G33: =$AH33*G$27 -> 0.47553149 | H33: =$AH33*H$27 -> 0.47553149 | I33: =$AH33*I$27 -> 0.47553149 | J33: =$AH33*J$27 -> 0.47553149 | K33: =$AH33*K$27 -> 0.47553149 | ... AG33: =$AH33*AG$27 -> 0.47553149 | AH33: 0.47553149 | AI33: EFF | AJ33: =AJ24 -> Trd_car_lpg | AK33: =IF($AJ33="","",$AK$45) -> Trd_car | AL33: =IF($AJ33="","",25) -> 25 | AN33: =IF(AJ33="","*","DMD") -> DMD | AO33: =AJ33 -> Trd_car_lpg | AQ33: Bvkm | AR33: million Vehicles | AS33: yes
C34: =C25 -> TRANGA | D34: =$AH34*D$27 -> 0.42934544 | E34: =$AH34*E$27 -> 0.42934544 | F34: =$AH34*F$27 -> 0.42934544 | G34: =$AH34*G$27 -> 0.42934544 | H34: =$AH34*H$27 -> 0.42934544 | I34: =$AH34*I$27 -> 0.42934544 | J34: =$AH34*J$27 -> 0.42934544 | K34: =$AH34*K$27 -> 0.42934544 | ... AG34: =$AH34*AG$27 -> 0.42934544 | AH34: 0.42934544 | AI34: EFF | AJ34: =AJ25 -> Trd_car_nga | AK34: =IF($AJ34="","",$AK$45) -> Trd_car | AL34: =IF($AJ34="","",25) -> 25 | AN34: =IF(AJ34="","*","DMD") -> DMD | AO34: =AJ34 -> Trd_car_nga | AQ34: Bvkm | AR34: million Vehicles | AS34: yes
AI35: * | AK35: =IF($AJ35="","",$AK$45) | AL35: =IF($AJ35="","",25) | AN35: =IF(AJ35="","*","DMD") -> * | AO35: =AJ35 -> 0 | AQ35: Bvkm | AR35: million Vehicles | AS35: yes
A36: 000km/veh | C36: =C28 -> TRABDS | D36: 12 | E36: 12 | F36: 12 | G36: 12 | H36: 12 | I36: 12 | J36: 12 | K36: 12 | L36: 18 | M36: 8 | N36: 12 | O36: 12 | P36: 12 | Q36: 12 | R36: 12 | S36: 12 | T36: 12 | U36: 12 | V36: 12 | W36: 12 | X36: 12 | Y36: 12 | Z36: 12 | AA36: 12 | AB36: 12 | AC36: 12 | AD36: 12 | AE36: 12 | AF36: 18 | AG36: 12 | AI36: AF | AJ36: =AJ28 -> Trd_car_bdl | AK36: =IF($AJ36="","",$AK$45) -> Trd_car | AL36: =IF($AJ36="","",25) -> 25 | AN36: =IF(AJ36="","*","DMD") -> DMD | AO36: =AJ36 -> Trd_car_bdl | AQ36: Bvkm | AR36: million Vehicles | AS36: yes
C37: =C29 -> TRABGS | D37: =D$36 -> 12 | E37: =E$36 -> 12 | F37: =F$36 -> 12 | G37: =G$36 -> 12 | H37: =H$36 -> 12 | I37: =I$36 -> 12 | J37: =J$36 -> 12 | K37: =K$36 -> 12 | ... AG37: =AG$36 -> 12 | AI37: AF | AJ37: =AJ29 -> Trd_car_eth | AK37: =IF($AJ37="","",$AK$45) -> Trd_car | AL37: =IF($AJ37="","",25) -> 25 | AN37: =IF(AJ37="","*","DMD") -> DMD | AO37: =AJ37 -> Trd_car_eth | AQ37: Bvkm | AR37: million Vehicles | AS37: yes
C38: =C30 -> TRADST | D38: =D$36 -> 12 | E38: =E$36 -> 12 | F38: =F$36 -> 12 | G38: =G$36 -> 12 | H38: =H$36 -> 12 | I38: =I$36 -> 12 | J38: =J$36 -> 12 | K38: =K$36 -> 12 | ... AG38: =AG$36 -> 12 | AI38: AF | AJ38: =AJ30 -> Trd_car_dsl | AK38: =IF($AJ38="","",$AK$45) -> Trd_car | AL38: =IF($AJ38="","",25) -> 25 | AN38: =IF(AJ38="","*","DMD") -> DMD | AO38: =AJ38 -> Trd_car_dsl | AQ38: Bvkm | AR38: million Vehicles | AS38: yes
C39: =C31 -> TRAELC | D39: =D$36 -> 12 | E39: =E$36 -> 12 | F39: =F$36 -> 12 | G39: =G$36 -> 12 | H39: =H$36 -> 12 | I39: =I$36 -> 12 | J39: =J$36 -> 12 | K39: =K$36 -> 12 | ... AG39: =AG$36 -> 12 | AI39: AF | AJ39: =AJ31 -> Trd_car_elc | AK39: =IF($AJ39="","",$AK$45) -> Trd_car | AL39: =IF($AJ39="","",25) -> 25 | AN39: =IF(AJ39="","*","DMD") -> DMD | AO39: =AJ39 -> Trd_car_elc | AQ39: Bvkm | AR39: million Vehicles | AS39: yes
C40: =C32 -> TRAGSL | D40: =D$36 -> 12 | E40: =E$36 -> 12 | F40: =F$36 -> 12 | G40: =G$36 -> 12 | H40: =H$36 -> 12 | I40: =I$36 -> 12 | J40: =J$36 -> 12 | K40: =K$36 -> 12 | ... AG40: =AG$36 -> 12 | AI40: AF | AJ40: =AJ32 -> Trd_car_gsl | AK40: =IF($AJ40="","",$AK$45) -> Trd_car | AL40: =IF($AJ40="","",25) -> 25 | AN40: =IF(AJ40="","*","DMD") -> DMD | AO40: =AJ40 -> Trd_car_gsl | AQ40: Bvkm | AR40: million Vehicles | AS40: yes
C41: =C33 -> TRALPG | D41: =D$36 -> 12 | E41: =E$36 -> 12 | F41: =F$36 -> 12 | G41: =G$36 -> 12 | H41: =H$36 -> 12 | I41: =I$36 -> 12 | J41: =J$36 -> 12 | K41: =K$36 -> 12 | ... AG41: =AG$36 -> 12 | AI41: AF | AJ41: =AJ33 -> Trd_car_lpg | AK41: =IF($AJ41="","",$AK$45) -> Trd_car | AL41: =IF($AJ41="","",25) -> 25 | AN41: =IF(AJ41="","*","DMD") -> DMD | AO41: =AJ41 -> Trd_car_lpg | AQ41: Bvkm | AR41: million Vehicles | AS41: yes
C42: =C34 -> TRANGA | D42: =D$36 -> 12 | E42: =E$36 -> 12 | F42: =F$36 -> 12 | G42: =G$36 -> 12 | H42: =H$36 -> 12 | I42: =I$36 -> 12 | J42: =J$36 -> 12 | K42: =K$36 -> 12 | ... AG42: =AG$36 -> 12 | AI42: AF | AJ42: =AJ34 -> Trd_car_nga | AK42: =IF($AJ42="","",$AK$45) -> Trd_car | AL42: =IF($AJ42="","",25) -> 25 | AN42: =IF(AJ42="","*","DMD") -> DMD | AO42: =AJ42 -> Trd_car_nga | AQ42: Bvkm | AR42: million Vehicles | AS42: yes
AI43: * | AL43: =IF($AJ43="","",25)
D44: =D3 -> Africa_north | E44: =E3 -> Africa_other | F44: =F3 -> Arg-Chi | G44: =G3 -> Asia_central | H44: =H3 -> Asia_east | I44: =I3 -> Asia_other | J44: =J3 -> Australia_NZ | K44: =K3 -> Brazil | ... AG44: =AG3 -> \I: | AI44: * | AL44: =IF($AJ44="","",25)
A45: Dem Bvkm | D45: =SUMPRODUCT(D36:D42,D19:D25) -> 256.56 | E45: =SUMPRODUCT(E36:E42,E19:E25) -> 371.28 | F45: =SUMPRODUCT(F36:F42,F19:F25) -> 216.96 | G45: =SUMPRODUCT(G36:G42,G19:G25) -> 186 | H45: =SUMPRODUCT(H36:H42,H19:H25) -> 955.2 | I45: =SUMPRODUCT(I36:I42,I19:I25) -> 1138.92 | J45: =SUMPRODUCT(J36:J42,J19:J25) -> 289.2 | K45: =SUMPRODUCT(K36:K42,K19:K25) -> 560.64 | ... AG45: =SUMPRODUCT(AG36:AG42,AG19:AG25) -> 0 | AI45: Demand | AK45: Trd_car | AL45: =IF($AJ45="","",25)
Q49: =Q36*Q23/Q32*1000/41.868 -> 9981.191

Sheet Bus
AI2: ~FI_T | AN2: ~FI_Process
C3: comm-in | D3: ='TRA balance'!E4 -> Africa_north | E3: ='TRA balance'!F4 -> Africa_other | F3: ='TRA balance'!G4 -> Arg-Chi | G3: ='TRA balance'!H4 -> Asia_central | H3: ='TRA balance'!I4 -> Asia_east | I3: ='TRA balance'!J4 -> Asia_other | J3: ='TRA balance'!K4 -> Australia_NZ | K3: ='TRA balance'!L4 -> Brazil | ... AG3: ='TRA balance'!AH4 -> \I: | AH3: * | AI3: attribute | AJ3: process | AK3: comm-out | AL3: LIFE | AN3: Sets | AO3: TechName | AP3: TechDesc | AQ3: Tact | AR3: Tcap | AS3: Vintage
A4: TR | C4: TRABDS | D4: {=SUM(SUMIFS(Assumptions!AN$3:AN$102,Assumptions!$B$3:$B$102,Bus!$C4,Assumptions!$G$3:$G$102,{"TRB"}))} -> 0 | E4: {=SUM(SUMIFS(Assumptions!AO$3:AO$102,Assumptions!$B$3:$B$102,Bus!$C4,Assumptions!$G$3:$G$102,{"TRB"}))} -> 0 | F4: {=SUM(SUMIFS(Assumptions!AP$3:AP$102,Assumptions!$B$3:$B$102,Bus!$C4,Assumptions!$G$3:$G$102,{"TRB"}))} -> 3.9392374 | G4: {=SUM(SUMIFS(Assumptions!AQ$3:AQ$102,Assumptions!$B$3:$B$102,Bus!$C4,Assumptions!$G$3:$G$102,{"TRB"}))} -> 0.00091242932 | H4: {=SUM(SUMIFS(Assumptions!AR$3:AR$102,Assumptions!$B$3:$B$102,Bus!$C4,Assumptions!$G$3:$G$102,{"TRB"}))} -> 1.3000966 | I4: {=SUM(SUMIFS(Assumptions!AS$3:AS$102,Assumptions!$B$3:$B$102,Bus!$C4,Assumptions!$G$3:$G$102,{"TRB"}))} -> 35.570215 | J4: {=SUM(SUMIFS(Assumptions!AT$3:AT$102,Assumptions!$B$3:$B$102,Bus!$C4,Assumptions!$G$3:$G$102,{"TRB"}))} -> 0.031425367 | K4: {=SUM(SUMIFS(Assumptions!AU$3:AU$102,Assumptions!$B$3:$B$102,Bus!$C4,Assumptions!$G$3:$G$102,{"TRB"}))} -> 60.545783 | ... AG4: {=SUM(SUMIFS(Assumptions!BQ$3:BQ$102,Assumptions!$B$3:$B$102,Bus!$C4,Assumptions!$G$3:$G$102,{"TRB"}))} -> 0 | AI4: * | AK4: =IF($AJ4="","",$AK$45) | AL4: =IF($AJ4="","",25) | AN4: =IF($AJ4="","*","DMD") -> * | AO4: =AJ4 -> 0 | AQ4: Bvkm | AR4: million Vehicles | AS4: yes
A5: TR | C5: TRABGS | D5: {=SUM(SUMIFS(Assumptions!AN$3:AN$102,Assumptions!$B$3:$B$102,Bus!$C5,Assumptions!$G$3:$G$102,{"TRB"}))} -> 0 | E5: {=SUM(SUMIFS(Assumptions!AO$3:AO$102,Assumptions!$B$3:$B$102,Bus!$C5,Assumptions!$G$3:$G$102,{"TRB"}))} -> 0 | F5: {=SUM(SUMIFS(Assumptions!AP$3:AP$102,Assumptions!$B$3:$B$102,Bus!$C5,Assumptions!$G$3:$G$102,{"TRB"}))} -> 0.27064406 | G5: {=SUM(SUMIFS(Assumptions!AQ$3:AQ$102,Assumptions!$B$3:$B$102,Bus!$C5,Assumptions!$G$3:$G$102,{"TRB"}))} -> 0 | H5: {=SUM(SUMIFS(Assumptions!AR$3:AR$102,Assumptions!$B$3:$B$102,Bus!$C5,Assumptions!$G$3:$G$102,{"TRB"}))} -> 0 | I5: {=SUM(SUMIFS(Assumptions!AS$3:AS$102,Assumptions!$B$3:$B$102,Bus!$C5,Assumptions!$G$3:$G$102,{"TRB"}))} -> 0 | J5: {=SUM(SUMIFS(Assumptions!AT$3:AT$102,Assumptions!$B$3:$B$102,Bus!$C5,Assumptions!$G$3:$G$102,{"TRB"}))} -> 0.027296973 | K5: {=SUM(SUMIFS(Assumptions!AU$3:AU$102,Assumptions!$B$3:$B$102,Bus!$C5,Assumptions!$G$3:$G$102,{"TRB"}))} -> 2.8314426 | ... AG5: {=SUM(SUMIFS(Assumptions!BQ$3:BQ$102,Assumptions!$B$3:$B$102,Bus!$C5,Assumptions!$G$3:$G$102,{"TRB"}))} -> 0 | AI5: * | AK5: =IF($AJ5="","",$AK$45) | AL5: =IF($AJ5="","",25) | AN5: =IF(AJ5="","*","DMD") -> * | AO5: =AJ5 -> 0 | AQ5: Bvkm | AR5: million Vehicles | AS5: yes
A6: TR | C6: TRADST | D6: {=SUM(SUMIFS(Assumptions!AN$3:AN$102,Assumptions!$B$3:$B$102,Bus!$C6,Assumptions!$G$3:$G$102,{"TRB"}))} -> 350.28647 | E6: {=SUM(SUMIFS(Assumptions!AO$3:AO$102,Assumptions!$B$3:$B$102,Bus!$C6,Assumptions!$G$3:$G$102,{"TRB"}))} -> 311.2917 | F6: {=SUM(SUMIFS(Assumptions!AP$3:AP$102,Assumptions!$B$3:$B$102,Bus!$C6,Assumptions!$G$3:$G$102,{"TRB"}))} -> 44.083751 | G6: {=SUM(SUMIFS(Assumptions!AQ$3:AQ$102,Assumptions!$B$3:$B$102,Bus!$C6,Assumptions!$G$3:$G$102,{"TRB"}))} -> 18.698044 | H6: {=SUM(SUMIFS(Assumptions!AR$3:AR$102,Assumptions!$B$3:$B$102,Bus!$C6,Assumptions!$G$3:$G$102,{"TRB"}))} -> 81.481914 | I6: {=SUM(SUMIFS(Assumptions!AS$3:AS$102,Assumptions!$B$3:$B$102,Bus!$C6,Assumptions!$G$3:$G$102,{"TRB"}))} -> 391.42054 | J6: {=SUM(SUMIFS(Assumptions!AT$3:AT$102,Assumptions!$B$3:$B$102,Bus!$C6,Assumptions!$G$3:$G$102,{"TRB"}))} -> 99.221798 | K6: {=SUM(SUMIFS(Assumptions!AU$3:AU$102,Assumptions!$B$3:$B$102,Bus!$C6,Assumptions!$G$3:$G$102,{"TRB"}))} -> 133.54722 | ... AG6: {=SUM(SUMIFS(Assumptions!BQ$3:BQ$102,Assumptions!$B$3:$B$102,Bus!$C6,Assumptions!$G$3:$G$102,{"TRB"}))} -> 0 | AI6: * | AK6: =IF($AJ6="","",$AK$45) | AL6: =IF($AJ6="","",25) | AN6: =IF(AJ6="","*","DMD") -> * | AO6: =AJ6 -> 0 | AQ6: Bvkm | AR6: million Vehicles | AS6: yes
A7: TR | C7: TRAELC | D7: {=SUM(SUMIFS(Assumptions!AN$3:AN$102,Assumptions!$B$3:$B$102,Bus!$C7,Assumptions!$G$3:$G$102,{"TRB"}))} -> 0 | E7: {=SUM(SUMIFS(Assumptions!AO$3:AO$102,Assumptions!$B$3:$B$102,Bus!$C7,Assumptions!$G$3:$G$102,{"TRB"}))} -> 0 | F7: {=SUM(SUMIFS(Assumptions!AP$3:AP$102,Assumptions!$B$3:$B$102,Bus!$C7,Assumptions!$G$3:$G$102,{"TRB"}))} -> 1.4508351 | G7: {=SUM(SUMIFS(Assumptions!AQ$3:AQ$102,Assumptions!$B$3:$B$102,Bus!$C7,Assumptions!$G$3:$G$102,{"TRB"}))} -> 0.13203492 | H7: {=SUM(SUMIFS(Assumptions!AR$3:AR$102,Assumptions!$B$3:$B$102,Bus!$C7,Assumptions!$G$3:$G$102,{"TRB"}))} -> 0 | I7: {=SUM(SUMIFS(Assumptions!AS$3:AS$102,Assumptions!$B$3:$B$102,Bus!$C7,Assumptions!$G$3:$G$102,{"TRB"}))} -> 0 | J7: {=SUM(SUMIFS(Assumptions!AT$3:AT$102,Assumptions!$B$3:$B$102,Bus!$C7,Assumptions!$G$3:$G$102,{"TRB"}))} -> 0 | K7: {=SUM(SUMIFS(Assumptions!AU$3:AU$102,Assumptions!$B$3:$B$102,Bus!$C7,Assumptions!$G$3:$G$102,{"TRB"}))} -> 0 | ... AG7: {=SUM(SUMIFS(Assumptions!BQ$3:BQ$102,Assumptions!$B$3:$B$102,Bus!$C7,Assumptions!$G$3:$G$102,{"TRB"}))} -> 0 | AI7: * | AK7: =IF($AJ7="","",$AK$45) | AL7: =IF($AJ7="","",25) | AN7: =IF(AJ7="","*","DMD") -> * | AO7: =AJ7 -> 0 | AQ7: Bvkm | AR7: million Vehicles | AS7: yes
A8: TR | C8: TRAGSL | D8: {=SUM(SUMIFS(Assumptions!AN$3:AN$102,Assumptions!$B$3:$B$102,Bus!$C8,Assumptions!$G$3:$G$102,{"TRB"}))} -> 0 | E8: {=SUM(SUMIFS(Assumptions!AO$3:AO$102,Assumptions!$B$3:$B$102,Bus!$C8,Assumptions!$G$3:$G$102,{"TRB"}))} -> 0 | F8: {=SUM(SUMIFS(Assumptions!AP$3:AP$102,Assumptions!$B$3:$B$102,Bus!$C8,Assumptions!$G$3:$G$102,{"TRB"}))} -> 4.9224901 | G8: {=SUM(SUMIFS(Assumptions!AQ$3:AQ$102,Assumptions!$B$3:$B$102,Bus!$C8,Assumptions!$G$3:$G$102,{"TRB"}))} -> 6.1534968 | H8: {=SUM(SUMIFS(Assumptions!AR$3:AR$102,Assumptions!$B$3:$B$102,Bus!$C8,Assumptions!$G$3:$G$102,{"TRB"}))} -> 0 | I8: {=SUM(SUMIFS(Assumptions!AS$3:AS$102,Assumptions!$B$3:$B$102,Bus!$C8,Assumptions!$G$3:$G$102,{"TRB"}))} -> 0 | J8: {=SUM(SUMIFS(Assumptions!AT$3:AT$102,Assumptions!$B$3:$B$102,Bus!$C8,Assumptions!$G$3:$G$102,{"TRB"}))} -> 3.3740651 | K8: {=SUM(SUMIFS(Assumptions!AU$3:AU$102,Assumptions!$B$3:$B$102,Bus!$C8,Assumptions!$G$3:$G$102,{"TRB"}))} -> 10.778182 | ... AG8: {=SUM(SUMIFS(Assumptions!BQ$3:BQ$102,Assumptions!$B$3:$B$102,Bus!$C8,Assumptions!$G$3:$G$102,{"TRB"}))} -> 0 | AI8: * | AK8: =IF($AJ8="","",$AK$45) | AL8: =IF($AJ8="","",25) | AN8: =IF(AJ8="","*","DMD") -> * | AO8: =AJ8 -> 0 | AQ8: Bvkm | AR8: million Vehicles | AS8: yes
A9: TR | C9: TRALPG | D9: {=SUM(SUMIFS(Assumptions!AN$3:AN$102,Assumptions!$B$3:$B$102,Bus!$C9,Assumptions!$G$3:$G$102,{"TRB"}))} -> 5.1527991 | E9: {=SUM(SUMIFS(Assumptions!AO$3:AO$102,Assumptions!$B$3:$B$102,Bus!$C9,Assumptions!$G$3:$G$102,{"TRB"}))} -> 0.0029572206 | F9: {=SUM(SUMIFS(Assumptions!AP$3:AP$102,Assumptions!$B$3:$B$102,Bus!$C9,Assumptions!$G$3:$G$102,{"TRB"}))} -> 0.26031638 | G9: {=SUM(SUMIFS(Assumptions!AQ$3:AQ$102,Assumptions!$B$3:$B$102,Bus!$C9,Assumptions!$G$3:$G$102,{"TRB"}))} -> 0 | H9: {=SUM(SUMIFS(Assumptions!AR$3:AR$102,Assumptions!$B$3:$B$102,Bus!$C9,Assumptions!$G$3:$G$102,{"TRB"}))} -> 0 | I9: {=SUM(SUMIFS(Assumptions!AS$3:AS$102,Assumptions!$B$3:$B$102,Bus!$C9,Assumptions!$G$3:$G$102,{"TRB"}))} -> 11.616236 | J9: {=SUM(SUMIFS(Assumptions!AT$3:AT$102,Assumptions!$B$3:$B$102,Bus!$C9,Assumptions!$G$3:$G$102,{"TRB"}))} -> 9.204133 | K9: {=SUM(SUMIFS(Assumptions!AU$3:AU$102,Assumptions!$B$3:$B$102,Bus!$C9,Assumptions!$G$3:$G$102,{"TRB"}))} -> 0 | ... AG9: {=SUM(SUMIFS(Assumptions!BQ$3:BQ$102,Assumptions!$B$3:$B$102,Bus!$C9,Assumptions!$G$3:$G$102,{"TRB"}))} -> 0 | AI9: * | AK9: =IF($AJ9="","",$AK$45) | AL9: =IF($AJ9="","",25) | AN9: =IF(AJ9="","*","DMD") -> * | AO9: =AJ9 -> 0 | AQ9: Bvkm | AR9: million Vehicles | AS9: yes
A10: TR | C10: TRANGA | D10: {=SUM(SUMIFS(Assumptions!AN$3:AN$102,Assumptions!$B$3:$B$102,Bus!$C10,Assumptions!$G$3:$G$102,{"TRB"}))} -> 12.208832 | E10: {=SUM(SUMIFS(Assumptions!AO$3:AO$102,Assumptions!$B$3:$B$102,Bus!$C10,Assumptions!$G$3:$G$102,{"TRB"}))} -> 0.044812995 | F10: {=SUM(SUMIFS(Assumptions!AP$3:AP$102,Assumptions!$B$3:$B$102,Bus!$C10,Assumptions!$G$3:$G$102,{"TRB"}))} -> 25.841351 | G10: {=SUM(SUMIFS(Assumptions!AQ$3:AQ$102,Assumptions!$B$3:$B$102,Bus!$C10,Assumptions!$G$3:$G$102,{"TRB"}))} -> 0 | H10: {=SUM(SUMIFS(Assumptions!AR$3:AR$102,Assumptions!$B$3:$B$102,Bus!$C10,Assumptions!$G$3:$G$102,{"TRB"}))} -> 0 | I10: {=SUM(SUMIFS(Assumptions!AS$3:AS$102,Assumptions!$B$3:$B$102,Bus!$C10,Assumptions!$G$3:$G$102,{"TRB"}))} -> 11.696303 | J10: {=SUM(SUMIFS(Assumptions!AT$3:AT$102,Assumptions!$B$3:$B$102,Bus!$C10,Assumptions!$G$3:$G$102,{"TRB"}))} -> 1.874072 | K10: {=SUM(SUMIFS(Assumptions!AU$3:AU$102,Assumptions!$B$3:$B$102,Bus!$C10,Assumptions!$G$3:$G$102,{"TRB"}))} -> 25.251921 | ... AG10: {=SUM(SUMIFS(Assumptions!BQ$3:BQ$102,Assumptions!$B$3:$B$102,Bus!$C10,Assumptions!$G$3:$G$102,{"TRB"}))} -> 0 | AI10: * | AK10: =IF($AJ10="","",$AK$45) | AL10: =IF($AJ10="","",25) | AN10: =IF(AJ10="","*","DMD") -> * | AO10: =AJ10 -> 0 | AQ10: Bvkm | AR10: million Vehicles | AS10: yes
A11: Share of PJ | D11: =SUM(D$4:D$10)/SUM($D$4:$T$10) -> 0.087189203 | E11: =SUM(E$4:E$10)/SUM($D$4:$T$10) -> 0.073835388 | F11: =SUM(F$4:F$10)/SUM($D$4:$T$10) -> 0.019154599 | G11: =SUM(G$4:G$10)/SUM($D$4:$T$10) -> 0.0059251703 | H11: =SUM(H$4:H$10)/SUM($D$4:$T$10) -> 0.019632081 | I11: =SUM(I$4:I$10)/SUM($D$4:$T$10) -> 0.10679121 | J11: =SUM(J$4:J$10)/SUM($D$4:$T$10) -> 0.026972181 | K11: =SUM(K$4:K$10)/SUM($D$4:$T$10) -> 0.055246093 | ... AG11: =SUM(AG$4:AG$10)/SUM($D$4:$T$10) -> 0 | AI11: * | AK11: =IF($AJ11="","",$AK$45) | AL11: =IF($AJ11="","",25) | AN11: =IF(AJ11="","*","DMD") -> * | AO11: =AJ11 -> 0 | AQ11: Bvkm | AR11: million Vehicles | AS11: yes
AI12: * | AK12: =IF($AJ12="","",$AK$45) | AL12: =IF($AJ12="","",25) | AN12: =IF(AJ12="","*","DMD") -> * | AO12: =AJ12 -> 0 | AQ12: Bvkm | AR12: million Vehicles | AS12: yes
A13: m Vehicles | C13: =SUM(D13:T13) -> 8.69 | D13: =SUM(D19:D25) -> 0.75 | E13: =SUM(E19:E25) -> 0.64 | F13: =SUM(F19:F25) -> 0.17 | G13: =SUM(G19:G25) -> 0.05 | H13: =SUM(H19:H25) -> 0.17 | I13: =SUM(I19:I25) -> 0.93 | J13: =SUM(J19:J25) -> 0.23 | K13: =SUM(K19:K25) -> 0.46 | ... AG13: =SUM(AG19:AG25) -> 0 | AI13: * | AK13: =IF($AJ13="","",$AK$45) | AL13: =IF($AJ13="","",25) | AN13: =IF(AJ13="","*","DMD") -> * | AO13: =AJ13 -> 0 | AQ13: Bvkm | AR13: million Vehicles | AS13: yes
A14: Share of Veh | D14: =D13/SUM($D$13:$T$13) -> 0.086306099 | E14: =E13/SUM($D$13:$T$13) -> 0.073647871 | F14: =F13/SUM($D$13:$T$13) -> 0.019562716 | G14: =G13/SUM($D$13:$T$13) -> 0.0057537399 | H14: =H13/SUM($D$13:$T$13) -> 0.019562716 | I14: =I13/SUM($D$13:$T$13) -> 0.10701956 | J14: =J13/SUM($D$13:$T$13) -> 0.026467204 | K14: =K13/SUM($D$13:$T$13) -> 0.052934407 | ... AG14: =AG13/SUM($D$13:$T$13) -> 0 | AI14: * | AK14: =IF($AJ14="","",$AK$45) | AL14: =IF($AJ14="","",25) | AN14: =IF(AJ14="","*","DMD") -> * | AO14: =AJ14 -> 0 | AQ14: Bvkm | AR14: million Vehicles | AS14: yes
AI15: * | AK15: =IF($AJ15="","",$AK$45) | AL15: =IF($AJ15="","",25) | AN15: =IF(AJ15="","*","DMD") -> * | AO15: =AJ15 -> 0 | AQ15: Bvkm | AR15: million Vehicles | AS15: yes
AI16: * | AK16: =IF($AJ16="","",$AK$45) | AL16: =IF($AJ16="","",25) | AN16: =IF(AJ16="","*","DMD") -> * | AO16: =AJ16 -> 0 | AQ16: Bvkm | AR16: million Vehicles | AS16: yes
A17: PJ share/Veh share | D17: =IFERROR(D11/D14,"") -> 1.0102322 | E17: =IFERROR(E11/E14,"") -> 1.0025461 | F17: =IFERROR(F11/F14,"") -> 0.97913804 | G17: =IFERROR(G11/G14,"") -> 1.0297946 | H17: =IFERROR(H11/H14,"") -> 1.0035458 | I17: =IFERROR(I11/I14,"") -> 0.99786624 | J17: =IFERROR(J11/J14,"") -> 1.0190794 | K17: =IFERROR(K11/K14,"") -> 1.0436708 | ... AG17: =IFERROR(AG11/AG14,"") | AI17: * | AK17: =IF($AJ17="","",$AK$45) | AL17: =IF($AJ17="","",25) | AN17: =IF(AJ17="","*","DMD") -> * | AO17: =AJ17 -> 0 | AQ17: Bvkm | AR17: million Vehicles | AS17: yes
AI18: * | AK18: =IF($AJ18="","",$AK$45) | AL18: =IF($AJ18="","",25) | AN18: =IF(AJ18="","*","DMD") -> * | AO18: =AJ18 -> 0 | AQ18: Bvkm | AR18: million Vehicles | AS18: yes
A19: mVeh | C19: =C4 -> TRABDS | D19: =ROUND(D4*D28/D36,2) -> 0 | E19: =ROUND(E4*E28/E36,2) -> 0 | F19: =ROUND(F4*F28/F36,2) -> 0.01 | G19: =ROUND(G4*G28/G36,2) -> 0 | H19: =ROUND(H4*H28/H36,2) -> 0 | I19: =ROUND(I4*I28/I36,2) -> 0.07 | J19: =ROUND(J4*J28/J36,2) -> 0 | K19: =ROUND(K4*K28/K36,2) -> 0.12 | ... AG19: =ROUND(AG4*AG28/AG36,2) -> 0 | AI19: PASTI | AJ19: =IF(AH4="zero","\I:",$AK$45&"_"&VLOOKUP(C19,'TRA balance'!$AL$5:$AM$15,2,FALSE)) -> Trd_bus_bdl | AK19: =IF($AJ19="","",$AK$45) -> Trd_bus | AL19: =IF($AJ19="","",25) -> 25 | AN19: =IF(AJ19="","*","DMD") -> DMD | AO19: =AJ19 -> Trd_bus_bdl | AQ19: Bvkm | AR19: million Vehicles | AS19: yes
C20: =C5 -> TRABGS | D20: =ROUND(D5*D29/D37,2) -> 0 | E20: =ROUND(E5*E29/E37,2) -> 0 | F20: =ROUND(F5*F29/F37,2) -> 0 | G20: =ROUND(G5*G29/G37,2) -> 0 | H20: =ROUND(H5*H29/H37,2) -> 0 | I20: =ROUND(I5*I29/I37,2) -> 0 | J20: =ROUND(J5*J29/J37,2) -> 0 | K20: =ROUND(K5*K29/K37,2) -> 0.01 | ... AG20: =ROUND(AG5*AG29/AG37,2) -> 0 | AI20: PASTI | AJ20: =IF(AH5="zero","\I:",$AK$45&"_"&VLOOKUP(C20,'TRA balance'!$AL$5:$AM$15,2,FALSE)) -> Trd_bus_eth | AK20: =IF($AJ20="","",$AK$45) -> Trd_bus | AL20: =IF($AJ20="","",25) -> 25 | AN20: =IF(AJ20="","*","DMD") -> DMD | AO20: =AJ20 -> Trd_bus_eth | AQ20: Bvkm | AR20: million Vehicles | AS20: yes
C21: =C6 -> TRADST | D21: =ROUND(D6*D30/D38,2) -> 0.72 | E21: =ROUND(E6*E30/E38,2) -> 0.64 | F21: =ROUND(F6*F30/F38,2) -> 0.09 | G21: =ROUND(G6*G30/G38,2) -> 0.04 | H21: =ROUND(H6*H30/H38,2) -> 0.17 | I21: =ROUND(I6*I30/I38,2) -> 0.81 | J21: =ROUND(J6*J30/J38,2) -> 0.2 | K21: =ROUND(K6*K30/K38,2) -> 0.27 | ... AG21: =ROUND(AG6*AG30/AG38,2) -> 0 | AI21: PASTI | AJ21: =IF(AH6="zero","\I:",$AK$45&"_"&VLOOKUP(C21,'TRA balance'!$AL$5:$AM$15,2,FALSE)) -> Trd_bus_dsl | AK21: =IF($AJ21="","",$AK$45) -> Trd_bus | AL21: =IF($AJ21="","",25) -> 25 | AN21: =IF(AJ21="","*","DMD") -> DMD | AO21: =AJ21 -> Trd_bus_dsl | AQ21: Bvkm | AR21: million Vehicles | AS21: yes
C22: =C7 -> TRAELC | D22: =ROUND(D7*D31/D39,2) -> 0 | E22: =ROUND(E7*E31/E39,2) -> 0 | F22: =ROUND(F7*F31/F39,2) -> 0.01 | G22: =ROUND(G7*G31/G39,2) -> 0 | H22: =ROUND(H7*H31/H39,2) -> 0 | I22: =ROUND(I7*I31/I39,2) -> 0 | J22: =ROUND(J7*J31/J39,2) -> 0 | K22: =ROUND(K7*K31/K39,2) -> 0 | ... AG22: =ROUND(AG7*AG31/AG39,2) -> 0 | AI22: PASTI | AJ22: =IF(AH7="zero","\I:",$AK$45&"_"&VLOOKUP(C22,'TRA balance'!$AL$5:$AM$15,2,FALSE)) -> Trd_bus_elc | AK22: =IF($AJ22="","",$AK$45) -> Trd_bus | AL22: =IF($AJ22="","",25) -> 25 | AN22: =IF(AJ22="","*","DMD") -> DMD | AO22: =AJ22 -> Trd_bus_elc | AQ22: Bvkm | AR22: million Vehicles | AS22: yes
C23: =C8 -> TRAGSL | D23: =ROUND(D8*D32/D40,2) -> 0 | E23: =ROUND(E8*E32/E40,2) -> 0 | F23: =ROUND(F8*F32/F40,2) -> 0.01 | G23: =ROUND(G8*G32/G40,2) -> 0.01 | H23: =ROUND(H8*H32/H40,2) -> 0 | I23: =ROUND(I8*I32/I40,2) -> 0 | J23: =ROUND(J8*J32/J40,2) -> 0.01 | K23: =ROUND(K8*K32/K40,2) -> 0.02 | ... AG23: =ROUND(AG8*AG32/AG40,2) -> 0 | AI23: PASTI | AJ23: =IF(AH8="zero","\I:",$AK$45&"_"&VLOOKUP(C23,'TRA balance'!$AL$5:$AM$15,2,FALSE)) -> Trd_bus_gsl | AK23: =IF($AJ23="","",$AK$45) -> Trd_bus | AL23: =IF($AJ23="","",25) -> 25 | AN23: =IF(AJ23="","*","DMD") -> DMD | AO23: =AJ23 -> Trd_bus_gsl | AQ23: Bvkm | AR23: million Vehicles | AS23: yes
C24: =C9 -> TRALPG | D24: =ROUND(D9*D33/D41,2) -> 0.01 | E24: =ROUND(E9*E33/E41,2) -> 0 | F24: =ROUND(F9*F33/F41,2) -> 0 | G24: =ROUND(G9*G33/G41,2) -> 0 | H24: =ROUND(H9*H33/H41,2) -> 0 | I24: =ROUND(I9*I33/I41,2) -> 0.03 | J24: =ROUND(J9*J33/J41,2) -> 0.02 | K24: =ROUND(K9*K33/K41,2) -> 0 | ... AG24: =ROUND(AG9*AG33/AG41,2) -> 0 | AI24: PASTI | AJ24: =IF(AH9="zero","\I:",$AK$45&"_"&VLOOKUP(C24,'TRA balance'!$AL$5:$AM$15,2,FALSE)) -> Trd_bus_lpg | AK24: =IF($AJ24="","",$AK$45) -> Trd_bus | AL24: =IF($AJ24="","",25) -> 25 | AN24: =IF(AJ24="","*","DMD") -> DMD | AO24: =AJ24 -> Trd_bus_lpg | AQ24: Bvkm | AR24: million Vehicles | AS24: yes
C25: =C10 -> TRANGA | D25: =ROUND(D10*D34/D42,2) -> 0.02 | E25: =ROUND(E10*E34/E42,2) -> 0 | F25: =ROUND(F10*F34/F42,2) -> 0.05 | G25: =ROUND(G10*G34/G42,2) -> 0 | H25: =ROUND(H10*H34/H42,2) -> 0 | I25: =ROUND(I10*I34/I42,2) -> 0.02 | J25: =ROUND(J10*J34/J42,2) -> 0 | K25: =ROUND(K10*K34/K42,2) -> 0.04 | ... AG25: =ROUND(AG10*AG34/AG42,2) -> 0 | AI25: PASTI | AJ25: =IF(AH10="zero","\I:",$AK$45&"_"&VLOOKUP(C25,'TRA balance'!$AL$5:$AM$15,2,FALSE)) -> Trd_bus_nga | AK25: =IF($AJ25="","",$AK$45) -> Trd_bus | AL25: =IF($AJ25="","",25) -> 25 | AN25: =IF(AJ25="","*","DMD") -> DMD | AO25: =AJ25 -> Trd_bus_nga | AQ25: Bvkm | AR25: million Vehicles | AS25: yes
AI26: * | AK26: =IF($AJ26="","",$AK$45) | AL26: =IF($AJ26="","",25) | AN26: =IF(AJ26="","*","DMD") -> * | AO26: =AJ26 -> 0 | AQ26: Bvkm | AR26: million Vehicles | AS26: yes
D27: 1 | E27: 1 | F27: 1 | G27: 1 | H27: 1 | I27: 1 | J27: 1 | K27: 1 | L27: 1 | M27: 1 | N27: 1 | O27: 1 | P27: 1 | Q27: 1 | R27: 1 | S27: 1 | T27: 1 | U27: 1 | V27: 1 | W27: 1 | X27: 1 | Y27: 1 | Z27: 1 | AA27: 1 | AB27: 1 | AC27: 1 | AD27: 1 | AE27: 1 | AF27: 1 | AG27: 1 | AI27: * | AK27: =IF($AJ27="","",$AK$45) | AL27: =IF($AJ27="","",25) | AN27: =IF(AJ27="","*","DMD") -> * | AO27: =AJ27 -> 0 | AQ27: Bvkm | AR27: million Vehicles | AS27: yes
A28: Efficiency | C28: =C19 -> TRABDS | D28: =$AH28*D$27 -> 0.07207 | E28: =$AH28*E$27 -> 0.07207 | F28: =$AH28*F$27 -> 0.07207 | G28: =$AH28*G$27 -> 0.07207 | H28: =$AH28*H$27 -> 0.07207 | I28: =$AH28*I$27 -> 0.07207 | J28: =$AH28*J$27 -> 0.07207 | K28: =$AH28*K$27 -> 0.07207 | ... AG28: =$AH28*AG$27 -> 0.07207 | AH28: =AH30 -> 0.07207 | AI28: EFF | AJ28: =AJ19 -> Trd_bus_bdl | AK28: =IF($AJ28="","",$AK$45) -> Trd_bus | AL28: =IF($AJ28="","",25) -> 25 | AN28: =IF(AJ28="","*","DMD") -> DMD | AO28: =AJ28 -> Trd_bus_bdl | AQ28: Bvkm | AR28: million Vehicles | AS28: yes
C29: =C20 -> TRABGS | D29: =$AH29*D$27 -> 0.08 | E29: =$AH29*E$27 -> 0.08 | F29: =$AH29*F$27 -> 0.08 | G29: =$AH29*G$27 -> 0.08 | H29: =$AH29*H$27 -> 0.08 | I29: =$AH29*I$27 -> 0.08 | J29: =$AH29*J$27 -> 0.08 | K29: =$AH29*K$27 -> 0.08 | ... AG29: =$AH29*AG$27 -> 0.08 | AH29: =AH32 -> 0.08 | AI29: EFF | AJ29: =AJ20 -> Trd_bus_eth | AK29: =IF($AJ29="","",$AK$45) -> Trd_bus | AL29: =IF($AJ29="","",25) -> 25 | AN29: =IF(AJ29="","*","DMD") -> DMD | AO29: =AJ29 -> Trd_bus_eth | AQ29: Bvkm | AR29: million Vehicles | AS29: yes
C30: =C21 -> TRADST | D30: =$AH30*D$27 -> 0.07207 | E30: =$AH30*E$27 -> 0.07207 | F30: =$AH30*F$27 -> 0.07207 | G30: =$AH30*G$27 -> 0.07207 | H30: =$AH30*H$27 -> 0.07207 | I30: =$AH30*I$27 -> 0.07207 | J30: =$AH30*J$27 -> 0.07207 | K30: =$AH30*K$27 -> 0.07207 | ... AG30: =$AH30*AG$27 -> 0.07207 | AH30: 0.07207 | AI30: EFF | AJ30: =AJ21 -> Trd_bus_dsl | AK30: =IF($AJ30="","",$AK$45) -> Trd_bus | AL30: =IF($AJ30="","",25) -> 25 | AN30: =IF(AJ30="","*","DMD") -> DMD | AO30: =AJ30 -> Trd_bus_dsl | AQ30: Bvkm | AR30: million Vehicles | AS30: yes
C31: =C22 -> TRAELC | D31: =$AH31*D$27 -> 0.313 | E31: =$AH31*E$27 -> 0.313 | F31: =$AH31*F$27 -> 0.313 | G31: =$AH31*G$27 -> 0.313 | H31: =$AH31*H$27 -> 0.313 | I31: =$AH31*I$27 -> 0.313 | J31: =$AH31*J$27 -> 0.313 | K31: =$AH31*K$27 -> 0.313 | ... AG31: =$AH31*AG$27 -> 0.313 | AH31: 0.313 | AI31: EFF | AJ31: =AJ22 -> Trd_bus_elc | AK31: =IF($AJ31="","",$AK$45) -> Trd_bus | AL31: =IF($AJ31="","",25) -> 25 | AN31: =IF(AJ31="","*","DMD") -> DMD | AO31: =AJ31 -> Trd_bus_elc | AQ31: Bvkm | AR31: million Vehicles | AS31: yes
C32: =C23 -> TRAGSL | D32: =$AH32*D$27 -> 0.08 | E32: =$AH32*E$27 -> 0.08 | F32: =$AH32*F$27 -> 0.08 | G32: =$AH32*G$27 -> 0.08 | H32: =$AH32*H$27 -> 0.08 | I32: =$AH32*I$27 -> 0.08 | J32: =$AH32*J$27 -> 0.08 | K32: =$AH32*K$27 -> 0.08 | ... AG32: =$AH32*AG$27 -> 0.08 | AH32: 0.08 | AI32: EFF | AJ32: =AJ23 -> Trd_bus_gsl | AK32: =IF($AJ32="","",$AK$45) -> Trd_bus | AL32: =IF($AJ32="","",25) -> 25 | AN32: =IF(AJ32="","*","DMD") -> DMD | AO32: =AJ32 -> Trd_bus_gsl | AQ32: Bvkm | AR32: million Vehicles | AS32: yes
C33: =C24 -> TRALPG | D33: =$AH33*D$27 -> 0.076 | E33: =$AH33*E$27 -> 0.076 | F33: =$AH33*F$27 -> 0.076 | G33: =$AH33*G$27 -> 0.076 | H33: =$AH33*H$27 -> 0.076 | I33: =$AH33*I$27 -> 0.076 | J33: =$AH33*J$27 -> 0.076 | K33: =$AH33*K$27 -> 0.076 | ... AG33: =$AH33*AG$27 -> 0.076 | AH33: 0.076 | AI33: EFF | AJ33: =AJ24 -> Trd_bus_lpg | AK33: =IF($AJ33="","",$AK$45) -> Trd_bus | AL33: =IF($AJ33="","",25) -> 25 | AN33: =IF(AJ33="","*","DMD") -> DMD | AO33: =AJ33 -> Trd_bus_lpg | AQ33: Bvkm | AR33: million Vehicles | AS33: yes
C34: =C25 -> TRANGA | D34: =$AH34*D$27 -> 0.0612 | E34: =$AH34*E$27 -> 0.0612 | F34: =$AH34*F$27 -> 0.0612 | G34: =$AH34*G$27 -> 0.0612 | H34: =$AH34*H$27 -> 0.0612 | I34: =$AH34*I$27 -> 0.0612 | J34: =$AH34*J$27 -> 0.0612 | K34: =$AH34*K$27 -> 0.0612 | ... AG34: =$AH34*AG$27 -> 0.0612 | AH34: 0.0612 | AI34: EFF | AJ34: =AJ25 -> Trd_bus_nga | AK34: =IF($AJ34="","",$AK$45) -> Trd_bus | AL34: =IF($AJ34="","",25) -> 25 | AN34: =IF(AJ34="","*","DMD") -> DMD | AO34: =AJ34 -> Trd_bus_nga | AQ34: Bvkm | AR34: million Vehicles | AS34: yes
AI35: * | AK35: =IF($AJ35="","",$AK$45) | AL35: =IF($AJ35="","",25) | AN35: =IF(AJ35="","*","DMD") -> * | AO35: =AJ35 -> 0 | AQ35: Bvkm | AR35: million Vehicles | AS35: yes
A36: 000km/veh | C36: =C28 -> TRABDS | D36: 35 | E36: 35 | F36: 35 | G36: 35 | H36: 35 | I36: 35 | J36: 35 | K36: 35 | L36: 35 | M36: 35 | N36: 35 | O36: 35 | P36: 35 | Q36: 35 | R36: 35 | S36: 35 | T36: 35 | U36: 35 | V36: 35 | W36: 35 | X36: 35 | Y36: 35 | Z36: 35 | AA36: 35 | AB36: 35 | AC36: 35 | AD36: 35 | AE36: 35 | AF36: 35 | AG36: 35 | AI36: AF | AJ36: =AJ28 -> Trd_bus_bdl | AK36: =IF($AJ36="","",$AK$45) -> Trd_bus | AL36: =IF($AJ36="","",25) -> 25 | AN36: =IF(AJ36="","*","DMD") -> DMD | AO36: =AJ36 -> Trd_bus_bdl | AQ36: Bvkm | AR36: million Vehicles | AS36: yes
C37: =C29 -> TRABGS | D37: 35 | E37: 35 | F37: 35 | G37: 35 | H37: 35 | I37: 35 | J37: 35 | K37: =K36 -> 35 | L37: =L36 -> 35 | M37: =M36 -> 35 | N37: =N36 -> 35 | O37: =O36 -> 35 | P37: =P36 -> 35 | Q37: 35 | R37: 35 | S37: 35 | T37: 35 | U37: 35 | V37: 35 | W37: 35 | X37: 35 | Y37: 35 | Z37: 35 | AA37: 35 | AB37: 35 | AC37: 35 | AD37: 35 | AE37: 35 | AF37: 35 | AG37: 35 | AI37: AF | AJ37: =AJ29 -> Trd_bus_eth | AK37: =IF($AJ37="","",$AK$45) -> Trd_bus | AL37: =IF($AJ37="","",25) -> 25 | AN37: =IF(AJ37="","*","DMD") -> DMD | AO37: =AJ37 -> Trd_bus_eth | AQ37: Bvkm | AR37: million Vehicles | AS37: yes
C38: =C30 -> TRADST | D38: 35 | E38: 35 | F38: 35 | G38: 35 | H38: 35 | I38: 35 | J38: 35 | K38: =K37 -> 35 | L38: =L37 -> 35 | M38: =M37 -> 35 | N38: =N37 -> 35 | O38: =O37 -> 35 | P38: =P37 -> 35 | Q38: 35 | R38: 35 | S38: 35 | T38: 35 | U38: 35 | V38: 35 | W38: 35 | X38: 35 | Y38: 35 | Z38: 35 | AA38: 35 | AB38: 35 | AC38: 35 | AD38: 35 | AE38: 35 | AF38: 35 | AG38: 35 | AI38: AF | AJ38: =AJ30 -> Trd_bus_dsl | AK38: =IF($AJ38="","",$AK$45) -> Trd_bus | AL38: =IF($AJ38="","",25) -> 25 | AN38: =IF(AJ38="","*","DMD") -> DMD | AO38: =AJ38 -> Trd_bus_dsl | AQ38: Bvkm | AR38: million Vehicles | AS38: yes
C39: =C31 -> TRAELC | D39: 35 | E39: 35 | F39: 35 | G39: 35 | H39: 35 | I39: 35 | J39: 35 | K39: =K38 -> 35 | L39: =L38 -> 35 | M39: =M38 -> 35 | N39: =N38 -> 35 | O39: =O38 -> 35 | P39: =P38 -> 35 | Q39: 35 | R39: 35 | S39: 35 | T39: 35 | U39: 35 | V39: 35 | W39: 35 | X39: 35 | Y39: 35 | Z39: 35 | AA39: 35 | AB39: 35 | AC39: 35 | AD39: 35 | AE39: 35 | AF39: 35 | AG39: 35 | AI39: AF | AJ39: =AJ31 -> Trd_bus_elc | AK39: =IF($AJ39="","",$AK$45) -> Trd_bus | AL39: =IF($AJ39="","",25) -> 25 | AN39: =IF(AJ39="","*","DMD") -> DMD | AO39: =AJ39 -> Trd_bus_elc | AQ39: Bvkm | AR39: million Vehicles | AS39: yes
C40: =C32 -> TRAGSL | D40: 35 | E40: 35 | F40: 35 | G40: 35 | H40: 35 | I40: 35 | J40: 35 | K40: =K39 -> 35 | L40: =L39 -> 35 | M40: =M39 -> 35 | N40: =N39 -> 35 | O40: =O39 -> 35 | P40: =P39 -> 35 | Q40: 35 | R40: 35 | S40: 35 | T40: 35 | U40: 35 | V40: 35 | W40: 35 | X40: 35 | Y40: 35 | Z40: 35 | AA40: 35 | AB40: 35 | AC40: 35 | AD40: 35 | AE40: 35 | AF40: 35 | AG40: 35 | AI40: AF | AJ40: =AJ32 -> Trd_bus_gsl | AK40: =IF($AJ40="","",$AK$45) -> Trd_bus | AL40: =IF($AJ40="","",25) -> 25 | AN40: =IF(AJ40="","*","DMD") -> DMD | AO40: =AJ40 -> Trd_bus_gsl | AQ40: Bvkm | AR40: million Vehicles | AS40: yes
C41: =C33 -> TRALPG | D41: 35 | E41: 35 | F41: 35 | G41: 35 | H41: 35 | I41: 35 | J41: 35 | K41: =K40 -> 35 | L41: =L40 -> 35 | M41: =M40 -> 35 | N41: =N40 -> 35 | O41: =O40 -> 35 | P41: =P40 -> 35 | Q41: 35 | R41: 35 | S41: 35 | T41: 35 | U41: 35 | V41: 35 | W41: 35 | X41: 35 | Y41: 35 | Z41: 35 | AA41: 35 | AB41: 35 | AC41: 35 | AD41: 35 | AE41: 35 | AF41: 35 | AG41: 35 | AI41: AF | AJ41: =AJ33 -> Trd_bus_lpg | AK41: =IF($AJ41="","",$AK$45) -> Trd_bus | AL41: =IF($AJ41="","",25) -> 25 | AN41: =IF(AJ41="","*","DMD") -> DMD | AO41: =AJ41 -> Trd_bus_lpg | AQ41: Bvkm | AR41: million Vehicles | AS41: yes
C42: =C34 -> TRANGA | D42: 35 | E42: 35 | F42: 35 | G42: 35 | H42: 35 | I42: 35 | J42: 35 | K42: =K41 -> 35 | L42: =L41 -> 35 | M42: =M41 -> 35 | N42: =N41 -> 35 | O42: =O41 -> 35 | P42: =P41 -> 35 | Q42: 35 | R42: 35 | S42: 35 | T42: 35 | U42: 35 | V42: 35 | W42: 35 | X42: 35 | Y42: 35 | Z42: 35 | AA42: 35 | AB42: 35 | AC42: 35 | AD42: 35 | AE42: 35 | AF42: 35 | AG42: 35 | AI42: AF | AJ42: =AJ34 -> Trd_bus_nga | AK42: =IF($AJ42="","",$AK$45) -> Trd_bus | AL42: =IF($AJ42="","",25) -> 25 | AN42: =IF(AJ42="","*","DMD") -> DMD | AO42: =AJ42 -> Trd_bus_nga | AQ42: Bvkm | AR42: million Vehicles | AS42: yes
AI43: * | AL43: =IF($AJ43="","",25)
D44: =D3 -> Africa_north | E44: =E3 -> Africa_other | F44: =F3 -> Arg-Chi | G44: =G3 -> Asia_central | H44: =H3 -> Asia_east | I44: =I3 -> Asia_other | J44: =J3 -> Australia_NZ | K44: =K3 -> Brazil | ... AG44: =AG3 -> \I: | AI44: * | AL44: =IF($AJ44="","",25)
A45: Dem Bvkm | D45: =SUMPRODUCT(D36:D42,D19:D25) -> 26.25 | E45: =SUMPRODUCT(E36:E42,E19:E25) -> 22.4 | F45: =SUMPRODUCT(F36:F42,F19:F25) -> 5.95 | G45: =SUMPRODUCT(G36:G42,G19:G25) -> 1.75 | H45: =SUMPRODUCT(H36:H42,H19:H25) -> 5.95 | I45: =SUMPRODUCT(I36:I42,I19:I25) -> 32.55 | J45: =SUMPRODUCT(J36:J42,J19:J25) -> 8.05 | K45: =SUMPRODUCT(K36:K42,K19:K25) -> 16.1 | ... AG45: =SUMPRODUCT(AG36:AG42,AG19:AG25) -> 0 | AI45: Demand | AK45: Trd_bus | AL45: =IF($AJ45="","",25)

Sheet Trucks-lcv
A1: 0.5
AI2: ~FI_T | AN2: ~FI_Process
C3: comm-in | D3: ='TRA balance'!E4 -> Africa_north | E3: ='TRA balance'!F4 -> Africa_other | F3: ='TRA balance'!G4 -> Arg-Chi | G3: ='TRA balance'!H4 -> Asia_central | H3: ='TRA balance'!I4 -> Asia_east | I3: ='TRA balance'!J4 -> Asia_other | J3: ='TRA balance'!K4 -> Australia_NZ | K3: ='TRA balance'!L4 -> Brazil | ... AG3: ='TRA balance'!AH4 -> \I: | AH3: * | AI3: attribute | AJ3: process | AK3: comm-out | AL3: LIFE | AN3: Sets | AO3: TechName | AP3: TechDesc | AQ3: Tact | AR3: Tcap | AS3: Vintage
A4: TR | C4: TRABDS | D4: {=SUM(SUMIFS(Assumptions!AN$3:AN$102,Assumptions!$B$3:$B$102,'Trucks-lcv'!$C4,Assumptions!$G$3:$G$102,{"TRC"}))} -> 0 | E4: {=SUM(SUMIFS(Assumptions!AO$3:AO$102,Assumptions!$B$3:$B$102,'Trucks-lcv'!$C4,Assumptions!$G$3:$G$102,{"TRC"}))} -> 0 | F4: {=SUM(SUMIFS(Assumptions!AP$3:AP$102,Assumptions!$B$3:$B$102,'Trucks-lcv'!$C4,Assumptions!$G$3:$G$102,{"TRC"}))} -> 3.9392374 | G4: {=SUM(SUMIFS(Assumptions!AQ$3:AQ$102,Assumptions!$B$3:$B$102,'Trucks-lcv'!$C4,Assumptions!$G$3:$G$102,{"TRC"}))} -> 0.00091242932 | H4: {=SUM(SUMIFS(Assumptions!AR$3:AR$102,Assumptions!$B$3:$B$102,'Trucks-lcv'!$C4,Assumptions!$G$3:$G$102,{"TRC"}))} -> 3.9002899 | I4: {=SUM(SUMIFS(Assumptions!AS$3:AS$102,Assumptions!$B$3:$B$102,'Trucks-lcv'!$C4,Assumptions!$G$3:$G$102,{"TRC"}))} -> 23.713477 | J4: {=SUM(SUMIFS(Assumptions!AT$3:AT$102,Assumptions!$B$3:$B$102,'Trucks-lcv'!$C4,Assumptions!$G$3:$G$102,{"TRC"}))} -> 0.04190049 | K4: {=SUM(SUMIFS(Assumptions!AU$3:AU$102,Assumptions!$B$3:$B$102,'Trucks-lcv'!$C4,Assumptions!$G$3:$G$102,{"TRC"}))} -> 60.545783 | ... AG4: {=SUM(SUMIFS(Assumptions!BQ$3:BQ$102,Assumptions!$B$3:$B$102,'Trucks-lcv'!$C4,Assumptions!$G$3:$G$102,{"TRC"}))} -> 0 | AH4: =IF(SUM(D4:AG4)=0,"zero","") | AI4: * | AK4: =IF($AJ4="","",$AK$45) | AL4: =IF($AJ4="","",25) | AN4: =IF($AJ4="","*","DMD") -> * | AO4: =AJ4 -> 0 | AQ4: Bvkm | AR4: million Vehicles | AS4: yes
A5: TR | C5: TRABGS | D5: {=SUM(SUMIFS(Assumptions!AN$3:AN$102,Assumptions!$B$3:$B$102,'Trucks-lcv'!$C5,Assumptions!$G$3:$G$102,{"TRC"}))} -> 0 | E5: {=SUM(SUMIFS(Assumptions!AO$3:AO$102,Assumptions!$B$3:$B$102,'Trucks-lcv'!$C5,Assumptions!$G$3:$G$102,{"TRC"}))} -> 0 | F5: {=SUM(SUMIFS(Assumptions!AP$3:AP$102,Assumptions!$B$3:$B$102,'Trucks-lcv'!$C5,Assumptions!$G$3:$G$102,{"TRC"}))} -> 1.308113 | G5: {=SUM(SUMIFS(Assumptions!AQ$3:AQ$102,Assumptions!$B$3:$B$102,'Trucks-lcv'!$C5,Assumptions!$G$3:$G$102,{"TRC"}))} -> 0 | H5: {=SUM(SUMIFS(Assumptions!AR$3:AR$102,Assumptions!$B$3:$B$102,'Trucks-lcv'!$C5,Assumptions!$G$3:$G$102,{"TRC"}))} -> 1.6636849 | I5: {=SUM(SUMIFS(Assumptions!AS$3:AS$102,Assumptions!$B$3:$B$102,'Trucks-lcv'!$C5,Assumptions!$G$3:$G$102,{"TRC"}))} -> 0 | J5: {=SUM(SUMIFS(Assumptions!AT$3:AT$102,Assumptions!$B$3:$B$102,'Trucks-lcv'!$C5,Assumptions!$G$3:$G$102,{"TRC"}))} -> 0.51864249 | K5: {=SUM(SUMIFS(Assumptions!AU$3:AU$102,Assumptions!$B$3:$B$102,'Trucks-lcv'!$C5,Assumptions!$G$3:$G$102,{"TRC"}))} -> 13.685306 | ... AG5: {=SUM(SUMIFS(Assumptions!BQ$3:BQ$102,Assumptions!$B$3:$B$102,'Trucks-lcv'!$C5,Assumptions!$G$3:$G$102,{"TRC"}))} -> 0 | AH5: =IF(SUM(D5:AG5)=0,"zero","") | AI5: * | AK5: =IF($AJ5="","",$AK$45) | AL5: =IF($AJ5="","",25) | AN5: =IF(AJ5="","*","DMD") -> * | AO5: =AJ5 -> 0 | AQ5: Bvkm | AR5: million Vehicles | AS5: yes
A6: TR | C6: TRADST | D6: {=SUM(SUMIFS(Assumptions!AN$3:AN$102,Assumptions!$B$3:$B$102,'Trucks-lcv'!$C6,Assumptions!$G$3:$G$102,{"TRC"}))} -> 200.1637 | E6: {=SUM(SUMIFS(Assumptions!AO$3:AO$102,Assumptions!$B$3:$B$102,'Trucks-lcv'!$C6,Assumptions!$G$3:$G$102,{"TRC"}))} -> 177.88097 | F6: {=SUM(SUMIFS(Assumptions!AP$3:AP$102,Assumptions!$B$3:$B$102,'Trucks-lcv'!$C6,Assumptions!$G$3:$G$102,{"TRC"}))} -> 44.083751 | G6: {=SUM(SUMIFS(Assumptions!AQ$3:AQ$102,Assumptions!$B$3:$B$102,'Trucks-lcv'!$C6,Assumptions!$G$3:$G$102,{"TRC"}))} -> 18.698044 | H6: {=SUM(SUMIFS(Assumptions!AR$3:AR$102,Assumptions!$B$3:$B$102,'Trucks-lcv'!$C6,Assumptions!$G$3:$G$102,{"TRC"}))} -> 244.44574 | I6: {=SUM(SUMIFS(Assumptions!AS$3:AS$102,Assumptions!$B$3:$B$102,'Trucks-lcv'!$C6,Assumptions!$G$3:$G$102,{"TRC"}))} -> 260.94703 | J6: {=SUM(SUMIFS(Assumptions!AT$3:AT$102,Assumptions!$B$3:$B$102,'Trucks-lcv'!$C6,Assumptions!$G$3:$G$102,{"TRC"}))} -> 132.29573 | K6: {=SUM(SUMIFS(Assumptions!AU$3:AU$102,Assumptions!$B$3:$B$102,'Trucks-lcv'!$C6,Assumptions!$G$3:$G$102,{"TRC"}))} -> 133.54722 | ... AG6: {=SUM(SUMIFS(Assumptions!BQ$3:BQ$102,Assumptions!$B$3:$B$102,'Trucks-lcv'!$C6,Assumptions!$G$3:$G$102,{"TRC"}))} -> 0 | AH6: =IF(SUM(D6:AG6)=0,"zero","") | AI6: * | AK6: =IF($AJ6="","",$AK$45) | AL6: =IF($AJ6="","",25) | AN6: =IF(AJ6="","*","DMD") -> * | AO6: =AJ6 -> 0 | AQ6: Bvkm | AR6: million Vehicles | AS6: yes
A7: TR | C7: TRAELC | D7: {=SUM(SUMIFS(Assumptions!AN$3:AN$102,Assumptions!$B$3:$B$102,'Trucks-lcv'!$C7,Assumptions!$G$3:$G$102,{"TRC"}))} -> 0 | E7: {=SUM(SUMIFS(Assumptions!AO$3:AO$102,Assumptions!$B$3:$B$102,'Trucks-lcv'!$C7,Assumptions!$G$3:$G$102,{"TRC"}))} -> 0 | F7: {=SUM(SUMIFS(Assumptions!AP$3:AP$102,Assumptions!$B$3:$B$102,'Trucks-lcv'!$C7,Assumptions!$G$3:$G$102,{"TRC"}))} -> 0 | G7: {=SUM(SUMIFS(Assumptions!AQ$3:AQ$102,Assumptions!$B$3:$B$102,'Trucks-lcv'!$C7,Assumptions!$G$3:$G$102,{"TRC"}))} -> 0 | H7: {=SUM(SUMIFS(Assumptions!AR$3:AR$102,Assumptions!$B$3:$B$102,'Trucks-lcv'!$C7,Assumptions!$G$3:$G$102,{"TRC"}))} -> 0 | I7: {=SUM(SUMIFS(Assumptions!AS$3:AS$102,Assumptions!$B$3:$B$102,'Trucks-lcv'!$C7,Assumptions!$G$3:$G$102,{"TRC"}))} -> 0 | J7: {=SUM(SUMIFS(Assumptions!AT$3:AT$102,Assumptions!$B$3:$B$102,'Trucks-lcv'!$C7,Assumptions!$G$3:$G$102,{"TRC"}))} -> 0 | K7: {=SUM(SUMIFS(Assumptions!AU$3:AU$102,Assumptions!$B$3:$B$102,'Trucks-lcv'!$C7,Assumptions!$G$3:$G$102,{"TRC"}))} -> 0 | ... AG7: {=SUM(SUMIFS(Assumptions!BQ$3:BQ$102,Assumptions!$B$3:$B$102,'Trucks-lcv'!$C7,Assumptions!$G$3:$G$102,{"TRC"}))} -> 0 | AH7: =IF(SUM(D7:AG7)=0,"zero","") | AI7: * | AK7: =IF($AJ7="","",$AK$45) | AL7: =IF($AJ7="","",25) | AN7: =IF(AJ7="","*","DMD") -> * | AO7: =AJ7 -> 0 | AQ7: Bvkm | AR7: million Vehicles | AS7: yes
A8: TR | C8: TRAGSL | D8: {=SUM(SUMIFS(Assumptions!AN$3:AN$102,Assumptions!$B$3:$B$102,'Trucks-lcv'!$C8,Assumptions!$G$3:$G$102,{"TRC"}))} -> 0 | E8: {=SUM(SUMIFS(Assumptions!AO$3:AO$102,Assumptions!$B$3:$B$102,'Trucks-lcv'!$C8,Assumptions!$G$3:$G$102,{"TRC"}))} -> 0 | F8: {=SUM(SUMIFS(Assumptions!AP$3:AP$102,Assumptions!$B$3:$B$102,'Trucks-lcv'!$C8,Assumptions!$G$3:$G$102,{"TRC"}))} -> 23.792036 | G8: {=SUM(SUMIFS(Assumptions!AQ$3:AQ$102,Assumptions!$B$3:$B$102,'Trucks-lcv'!$C8,Assumptions!$G$3:$G$102,{"TRC"}))} -> 67.688465 | H8: {=SUM(SUMIFS(Assumptions!AR$3:AR$102,Assumptions!$B$3:$B$102,'Trucks-lcv'!$C8,Assumptions!$G$3:$G$102,{"TRC"}))} -> 201.72047 | I8: {=SUM(SUMIFS(Assumptions!AS$3:AS$102,Assumptions!$B$3:$B$102,'Trucks-lcv'!$C8,Assumptions!$G$3:$G$102,{"TRC"}))} -> 0 | J8: {=SUM(SUMIFS(Assumptions!AT$3:AT$102,Assumptions!$B$3:$B$102,'Trucks-lcv'!$C8,Assumptions!$G$3:$G$102,{"TRC"}))} -> 64.107238 | K8: {=SUM(SUMIFS(Assumptions!AU$3:AU$102,Assumptions!$B$3:$B$102,'Trucks-lcv'!$C8,Assumptions!$G$3:$G$102,{"TRC"}))} -> 52.094547 | ... AG8: {=SUM(SUMIFS(Assumptions!BQ$3:BQ$102,Assumptions!$B$3:$B$102,'Trucks-lcv'!$C8,Assumptions!$G$3:$G$102,{"TRC"}))} -> 0 | AH8: =IF(SUM(D8:AG8)=0,"zero","") | AI8: * | AK8: =IF($AJ8="","",$AK$45) | AL8: =IF($AJ8="","",25) | AN8: =IF(AJ8="","*","DMD") -> * | AO8: =AJ8 -> 0 | AQ8: Bvkm | AR8: million Vehicles | AS8: yes
A9: TR | C9: TRALPG | D9: {=SUM(SUMIFS(Assumptions!AN$3:AN$102,Assumptions!$B$3:$B$102,'Trucks-lcv'!$C9,Assumptions!$G$3:$G$102,{"TRC"}))} -> 12.023198 | E9: {=SUM(SUMIFS(Assumptions!AO$3:AO$102,Assumptions!$B$3:$B$102,'Trucks-lcv'!$C9,Assumptions!$G$3:$G$102,{"TRC"}))} -> 0.0069001813 | F9: {=SUM(SUMIFS(Assumptions!AP$3:AP$102,Assumptions!$B$3:$B$102,'Trucks-lcv'!$C9,Assumptions!$G$3:$G$102,{"TRC"}))} -> 0 | G9: {=SUM(SUMIFS(Assumptions!AQ$3:AQ$102,Assumptions!$B$3:$B$102,'Trucks-lcv'!$C9,Assumptions!$G$3:$G$102,{"TRC"}))} -> 8.1368146 | H9: {=SUM(SUMIFS(Assumptions!AR$3:AR$102,Assumptions!$B$3:$B$102,'Trucks-lcv'!$C9,Assumptions!$G$3:$G$102,{"TRC"}))} -> 75.425346 | I9: {=SUM(SUMIFS(Assumptions!AS$3:AS$102,Assumptions!$B$3:$B$102,'Trucks-lcv'!$C9,Assumptions!$G$3:$G$102,{"TRC"}))} -> 4.978387 | J9: {=SUM(SUMIFS(Assumptions!AT$3:AT$102,Assumptions!$B$3:$B$102,'Trucks-lcv'!$C9,Assumptions!$G$3:$G$102,{"TRC"}))} -> 2.3010333 | K9: {=SUM(SUMIFS(Assumptions!AU$3:AU$102,Assumptions!$B$3:$B$102,'Trucks-lcv'!$C9,Assumptions!$G$3:$G$102,{"TRC"}))} -> 0 | ... AG9: {=SUM(SUMIFS(Assumptions!BQ$3:BQ$102,Assumptions!$B$3:$B$102,'Trucks-lcv'!$C9,Assumptions!$G$3:$G$102,{"TRC"}))} -> 0 | AH9: =IF(SUM(D9:AG9)=0,"zero","") | AI9: * | AK9: =IF($AJ9="","",$AK$45) | AL9: =IF($AJ9="","",25) | AN9: =IF(AJ9="","*","DMD") -> * | AO9: =AJ9 -> 0 | AQ9: Bvkm | AR9: million Vehicles | AS9: yes
A10: TR | C10: TRANGA | D10: {=SUM(SUMIFS(Assumptions!AN$3:AN$102,Assumptions!$B$3:$B$102,'Trucks-lcv'!$C10,Assumptions!$G$3:$G$102,{"TRC"}))} -> 3.052208 | E10: {=SUM(SUMIFS(Assumptions!AO$3:AO$102,Assumptions!$B$3:$B$102,'Trucks-lcv'!$C10,Assumptions!$G$3:$G$102,{"TRC"}))} -> 0.011203249 | F10: {=SUM(SUMIFS(Assumptions!AP$3:AP$102,Assumptions!$B$3:$B$102,'Trucks-lcv'!$C10,Assumptions!$G$3:$G$102,{"TRC"}))} -> 17.227567 | G10: {=SUM(SUMIFS(Assumptions!AQ$3:AQ$102,Assumptions!$B$3:$B$102,'Trucks-lcv'!$C10,Assumptions!$G$3:$G$102,{"TRC"}))} -> 44.392886 | H10: {=SUM(SUMIFS(Assumptions!AR$3:AR$102,Assumptions!$B$3:$B$102,'Trucks-lcv'!$C10,Assumptions!$G$3:$G$102,{"TRC"}))} -> 2.5613856 | I10: {=SUM(SUMIFS(Assumptions!AS$3:AS$102,Assumptions!$B$3:$B$102,'Trucks-lcv'!$C10,Assumptions!$G$3:$G$102,{"TRC"}))} -> 5.0127013 | J10: {=SUM(SUMIFS(Assumptions!AT$3:AT$102,Assumptions!$B$3:$B$102,'Trucks-lcv'!$C10,Assumptions!$G$3:$G$102,{"TRC"}))} -> 0.46851799 | K10: {=SUM(SUMIFS(Assumptions!AU$3:AU$102,Assumptions!$B$3:$B$102,'Trucks-lcv'!$C10,Assumptions!$G$3:$G$102,{"TRC"}))} -> 16.834614 | ... AG10: {=SUM(SUMIFS(Assumptions!BQ$3:BQ$102,Assumptions!$B$3:$B$102,'Trucks-lcv'!$C10,Assumptions!$G$3:$G$102,{"TRC"}))} -> 0 | AH10: =IF(SUM(D10:AG10)=0,"zero","") | AI10: * | AK10: =IF($AJ10="","",$AK$45) | AL10: =IF($AJ10="","",25) | AN10: =IF(AJ10="","*","DMD") -> * | AO10: =AJ10 -> 0 | AQ10: Bvkm | AR10: million Vehicles | AS10: yes
A11: Share of PJ | D11: =SUM(D$4:D$10)/SUM($D$4:$T$10) -> 0.048949852 | E11: =SUM(E$4:E$10)/SUM($D$4:$T$10) -> 0.040457952 | F11: =SUM(F$4:F$10)/SUM($D$4:$T$10) -> 0.020547631 | G11: =SUM(G$4:G$10)/SUM($D$4:$T$10) -> 0.031592645 | H11: =SUM(H$4:H$10)/SUM($D$4:$T$10) -> 0.12046865 | I11: =SUM(I$4:I$10)/SUM($D$4:$T$10) -> 0.067009905 | J11: =SUM(J$4:J$10)/SUM($D$4:$T$10) -> 0.045423456 | K11: =SUM(K$4:K$10)/SUM($D$4:$T$10) -> 0.062929038 | ... AG11: =SUM(AG$4:AG$10)/SUM($D$4:$T$10) -> 0 | AH11: =IF(SUM(D11:AG11)=0,"zero","") | AI11: * | AK11: =IF($AJ11="","",$AK$45) | AL11: =IF($AJ11="","",25) | AN11: =IF(AJ11="","*","DMD") -> * | AO11: =AJ11 -> 0 | AQ11: Bvkm | AR11: million Vehicles | AS11: yes
AI12: * | AK12: =IF($AJ12="","",$AK$45) | AL12: =IF($AJ12="","",25) | AN12: =IF(AJ12="","*","DMD") -> * | AO12: =AJ12 -> 0 | AQ12: Bvkm | AR12: million Vehicles | AS12: yes
A13: m Vehicles | C13: =SUM(D13:AG13) -> 148.35 | D13: =SUM(D19:D25) -> 3.29 | E13: =SUM(E19:E25) -> 2.7 | F13: =SUM(F19:F25) -> 1.33 | G13: =SUM(G19:G25) -> 2.02 | H13: =SUM(H19:H25) -> 8.16 | I13: =SUM(I19:I25) -> 4.48 | J13: =SUM(J19:J25) -> 3.03 | K13: =SUM(K19:K25) -> 4.15 | ... AG13: =SUM(AG19:AG25) -> 0 | AI13: * | AK13: =IF($AJ13="","",$AK$45) | AL13: =IF($AJ13="","",25) | AN13: =IF(AJ13="","*","DMD") -> * | AO13: =AJ13 -> 0 | AQ13: Bvkm | AR13: million Vehicles | AS13: yes
A14: Share of Veh | D14: =D13/SUM($D$13:$T$13) -> 0.049075179 | E14: =E13/SUM($D$13:$T$13) -> 0.040274463 | F14: =F13/SUM($D$13:$T$13) -> 0.019838902 | G14: =G13/SUM($D$13:$T$13) -> 0.030131265 | H14: =H13/SUM($D$13:$T$13) -> 0.12171838 | I14: =I13/SUM($D$13:$T$13) -> 0.066825776 | J14: =J13/SUM($D$13:$T$13) -> 0.045196897 | K14: =K13/SUM($D$13:$T$13) -> 0.061903341 | ... AG14: =AG13/SUM($D$13:$T$13) -> 0 | AI14: * | AK14: =IF($AJ14="","",$AK$45) | AL14: =IF($AJ14="","",25) | AN14: =IF(AJ14="","*","DMD") -> * | AO14: =AJ14 -> 0 | AQ14: Bvkm | AR14: million Vehicles | AS14: yes
D15: =D13/'non-road'!BV21 -> 0.016583911 | E15: =E13/'non-road'!BW21 -> 0.0025974385 | F15: =F13/'non-road'!BX21 -> 0.020816801 | G15: =G13/'non-road'!BY21 -> 0.022316595 | H15: =H13/'non-road'!BZ21 -> 0.045849368 | I15: =I13/'non-road'!CA21 -> 0.0037436978 | J15: =J13/'non-road'!CB21 -> 0.099851705 | K15: =K13/'non-road'!CC21 -> 0.019663587 | ... AG15: =AG13/'non-road'!CY21 -> #DIV/0! | AI15: * | AK15: =IF($AJ15="","",$AK$45) | AL15: =IF($AJ15="","",25) | AN15: =IF(AJ15="","*","DMD") -> * | AO15: =AJ15 -> 0 | AQ15: Bvkm | AR15: million Vehicles | AS15: yes
AI16: * | AK16: =IF($AJ16="","",$AK$45) | AL16: =IF($AJ16="","",25) | AN16: =IF(AJ16="","*","DMD") -> * | AO16: =AJ16 -> 0 | AQ16: Bvkm | AR16: million Vehicles | AS16: yes
A17: PJ share/Veh share | D17: =D11/D14 -> 0.99744623 | E17: =E11/E14 -> 1.004556 | F17: =F11/F14 -> 1.0357242 | G17: =G11/G14 -> 1.0485005 | H17: =H11/H14 -> 0.98973266 | I17: =I11/I14 -> 1.0027554 | J17: =J11/J14 -> 1.0050127 | K17: =K11/K14 -> 1.0165693 | ... AG17: =AG11/AG14 -> #DIV/0! | AI17: * | AK17: =IF($AJ17="","",$AK$45) | AL17: =IF($AJ17="","",25) | AN17: =IF(AJ17="","*","DMD") -> * | AO17: =AJ17 -> 0 | AQ17: Bvkm | AR17: million Vehicles | AS17: yes
AI18: * | AK18: =IF($AJ18="","",$AK$45) | AL18: =IF($AJ18="","",25) | AN18: =IF(AJ18="","*","DMD") -> * | AO18: =AJ18 -> 0 | AQ18: Bvkm | AR18: million Vehicles | AS18: yes
A19: mVeh | C19: =C4 -> TRABDS | D19: =ROUND(D4*D28/D36,2) -> 0 | E19: =ROUND(E4*E28/E36,2) -> 0 | F19: =ROUND(F4*F28/F36,2) -> 0.06 | G19: =ROUND(G4*G28/G36,2) -> 0 | H19: =ROUND(H4*H28/H36,2) -> 0.06 | I19: =ROUND(I4*I28/I36,2) -> 0.36 | J19: =ROUND(J4*J28/J36,2) -> 0 | K19: =ROUND(K4*K28/K36,2) -> 0.92 | ... AG19: =ROUND(AG4*AG28/AG36,2) -> 0 | AI19: PASTI | AJ19: =IF(AH4="zero","\I:",$AK$45&"_"&VLOOKUP(C19,'TRA balance'!$AL$5:$AM$15,2,FALSE)) -> Trd_lcv_bdl | AK19: =IF($AJ19="","",$AK$45) -> Trd_lcv | AL19: =IF($AJ19="","",25) -> 25 | AN19: =IF(AJ19="","*","DMD") -> DMD | AO19: =AJ19 -> Trd_lcv_bdl | AQ19: Bvkm | AR19: million Vehicles | AS19: yes
C20: =C5 -> TRABGS | D20: =ROUND(D5*D29/D37,2) -> 0 | E20: =ROUND(E5*E29/E37,2) -> 0 | F20: =ROUND(F5*F29/F37,2) -> 0.02 | G20: =ROUND(G5*G29/G37,2) -> 0 | H20: =ROUND(H5*H29/H37,2) -> 0.02 | I20: =ROUND(I5*I29/I37,2) -> 0 | J20: =ROUND(J5*J29/J37,2) -> 0.01 | K20: =ROUND(K5*K29/K37,2) -> 0.2 | ... AG20: =ROUND(AG5*AG29/AG37,2) -> 0 | AI20: PASTI | AJ20: =IF(AH5="zero","\I:",$AK$45&"_"&VLOOKUP(C20,'TRA balance'!$AL$5:$AM$15,2,FALSE)) -> Trd_lcv_eth | AK20: =IF($AJ20="","",$AK$45) -> Trd_lcv | AL20: =IF($AJ20="","",25) -> 25 | AN20: =IF(AJ20="","*","DMD") -> DMD | AO20: =AJ20 -> Trd_lcv_eth | AQ20: Bvkm | AR20: million Vehicles | AS20: yes
C21: =C6 -> TRADST | D21: =ROUND(D6*D30/D38,2) -> 3.04 | E21: =ROUND(E6*E30/E38,2) -> 2.7 | F21: =ROUND(F6*F30/F38,2) -> 0.67 | G21: =ROUND(G6*G30/G38,2) -> 0.28 | H21: =ROUND(H6*H30/H38,2) -> 3.71 | I21: =ROUND(I6*I30/I38,2) -> 3.96 | J21: =ROUND(J6*J30/J38,2) -> 2.01 | K21: =ROUND(K6*K30/K38,2) -> 2.03 | ... AG21: =ROUND(AG6*AG30/AG38,2) -> 0 | AI21: PASTI | AJ21: =IF(AH6="zero","\I:",$AK$45&"_"&VLOOKUP(C21,'TRA balance'!$AL$5:$AM$15,2,FALSE)) -> Trd_lcv_dsl | AK21: =IF($AJ21="","",$AK$45) -> Trd_lcv | AL21: =IF($AJ21="","",25) -> 25 | AN21: =IF(AJ21="","*","DMD") -> DMD | AO21: =AJ21 -> Trd_lcv_dsl | AQ21: Bvkm | AR21: million Vehicles | AS21: yes
C22: =C7 -> TRAELC | D22: =ROUND(D7*D31/D39,2) -> 0 | E22: =ROUND(E7*E31/E39,2) -> 0 | F22: =ROUND(F7*F31/F39,2) -> 0 | G22: =ROUND(G7*G31/G39,2) -> 0 | H22: =ROUND(H7*H31/H39,2) -> 0 | I22: =ROUND(I7*I31/I39,2) -> 0 | J22: =ROUND(J7*J31/J39,2) -> 0 | K22: =ROUND(K7*K31/K39,2) -> 0 | ... AG22: =ROUND(AG7*AG31/AG39,2) -> 0 | AI22: PASTI | AJ22: =IF(AH7="zero","\I:",$AK$45&"_"&VLOOKUP(C22,'TRA balance'!$AL$5:$AM$15,2,FALSE)) -> Trd_lcv_elc | AK22: =IF($AJ22="","",$AK$45) -> Trd_lcv | AL22: =IF($AJ22="","",25) -> 25 | AN22: =IF(AJ22="","*","DMD") -> DMD | AO22: =AJ22 -> Trd_lcv_elc | AQ22: Bvkm | AR22: million Vehicles | AS22: yes
C23: =C8 -> TRAGSL | D23: =ROUND(D8*D32/D40,2) -> 0 | E23: =ROUND(E8*E32/E40,2) -> 0 | F23: =ROUND(F8*F32/F40,2) -> 0.35 | G23: =ROUND(G8*G32/G40,2) -> 1.01 | H23: =ROUND(H8*H32/H40,2) -> 3.01 | I23: =ROUND(I8*I32/I40,2) -> 0 | J23: =ROUND(J8*J32/J40,2) -> 0.96 | K23: =ROUND(K8*K32/K40,2) -> 0.78 | ... AG23: =ROUND(AG8*AG32/AG40,2) -> 0 | AI23: PASTI | AJ23: =IF(AH8="zero","\I:",$AK$45&"_"&VLOOKUP(C23,'TRA balance'!$AL$5:$AM$15,2,FALSE)) -> Trd_lcv_gsl | AK23: =IF($AJ23="","",$AK$45) -> Trd_lcv | AL23: =IF($AJ23="","",25) -> 25 | AN23: =IF(AJ23="","*","DMD") -> DMD | AO23: =AJ23 -> Trd_lcv_gsl | AQ23: Bvkm | AR23: million Vehicles | AS23: yes
C24: =C9 -> TRALPG | D24: =ROUND(D9*D33/D41,2) -> 0.21 | E24: =ROUND(E9*E33/E41,2) -> 0 | F24: =ROUND(F9*F33/F41,2) -> 0 | G24: =ROUND(G9*G33/G41,2) -> 0.14 | H24: =ROUND(H9*H33/H41,2) -> 1.33 | I24: =ROUND(I9*I33/I41,2) -> 0.09 | J24: =ROUND(J9*J33/J41,2) -> 0.04 | K24: =ROUND(K9*K33/K41,2) -> 0 | ... AG24: =ROUND(AG9*AG33/AG41,2) -> 0 | AI24: PASTI | AJ24: =IF(AH9="zero","\I:",$AK$45&"_"&VLOOKUP(C24,'TRA balance'!$AL$5:$AM$15,2,FALSE)) -> Trd_lcv_lpg | AK24: =IF($AJ24="","",$AK$45) -> Trd_lcv | AL24: =IF($AJ24="","",25) -> 25 | AN24: =IF(AJ24="","*","DMD") -> DMD | AO24: =AJ24 -> Trd_lcv_lpg | AQ24: Bvkm | AR24: million Vehicles | AS24: yes
C25: =C10 -> TRANGA | D25: =ROUND(D10*D34/D42,2) -> 0.04 | E25: =ROUND(E10*E34/E42,2) -> 0 | F25: =ROUND(F10*F34/F42,2) -> 0.23 | G25: =ROUND(G10*G34/G42,2) -> 0.59 | H25: =ROUND(H10*H34/H42,2) -> 0.03 | I25: =ROUND(I10*I34/I42,2) -> 0.07 | J25: =ROUND(J10*J34/J42,2) -> 0.01 | K25: =ROUND(K10*K34/K42,2) -> 0.22 | ... AG25: =ROUND(AG10*AG34/AG42,2) -> 0 | AI25: PASTI | AJ25: =IF(AH10="zero","\I:",$AK$45&"_"&VLOOKUP(C25,'TRA balance'!$AL$5:$AM$15,2,FALSE)) -> Trd_lcv_nga | AK25: =IF($AJ25="","",$AK$45) -> Trd_lcv | AL25: =IF($AJ25="","",25) -> 25 | AN25: =IF(AJ25="","*","DMD") -> DMD | AO25: =AJ25 -> Trd_lcv_nga | AQ25: Bvkm | AR25: million Vehicles | AS25: yes
AI26: * | AK26: =IF($AJ26="","",$AK$45) | AL26: =IF($AJ26="","",25) | AN26: =IF(AJ26="","*","DMD") -> * | AO26: =AJ26 -> 0 | AQ26: Bvkm | AR26: million Vehicles | AS26: yes
D27: 1 | E27: 1 | F27: 1 | G27: 1 | H27: 1 | I27: 1 | J27: 1 | K27: 1 | L27: 1 | M27: 1 | N27: 1 | O27: 1 | P27: 1 | Q27: 1 | R27: 1 | S27: 1 | T27: 1 | U27: 1 | V27: 1 | W27: 1 | X27: 1 | Y27: 1 | Z27: 1 | AA27: 1 | AB27: 1 | AC27: 1 | AD27: 1 | AE27: 1 | AF27: 1 | AG27: 1 | AI27: * | AK27: =IF($AJ27="","",$AK$45) | AL27: =IF($AJ27="","",25) | AN27: =IF(AJ27="","*","DMD") -> * | AO27: =AJ27 -> 0 | AQ27: Bvkm | AR27: million Vehicles | AS27: yes
A28: Efficiency | C28: =C19 -> TRABDS | D28: =$AH28*D$27 -> 0.37962602 | E28: =$AH28*E$27 -> 0.37962602 | F28: =$AH28*F$27 -> 0.37962602 | G28: =$AH28*G$27 -> 0.37962602 | H28: =$AH28*H$27 -> 0.37962602 | I28: =$AH28*I$27 -> 0.37962602 | J28: =$AH28*J$27 -> 0.37962602 | K28: =$AH28*K$27 -> 0.37962602 | ... AG28: =$AH28*AG$27 -> 0.37962602 | AH28: =AH30 -> 0.37962602 | AI28: EFF | AJ28: =AJ19 -> Trd_lcv_bdl | AK28: =IF($AJ28="","",$AK$45) -> Trd_lcv | AL28: =IF($AJ28="","",25) -> 25 | AN28: =IF(AJ28="","*","DMD") -> DMD | AO28: =AJ28 -> Trd_lcv_bdl | AQ28: Bvkm | AR28: million Vehicles | AS28: yes
C29: =C20 -> TRABGS | D29: =$AH29*D$27 -> 0.37271324 | E29: =$AH29*E$27 -> 0.37271324 | F29: =$AH29*F$27 -> 0.37271324 | G29: =$AH29*G$27 -> 0.37271324 | H29: =$AH29*H$27 -> 0.37271324 | I29: =$AH29*I$27 -> 0.37271324 | J29: =$AH29*J$27 -> 0.37271324 | K29: =$AH29*K$27 -> 0.37271324 | ... AG29: =$AH29*AG$27 -> 0.37271324 | AH29: =AH32 -> 0.37271324 | AI29: EFF | AJ29: =AJ20 -> Trd_lcv_eth | AK29: =IF($AJ29="","",$AK$45) -> Trd_lcv | AL29: =IF($AJ29="","",25) -> 25 | AN29: =IF(AJ29="","*","DMD") -> DMD | AO29: =AJ29 -> Trd_lcv_eth | AQ29: Bvkm | AR29: million Vehicles | AS29: yes
C30: =C21 -> TRADST | D30: =$AH30*D$27 -> 0.37962602 | E30: =$AH30*E$27 -> 0.37962602 | F30: =$AH30*F$27 -> 0.37962602 | G30: =$AH30*G$27 -> 0.37962602 | H30: =$AH30*H$27 -> 0.37962602 | I30: =$AH30*I$27 -> 0.37962602 | J30: =$AH30*J$27 -> 0.37962602 | K30: =$AH30*K$27 -> 0.37962602 | ... AG30: =$AH30*AG$27 -> 0.37962602 | AH30: 0.37962602 | AI30: EFF | AJ30: =AJ21 -> Trd_lcv_dsl | AK30: =IF($AJ30="","",$AK$45) -> Trd_lcv | AL30: =IF($AJ30="","",25) -> 25 | AN30: =IF(AJ30="","*","DMD") -> DMD | AO30: =AJ30 -> Trd_lcv_dsl | AQ30: Bvkm | AR30: million Vehicles | AS30: yes
C31: =C22 -> TRAELC | D31: =$AH31*D$27 -> 0.74542647 | E31: =$AH31*E$27 -> 0.74542647 | F31: =$AH31*F$27 -> 0.74542647 | G31: =$AH31*G$27 -> 0.74542647 | H31: =$AH31*H$27 -> 0.74542647 | I31: =$AH31*I$27 -> 0.74542647 | J31: =$AH31*J$27 -> 0.74542647 | K31: =$AH31*K$27 -> 0.74542647 | ... AG31: =$AH31*AG$27 -> 0.74542647 | AH31: =AH32*2 -> 0.74542647 | AI31: EFF | AJ31: =AJ22 -> Trd_lcv_elc | AK31: =IF($AJ31="","",$AK$45) -> Trd_lcv | AL31: =IF($AJ31="","",25) -> 25 | AN31: =IF(AJ31="","*","DMD") -> DMD | AO31: =AJ31 -> Trd_lcv_elc | AQ31: Bvkm | AR31: million Vehicles | AS31: yes
C32: =C23 -> TRAGSL | D32: =$AH32*D$27 -> 0.37271324 | E32: =$AH32*E$27 -> 0.37271324 | F32: =$AH32*F$27 -> 0.37271324 | G32: =$AH32*G$27 -> 0.37271324 | H32: =$AH32*H$27 -> 0.37271324 | I32: =$AH32*I$27 -> 0.37271324 | J32: =$AH32*J$27 -> 0.37271324 | K32: =$AH32*K$27 -> 0.37271324 | ... AG32: =$AH32*AG$27 -> 0.37271324 | AH32: 0.37271324 | AI32: EFF | AJ32: =AJ23 -> Trd_lcv_gsl | AK32: =IF($AJ32="","",$AK$45) -> Trd_lcv | AL32: =IF($AJ32="","",25) -> 25 | AN32: =IF(AJ32="","*","DMD") -> DMD | AO32: =AJ32 -> Trd_lcv_gsl | AQ32: Bvkm | AR32: million Vehicles | AS32: yes
C33: =C24 -> TRALPG | D33: =$AH33*D$27 -> 0.44075734 | E33: =$AH33*E$27 -> 0.44075734 | F33: =$AH33*F$27 -> 0.44075734 | G33: =$AH33*G$27 -> 0.44075734 | H33: =$AH33*H$27 -> 0.44075734 | I33: =$AH33*I$27 -> 0.44075734 | J33: =$AH33*J$27 -> 0.44075734 | K33: =$AH33*K$27 -> 0.44075734 | ... AG33: =$AH33*AG$27 -> 0.44075734 | AH33: 0.44075734 | AI33: EFF | AJ33: =AJ24 -> Trd_lcv_lpg | AK33: =IF($AJ33="","",$AK$45) -> Trd_lcv | AL33: =IF($AJ33="","",25) -> 25 | AN33: =IF(AJ33="","*","DMD") -> DMD | AO33: =AJ33 -> Trd_lcv_lpg | AQ33: Bvkm | AR33: million Vehicles | AS33: yes
C34: =C25 -> TRANGA | D34: =$AH34*D$27 -> 0.32948443 | E34: =$AH34*E$27 -> 0.32948443 | F34: =$AH34*F$27 -> 0.32948443 | G34: =$AH34*G$27 -> 0.32948443 | H34: =$AH34*H$27 -> 0.32948443 | I34: =$AH34*I$27 -> 0.32948443 | J34: =$AH34*J$27 -> 0.32948443 | K34: =$AH34*K$27 -> 0.32948443 | ... AG34: =$AH34*AG$27 -> 0.32948443 | AH34: 0.32948443 | AI34: EFF | AJ34: =AJ25 -> Trd_lcv_nga | AK34: =IF($AJ34="","",$AK$45) -> Trd_lcv | AL34: =IF($AJ34="","",25) -> 25 | AN34: =IF(AJ34="","*","DMD") -> DMD | AO34: =AJ34 -> Trd_lcv_nga | AQ34: Bvkm | AR34: million Vehicles | AS34: yes
AI35: * | AK35: =IF($AJ35="","",$AK$45) | AL35: =IF($AJ35="","",25) | AN35: =IF(AJ35="","*","DMD") -> * | AO35: =AJ35 -> 0 | AQ35: Bvkm | AR35: million Vehicles | AS35: yes
A36: 000km/veh | C36: =C28 -> TRABDS | D36: 25 | E36: 25 | F36: 25 | G36: 25 | H36: 25 | I36: 25 | J36: 25 | K36: 25 | L36: 25 | M36: 25 | N36: 25 | O36: 25 | P36: 25 | Q36: 25 | R36: 25 | S36: 25 | T36: 25 | U36: 25 | V36: 25 | W36: 25 | X36: 25 | Y36: 25 | Z36: 25 | AA36: 25 | AB36: 25 | AC36: 25 | AD36: 25 | AE36: 25 | AF36: 25 | AG36: 25 | AI36: AF | AJ36: =AJ28 -> Trd_lcv_bdl | AK36: =IF($AJ36="","",$AK$45) -> Trd_lcv | AL36: =IF($AJ36="","",25) -> 25 | AN36: =IF(AJ36="","*","DMD") -> DMD | AO36: =AJ36 -> Trd_lcv_bdl | AQ36: Bvkm | AR36: million Vehicles | AS36: yes
C37: =C29 -> TRABGS | D37: =D$36 -> 25 | E37: =E$36 -> 25 | F37: =F$36 -> 25 | G37: =G$36 -> 25 | H37: =H$36 -> 25 | I37: =I$36 -> 25 | J37: =J$36 -> 25 | K37: =K$36 -> 25 | ... AG37: =AG$36 -> 25 | AI37: AF | AJ37: =AJ29 -> Trd_lcv_eth | AK37: =IF($AJ37="","",$AK$45) -> Trd_lcv | AL37: =IF($AJ37="","",25) -> 25 | AN37: =IF(AJ37="","*","DMD") -> DMD | AO37: =AJ37 -> Trd_lcv_eth | AQ37: Bvkm | AR37: million Vehicles | AS37: yes
C38: =C30 -> TRADST | D38: =D$36 -> 25 | E38: =E$36 -> 25 | F38: =F$36 -> 25 | G38: =G$36 -> 25 | H38: =H$36 -> 25 | I38: =I$36 -> 25 | J38: =J$36 -> 25 | K38: =K$36 -> 25 | ... AG38: =AG$36 -> 25 | AI38: AF | AJ38: =AJ30 -> Trd_lcv_dsl | AK38: =IF($AJ38="","",$AK$45) -> Trd_lcv | AL38: =IF($AJ38="","",25) -> 25 | AN38: =IF(AJ38="","*","DMD") -> DMD | AO38: =AJ38 -> Trd_lcv_dsl | AQ38: Bvkm | AR38: million Vehicles | AS38: yes
C39: =C31 -> TRAELC | D39: =D$36 -> 25 | E39: =E$36 -> 25 | F39: =F$36 -> 25 | G39: =G$36 -> 25 | H39: =H$36 -> 25 | I39: =I$36 -> 25 | J39: =J$36 -> 25 | K39: =K$36 -> 25 | ... AG39: =AG$36 -> 25 | AI39: AF | AJ39: =AJ31 -> Trd_lcv_elc | AK39: =IF($AJ39="","",$AK$45) -> Trd_lcv | AL39: =IF($AJ39="","",25) -> 25 | AN39: =IF(AJ39="","*","DMD") -> DMD | AO39: =AJ39 -> Trd_lcv_elc | AQ39: Bvkm | AR39: million Vehicles | AS39: yes
C40: =C32 -> TRAGSL | D40: =D$36 -> 25 | E40: =E$36 -> 25 | F40: =F$36 -> 25 | G40: =G$36 -> 25 | H40: =H$36 -> 25 | I40: =I$36 -> 25 | J40: =J$36 -> 25 | K40: =K$36 -> 25 | ... AG40: =AG$36 -> 25 | AI40: AF | AJ40: =AJ32 -> Trd_lcv_gsl | AK40: =IF($AJ40="","",$AK$45) -> Trd_lcv | AL40: =IF($AJ40="","",25) -> 25 | AN40: =IF(AJ40="","*","DMD") -> DMD | AO40: =AJ40 -> Trd_lcv_gsl | AQ40: Bvkm | AR40: million Vehicles | AS40: yes
C41: =C33 -> TRALPG | D41: =D$36 -> 25 | E41: =E$36 -> 25 | F41: =F$36 -> 25 | G41: =G$36 -> 25 | H41: =H$36 -> 25 | I41: =I$36 -> 25 | J41: =J$36 -> 25 | K41: =K$36 -> 25 | ... AG41: =AG$36 -> 25 | AI41: AF | AJ41: =AJ33 -> Trd_lcv_lpg | AK41: =IF($AJ41="","",$AK$45) -> Trd_lcv | AL41: =IF($AJ41="","",25) -> 25 | AN41: =IF(AJ41="","*","DMD") -> DMD | AO41: =AJ41 -> Trd_lcv_lpg | AQ41: Bvkm | AR41: million Vehicles | AS41: yes
C42: =C34 -> TRANGA | D42: =D$36 -> 25 | E42: =E$36 -> 25 | F42: =F$36 -> 25 | G42: =G$36 -> 25 | H42: =H$36 -> 25 | I42: =I$36 -> 25 | J42: =J$36 -> 25 | K42: =K$36 -> 25 | ... AG42: =AG$36 -> 25 | AI42: AF | AJ42: =AJ34 -> Trd_lcv_nga | AK42: =IF($AJ42="","",$AK$45) -> Trd_lcv | AL42: =IF($AJ42="","",25) -> 25 | AN42: =IF(AJ42="","*","DMD") -> DMD | AO42: =AJ42 -> Trd_lcv_nga | AQ42: Bvkm | AR42: million Vehicles | AS42: yes
AI43: * | AL43: =IF($AJ43="","",25)
D44: =D3 -> Africa_north | E44: =E3 -> Africa_other | F44: =F3 -> Arg-Chi | G44: =G3 -> Asia_central | H44: =H3 -> Asia_east | I44: =I3 -> Asia_other | J44: =J3 -> Australia_NZ | K44: =K3 -> Brazil | ... AG44: =AG3 -> \I: | AI44: * | AL44: =IF($AJ44="","",25)
A45: Dem Bvkm | D45: =SUMPRODUCT(D36:D42,D19:D25) -> 82.25 | E45: =SUMPRODUCT(E36:E42,E19:E25) -> 67.5 | F45: =SUMPRODUCT(F36:F42,F19:F25) -> 33.25 | G45: =SUMPRODUCT(G36:G42,G19:G25) -> 50.5 | H45: =SUMPRODUCT(H36:H42,H19:H25) -> 204 | I45: =SUMPRODUCT(I36:I42,I19:I25) -> 112 | J45: =SUMPRODUCT(J36:J42,J19:J25) -> 75.75 | K45: =SUMPRODUCT(K36:K42,K19:K25) -> 103.75 | ... AG45: =SUMPRODUCT(AG36:AG42,AG19:AG25) -> 0 | AI45: Demand | AK45: Trd_lcv | AL45: =IF($AJ45="","",25)

Sheet Trucks-hdt
A1: =1-'Trucks-lcv'!$A$1 -> 0.5
AI2: ~FI_T | AN2: ~FI_Process
C3: comm-in | D3: ='TRA balance'!E4 -> Africa_north | E3: ='TRA balance'!F4 -> Africa_other | F3: ='TRA balance'!G4 -> Arg-Chi | G3: ='TRA balance'!H4 -> Asia_central | H3: ='TRA balance'!I4 -> Asia_east | I3: ='TRA balance'!J4 -> Asia_other | J3: ='TRA balance'!K4 -> Australia_NZ | K3: ='TRA balance'!L4 -> Brazil | ... AG3: ='TRA balance'!AH4 -> \I: | AH3: * | AI3: attribute | AJ3: process | AK3: comm-out | AL3: LIFE | AN3: Sets | AO3: TechName | AP3: TechDesc | AQ3: Tact | AR3: Tcap | AS3: Vintage
A4: TR | C4: TRABDS | D4: {=SUM(SUMIFS(Assumptions!AN$3:AN$102,Assumptions!$B$3:$B$102,'Trucks-hdt'!$C4,Assumptions!$G$3:$G$102,{"TRH","TRM"}))} -> 0 | E4: {=SUM(SUMIFS(Assumptions!AO$3:AO$102,Assumptions!$B$3:$B$102,'Trucks-hdt'!$C4,Assumptions!$G$3:$G$102,{"TRH","TRM"}))} -> 0 | F4: {=SUM(SUMIFS(Assumptions!AP$3:AP$102,Assumptions!$B$3:$B$102,'Trucks-hdt'!$C4,Assumptions!$G$3:$G$102,{"TRH","TRM"}))} -> 31.513899 | G4: {=SUM(SUMIFS(Assumptions!AQ$3:AQ$102,Assumptions!$B$3:$B$102,'Trucks-hdt'!$C4,Assumptions!$G$3:$G$102,{"TRH","TRM"}))} -> 0.0072994346 | H4: {=SUM(SUMIFS(Assumptions!AR$3:AR$102,Assumptions!$B$3:$B$102,'Trucks-hdt'!$C4,Assumptions!$G$3:$G$102,{"TRH","TRM"}))} -> 20.801546 | I4: {=SUM(SUMIFS(Assumptions!AS$3:AS$102,Assumptions!$B$3:$B$102,'Trucks-hdt'!$C4,Assumptions!$G$3:$G$102,{"TRH","TRM"}))} -> 177.85107 | J4: {=SUM(SUMIFS(Assumptions!AT$3:AT$102,Assumptions!$B$3:$B$102,'Trucks-hdt'!$C4,Assumptions!$G$3:$G$102,{"TRH","TRM"}))} -> 0.13617659 | K4: {=SUM(SUMIFS(Assumptions!AU$3:AU$102,Assumptions!$B$3:$B$102,'Trucks-hdt'!$C4,Assumptions!$G$3:$G$102,{"TRH","TRM"}))} -> 484.36626 | ... AG4: {=SUM(SUMIFS(Assumptions!BQ$3:BQ$102,Assumptions!$B$3:$B$102,'Trucks-hdt'!$C4,Assumptions!$G$3:$G$102,{"TRH","TRM"}))} -> 0 | AH4: =IF(SUM(D4:AG4)=0,"zero","") | AI4: * | AK4: =IF($AJ4="","",$AK$45) | AL4: =IF($AJ4="","",25) | AN4: =IF($AJ4="","*","DMD") -> * | AO4: =AJ4 -> 0 | AQ4: Bvkm | AR4: million Vehicles | AS4: yes
A5: TR | C5: TRABGS | D5: {=SUM(SUMIFS(Assumptions!AN$3:AN$102,Assumptions!$B$3:$B$102,'Trucks-hdt'!$C5,Assumptions!$G$3:$G$102,{"TRH","TRM"}))} -> 0 | E5: {=SUM(SUMIFS(Assumptions!AO$3:AO$102,Assumptions!$B$3:$B$102,'Trucks-hdt'!$C5,Assumptions!$G$3:$G$102,{"TRH","TRM"}))} -> 0 | F5: {=SUM(SUMIFS(Assumptions!AP$3:AP$102,Assumptions!$B$3:$B$102,'Trucks-hdt'!$C5,Assumptions!$G$3:$G$102,{"TRH","TRM"}))} -> 0.67661016 | G5: {=SUM(SUMIFS(Assumptions!AQ$3:AQ$102,Assumptions!$B$3:$B$102,'Trucks-hdt'!$C5,Assumptions!$G$3:$G$102,{"TRH","TRM"}))} -> 0 | H5: {=SUM(SUMIFS(Assumptions!AR$3:AR$102,Assumptions!$B$3:$B$102,'Trucks-hdt'!$C5,Assumptions!$G$3:$G$102,{"TRH","TRM"}))} -> 0 | I5: {=SUM(SUMIFS(Assumptions!AS$3:AS$102,Assumptions!$B$3:$B$102,'Trucks-hdt'!$C5,Assumptions!$G$3:$G$102,{"TRH","TRM"}))} -> 0 | J5: {=SUM(SUMIFS(Assumptions!AT$3:AT$102,Assumptions!$B$3:$B$102,'Trucks-hdt'!$C5,Assumptions!$G$3:$G$102,{"TRH","TRM"}))} -> 0 | K5: {=SUM(SUMIFS(Assumptions!AU$3:AU$102,Assumptions!$B$3:$B$102,'Trucks-hdt'!$C5,Assumptions!$G$3:$G$102,{"TRH","TRM"}))} -> 7.0786065 | ... AG5: {=SUM(SUMIFS(Assumptions!BQ$3:BQ$102,Assumptions!$B$3:$B$102,'Trucks-hdt'!$C5,Assumptions!$G$3:$G$102,{"TRH","TRM"}))} -> 0 | AH5: =IF(SUM(D5:AG5)=0,"zero","") | AI5: * | AK5: =IF($AJ5="","",$AK$45) | AL5: =IF($AJ5="","",25) | AN5: =IF(AJ5="","*","DMD") -> * | AO5: =AJ5 -> 0 | AQ5: Bvkm | AR5: million Vehicles | AS5: yes
A6: TR | C6: TRADST | D6: {=SUM(SUMIFS(Assumptions!AN$3:AN$102,Assumptions!$B$3:$B$102,'Trucks-hdt'!$C6,Assumptions!$G$3:$G$102,{"TRH","TRM"}))} -> 450.36832 | E6: {=SUM(SUMIFS(Assumptions!AO$3:AO$102,Assumptions!$B$3:$B$102,'Trucks-hdt'!$C6,Assumptions!$G$3:$G$102,{"TRH","TRM"}))} -> 400.23219 | F6: {=SUM(SUMIFS(Assumptions!AP$3:AP$102,Assumptions!$B$3:$B$102,'Trucks-hdt'!$C6,Assumptions!$G$3:$G$102,{"TRH","TRM"}))} -> 352.67001 | G6: {=SUM(SUMIFS(Assumptions!AQ$3:AQ$102,Assumptions!$B$3:$B$102,'Trucks-hdt'!$C6,Assumptions!$G$3:$G$102,{"TRH","TRM"}))} -> 149.58435 | H6: {=SUM(SUMIFS(Assumptions!AR$3:AR$102,Assumptions!$B$3:$B$102,'Trucks-hdt'!$C6,Assumptions!$G$3:$G$102,{"TRH","TRM"}))} -> 1303.7106 | I6: {=SUM(SUMIFS(Assumptions!AS$3:AS$102,Assumptions!$B$3:$B$102,'Trucks-hdt'!$C6,Assumptions!$G$3:$G$102,{"TRH","TRM"}))} -> 1957.1027 | J6: {=SUM(SUMIFS(Assumptions!AT$3:AT$102,Assumptions!$B$3:$B$102,'Trucks-hdt'!$C6,Assumptions!$G$3:$G$102,{"TRH","TRM"}))} -> 429.96112 | K6: {=SUM(SUMIFS(Assumptions!AU$3:AU$102,Assumptions!$B$3:$B$102,'Trucks-hdt'!$C6,Assumptions!$G$3:$G$102,{"TRH","TRM"}))} -> 1068.3778 | ... AG6: {=SUM(SUMIFS(Assumptions!BQ$3:BQ$102,Assumptions!$B$3:$B$102,'Trucks-hdt'!$C6,Assumptions!$G$3:$G$102,{"TRH","TRM"}))} -> 0 | AH6: =IF(SUM(D6:AG6)=0,"zero","") | AI6: * | AK6: =IF($AJ6="","",$AK$45) | AL6: =IF($AJ6="","",25) | AN6: =IF(AJ6="","*","DMD") -> * | AO6: =AJ6 -> 0 | AQ6: Bvkm | AR6: million Vehicles | AS6: yes
A7: TR | C7: TRAELC | D7: {=SUM(SUMIFS(Assumptions!AN$3:AN$102,Assumptions!$B$3:$B$102,'Trucks-hdt'!$C7,Assumptions!$G$3:$G$102,{"TRH","TRM"}))} -> 0 | E7: {=SUM(SUMIFS(Assumptions!AO$3:AO$102,Assumptions!$B$3:$B$102,'Trucks-hdt'!$C7,Assumptions!$G$3:$G$102,{"TRH","TRM"}))} -> 0 | F7: {=SUM(SUMIFS(Assumptions!AP$3:AP$102,Assumptions!$B$3:$B$102,'Trucks-hdt'!$C7,Assumptions!$G$3:$G$102,{"TRH","TRM"}))} -> 0 | G7: {=SUM(SUMIFS(Assumptions!AQ$3:AQ$102,Assumptions!$B$3:$B$102,'Trucks-hdt'!$C7,Assumptions!$G$3:$G$102,{"TRH","TRM"}))} -> 0 | H7: {=SUM(SUMIFS(Assumptions!AR$3:AR$102,Assumptions!$B$3:$B$102,'Trucks-hdt'!$C7,Assumptions!$G$3:$G$102,{"TRH","TRM"}))} -> 0 | I7: {=SUM(SUMIFS(Assumptions!AS$3:AS$102,Assumptions!$B$3:$B$102,'Trucks-hdt'!$C7,Assumptions!$G$3:$G$102,{"TRH","TRM"}))} -> 0 | J7: {=SUM(SUMIFS(Assumptions!AT$3:AT$102,Assumptions!$B$3:$B$102,'Trucks-hdt'!$C7,Assumptions!$G$3:$G$102,{"TRH","TRM"}))} -> 0 | K7: {=SUM(SUMIFS(Assumptions!AU$3:AU$102,Assumptions!$B$3:$B$102,'Trucks-hdt'!$C7,Assumptions!$G$3:$G$102,{"TRH","TRM"}))} -> 0 | ... AG7: {=SUM(SUMIFS(Assumptions!BQ$3:BQ$102,Assumptions!$B$3:$B$102,'Trucks-hdt'!$C7,Assumptions!$G$3:$G$102,{"TRH","TRM"}))} -> 0 | AH7: =IF(SUM(D7:AG7)=0,"zero","") -> zero | AI7: * | AK7: =IF($AJ7="","",$AK$45) | AL7: =IF($AJ7="","",25) | AN7: =IF(AJ7="","*","DMD") -> * | AO7: =AJ7 -> 0 | AQ7: Bvkm | AR7: million Vehicles | AS7: yes
A8: TR | C8: TRAGSL | D8: {=SUM(SUMIFS(Assumptions!AN$3:AN$102,Assumptions!$B$3:$B$102,'Trucks-hdt'!$C8,Assumptions!$G$3:$G$102,{"TRH","TRM"}))} -> 0 | E8: {=SUM(SUMIFS(Assumptions!AO$3:AO$102,Assumptions!$B$3:$B$102,'Trucks-hdt'!$C8,Assumptions!$G$3:$G$102,{"TRH","TRM"}))} -> 0 | F8: {=SUM(SUMIFS(Assumptions!AP$3:AP$102,Assumptions!$B$3:$B$102,'Trucks-hdt'!$C8,Assumptions!$G$3:$G$102,{"TRH","TRM"}))} -> 12.306225 | G8: {=SUM(SUMIFS(Assumptions!AQ$3:AQ$102,Assumptions!$B$3:$B$102,'Trucks-hdt'!$C8,Assumptions!$G$3:$G$102,{"TRH","TRM"}))} -> 49.227975 | H8: {=SUM(SUMIFS(Assumptions!AR$3:AR$102,Assumptions!$B$3:$B$102,'Trucks-hdt'!$C8,Assumptions!$G$3:$G$102,{"TRH","TRM"}))} -> 0 | I8: {=SUM(SUMIFS(Assumptions!AS$3:AS$102,Assumptions!$B$3:$B$102,'Trucks-hdt'!$C8,Assumptions!$G$3:$G$102,{"TRH","TRM"}))} -> 0 | J8: {=SUM(SUMIFS(Assumptions!AT$3:AT$102,Assumptions!$B$3:$B$102,'Trucks-hdt'!$C8,Assumptions!$G$3:$G$102,{"TRH","TRM"}))} -> 0 | K8: {=SUM(SUMIFS(Assumptions!AU$3:AU$102,Assumptions!$B$3:$B$102,'Trucks-hdt'!$C8,Assumptions!$G$3:$G$102,{"TRH","TRM"}))} -> 26.945455 | ... AG8: {=SUM(SUMIFS(Assumptions!BQ$3:BQ$102,Assumptions!$B$3:$B$102,'Trucks-hdt'!$C8,Assumptions!$G$3:$G$102,{"TRH","TRM"}))} -> 0 | AH8: =IF(SUM(D8:AG8)=0,"zero","") | AI8: * | AK8: =IF($AJ8="","",$AK$45) | AL8: =IF($AJ8="","",25) | AN8: =IF(AJ8="","*","DMD") -> * | AO8: =AJ8 -> 0 | AQ8: Bvkm | AR8: million Vehicles | AS8: yes
A9: TR | C9: TRALPG | D9: {=SUM(SUMIFS(Assumptions!AN$3:AN$102,Assumptions!$B$3:$B$102,'Trucks-hdt'!$C9,Assumptions!$G$3:$G$102,{"TRH","TRM"}))} -> 0 | E9: {=SUM(SUMIFS(Assumptions!AO$3:AO$102,Assumptions!$B$3:$B$102,'Trucks-hdt'!$C9,Assumptions!$G$3:$G$102,{"TRH","TRM"}))} -> 0 | F9: {=SUM(SUMIFS(Assumptions!AP$3:AP$102,Assumptions!$B$3:$B$102,'Trucks-hdt'!$C9,Assumptions!$G$3:$G$102,{"TRH","TRM"}))} -> 0 | G9: {=SUM(SUMIFS(Assumptions!AQ$3:AQ$102,Assumptions!$B$3:$B$102,'Trucks-hdt'!$C9,Assumptions!$G$3:$G$102,{"TRH","TRM"}))} -> 0 | H9: {=SUM(SUMIFS(Assumptions!AR$3:AR$102,Assumptions!$B$3:$B$102,'Trucks-hdt'!$C9,Assumptions!$G$3:$G$102,{"TRH","TRM"}))} -> 0 | I9: {=SUM(SUMIFS(Assumptions!AS$3:AS$102,Assumptions!$B$3:$B$102,'Trucks-hdt'!$C9,Assumptions!$G$3:$G$102,{"TRH","TRM"}))} -> 0 | J9: {=SUM(SUMIFS(Assumptions!AT$3:AT$102,Assumptions!$B$3:$B$102,'Trucks-hdt'!$C9,Assumptions!$G$3:$G$102,{"TRH","TRM"}))} -> 0 | K9: {=SUM(SUMIFS(Assumptions!AU$3:AU$102,Assumptions!$B$3:$B$102,'Trucks-hdt'!$C9,Assumptions!$G$3:$G$102,{"TRH","TRM"}))} -> 0 | ... AG9: {=SUM(SUMIFS(Assumptions!BQ$3:BQ$102,Assumptions!$B$3:$B$102,'Trucks-hdt'!$C9,Assumptions!$G$3:$G$102,{"TRH","TRM"}))} -> 0 | AH9: =IF(SUM(D9:AG9)=0,"zero","") -> zero | AI9: * | AK9: =IF($AJ9="","",$AK$45) | AL9: =IF($AJ9="","",25) | AN9: =IF(AJ9="","*","DMD") -> * | AO9: =AJ9 -> 0 | AQ9: Bvkm | AR9: million Vehicles | AS9: yes
A10: TR | C10: TRANGA | D10: {=SUM(SUMIFS(Assumptions!AN$3:AN$102,Assumptions!$B$3:$B$102,'Trucks-hdt'!$C10,Assumptions!$G$3:$G$102,{"TRH","TRM"}))} -> 0 | E10: {=SUM(SUMIFS(Assumptions!AO$3:AO$102,Assumptions!$B$3:$B$102,'Trucks-hdt'!$C10,Assumptions!$G$3:$G$102,{"TRH","TRM"}))} -> 0 | F10: {=SUM(SUMIFS(Assumptions!AP$3:AP$102,Assumptions!$B$3:$B$102,'Trucks-hdt'!$C10,Assumptions!$G$3:$G$102,{"TRH","TRM"}))} -> 0 | G10: {=SUM(SUMIFS(Assumptions!AQ$3:AQ$102,Assumptions!$B$3:$B$102,'Trucks-hdt'!$C10,Assumptions!$G$3:$G$102,{"TRH","TRM"}))} -> 0 | H10: {=SUM(SUMIFS(Assumptions!AR$3:AR$102,Assumptions!$B$3:$B$102,'Trucks-hdt'!$C10,Assumptions!$G$3:$G$102,{"TRH","TRM"}))} -> 0 | I10: {=SUM(SUMIFS(Assumptions!AS$3:AS$102,Assumptions!$B$3:$B$102,'Trucks-hdt'!$C10,Assumptions!$G$3:$G$102,{"TRH","TRM"}))} -> 0 | J10: {=SUM(SUMIFS(Assumptions!AT$3:AT$102,Assumptions!$B$3:$B$102,'Trucks-hdt'!$C10,Assumptions!$G$3:$G$102,{"TRH","TRM"}))} -> 0 | K10: {=SUM(SUMIFS(Assumptions!AU$3:AU$102,Assumptions!$B$3:$B$102,'Trucks-hdt'!$C10,Assumptions!$G$3:$G$102,{"TRH","TRM"}))} -> 0 | ... AG10: {=SUM(SUMIFS(Assumptions!BQ$3:BQ$102,Assumptions!$B$3:$B$102,'Trucks-hdt'!$C10,Assumptions!$G$3:$G$102,{"TRH","TRM"}))} -> 0 | AH10: =IF(SUM(D10:AG10)=0,"zero","") -> zero | AI10: * | AK10: =IF($AJ10="","",$AK$45) | AL10: =IF($AJ10="","",25) | AN10: =IF(AJ10="","*","DMD") -> * | AO10: =AJ10 -> 0 | AQ10: Bvkm | AR10: million Vehicles | AS10: yes
A11: Share of PJ | D11: =SUM(D$4:D$10)/SUM($D$4:$T$10) -> 0.036871346 | E11: =SUM(E$4:E$10)/SUM($D$4:$T$10) -> 0.032766735 | F11: =SUM(F$4:F$10)/SUM($D$4:$T$10) -> 0.032515769 | G11: =SUM(G$4:G$10)/SUM($D$4:$T$10) -> 0.016277227 | H11: =SUM(H$4:H$10)/SUM($D$4:$T$10) -> 0.1084369 | I11: =SUM(I$4:I$10)/SUM($D$4:$T$10) -> 0.1747872 | J11: =SUM(J$4:J$10)/SUM($D$4:$T$10) -> 0.035211771 | K11: =SUM(K$4:K$10)/SUM($D$4:$T$10) -> 0.12990762 | ... AG11: =SUM(AG$4:AG$10)/SUM($D$4:$T$10) -> 0 | AI11: * | AK11: =IF($AJ11="","",$AK$45) | AL11: =IF($AJ11="","",25) | AN11: =IF(AJ11="","*","DMD") -> * | AO11: =AJ11 -> 0 | AQ11: Bvkm | AR11: million Vehicles | AS11: yes
AI12: * | AK12: =IF($AJ12="","",$AK$45) | AL12: =IF($AJ12="","",25) | AN12: =IF(AJ12="","*","DMD") -> * | AO12: =AJ12 -> 0 | AQ12: Bvkm | AR12: million Vehicles | AS12: yes
A13: m Vehicles | C13: =SUM(D13:AG13) -> 66.95 | D13: =SUM(D19:D25) -> 1.26 | E13: =SUM(E19:E25) -> 1.12 | F13: =SUM(F19:F25) -> 1.1 | G13: =SUM(G19:G25) -> 0.56 | H13: =SUM(H19:H25) -> 3.69 | I13: =SUM(I19:I25) -> 5.96 | J13: =SUM(J19:J25) -> 1.2 | K13: =SUM(K19:K25) -> 4.43 | ... AG13: =SUM(AG19:AG25) -> 0 | AI13: * | AK13: =IF($AJ13="","",$AK$45) | AL13: =IF($AJ13="","",25) | AN13: =IF(AJ13="","*","DMD") -> * | AO13: =AJ13 -> 0 | AQ13: Bvkm | AR13: million Vehicles | AS13: yes
A14: Share of Veh | D14: =D13/SUM($D$13:$T$13) -> 0.036982683 | E14: =E13/SUM($D$13:$T$13) -> 0.032873496 | F14: =F13/SUM($D$13:$T$13) -> 0.032286469 | G14: =G13/SUM($D$13:$T$13) -> 0.016436748 | H14: =H13/SUM($D$13:$T$13) -> 0.10830643 | I14: =I13/SUM($D$13:$T$13) -> 0.17493396 | J14: =J13/SUM($D$13:$T$13) -> 0.035221603 | K14: =K13/SUM($D$13:$T$13) -> 0.13002642 | ... AG14: =AG13/SUM($D$13:$T$13) -> 0 | AI14: * | AK14: =IF($AJ14="","",$AK$45) | AL14: =IF($AJ14="","",25) | AN14: =IF(AJ14="","*","DMD") -> * | AO14: =AJ14 -> 0 | AQ14: Bvkm | AR14: million Vehicles | AS14: yes
D15: =D13/'non-road'!BV21 -> 0.006351285 | E15: =E13/'non-road'!BW21 -> 0.001077456 | F15: =F13/'non-road'!BX21 -> 0.017216903 | G15: =G13/'non-road'!BY21 -> 0.0061867789 | H15: =H13/'non-road'!BZ21 -> 0.020733354 | I15: =I13/'non-road'!CA21 -> 0.0049804551 | J15: =J13/'non-road'!CB21 -> 0.03954523 | K15: =K13/'non-road'!CC21 -> 0.020990287 | ... AG15: =AG13/'non-road'!CY21 -> #DIV/0! | AI15: * | AK15: =IF($AJ15="","",$AK$45) | AL15: =IF($AJ15="","",25) | AN15: =IF(AJ15="","*","DMD") -> * | AO15: =AJ15 -> 0 | AQ15: Bvkm | AR15: million Vehicles | AS15: yes
AI16: * | AK16: =IF($AJ16="","",$AK$45) | AL16: =IF($AJ16="","",25) | AN16: =IF(AJ16="","*","DMD") -> * | AO16: =AJ16 -> 0 | AQ16: Bvkm | AR16: million Vehicles | AS16: yes
A17: PJ share/Veh share | D17: =D11/D14 -> 0.99698948 | E17: =E11/E14 -> 0.99675236 | F17: =F11/F14 -> 1.007102 | G17: =G11/G14 -> 0.99029484 | H17: =H11/H14 -> 1.0012047 | I17: =I11/I14 -> 0.99916106 | J17: =J11/J14 -> 0.99972086 | K17: =K11/K14 -> 0.99908634 | ... AG17: =AG11/AG14 -> #DIV/0! | AI17: * | AK17: =IF($AJ17="","",$AK$45) | AL17: =IF($AJ17="","",25) | AN17: =IF(AJ17="","*","DMD") -> * | AO17: =AJ17 -> 0 | AQ17: Bvkm | AR17: million Vehicles | AS17: yes
AI18: * | AK18: =IF($AJ18="","",$AK$45) | AL18: =IF($AJ18="","",25) | AN18: =IF(AJ18="","*","DMD") -> * | AO18: =AJ18 -> 0 | AQ18: Bvkm | AR18: million Vehicles | AS18: yes
A19: mVeh | C19: =C4 -> TRABDS | D19: =ROUND(D4*D28/D36,2) -> 0 | E19: =ROUND(E4*E28/E36,2) -> 0 | F19: =ROUND(F4*F28/F36,2) -> 0.09 | G19: =ROUND(G4*G28/G36,2) -> 0 | H19: =ROUND(H4*H28/H36,2) -> 0.06 | I19: =ROUND(I4*I28/I36,2) -> 0.5 | J19: =ROUND(J4*J28/J36,2) -> 0 | K19: =ROUND(K4*K28/K36,2) -> 1.35 | ... AG19: =ROUND(AG4*AG28/AG36,2) -> 0 | AI19: PASTI | AJ19: =IF(AH4="zero","\I:",$AK$45&"_"&VLOOKUP(C19,'TRA balance'!$AL$5:$AM$15,2,FALSE)) -> Trd_hdt_bdl | AK19: =IF($AJ19="","",$AK$45) -> Trd_hdt | AL19: =IF($AJ19="","",25) -> 25 | AN19: =IF(AJ19="","*","DMD") -> DMD | AO19: =AJ19 -> Trd_hdt_bdl | AQ19: Bvkm | AR19: million Vehicles | AS19: yes
C20: =C5 -> TRABGS | D20: =ROUND(D5*D29/D37,2) -> 0 | E20: =ROUND(E5*E29/E37,2) -> 0 | F20: =ROUND(F5*F29/F37,2) -> 0 | G20: =ROUND(G5*G29/G37,2) -> 0 | H20: =ROUND(H5*H29/H37,2) -> 0 | I20: =ROUND(I5*I29/I37,2) -> 0 | J20: =ROUND(J5*J29/J37,2) -> 0 | K20: =ROUND(K5*K29/K37,2) -> 0.02 | ... AG20: =ROUND(AG5*AG29/AG37,2) -> 0 | AI20: PASTI | AJ20: =IF(AH5="zero","\I:",$AK$45&"_"&VLOOKUP(C20,'TRA balance'!$AL$5:$AM$15,2,FALSE)) -> Trd_hdt_eth | AK20: =IF($AJ20="","",$AK$45) -> Trd_hdt | AL20: =IF($AJ20="","",25) -> 25 | AN20: =IF(AJ20="","*","DMD") -> DMD | AO20: =AJ20 -> Trd_hdt_eth | AQ20: Bvkm | AR20: million Vehicles | AS20: yes
C21: =C6 -> TRADST | D21: =ROUND(D6*D30/D38,2) -> 1.26 | E21: =ROUND(E6*E30/E38,2) -> 1.12 | F21: =ROUND(F6*F30/F38,2) -> 0.98 | G21: =ROUND(G6*G30/G38,2) -> 0.42 | H21: =ROUND(H6*H30/H38,2) -> 3.63 | I21: =ROUND(I6*I30/I38,2) -> 5.46 | J21: =ROUND(J6*J30/J38,2) -> 1.2 | K21: =ROUND(K6*K30/K38,2) -> 2.98 | ... AG21: =ROUND(AG6*AG30/AG38,2) -> 0 | AI21: PASTI | AJ21: =IF(AH6="zero","\I:",$AK$45&"_"&VLOOKUP(C21,'TRA balance'!$AL$5:$AM$15,2,FALSE)) -> Trd_hdt_dsl | AK21: =IF($AJ21="","",$AK$45) -> Trd_hdt | AL21: =IF($AJ21="","",25) -> 25 | AN21: =IF(AJ21="","*","DMD") -> DMD | AO21: =AJ21 -> Trd_hdt_dsl | AQ21: Bvkm | AR21: million Vehicles | AS21: yes
C22: =C7 -> TRAELC | D22: =ROUND(D7*D31/D39,2) -> 0 | E22: =ROUND(E7*E31/E39,2) -> 0 | F22: =ROUND(F7*F31/F39,2) -> 0 | G22: =ROUND(G7*G31/G39,2) -> 0 | H22: =ROUND(H7*H31/H39,2) -> 0 | I22: =ROUND(I7*I31/I39,2) -> 0 | J22: =ROUND(J7*J31/J39,2) -> 0 | K22: =ROUND(K7*K31/K39,2) -> 0 | ... AG22: =ROUND(AG7*AG31/AG39,2) -> 0 | AI22: PASTI | AJ22: =IF(AH7="zero","\I:",$AK$45&"_"&VLOOKUP(C22,'TRA balance'!$AL$5:$AM$15,2,FALSE)) -> \I: | AK22: =IF($AJ22="","",$AK$45) -> Trd_hdt | AL22: =IF($AJ22="","",25) -> 25 | AN22: =IF(AJ22="","*","DMD") -> DMD | AO22: =AJ22 -> \I: | AQ22: Bvkm | AR22: million Vehicles | AS22: yes
C23: =C8 -> TRAGSL | D23: =ROUND(D8*D32/D40,2) -> 0 | E23: =ROUND(E8*E32/E40,2) -> 0 | F23: =ROUND(F8*F32/F40,2) -> 0.03 | G23: =ROUND(G8*G32/G40,2) -> 0.14 | H23: =ROUND(H8*H32/H40,2) -> 0 | I23: =ROUND(I8*I32/I40,2) -> 0 | J23: =ROUND(J8*J32/J40,2) -> 0 | K23: =ROUND(K8*K32/K40,2) -> 0.08 | ... AG23: =ROUND(AG8*AG32/AG40,2) -> 0 | AI23: PASTI | AJ23: =IF(AH8="zero","\I:",$AK$45&"_"&VLOOKUP(C23,'TRA balance'!$AL$5:$AM$15,2,FALSE)) -> Trd_hdt_gsl | AK23: =IF($AJ23="","",$AK$45) -> Trd_hdt | AL23: =IF($AJ23="","",25) -> 25 | AN23: =IF(AJ23="","*","DMD") -> DMD | AO23: =AJ23 -> Trd_hdt_gsl | AQ23: Bvkm | AR23: million Vehicles | AS23: yes
C24: =C9 -> TRALPG | D24: =ROUND(D9*D33/D41,2) -> 0 | E24: =ROUND(E9*E33/E41,2) -> 0 | F24: =ROUND(F9*F33/F41,2) -> 0 | G24: =ROUND(G9*G33/G41,2) -> 0 | H24: =ROUND(H9*H33/H41,2) -> 0 | I24: =ROUND(I9*I33/I41,2) -> 0 | J24: =ROUND(J9*J33/J41,2) -> 0 | K24: =ROUND(K9*K33/K41,2) -> 0 | ... AG24: =ROUND(AG9*AG33/AG41,2) -> 0 | AI24: PASTI | AJ24: =IF(AH9="zero","\I:",$AK$45&"_"&VLOOKUP(C24,'TRA balance'!$AL$5:$AM$15,2,FALSE)) -> \I: | AK24: =IF($AJ24="","",$AK$45) -> Trd_hdt | AL24: =IF($AJ24="","",25) -> 25 | AN24: =IF(AJ24="","*","DMD") -> DMD | AO24: =AJ24 -> \I: | AQ24: Bvkm | AR24: million Vehicles | AS24: yes
C25: =C10 -> TRANGA | D25: =ROUND(D10*D34/D42,2) -> 0 | E25: =ROUND(E10*E34/E42,2) -> 0 | F25: =ROUND(F10*F34/F42,2) -> 0 | G25: =ROUND(G10*G34/G42,2) -> 0 | H25: =ROUND(H10*H34/H42,2) -> 0 | I25: =ROUND(I10*I34/I42,2) -> 0 | J25: =ROUND(J10*J34/J42,2) -> 0 | K25: =ROUND(K10*K34/K42,2) -> 0 | ... AG25: =ROUND(AG10*AG34/AG42,2) -> 0 | AI25: PASTI | AJ25: =IF(AH10="zero","\I:",$AK$45&"_"&VLOOKUP(C25,'TRA balance'!$AL$5:$AM$15,2,FALSE)) -> \I: | AK25: =IF($AJ25="","",$AK$45) -> Trd_hdt | AL25: =IF($AJ25="","",25) -> 25 | AN25: =IF(AJ25="","*","DMD") -> DMD | AO25: =AJ25 -> \I: | AQ25: Bvkm | AR25: million Vehicles | AS25: yes
AI26: * | AK26: =IF($AJ26="","",$AK$45) | AL26: =IF($AJ26="","",25) | AN26: =IF(AJ26="","*","DMD") -> * | AO26: =AJ26 -> 0 | AQ26: Bvkm | AR26: million Vehicles | AS26: yes
D27: 1 | E27: 1 | F27: 1 | G27: 1 | H27: 1 | I27: 1 | J27: 1 | K27: 1 | L27: 1 | M27: 1 | N27: 1 | O27: 1 | P27: 1 | Q27: 1 | R27: 1 | S27: 1 | T27: 1 | U27: 1 | V27: 1 | W27: 1 | X27: 1 | Y27: 1 | Z27: 1 | AA27: 1 | AB27: 1 | AC27: 1 | AD27: 1 | AE27: 1 | AF27: 1 | AG27: 1 | AI27: * | AK27: =IF($AJ27="","",$AK$45) | AL27: =IF($AJ27="","",25) | AN27: =IF(AJ27="","*","DMD") -> * | AO27: =AJ27 -> 0 | AQ27: Bvkm | AR27: million Vehicles | AS27: yes
A28: Efficiency | C28: =C19 -> TRABDS | D28: =$AH28*D$27 -> 0.1393659 | E28: =$AH28*E$27 -> 0.1393659 | F28: =$AH28*F$27 -> 0.1393659 | G28: =$AH28*G$27 -> 0.1393659 | H28: =$AH28*H$27 -> 0.1393659 | I28: =$AH28*I$27 -> 0.1393659 | J28: =$AH28*J$27 -> 0.1393659 | K28: =$AH28*K$27 -> 0.1393659 | ... AG28: =$AH28*AG$27 -> 0.1393659 | AH28: =AH30 -> 0.1393659 | AI28: EFF | AJ28: =AJ19 -> Trd_hdt_bdl | AK28: =IF($AJ28="","",$AK$45) -> Trd_hdt | AL28: =IF($AJ28="","",25) -> 25 | AN28: =IF(AJ28="","*","DMD") -> DMD | AO28: =AJ28 -> Trd_hdt_bdl | AQ28: Bvkm | AR28: million Vehicles | AS28: yes
C29: =C20 -> TRABGS | D29: =$AH29*D$27 -> 0.1393659 | E29: =$AH29*E$27 -> 0.1393659 | F29: =$AH29*F$27 -> 0.1393659 | G29: =$AH29*G$27 -> 0.1393659 | H29: =$AH29*H$27 -> 0.1393659 | I29: =$AH29*I$27 -> 0.1393659 | J29: =$AH29*J$27 -> 0.1393659 | K29: =$AH29*K$27 -> 0.1393659 | ... AG29: =$AH29*AG$27 -> 0.1393659 | AH29: =AH32 -> 0.1393659 | AI29: EFF | AJ29: =AJ20 -> Trd_hdt_eth | AK29: =IF($AJ29="","",$AK$45) -> Trd_hdt | AL29: =IF($AJ29="","",25) -> 25 | AN29: =IF(AJ29="","*","DMD") -> DMD | AO29: =AJ29 -> Trd_hdt_eth | AQ29: Bvkm | AR29: million Vehicles | AS29: yes
C30: =C21 -> TRADST | D30: =$AH30*D$27 -> 0.1393659 | E30: =$AH30*E$27 -> 0.1393659 | F30: =$AH30*F$27 -> 0.1393659 | G30: =$AH30*G$27 -> 0.1393659 | H30: =$AH30*H$27 -> 0.1393659 | I30: =$AH30*I$27 -> 0.1393659 | J30: =$AH30*J$27 -> 0.1393659 | K30: =$AH30*K$27 -> 0.1393659 | ... AG30: =$AH30*AG$27 -> 0.1393659 | AH30: 0.1393659 | AI30: EFF | AJ30: =AJ21 -> Trd_hdt_dsl | AK30: =IF($AJ30="","",$AK$45) -> Trd_hdt | AL30: =IF($AJ30="","",25) -> 25 | AN30: =IF(AJ30="","*","DMD") -> DMD | AO30: =AJ30 -> Trd_hdt_dsl | AQ30: Bvkm | AR30: million Vehicles | AS30: yes
C31: =C22 -> TRAELC | D31: =$AH31*D$27 -> 0 | E31: =$AH31*E$27 -> 0 | F31: =$AH31*F$27 -> 0 | G31: =$AH31*G$27 -> 0 | H31: =$AH31*H$27 -> 0 | I31: =$AH31*I$27 -> 0 | J31: =$AH31*J$27 -> 0 | K31: =$AH31*K$27 -> 0 | ... AG31: =$AH31*AG$27 -> 0 | AI31: EFF | AJ31: =AJ22 -> \I: | AK31: =IF($AJ31="","",$AK$45) -> Trd_hdt | AL31: =IF($AJ31="","",25) -> 25 | AN31: =IF(AJ31="","*","DMD") -> DMD | AO31: =AJ31 -> \I: | AQ31: Bvkm | AR31: million Vehicles | AS31: yes
C32: =C23 -> TRAGSL | D32: =$AH32*D$27 -> 0.1393659 | E32: =$AH32*E$27 -> 0.1393659 | F32: =$AH32*F$27 -> 0.1393659 | G32: =$AH32*G$27 -> 0.1393659 | H32: =$AH32*H$27 -> 0.1393659 | I32: =$AH32*I$27 -> 0.1393659 | J32: =$AH32*J$27 -> 0.1393659 | K32: =$AH32*K$27 -> 0.1393659 | ... AG32: =$AH32*AG$27 -> 0.1393659 | AH32: 0.1393659 | AI32: EFF | AJ32: =AJ23 -> Trd_hdt_gsl | AK32: =IF($AJ32="","",$AK$45) -> Trd_hdt | AL32: =IF($AJ32="","",25) -> 25 | AN32: =IF(AJ32="","*","DMD") -> DMD | AO32: =AJ32 -> Trd_hdt_gsl | AQ32: Bvkm | AR32: million Vehicles | AS32: yes
C33: =C24 -> TRALPG | D33: =$AH33*D$27 -> 0 | E33: =$AH33*E$27 -> 0 | F33: =$AH33*F$27 -> 0 | G33: =$AH33*G$27 -> 0 | H33: =$AH33*H$27 -> 0 | I33: =$AH33*I$27 -> 0 | J33: =$AH33*J$27 -> 0 | K33: =$AH33*K$27 -> 0 | ... AG33: =$AH33*AG$27 -> 0 | AI33: EFF | AJ33: =AJ24 -> \I: | AK33: =IF($AJ33="","",$AK$45) -> Trd_hdt | AL33: =IF($AJ33="","",25) -> 25 | AN33: =IF(AJ33="","*","DMD") -> DMD | AO33: =AJ33 -> \I: | AQ33: Bvkm | AR33: million Vehicles | AS33: yes
C34: =C25 -> TRANGA | D34: =$AH34*D$27 -> 0 | E34: =$AH34*E$27 -> 0 | F34: =$AH34*F$27 -> 0 | G34: =$AH34*G$27 -> 0 | H34: =$AH34*H$27 -> 0 | I34: =$AH34*I$27 -> 0 | J34: =$AH34*J$27 -> 0 | K34: =$AH34*K$27 -> 0 | ... AG34: =$AH34*AG$27 -> 0 | AI34: EFF | AJ34: =AJ25 -> \I: | AK34: =IF($AJ34="","",$AK$45) -> Trd_hdt | AL34: =IF($AJ34="","",25) -> 25 | AN34: =IF(AJ34="","*","DMD") -> DMD | AO34: =AJ34 -> \I: | AQ34: Bvkm | AR34: million Vehicles | AS34: yes
AI35: * | AK35: =IF($AJ35="","",$AK$45) | AL35: =IF($AJ35="","",25) | AN35: =IF(AJ35="","*","DMD") -> * | AO35: =AJ35 -> 0 | AQ35: Bvkm | AR35: million Vehicles | AS35: yes
A36: 000km/veh | C36: =C28 -> TRABDS | D36: 50 | E36: 50 | F36: 50 | G36: 50 | H36: 50 | I36: 50 | J36: 50 | K36: 50 | L36: 50 | M36: 50 | N36: 50 | O36: 50 | P36: 50 | Q36: 50 | R36: 50 | S36: 50 | T36: 50 | U36: 50 | V36: 50 | W36: 50 | X36: 50 | Y36: 50 | Z36: 50 | AA36: 50 | AB36: 50 | AC36: 50 | AD36: 50 | AE36: 50 | AF36: 50 | AG36: 50 | AI36: AF | AJ36: =AJ28 -> Trd_hdt_bdl | AK36: =IF($AJ36="","",$AK$45) -> Trd_hdt | AL36: =IF($AJ36="","",25) -> 25 | AN36: =IF(AJ36="","*","DMD") -> DMD | AO36: =AJ36 -> Trd_hdt_bdl | AQ36: Bvkm | AR36: million Vehicles | AS36: yes
C37: =C29 -> TRABGS | D37: =D$36 -> 50 | E37: =E$36 -> 50 | F37: =F$36 -> 50 | G37: =G$36 -> 50 | H37: =H$36 -> 50 | I37: =I$36 -> 50 | J37: =J$36 -> 50 | K37: =K$36 -> 50 | ... AG37: =AG$36 -> 50 | AI37: AF | AJ37: =AJ29 -> Trd_hdt_eth | AK37: =IF($AJ37="","",$AK$45) -> Trd_hdt | AL37: =IF($AJ37="","",25) -> 25 | AN37: =IF(AJ37="","*","DMD") -> DMD | AO37: =AJ37 -> Trd_hdt_eth | AQ37: Bvkm | AR37: million Vehicles | AS37: yes
C38: =C30 -> TRADST | D38: =D$36 -> 50 | E38: =E$36 -> 50 | F38: =F$36 -> 50 | G38: =G$36 -> 50 | H38: =H$36 -> 50 | I38: =I$36 -> 50 | J38: =J$36 -> 50 | K38: =K$36 -> 50 | ... AG38: =AG$36 -> 50 | AI38: AF | AJ38: =AJ30 -> Trd_hdt_dsl | AK38: =IF($AJ38="","",$AK$45) -> Trd_hdt | AL38: =IF($AJ38="","",25) -> 25 | AN38: =IF(AJ38="","*","DMD") -> DMD | AO38: =AJ38 -> Trd_hdt_dsl | AQ38: Bvkm | AR38: million Vehicles | AS38: yes
C39: =C31 -> TRAELC | D39: =D$36 -> 50 | E39: =E$36 -> 50 | F39: =F$36 -> 50 | G39: =G$36 -> 50 | H39: =H$36 -> 50 | I39: =I$36 -> 50 | J39: =J$36 -> 50 | K39: =K$36 -> 50 | ... AG39: =AG$36 -> 50 | AI39: AF | AJ39: =AJ31 -> \I: | AK39: =IF($AJ39="","",$AK$45) -> Trd_hdt | AL39: =IF($AJ39="","",25) -> 25 | AN39: =IF(AJ39="","*","DMD") -> DMD | AO39: =AJ39 -> \I: | AQ39: Bvkm | AR39: million Vehicles | AS39: yes
C40: =C32 -> TRAGSL | D40: =D$36 -> 50 | E40: =E$36 -> 50 | F40: =F$36 -> 50 | G40: =G$36 -> 50 | H40: =H$36 -> 50 | I40: =I$36 -> 50 | J40: =J$36 -> 50 | K40: =K$36 -> 50 | ... AG40: =AG$36 -> 50 | AI40: AF | AJ40: =AJ32 -> Trd_hdt_gsl | AK40: =IF($AJ40="","",$AK$45) -> Trd_hdt | AL40: =IF($AJ40="","",25) -> 25 | AN40: =IF(AJ40="","*","DMD") -> DMD | AO40: =AJ40 -> Trd_hdt_gsl | AQ40: Bvkm | AR40: million Vehicles | AS40: yes
C41: =C33 -> TRALPG | D41: =D$36 -> 50 | E41: =E$36 -> 50 | F41: =F$36 -> 50 | G41: =G$36 -> 50 | H41: =H$36 -> 50 | I41: =I$36 -> 50 | J41: =J$36 -> 50 | K41: =K$36 -> 50 | ... AG41: =AG$36 -> 50 | AI41: AF | AJ41: =AJ33 -> \I: | AK41: =IF($AJ41="","",$AK$45) -> Trd_hdt | AL41: =IF($AJ41="","",25) -> 25 | AN41: =IF(AJ41="","*","DMD") -> DMD | AO41: =AJ41 -> \I: | AQ41: Bvkm | AR41: million Vehicles | AS41: yes
C42: =C34 -> TRANGA | D42: =D$36 -> 50 | E42: =E$36 -> 50 | F42: =F$36 -> 50 | G42: =G$36 -> 50 | H42: =H$36 -> 50 | I42: =I$36 -> 50 | J42: =J$36 -> 50 | K42: =K$36 -> 50 | ... AG42: =AG$36 -> 50 | AI42: AF | AJ42: =AJ34 -> \I: | AK42: =IF($AJ42="","",$AK$45) -> Trd_hdt | AL42: =IF($AJ42="","",25) -> 25 | AN42: =IF(AJ42="","*","DMD") -> DMD | AO42: =AJ42 -> \I: | AQ42: Bvkm | AR42: million Vehicles | AS42: yes
AI43: * | AL43: =IF($AJ43="","",25)
D44: =D3 -> Africa_north | E44: =E3 -> Africa_other | F44: =F3 -> Arg-Chi | G44: =G3 -> Asia_central | H44: =H3 -> Asia_east | I44: =I3 -> Asia_other | J44: =J3 -> Australia_NZ | K44: =K3 -> Brazil | ... AG44: =AG3 -> \I: | AI44: * | AL44: =IF($AJ44="","",25)
A45: Dem Bvkm | D45: =SUMPRODUCT(D36:D42,D19:D25) -> 63 | E45: =SUMPRODUCT(E36:E42,E19:E25) -> 56 | F45: =SUMPRODUCT(F36:F42,F19:F25) -> 55 | G45: =SUMPRODUCT(G36:G42,G19:G25) -> 28 | H45: =SUMPRODUCT(H36:H42,H19:H25) -> 184.5 | I45: =SUMPRODUCT(I36:I42,I19:I25) -> 298 | J45: =SUMPRODUCT(J36:J42,J19:J25) -> 60 | K45: =SUMPRODUCT(K36:K42,K19:K25) -> 221.5 | ... AG45: =SUMPRODUCT(AG36:AG42,AG19:AG25) -> 0 | AI45: Demand | AK45: Trd_hdt | AL45: =IF($AJ45="","",25)

Sheet Trucks
D3: ='TRA balance'!E4 -> Africa_north | E3: ='TRA balance'!F4 -> Africa_other | F3: ='TRA balance'!G4 -> Arg-Chi | G3: ='TRA balance'!H4 -> Asia_central | H3: ='TRA balance'!I4 -> Asia_east | I3: ='TRA balance'!J4 -> Asia_other | J3: ='TRA balance'!K4 -> Australia_NZ | K3: ='TRA balance'!L4 -> Brazil | ... AG3: ='TRA balance'!AH4 -> \I:
A4: TR | C4: TRABDS | D4: {=SUM(SUMIFS(Assumptions!AN$3:AN$102,Assumptions!$B$3:$B$102,Trucks!$C4,Assumptions!$G$3:$G$102,{"TRH","TRM","TRC"}))} -> 0 | E4: {=SUM(SUMIFS(Assumptions!AO$3:AO$102,Assumptions!$B$3:$B$102,Trucks!$C4,Assumptions!$G$3:$G$102,{"TRH","TRM","TRC"}))} -> 0 | F4: {=SUM(SUMIFS(Assumptions!AP$3:AP$102,Assumptions!$B$3:$B$102,Trucks!$C4,Assumptions!$G$3:$G$102,{"TRH","TRM","TRC"}))} -> 35.453136 | G4: {=SUM(SUMIFS(Assumptions!AQ$3:AQ$102,Assumptions!$B$3:$B$102,Trucks!$C4,Assumptions!$G$3:$G$102,{"TRH","TRM","TRC"}))} -> 0.0082118639 | H4: {=SUM(SUMIFS(Assumptions!AR$3:AR$102,Assumptions!$B$3:$B$102,Trucks!$C4,Assumptions!$G$3:$G$102,{"TRH","TRM","TRC"}))} -> 24.701836 | I4: {=SUM(SUMIFS(Assumptions!AS$3:AS$102,Assumptions!$B$3:$B$102,Trucks!$C4,Assumptions!$G$3:$G$102,{"TRH","TRM","TRC"}))} -> 201.56455 | J4: {=SUM(SUMIFS(Assumptions!AT$3:AT$102,Assumptions!$B$3:$B$102,Trucks!$C4,Assumptions!$G$3:$G$102,{"TRH","TRM","TRC"}))} -> 0.17807708 | K4: {=SUM(SUMIFS(Assumptions!AU$3:AU$102,Assumptions!$B$3:$B$102,Trucks!$C4,Assumptions!$G$3:$G$102,{"TRH","TRM","TRC"}))} -> 544.91205 | ... AG4: {=SUM(SUMIFS(Assumptions!BQ$3:BQ$102,Assumptions!$B$3:$B$102,Trucks!$C4,Assumptions!$G$3:$G$102,{"TRH","TRM","TRC"}))} -> 0
A5: TR | C5: TRABGS | D5: {=SUM(SUMIFS(Assumptions!AN$3:AN$102,Assumptions!$B$3:$B$102,Trucks!$C5,Assumptions!$G$3:$G$102,{"TRH","TRM","TRC"}))} -> 0 | E5: {=SUM(SUMIFS(Assumptions!AO$3:AO$102,Assumptions!$B$3:$B$102,Trucks!$C5,Assumptions!$G$3:$G$102,{"TRH","TRM","TRC"}))} -> 0 | F5: {=SUM(SUMIFS(Assumptions!AP$3:AP$102,Assumptions!$B$3:$B$102,Trucks!$C5,Assumptions!$G$3:$G$102,{"TRH","TRM","TRC"}))} -> 1.9847231 | G5: {=SUM(SUMIFS(Assumptions!AQ$3:AQ$102,Assumptions!$B$3:$B$102,Trucks!$C5,Assumptions!$G$3:$G$102,{"TRH","TRM","TRC"}))} -> 0 | H5: {=SUM(SUMIFS(Assumptions!AR$3:AR$102,Assumptions!$B$3:$B$102,Trucks!$C5,Assumptions!$G$3:$G$102,{"TRH","TRM","TRC"}))} -> 1.6636849 | I5: {=SUM(SUMIFS(Assumptions!AS$3:AS$102,Assumptions!$B$3:$B$102,Trucks!$C5,Assumptions!$G$3:$G$102,{"TRH","TRM","TRC"}))} -> 0 | J5: {=SUM(SUMIFS(Assumptions!AT$3:AT$102,Assumptions!$B$3:$B$102,Trucks!$C5,Assumptions!$G$3:$G$102,{"TRH","TRM","TRC"}))} -> 0.51864249 | K5: {=SUM(SUMIFS(Assumptions!AU$3:AU$102,Assumptions!$B$3:$B$102,Trucks!$C5,Assumptions!$G$3:$G$102,{"TRH","TRM","TRC"}))} -> 20.763912 | ... AG5: {=SUM(SUMIFS(Assumptions!BQ$3:BQ$102,Assumptions!$B$3:$B$102,Trucks!$C5,Assumptions!$G$3:$G$102,{"TRH","TRM","TRC"}))} -> 0
A6: TR | C6: TRADST | D6: {=SUM(SUMIFS(Assumptions!AN$3:AN$102,Assumptions!$B$3:$B$102,Trucks!$C6,Assumptions!$G$3:$G$102,{"TRH","TRM","TRC"}))} -> 650.53202 | E6: {=SUM(SUMIFS(Assumptions!AO$3:AO$102,Assumptions!$B$3:$B$102,Trucks!$C6,Assumptions!$G$3:$G$102,{"TRH","TRM","TRC"}))} -> 578.11316 | F6: {=SUM(SUMIFS(Assumptions!AP$3:AP$102,Assumptions!$B$3:$B$102,Trucks!$C6,Assumptions!$G$3:$G$102,{"TRH","TRM","TRC"}))} -> 396.75376 | G6: {=SUM(SUMIFS(Assumptions!AQ$3:AQ$102,Assumptions!$B$3:$B$102,Trucks!$C6,Assumptions!$G$3:$G$102,{"TRH","TRM","TRC"}))} -> 168.2824 | H6: {=SUM(SUMIFS(Assumptions!AR$3:AR$102,Assumptions!$B$3:$B$102,Trucks!$C6,Assumptions!$G$3:$G$102,{"TRH","TRM","TRC"}))} -> 1548.1564 | I6: {=SUM(SUMIFS(Assumptions!AS$3:AS$102,Assumptions!$B$3:$B$102,Trucks!$C6,Assumptions!$G$3:$G$102,{"TRH","TRM","TRC"}))} -> 2218.0497 | J6: {=SUM(SUMIFS(Assumptions!AT$3:AT$102,Assumptions!$B$3:$B$102,Trucks!$C6,Assumptions!$G$3:$G$102,{"TRH","TRM","TRC"}))} -> 562.25685 | K6: {=SUM(SUMIFS(Assumptions!AU$3:AU$102,Assumptions!$B$3:$B$102,Trucks!$C6,Assumptions!$G$3:$G$102,{"TRH","TRM","TRC"}))} -> 1201.925 | ... AG6: {=SUM(SUMIFS(Assumptions!BQ$3:BQ$102,Assumptions!$B$3:$B$102,Trucks!$C6,Assumptions!$G$3:$G$102,{"TRH","TRM","TRC"}))} -> 0
A7: TR | C7: TRAELC | D7: {=SUM(SUMIFS(Assumptions!AN$3:AN$102,Assumptions!$B$3:$B$102,Trucks!$C7,Assumptions!$G$3:$G$102,{"TRH","TRM","TRC"}))} -> 0 | E7: {=SUM(SUMIFS(Assumptions!AO$3:AO$102,Assumptions!$B$3:$B$102,Trucks!$C7,Assumptions!$G$3:$G$102,{"TRH","TRM","TRC"}))} -> 0 | F7: {=SUM(SUMIFS(Assumptions!AP$3:AP$102,Assumptions!$B$3:$B$102,Trucks!$C7,Assumptions!$G$3:$G$102,{"TRH","TRM","TRC"}))} -> 0 | G7: {=SUM(SUMIFS(Assumptions!AQ$3:AQ$102,Assumptions!$B$3:$B$102,Trucks!$C7,Assumptions!$G$3:$G$102,{"TRH","TRM","TRC"}))} -> 0 | H7: {=SUM(SUMIFS(Assumptions!AR$3:AR$102,Assumptions!$B$3:$B$102,Trucks!$C7,Assumptions!$G$3:$G$102,{"TRH","TRM","TRC"}))} -> 0 | I7: {=SUM(SUMIFS(Assumptions!AS$3:AS$102,Assumptions!$B$3:$B$102,Trucks!$C7,Assumptions!$G$3:$G$102,{"TRH","TRM","TRC"}))} -> 0 | J7: {=SUM(SUMIFS(Assumptions!AT$3:AT$102,Assumptions!$B$3:$B$102,Trucks!$C7,Assumptions!$G$3:$G$102,{"TRH","TRM","TRC"}))} -> 0 | K7: {=SUM(SUMIFS(Assumptions!AU$3:AU$102,Assumptions!$B$3:$B$102,Trucks!$C7,Assumptions!$G$3:$G$102,{"TRH","TRM","TRC"}))} -> 0 | ... AG7: {=SUM(SUMIFS(Assumptions!BQ$3:BQ$102,Assumptions!$B$3:$B$102,Trucks!$C7,Assumptions!$G$3:$G$102,{"TRH","TRM","TRC"}))} -> 0
A8: TR | C8: TRAGSL | D8: {=SUM(SUMIFS(Assumptions!AN$3:AN$102,Assumptions!$B$3:$B$102,Trucks!$C8,Assumptions!$G$3:$G$102,{"TRH","TRM","TRC"}))} -> 0 | E8: {=SUM(SUMIFS(Assumptions!AO$3:AO$102,Assumptions!$B$3:$B$102,Trucks!$C8,Assumptions!$G$3:$G$102,{"TRH","TRM","TRC"}))} -> 0 | F8: {=SUM(SUMIFS(Assumptions!AP$3:AP$102,Assumptions!$B$3:$B$102,Trucks!$C8,Assumptions!$G$3:$G$102,{"TRH","TRM","TRC"}))} -> 36.098261 | G8: {=SUM(SUMIFS(Assumptions!AQ$3:AQ$102,Assumptions!$B$3:$B$102,Trucks!$C8,Assumptions!$G$3:$G$102,{"TRH","TRM","TRC"}))} -> 116.91644 | H8: {=SUM(SUMIFS(Assumptions!AR$3:AR$102,Assumptions!$B$3:$B$102,Trucks!$C8,Assumptions!$G$3:$G$102,{"TRH","TRM","TRC"}))} -> 201.72047 | I8: {=SUM(SUMIFS(Assumptions!AS$3:AS$102,Assumptions!$B$3:$B$102,Trucks!$C8,Assumptions!$G$3:$G$102,{"TRH","TRM","TRC"}))} -> 0 | J8: {=SUM(SUMIFS(Assumptions!AT$3:AT$102,Assumptions!$B$3:$B$102,Trucks!$C8,Assumptions!$G$3:$G$102,{"TRH","TRM","TRC"}))} -> 64.107238 | K8: {=SUM(SUMIFS(Assumptions!AU$3:AU$102,Assumptions!$B$3:$B$102,Trucks!$C8,Assumptions!$G$3:$G$102,{"TRH","TRM","TRC"}))} -> 79.040002 | ... AG8: {=SUM(SUMIFS(Assumptions!BQ$3:BQ$102,Assumptions!$B$3:$B$102,Trucks!$C8,Assumptions!$G$3:$G$102,{"TRH","TRM","TRC"}))} -> 0
A9: TR | C9: TRALPG | D9: {=SUM(SUMIFS(Assumptions!AN$3:AN$102,Assumptions!$B$3:$B$102,Trucks!$C9,Assumptions!$G$3:$G$102,{"TRH","TRM","TRC"}))} -> 12.023198 | E9: {=SUM(SUMIFS(Assumptions!AO$3:AO$102,Assumptions!$B$3:$B$102,Trucks!$C9,Assumptions!$G$3:$G$102,{"TRH","TRM","TRC"}))} -> 0.0069001813 | F9: {=SUM(SUMIFS(Assumptions!AP$3:AP$102,Assumptions!$B$3:$B$102,Trucks!$C9,Assumptions!$G$3:$G$102,{"TRH","TRM","TRC"}))} -> 0 | G9: {=SUM(SUMIFS(Assumptions!AQ$3:AQ$102,Assumptions!$B$3:$B$102,Trucks!$C9,Assumptions!$G$3:$G$102,{"TRH","TRM","TRC"}))} -> 8.1368146 | H9: {=SUM(SUMIFS(Assumptions!AR$3:AR$102,Assumptions!$B$3:$B$102,Trucks!$C9,Assumptions!$G$3:$G$102,{"TRH","TRM","TRC"}))} -> 75.425346 | I9: {=SUM(SUMIFS(Assumptions!AS$3:AS$102,Assumptions!$B$3:$B$102,Trucks!$C9,Assumptions!$G$3:$G$102,{"TRH","TRM","TRC"}))} -> 4.978387 | J9: {=SUM(SUMIFS(Assumptions!AT$3:AT$102,Assumptions!$B$3:$B$102,Trucks!$C9,Assumptions!$G$3:$G$102,{"TRH","TRM","TRC"}))} -> 2.3010333 | K9: {=SUM(SUMIFS(Assumptions!AU$3:AU$102,Assumptions!$B$3:$B$102,Trucks!$C9,Assumptions!$G$3:$G$102,{"TRH","TRM","TRC"}))} -> 0 | ... AG9: {=SUM(SUMIFS(Assumptions!BQ$3:BQ$102,Assumptions!$B$3:$B$102,Trucks!$C9,Assumptions!$G$3:$G$102,{"TRH","TRM","TRC"}))} -> 0
A10: TR | C10: TRANGA | D10: {=SUM(SUMIFS(Assumptions!AN$3:AN$102,Assumptions!$B$3:$B$102,Trucks!$C10,Assumptions!$G$3:$G$102,{"TRH","TRM","TRC"}))} -> 3.052208 | E10: {=SUM(SUMIFS(Assumptions!AO$3:AO$102,Assumptions!$B$3:$B$102,Trucks!$C10,Assumptions!$G$3:$G$102,{"TRH","TRM","TRC"}))} -> 0.011203249 | F10: {=SUM(SUMIFS(Assumptions!AP$3:AP$102,Assumptions!$B$3:$B$102,Trucks!$C10,Assumptions!$G$3:$G$102,{"TRH","TRM","TRC"}))} -> 17.227567 | G10: {=SUM(SUMIFS(Assumptions!AQ$3:AQ$102,Assumptions!$B$3:$B$102,Trucks!$C10,Assumptions!$G$3:$G$102,{"TRH","TRM","TRC"}))} -> 44.392886 | H10: {=SUM(SUMIFS(Assumptions!AR$3:AR$102,Assumptions!$B$3:$B$102,Trucks!$C10,Assumptions!$G$3:$G$102,{"TRH","TRM","TRC"}))} -> 2.5613856 | I10: {=SUM(SUMIFS(Assumptions!AS$3:AS$102,Assumptions!$B$3:$B$102,Trucks!$C10,Assumptions!$G$3:$G$102,{"TRH","TRM","TRC"}))} -> 5.0127013 | J10: {=SUM(SUMIFS(Assumptions!AT$3:AT$102,Assumptions!$B$3:$B$102,Trucks!$C10,Assumptions!$G$3:$G$102,{"TRH","TRM","TRC"}))} -> 0.46851799 | K10: {=SUM(SUMIFS(Assumptions!AU$3:AU$102,Assumptions!$B$3:$B$102,Trucks!$C10,Assumptions!$G$3:$G$102,{"TRH","TRM","TRC"}))} -> 16.834614 | ... AG10: {=SUM(SUMIFS(Assumptions!BQ$3:BQ$102,Assumptions!$B$3:$B$102,Trucks!$C10,Assumptions!$G$3:$G$102,{"TRH","TRM","TRC"}))} -> 0
A11: Share of PJ | D11: =SUM(D$4:D$10)/SUM($D$4:$T$10) -> 0.040068535 | E11: =SUM(E$4:E$10)/SUM($D$4:$T$10) -> 0.034802605 | F11: =SUM(F$4:F$10)/SUM($D$4:$T$10) -> 0.029347794 | G11: =SUM(G$4:G$10)/SUM($D$4:$T$10) -> 0.020331229 | H11: =SUM(H$4:H$10)/SUM($D$4:$T$10) -> 0.11162172 | I11: =SUM(I$4:I$10)/SUM($D$4:$T$10) -> 0.14625848 | J11: =SUM(J$4:J$10)/SUM($D$4:$T$10) -> 0.037914811 | K11: =SUM(K$4:K$10)/SUM($D$4:$T$10) -> 0.11217834 | ... AG11: =SUM(AG$4:AG$10)/SUM($D$4:$T$10) -> 0
C12: =SUM(D12:AG12) -> 215.3 | D12: ='Trucks-hdt'!D13+'Trucks-lcv'!D13 -> 4.55 | E12: ='Trucks-hdt'!E13+'Trucks-lcv'!E13 -> 3.82 | F12: ='Trucks-hdt'!F13+'Trucks-lcv'!F13 -> 2.43 | G12: ='Trucks-hdt'!G13+'Trucks-lcv'!G13 -> 2.58 | H12: ='Trucks-hdt'!H13+'Trucks-lcv'!H13 -> 11.85 | I12: ='Trucks-hdt'!I13+'Trucks-lcv'!I13 -> 10.44 | J12: ='Trucks-hdt'!J13+'Trucks-lcv'!J13 -> 4.23 | K12: ='Trucks-hdt'!K13+'Trucks-lcv'!K13 -> 8.58 | ... AG12: ='Trucks-hdt'!AG13+'Trucks-lcv'!AG13 -> 0
A13: m Vehicles | C13: =SUM(D13:AG13) -> 383.38828 | D13: =IFERROR(OFFSET('vehicle population data'!$F$59,0,MATCH(Trucks!D$3,'vehicle population data'!$G$32:$AM$32,0)),0) -> 6.2421408 | E13: =IFERROR(OFFSET('vehicle population data'!$F$59,0,MATCH(Trucks!E$3,'vehicle population data'!$G$32:$AM$32,0)),0) -> 6.195349 | F13: =IFERROR(OFFSET('vehicle population data'!$F$59,0,MATCH(Trucks!F$3,'vehicle population data'!$G$32:$AM$32,0)),0) -> 5.5949556 | G13: =IFERROR(OFFSET('vehicle population data'!$F$59,0,MATCH(Trucks!G$3,'vehicle population data'!$G$32:$AM$32,0)),0) -> 1.466119 | H13: =IFERROR(OFFSET('vehicle population data'!$F$59,0,MATCH(Trucks!H$3,'vehicle population data'!$G$32:$AM$32,0)),0) -> 20.533434 | I13: =IFERROR(OFFSET('vehicle population data'!$F$59,0,MATCH(Trucks!I$3,'vehicle population data'!$G$32:$AM$32,0)),0) -> 25.502131 | J13: =IFERROR(OFFSET('vehicle population data'!$F$59,0,MATCH(Trucks!J$3,'vehicle population data'!$G$32:$AM$32,0)),0) -> 5.4343982 | K13: =IFERROR(OFFSET('vehicle population data'!$F$59,0,MATCH(Trucks!K$3,'vehicle population data'!$G$32:$AM$32,0)),0) -> 8.9585404 | ... AG13: =IFERROR(OFFSET('vehicle population data'!$F$59,0,MATCH(Trucks!AG$3,'vehicle population data'!$G$32:$AM$32,0)),0) -> 0
A14: Share of Veh | D14: =D13/SUM($D$13:$T$13) -> 0.040992094 | E14: =E13/SUM($D$13:$T$13) -> 0.040684812 | F14: =F13/SUM($D$13:$T$13) -> 0.036742033 | G14: =G13/SUM($D$13:$T$13) -> 0.009627993 | H14: =H13/SUM($D$13:$T$13) -> 0.13484291 | I14: =I13/SUM($D$13:$T$13) -> 0.16747231 | J14: =J13/SUM($D$13:$T$13) -> 0.035687654 | K14: =K13/SUM($D$13:$T$13) -> 0.058830671 | ... AG14: =AG13/SUM($D$13:$T$13) -> 0
A16: PJ share/Veh share | D16: =D11/D14 -> 0.97746983 | E16: =E11/E14 -> 0.85542008 | F16: =F11/F14 -> 0.79875259 | G16: =G11/G14 -> 2.1116788 | H16: =H11/H14 -> 0.82779074 | I16: =I11/I14 -> 0.87332929 | J16: =J11/J14 -> 1.0624069 | K16: =K11/K14 -> 1.9068003 | ... AG16: =AG11/AG14 -> #DIV/0!
A18: mVeh | C18: =C4 -> TRABDS | D18: =D4/SUM(D$4:D$10)*D$13 -> 0 | E18: =E4/SUM(E$4:E$10)*E$13 -> 0 | F18: =F4/SUM(F$4:F$10)*F$13 -> 0.40687513 | G18: =G4/SUM(G$4:G$10)*G$13 -> 3.5647793e-05 | H18: =H4/SUM(H$4:H$10)*H$13 -> 0.27354415 | I18: =I4/SUM(I$4:I$10)*I$13 -> 2.1157039 | J18: =J4/SUM(J$4:J$10)*J$13 -> 0.0015365118 | K18: =K4/SUM(K$4:K$10)*K$13 -> 2.61963 | ... AG18: =AG4/SUM(AG$4:AG$10)*AG$13 -> #DIV/0!
C19: =C5 -> TRABGS | D19: =D5/SUM(D$4:D$10)*D$13 -> 0 | E19: =E5/SUM(E$4:E$10)*E$13 -> 0 | F19: =F5/SUM(F$4:F$10)*F$13 -> 0.022777519 | G19: =G5/SUM(G$4:G$10)*G$13 -> 0 | H19: =H5/SUM(H$4:H$10)*H$13 -> 0.018423378 | I19: =I5/SUM(I$4:I$10)*I$13 -> 0 | J19: =J5/SUM(J$4:J$10)*J$13 -> 0.0044750301 | K19: =K5/SUM(K$4:K$10)*K$13 -> 0.099821189 | ... AG19: =AG5/SUM(AG$4:AG$10)*AG$13 -> #DIV/0!
C20: =C6 -> TRADST | D20: =D6/SUM(D$4:D$10)*D$13 -> 6.100762 | E20: =E6/SUM(E$4:E$10)*E$13 -> 6.195155 | F20: =F6/SUM(F$4:F$10)*F$13 -> 4.5533133 | G20: =G6/SUM(G$4:G$10)*G$13 -> 0.73051577 | H20: =H6/SUM(H$4:H$10)*H$13 -> 17.144034 | I20: =I6/SUM(I$4:I$10)*I$13 -> 23.281557 | J20: =J6/SUM(J$4:J$10)*J$13 -> 4.8513502 | K20: =K6/SUM(K$4:K$10)*K$13 -> 5.778178 | ... AG20: =AG6/SUM(AG$4:AG$10)*AG$13 -> #DIV/0!
C21: =C7 -> TRAELC | D21: =D7/SUM(D$4:D$10)*D$13 -> 0 | E21: =E7/SUM(E$4:E$10)*E$13 -> 0 | F21: =F7/SUM(F$4:F$10)*F$13 -> 0 | G21: =G7/SUM(G$4:G$10)*G$13 -> 0 | H21: =H7/SUM(H$4:H$10)*H$13 -> 0 | I21: =I7/SUM(I$4:I$10)*I$13 -> 0 | J21: =J7/SUM(J$4:J$10)*J$13 -> 0 | K21: =K7/SUM(K$4:K$10)*K$13 -> 0 | ... AG21: =AG7/SUM(AG$4:AG$10)*AG$13 -> #DIV/0!
C22: =C8 -> TRAGSL | D22: =D8/SUM(D$4:D$10)*D$13 -> 0 | E22: =E8/SUM(E$4:E$10)*E$13 -> 0 | F22: =F8/SUM(F$4:F$10)*F$13 -> 0.41427885 | G22: =G8/SUM(G$4:G$10)*G$13 -> 0.50753557 | H22: =H8/SUM(H$4:H$10)*H$13 -> 2.23382 | I22: =I8/SUM(I$4:I$10)*I$13 -> 0 | J22: =J8/SUM(J$4:J$10)*J$13 -> 0.55313983 | K22: =K8/SUM(K$4:K$10)*K$13 -> 0.37997979 | ... AG22: =AG8/SUM(AG$4:AG$10)*AG$13 -> #DIV/0!
C23: =C9 -> TRALPG | D23: =D9/SUM(D$4:D$10)*D$13 -> 0.11275489 | E23: =E9/SUM(E$4:E$10)*E$13 -> 7.394347e-05 | F23: =F9/SUM(F$4:F$10)*F$13 -> 0 | G23: =G9/SUM(G$4:G$10)*G$13 -> 0.035322003 | H23: =H9/SUM(H$4:H$10)*H$13 -> 0.83524813 | I23: =I9/SUM(I$4:I$10)*I$13 -> 0.052255185 | J23: =J9/SUM(J$4:J$10)*J$13 -> 0.019854125 | K23: =K9/SUM(K$4:K$10)*K$13 -> 0 | ... AG23: =AG9/SUM(AG$4:AG$10)*AG$13 -> #DIV/0!
C24: =C10 -> TRANGA | D24: =D10/SUM(D$4:D$10)*D$13 -> 0.028623947 | E24: =E10/SUM(E$4:E$10)*E$13 -> 0.00012005584 | F24: =F10/SUM(F$4:F$10)*F$13 -> 0.19771082 | G24: =G10/SUM(G$4:G$10)*G$13 -> 0.19271001 | H24: =H10/SUM(H$4:H$10)*H$13 -> 0.028364372 | I24: =I10/SUM(I$4:I$10)*I$13 -> 0.052615361 | J24: =J10/SUM(J$4:J$10)*J$13 -> 0.0040425383 | K24: =K10/SUM(K$4:K$10)*K$13 -> 0.080931336 | ... AG24: =AG10/SUM(AG$4:AG$10)*AG$13 -> #DIV/0!
A26: Efficiency | C26: =C18 -> TRABDS | D26: 0.3 | E26: 0.3 | F26: 0.3 | G26: 0.3 | H26: 0.3 | I26: 0.3 | J26: 0.3 | K26: 0.4 | L26: 0.3 | M26: 0.3 | N26: 0.3 | O26: 0.3 | P26: 0.3 | Q26: 0.3 | R26: 0.2 | S26: 0.45 | T26: 0.2 | U26: 0.2 | V26: 0.3 | W26: 0.2 | X26: 0.2 | Y26: 0.2 | Z26: 0.2 | AA26: 0.2 | AB26: 0.2 | AC26: 0.2 | AD26: 0.2 | AE26: 0.2 | AF26: 0.2 | AG26: 0.2
C27: =C19 -> TRABGS | D27: 0.3 | E27: 0.3 | F27: 0.3 | G27: 0.3 | H27: 0.3 | I27: 0.3 | J27: 0.3 | K27: 0.4 | L27: 0.3 | M27: 0.3 | N27: 0.3 | O27: 0.3 | P27: 0.3 | Q27: 0.3 | R27: 0.2 | S27: 0.45 | T27: 0.2 | U27: 0.2 | V27: 0.3 | W27: 0.2 | X27: 0.2 | Y27: 0.2 | Z27: 0.2 | AA27: 0.2 | AB27: 0.2 | AC27: 0.2 | AD27: 0.2 | AE27: 0.2 | AF27: 0.2 | AG27: 0.2
C28: =C20 -> TRADST | D28: 0.3 | E28: 0.3 | F28: 0.3 | G28: 0.3 | H28: 0.3 | I28: 0.3 | J28: 0.3 | K28: 0.4 | L28: 0.3 | M28: 0.3 | N28: 0.3 | O28: 0.3 | P28: 0.3 | Q28: 0.3 | R28: 0.2 | S28: 0.45 | T28: 0.2 | U28: 0.2 | V28: 0.3 | W28: 0.2 | X28: 0.2 | Y28: 0.2 | Z28: 0.2 | AA28: 0.2 | AB28: 0.2 | AC28: 0.2 | AD28: 0.2 | AE28: 0.2 | AF28: 0.2 | AG28: 0.2
C29: =C21 -> TRAELC | D29: 0.3 | E29: 0.3 | F29: 0.3 | G29: 0.3 | H29: 0.3 | I29: 0.3 | J29: 0.3 | K29: 0.4 | L29: 0.3 | M29: 0.3 | N29: 0.3 | O29: 0.3 | P29: 0.3 | Q29: 0.3 | R29: 0.2 | S29: 0.45 | T29: 0.2 | U29: 0.2 | V29: 0.3 | W29: 0.2 | X29: 0.2 | Y29: 0.2 | Z29: 0.2 | AA29: 0.2 | AB29: 0.2 | AC29: 0.2 | AD29: 0.2 | AE29: 0.2 | AF29: 0.2 | AG29: 0.2
C30: =C22 -> TRAGSL | D30: 0.3 | E30: 0.3 | F30: 0.3 | G30: 0.3 | H30: 0.3 | I30: 0.3 | J30: 0.3 | K30: 0.4 | L30: 0.3 | M30: 0.3 | N30: 0.3 | O30: 0.3 | P30: 0.3 | Q30: 0.3 | R30: 0.2 | S30: 0.45 | T30: 0.2 | U30: 0.2 | V30: 0.3 | W30: 0.2 | X30: 0.2 | Y30: 0.2 | Z30: 0.2 | AA30: 0.2 | AB30: 0.2 | AC30: 0.2 | AD30: 0.2 | AE30: 0.2 | AF30: 0.2 | AG30: 0.2
C31: =C23 -> TRALPG | D31: 0.3 | E31: 0.3 | F31: 0.3 | G31: 0.3 | H31: 0.3 | I31: 0.3 | J31: 0.3 | K31: 0.4 | L31: 0.3 | M31: 0.3 | N31: 0.3 | O31: 0.3 | P31: 0.3 | Q31: 0.3 | R31: 0.2 | S31: 0.45 | T31: 0.2 | U31: 0.2 | V31: 0.3 | W31: 0.2 | X31: 0.2 | Y31: 0.2 | Z31: 0.2 | AA31: 0.2 | AB31: 0.2 | AC31: 0.2 | AD31: 0.2 | AE31: 0.2 | AF31: 0.2 | AG31: 0.2
C32: =C24 -> TRANGA | D32: 0.3 | E32: 0.3 | F32: 0.3 | G32: 0.3 | H32: 0.3 | I32: 0.3 | J32: 0.3 | K32: 0.4 | L32: 0.3 | M32: 0.3 | N32: 0.3 | O32: 0.3 | P32: 0.3 | Q32: 0.3 | R32: 0.2 | S32: 0.45 | T32: 0.2 | U32: 0.2 | V32: 0.3 | W32: 0.2 | X32: 0.2 | Y32: 0.2 | Z32: 0.2 | AA32: 0.2 | AB32: 0.2 | AC32: 0.2 | AD32: 0.2 | AE32: 0.2 | AF32: 0.2 | AG32: 0.2
A34: 000km/veh | C34: =C26 -> TRABDS | D34: =IFERROR(D4*D26/D18,"") | E34: =IFERROR(E4*E26/E18,"") | F34: =IFERROR(F4*F26/F18,"") -> 26.140553 | G34: =IFERROR(G4*G26/G18,"") -> 69.108323 | H34: =IFERROR(H4*H26/H18,"") -> 27.090877 | I34: =IFERROR(I4*I26/I18,"") -> 28.581204 | J34: =IFERROR(J4*J26/J18,"") -> 34.769095 | K34: =IFERROR(K4*K26/K18,"") -> 83.204428 | ... AG34: =IFERROR(AG4*AG26/AG18,"")
C35: =C27 -> TRABGS | D35: =IFERROR(D5*D27/D19,"") | E35: =IFERROR(E5*E27/E19,"") | F35: =IFERROR(F5*F27/F19,"") -> 26.140553 | G35: =IFERROR(G5*G27/G19,"") | H35: =IFERROR(H5*H27/H19,"") -> 27.090877 | I35: =IFERROR(I5*I27/I19,"") | J35: =IFERROR(J5*J27/J19,"") -> 34.769095 | K35: =IFERROR(K5*K27/K19,"") -> 83.204428 | ... AG35: =IFERROR(AG5*AG27/AG19,"")
C36: =C28 -> TRADST | D36: =IFERROR(D6*D28/D20,"") -> 31.989382 | E36: =IFERROR(E6*E28/E20,"") -> 27.995094 | F36: =IFERROR(F6*F28/F20,"") -> 26.140553 | G36: =IFERROR(G6*G28/G20,"") -> 69.108323 | H36: =IFERROR(H6*H28/H20,"") -> 27.090877 | I36: =IFERROR(I6*I28/I20,"") -> 28.581204 | J36: =IFERROR(J6*J28/J20,"") -> 34.769095 | K36: =IFERROR(K6*K28/K20,"") -> 83.204428 | ... AG36: =IFERROR(AG6*AG28/AG20,"")
C37: =C29 -> TRAELC | D37: =IFERROR(D7*D29/D21,"") | E37: =IFERROR(E7*E29/E21,"") | F37: =IFERROR(F7*F29/F21,"") | G37: =IFERROR(G7*G29/G21,"") | H37: =IFERROR(H7*H29/H21,"") | I37: =IFERROR(I7*I29/I21,"") | J37: =IFERROR(J7*J29/J21,"") | K37: =IFERROR(K7*K29/K21,"") | ... AG37: =IFERROR(AG7*AG29/AG21,"")
C38: =C30 -> TRAGSL | D38: =IFERROR(D8*D30/D22,"") | E38: =IFERROR(E8*E30/E22,"") | F38: =IFERROR(F8*F30/F22,"") -> 26.140553 | G38: =IFERROR(G8*G30/G22,"") -> 69.108323 | H38: =IFERROR(H8*H30/H22,"") -> 27.090877 | I38: =IFERROR(I8*I30/I22,"") | J38: =IFERROR(J8*J30/J22,"") -> 34.769095 | K38: =IFERROR(K8*K30/K22,"") -> 83.204428 | ... AG38: =IFERROR(AG8*AG30/AG22,"")
C39: =C31 -> TRALPG | D39: =IFERROR(D9*D31/D23,"") -> 31.989382 | E39: =IFERROR(E9*E31/E23,"") -> 27.995094 | F39: =IFERROR(F9*F31/F23,"") | G39: =IFERROR(G9*G31/G23,"") -> 69.108323 | H39: =IFERROR(H9*H31/H23,"") -> 27.090877 | I39: =IFERROR(I9*I31/I23,"") -> 28.581204 | J39: =IFERROR(J9*J31/J23,"") -> 34.769095 | K39: =IFERROR(K9*K31/K23,"") | ... AG39: =IFERROR(AG9*AG31/AG23,"")
C40: =C32 -> TRANGA | D40: =IFERROR(D10*D32/D24,"") -> 31.989382 | E40: =IFERROR(E10*E32/E24,"") -> 27.995094 | F40: =IFERROR(F10*F32/F24,"") -> 26.140553 | G40: =IFERROR(G10*G32/G24,"") -> 69.108323 | H40: =IFERROR(H10*H32/H24,"") -> 27.090877 | I40: =IFERROR(I10*I32/I24,"") -> 28.581204 | J40: =IFERROR(J10*J32/J24,"") -> 34.769095 | K40: =IFERROR(K10*K32/K24,"") -> 83.204428 | ... AG40: =IFERROR(AG10*AG32/AG24,"")

Sheet Assumptions
