Workbook

Sheet Agri
A1: 0.041868 | B1: ktoe to PJ
B4: Sector | C4: Sub-Sector | D4: sectfuel | E4: Africa_north | F4: Africa_other | G4: Arg-Chi | H4: Asia_central | I4: Asia_east | J4: Asia_other | K4: Australia_NZ | L4: Brazil | M4: Canada | N4: China | O4: EU_north | P4: EU_northeast | Q4: EU_northwest | R4: EU_south | S4: EU_southeast | T4: EU_southwest | U4: Europe_other | V4: France | W4: Germany | X4: India | Y4: LatAm_other | Z4: Mexico | AA4: MidEast_other | AB4: Nor-Ice | AC4: Russia | AD4: SaudiArabia | AE4: SouthAfrica | AF4: UK | AG4: USA | AH4: ='RES balance'!AH4 -> \I: | AI4: WORLD
B5: AGR | C5: AGR | D5: AGRBIO | F5: 79.26822 | G5: 0.29791175 | H5: 0.013196794 | I5: 0.66043839 | J5: 16.314427 | L5: 160.81702 | O5: 18.656343 | P5: 29.1682 | Q5: 7.0199531 | R5: 2.7106474 | S5: 1.0680652 | T5: 3.3636877 | U5: 4.5694191 | V5: 12.894142 | W5: 8.6651394 | Y5: 16.35308 | AB5: 0.012773927 | AC5: 3.2356846 | AF5: 4.4099983 | AG5: 68.48785 | AI5: =SUM(E5:AH5) -> 437.9862
B6: AGR | C6: AGR | D6: AGRCOA | F6: 0.23369043 | H6: 4.1332215 | I6: 0.0009713376 | J6: 8.7414732 | K6: 2.095171 | M6: 0.86979514 | N6: 483.84096 | O6: 2.3309465 | P6: 31.152287 | Q6: 0.53943987 | R6: 0.025593908 | S6: 1.0946975 | U6: 0.44840628 | V6: 0.060419711 | Y6: 0.0036927576 | AC6: 2.1092722 | AE6: 10.527658 | AI6: =SUM(E6:AH6) -> 548.2077
B7: AGR | C7: AGR | D7: AGRELC | E7: 52.169044 | F7: 10.594886 | G7: 11.820391 | H7: 85.560214 | I7: 73.314954 | J7: 101.86568 | K7: 16.989071 | L7: 112.11527 | M7: 37.972798 | N7: 481.032 | O7: 15.57176 | P7: 17.602475 | Q7: 50.13165 | R7: 31.037121 | S7: 8.1794539 | T7: 23.423651 | U7: 59.877951 | V7: 30.525904 | W7: 18.468 | X7: 760.662 | Y7: 19.629104 | Z7: 47.271601 | AA7: 171.92891 | AB7: 8.6628576 | AC7: 70.950597 | AD7: 16.92014 | AE7: 21.547282 | AF7: 15.139197 | AG7: 270.74102 | AI7: =SUM(E7:AH7) -> 2641.705
B8: AGR | C8: AGR | D8: AGRGEO | H8: 0.04260069 | I8: 1.6982498 | K8: 0.44499822 | N8: 46.343086 | P8: 0.029998422 | Q8: 5.5639181 | R8: 2.1864181 | S8: 1.995768 | U8: 26.528105 | V8: 0.98114309 | AB8: 0.6925679 | AI8: =SUM(E8:AH8) -> 86.506854
B9: AGR | C9: AGR | D9: AGRHET | H9: 8.5703754 | J9: 0.22273776 | N9: 0.69880204 | O9: 2.4396274 | P9: 2.2580417 | Q9: 3.0276091 | R9: 0.62585961 | S9: 1.0561664 | U9: 14.786999 | V9: 0.77969102 | AB9: 1.7615417 | AC9: 106.42336 | AF9: 0.17113545 | AI9: =SUM(E9:AH9) -> 142.82194
B10: AGR | C10: AGR | D10: AGRKER | E10: 0.013640594 | F10: 0.1486942 | H10: 0.03800777 | I10: 24.973508 | J10: 0.10430994 | M10: 0.56940061 | N10: 8.8543912 | Q10: 0.26659868 | R10: 0.014448647 | S10: 0.04564868 | T10: 0.01006088 | U10: 0.044346586 | Y10: 0.11705037 | AA10: 0.45407521 | AE10: 5.2289657 | AF10: 13.018679 | AI10: =SUM(E10:AH10) -> 53.901826
B11: AGR | C11: AGR | D11: AGRLPG | E11: 5.8027122 | F11: 0.23913746 | G11: 6.940517 | H11: 0.71708161 | I11: 0.33886703 | J11: 0.086909594 | K11: 2.1275643 | L11: 0.86151784 | M11: 9.838398 | N11: 3.9289224 | O11: 0.39661138 | P11: 3.7831757 | Q11: 1.4889768 | R11: 2.5035389 | S11: 1.5317701 | T11: 2.6304157 | U11: 1.0847706 | V11: 13.038562 | W11: 9.4300008 | X11: 1.2156081 | Y11: 1.7547297 | Z11: 3.4647235 | AB11: 0.65333758 | AC11: 2.3607188 | AE11: 0.000795492 | AF11: 3.367661 | AG11: 36.231801 | AI11: =SUM(E11:AH11) -> 115.81882
B12: AGR | C12: AGR | D12: AGRNGA | E12: 2.581539 | G12: 1.0606755 | H12: 9.7361648 | I12: 0.28134877 | J12: 1.1640393 | K12: 2.4265479 | M12: 39.8023 | N12: 4.344701 | O12: 2.0392689 | P12: 13.862859 | Q12: 105.02481 | R12: 6.1507693 | S12: 11.19243 | T12: 8.5300356 | U12: 16.575721 | V12: 9.4594424 | W12: 34.262301 | X12: 7.2183614 | Y12: 0.37049831 | AA12: 80.354389 | AB12: 0.56379449 | AC12: 51.654884 | AF12: 3.6518986 | AG12: 62.218766 | AI12: =SUM(E12:AH12) -> 474.52755
B13: AGR | C13: AGR | D13: AGROIL | E13: 85.922255 | F13: 50.344306 | G13: 155.67478 | H13: 35.06831 | I13: 202.6196 | J13: 446.46422 | K13: 96.929411 | L13: 257.23271 | M13: 204.8184 | N13: 739.59968 | O13: 44.615458 | P13: 132.89376 | Q13: 46.42364 | R13: 91.753772 | S13: 46.51467 | T13: 102.44187 | U13: 221.81479 | V13: 114.75069 | W13: 79.782999 | X13: 451.90598 | Y13: 47.082245 | Z13: 125.4927 | AA13: 120.84687 | AB13: 22.562117 | AC13: 139.26309 | AE13: 43.620854 | AF13: 17.769646 | AG13: 459.66965 | AI13: =SUM(E13:AH13) -> 4583.8785
D16: ~FI_T: Share-I~UP | AL16: ~FI_T: Share-I~UP~2050
A17: process | B17: attribute | C17: Comm-IN | D17: Comm-OUT | E17: =E4 -> Africa_north | F17: =F4 -> Africa_other | G17: =G4 -> Arg-Chi | H17: =H4 -> Asia_central | I17: =I4 -> Asia_east | J17: =J4 -> Asia_other | K17: =K4 -> Australia_NZ | L17: =L4 -> Brazil | ... AH17: =AH4 -> \I: | AI17: EFF | AK17: process | AL17: commodity | AM17: =E17 -> Africa_north | AN17: =F17 -> Africa_other | AO17: =G17 -> Arg-Chi | AP17: =H17 -> Asia_central | AQ17: =I17 -> Asia_east | AR17: =J17 -> Asia_other | AS17: =K17 -> Australia_NZ | AT17: =L17 -> Brazil | ... BP17: =AH17 -> \I: | BQ17: 0 | BR17: LimType
A18: AGR000 | C18: =D5 -> AGRBIO | E18: =IFERROR(E5/SUM(E$5:E$13),0) -> 0 | F18: =IFERROR(F5/SUM(F$5:F$13),0) -> 0.56286885 | G18: =IFERROR(G5/SUM(G$5:G$13),0) -> 0.0016946613 | H18: =IFERROR(H5/SUM(H$5:H$13),0) -> 9.1721361e-05 | I18: =IFERROR(I5/SUM(I$5:I$13),0) -> 0.0021732959 | J18: =IFERROR(J5/SUM(J$5:J$13),0) -> 0.028374704 | K18: =IFERROR(K5/SUM(K$5:K$13),0) -> 0 | L18: =IFERROR(L5/SUM(L$5:L$13),0) -> 0.30284179 | ... AH18: =IFERROR(AH5/SUM(AH$5:AH$13),0) -> 0 | AK18: AGR000 | AL18: =C18 -> AGRBIO | AM18: =MAX(AVERAGE($E18:$AC18),E18) -> 0.066949954 | AN18: =MAX(AVERAGE($E18:$AC18),F18) -> 0.56286885 | AO18: =MAX(AVERAGE($E18:$AC18),G18) -> 0.066949954 | AP18: =MAX(AVERAGE($E18:$AC18),H18) -> 0.066949954 | AQ18: =MAX(AVERAGE($E18:$AC18),I18) -> 0.066949954 | AR18: =MAX(AVERAGE($E18:$AC18),J18) -> 0.066949954 | AS18: =MAX(AVERAGE($E18:$AC18),K18) -> 0.066949954 | AT18: =MAX(AVERAGE($E18:$AC18),L18) -> 0.30284179 | ... BP18: =MAX(AVERAGE($E18:$AC18),AH18) -> 0.066949954 | BQ18: 3
C19: =D6 -> AGRCOA | E19: =IFERROR(E6/SUM(E$5:E$13),0) -> 0 | F19: =IFERROR(F6/SUM(F$5:F$13),0) -> 0.0016593922 | G19: =IFERROR(G6/SUM(G$5:G$13),0) -> 0 | H19: =IFERROR(H6/SUM(H$5:H$13),0) -> 0.028727031 | I19: =IFERROR(I6/SUM(I$5:I$13),0) -> 3.1963678e-06 | J19: =IFERROR(J6/SUM(J$5:J$13),0) -> 0.015203519 | K19: =IFERROR(K6/SUM(K$5:K$13),0) -> 0.017313637 | L19: =IFERROR(L6/SUM(L$5:L$13),0) -> 0 | ... AH19: =IFERROR(AH6/SUM(AH$5:AH$13),0) -> 0 | AL19: =C19 -> AGRCOA | AM19: =E19*$BT19 -> 0 | AN19: =F19*$BT19 -> 0.00082969608 | AO19: =G19*$BT19 -> 0 | AP19: =H19*$BT19 -> 0.014363516 | AQ19: =I19*$BT19 -> 1.5981839e-06 | AR19: =J19*$BT19 -> 0.0076017597 | AS19: =K19*$BT19 -> 0.0086568183 | AT19: =L19*$BT19 -> 0 | ... BP19: =AH19*$BT19 -> 0 | BQ19: 3 | BT19: 0.5
C20: =D7 -> AGRELC | E20: =IFERROR(E7/SUM(E$5:E$13),0) -> 0.35612896 | F20: =IFERROR(F7/SUM(F$5:F$13),0) -> 0.075232309 | G20: =IFERROR(G7/SUM(G$5:G$13),0) -> 0.06723991 | H20: =IFERROR(H7/SUM(H$5:H$13),0) -> 0.59466712 | I20: =IFERROR(I7/SUM(I$5:I$13),0) -> 0.24125655 | J20: =IFERROR(J7/SUM(J$5:J$13),0) -> 0.17716886 | K20: =IFERROR(K7/SUM(K$5:K$13),0) -> 0.14039074 | L20: =IFERROR(L7/SUM(L$5:L$13),0) -> 0.21112932 | ... AH20: =IFERROR(AH7/SUM(AH$5:AH$13),0) -> 0 | AL20: =C20 -> AGRELC | AM20: =MAX(E20:S20)*$BT20 -> 0.65413384 | AN20: =AM20 -> 0.65413384 | AO20: =AN20 -> 0.65413384 | AP20: =AO20 -> 0.65413384 | AQ20: =AP20 -> 0.65413384 | AR20: =AQ20 -> 0.65413384 | AS20: =AR20 -> 0.65413384 | AT20: =AS20 -> 0.65413384 | AU20: =AT20 -> 0.65413384 | ... BP20: =BO20 -> 0.65413384 | BQ20: 3 | BT20: 1.1
C21: =D8 -> AGRGEO | E21: =IFERROR(E8/SUM(E$5:E$13),0) -> 0 | F21: =IFERROR(F8/SUM(F$5:F$13),0) -> 0 | G21: =IFERROR(G8/SUM(G$5:G$13),0) -> 0 | H21: =IFERROR(H8/SUM(H$5:H$13),0) -> 0.00029608656 | I21: =IFERROR(I8/SUM(I$5:I$13),0) -> 0.0055884082 | J21: =IFERROR(J8/SUM(J$5:J$13),0) -> 0 | K21: =IFERROR(K8/SUM(K$5:K$13),0) -> 0.0036772834 | L21: =IFERROR(L8/SUM(L$5:L$13),0) -> 0 | ... AH21: =IFERROR(AH8/SUM(AH$5:AH$13),0) -> 0 | AL21: =C21 -> AGRGEO | AM21: =E21*$BT21 -> 0 | AN21: =F21*$BT21 -> 0 | AO21: =G21*$BT21 -> 0 | AP21: =H21*$BT21 -> 0.00029608656 | AQ21: =I21*$BT21 -> 0.0055884082 | AR21: =J21*$BT21 -> 0 | AS21: =K21*$BT21 -> 0.0036772834 | AT21: =L21*$BT21 -> 0 | ... BP21: =AH21*$BT21 -> 0 | BQ21: 3 | BT21: 1
C22: =D9 -> AGRHET | E22: =IFERROR(E9/SUM(E$5:E$13),0) -> 0 | F22: =IFERROR(F9/SUM(F$5:F$13),0) -> 0 | G22: =IFERROR(G9/SUM(G$5:G$13),0) -> 0 | H22: =IFERROR(H9/SUM(H$5:H$13),0) -> 0.059566477 | I22: =IFERROR(I9/SUM(I$5:I$13),0) -> 0 | J22: =IFERROR(J9/SUM(J$5:J$13),0) -> 0.00038739441 | K22: =IFERROR(K9/SUM(K$5:K$13),0) -> 0 | L22: =IFERROR(L9/SUM(L$5:L$13),0) -> 0 | ... AH22: =IFERROR(AH9/SUM(AH$5:AH$13),0) -> 0 | AL22: =C22 -> AGRHET | AM22: =MAX(E22:Z22) -> 0.059566477 | AN22: =AM22 -> 0.059566477 | AO22: =AN22 -> 0.059566477 | AP22: =AO22 -> 0.059566477 | AQ22: =AP22 -> 0.059566477 | AR22: =AQ22 -> 0.059566477 | AS22: =AR22 -> 0.059566477 | AT22: =AS22 -> 0.059566477 | AU22: =AT22 -> 0.059566477 | ... BP22: =BO22 -> 0.059566477 | BQ22: 3 | BT22: 1.5
C23: =D10 -> AGRKER | E23: =IFERROR(E10/SUM(E$5:E$13),0) -> 9.311673e-05 | F23: =IFERROR(F10/SUM(F$5:F$13),0) -> 0.0010558498 | G23: =IFERROR(G10/SUM(G$5:G$13),0) -> 0 | H23: =IFERROR(H10/SUM(H$5:H$13),0) -> 0.0002641645 | I23: =IFERROR(I10/SUM(I$5:I$13),0) -> 0.082179993 | J23: =IFERROR(J10/SUM(J$5:J$13),0) -> 0.00018142001 | K23: =IFERROR(K10/SUM(K$5:K$13),0) -> 0 | L23: =IFERROR(L10/SUM(L$5:L$13),0) -> 0 | ... AH23: =IFERROR(AH10/SUM(AH$5:AH$13),0) -> 0 | AL23: =C23 -> AGRKER | AM23: =E23*$BT23 -> 9.311673e-05 | AN23: =F23*$BT23 -> 0.0010558498 | AO23: =G23*$BT23 -> 0 | AP23: =H23*$BT23 -> 0.0002641645 | AQ23: =I23*$BT23 -> 0.082179993 | AR23: =J23*$BT23 -> 0.00018142001 | AS23: =K23*$BT23 -> 0 | AT23: =L23*$BT23 -> 0 | ... BP23: =AH23*$BT23 -> 0 | BQ23: 3 | BT23: 1
C24: =D11 -> AGRLPG | E24: =IFERROR(E11/SUM(E$5:E$13),0) -> 0.03961188 | F24: =IFERROR(F11/SUM(F$5:F$13),0) -> 0.0016980705 | G24: =IFERROR(G11/SUM(G$5:G$13),0) -> 0.039480904 | H24: =IFERROR(H11/SUM(H$5:H$13),0) -> 0.0049839153 | I24: =IFERROR(I11/SUM(I$5:I$13),0) -> 0.0011151053 | J24: =IFERROR(J11/SUM(J$5:J$13),0) -> 0.00015115664 | K24: =IFERROR(K11/SUM(K$5:K$13),0) -> 0.017581321 | L24: =IFERROR(L11/SUM(L$5:L$13),0) -> 0.0016223631 | ... AH24: =IFERROR(AH11/SUM(AH$5:AH$13),0) -> 0 | AL24: =C24 -> AGRLPG | AM24: =E24*$BT24 -> 0.03961188 | AN24: =F24*$BT24 -> 0.0016980705 | AO24: =G24*$BT24 -> 0.039480904 | AP24: =H24*$BT24 -> 0.0049839153 | AQ24: =I24*$BT24 -> 0.0011151053 | AR24: =J24*$BT24 -> 0.00015115664 | AS24: =K24*$BT24 -> 0.017581321 | AT24: =L24*$BT24 -> 0.0016223631 | ... BP24: =AH24*$BT24 -> 0 | BQ24: 3 | BT24: 1
C25: =D12 -> AGRNGA | E25: =IFERROR(E12/SUM(E$5:E$13),0) -> 0.017622727 | F25: =IFERROR(F12/SUM(F$5:F$13),0) -> 0 | G25: =IFERROR(G12/SUM(G$5:G$13),0) -> 0.0060336181 | H25: =IFERROR(H12/SUM(H$5:H$13),0) -> 0.067669035 | I25: =IFERROR(I12/SUM(I$5:I$13),0) -> 0.00092583068 | J25: =IFERROR(J12/SUM(J$5:J$13),0) -> 0.0020245436 | K25: =IFERROR(K12/SUM(K$5:K$13),0) -> 0.020051999 | L25: =IFERROR(L12/SUM(L$5:L$13),0) -> 0 | ... AH25: =IFERROR(AH12/SUM(AH$5:AH$13),0) -> 0 | AL25: =C25 -> AGRNGA | AM25: =MAX(E25:Z25) -> 0.47850216 | AN25: =AM25 -> 0.47850216 | AO25: =AN25 -> 0.47850216 | AP25: =AO25 -> 0.47850216 | AQ25: =AP25 -> 0.47850216 | AR25: =AQ25 -> 0.47850216 | AS25: =AR25 -> 0.47850216 | AT25: =AS25 -> 0.47850216 | AU25: =AT25 -> 0.47850216 | ... BP25: =BO25 -> 0.47850216 | BQ25: 3
C26: =D13 -> AGROIL | E26: =IFERROR(E13/SUM(E$5:E$13),0) -> 0.58654331 | F26: =IFERROR(F13/SUM(F$5:F$13),0) -> 0.35748553 | G26: =IFERROR(G13/SUM(G$5:G$13),0) -> 0.88555091 | H26: =IFERROR(H13/SUM(H$5:H$13),0) -> 0.24373444 | I26: =IFERROR(I13/SUM(I$5:I$13),0) -> 0.66675762 | J26: =IFERROR(J13/SUM(J$5:J$13),0) -> 0.77650841 | K26: =IFERROR(K13/SUM(K$5:K$13),0) -> 0.80098502 | L26: =IFERROR(L13/SUM(L$5:L$13),0) -> 0.48440653 | ... AH26: =IFERROR(AH13/SUM(AH$5:AH$13),0) -> 0 | AL26: =C26 -> AGROIL | AM26: =E26*$BT26 -> 0.58654331 | AN26: =F26*$BT26 -> 0.35748553 | AO26: =G26*$BT26 -> 0.88555091 | AP26: =H26*$BT26 -> 0.24373444 | AQ26: =I26*$BT26 -> 0.66675762 | AR26: =J26*$BT26 -> 0.77650841 | AS26: =K26*$BT26 -> 0.80098502 | AT26: =L26*$BT26 -> 0.48440653 | ... BP26: =AH26*$BT26 -> 0 | BQ26: 3 | BT26: 1
B27: Demand | D27: AGR | E27: =SUM(E5:E13) -> 146.48919 | F27: =SUM(F5:F13) -> 140.82893 | G27: =SUM(G5:G13) -> 175.79428 | H27: =SUM(H5:H13) -> 143.87917 | I27: =SUM(I5:I13) -> 303.88793 | J27: =SUM(J5:J13) -> 574.96379 | K27: =SUM(K5:K13) -> 121.01276 | L27: =SUM(L5:L13) -> 531.02651 | ... AH27: =SUM(AH5:AH13) -> 0 | AI27: 1 | AL27: =AL20 -> AGRELC | AM27: =E20 -> 0.35612896 | AN27: =F20 -> 0.075232309 | AO27: =G20 -> 0.06723991 | AP27: =H20 -> 0.59466712 | AQ27: =I20 -> 0.24125655 | AR27: =J20 -> 0.17716886 | AS27: =K20 -> 0.14039074 | AT27: =L20 -> 0.21112932 | ... BP27: =AH20 -> 0 | BR27: LO
AM29: =SUM(AM18:AM26) -> 1.8854007 | AN29: =SUM(AN18:AN26) -> 2.1161405 | AO29: =SUM(AO18:AO26) -> 2.1841842 | AP29: =SUM(AP18:AP26) -> 1.5227946 | AQ29: =SUM(AQ18:AQ26) -> 2.0147952 | AR29: =SUM(AR18:AR26) -> 2.0435952 | AS29: =SUM(AS18:AS26) -> 2.0900529 | AT29: =SUM(AT18:AT26) -> 1.9810732 | ... BP29: =SUM(BP18:BP26) -> 1.2591524
C30: ~FI_Process
C31: Region | D31: Sets | E31: TechName | F31: TechDesc | G31: Tact | H31: Tcap | I31: Tslvl | J31: PrimaryCG | K31: Vintage
D32: DMD | E32: =A18 -> AGR000 | G32: PJ | H32: PJ-a

Sheet COM balance
A1: 0.041868 | B1: ktoe to PJ
B4: Sector | C4: Sub-Sector | D4: sectfuel | E4: Africa_north | F4: Africa_other | G4: Arg-Chi | H4: Asia_central | I4: Asia_east | J4: Asia_other | K4: Australia_NZ | L4: Brazil | M4: Canada | N4: China | O4: EU_north | P4: EU_northeast | Q4: EU_northwest | R4: EU_south | S4: EU_southeast | T4: EU_southwest | U4: Europe_other | V4: France | W4: Germany | X4: India | Y4: LatAm_other | Z4: Mexico | AA4: MidEast_other | AB4: Nor-Ice | AC4: Russia | AD4: SaudiArabia | AE4: SouthAfrica | AF4: UK | AG4: USA | AH4: \I: | AI4: ='RES balance'!AI4 -> WORLD
B5: COM | C5: COM | D5: COMBIO | E5: 28.176662 | F5: 321.20957 | G5: 6.9543083 | H5: 1.1963404 | I5: 100.12366 | J5: 68.929792 | K5: 0.15499952 | L5: 6.9024045 | N5: 0.1000394 | O5: 9.2209623 | P5: 19.299678 | Q5: 10.070929 | R5: 3.4630656 | S5: 10.852047 | T5: 6.4082407 | U5: 22.028107 | V5: 17.29472 | W5: 65.546669 | X5: 109.744 | Y5: 25.112368 | AA5: 10.996697 | AB5: 1.9782421 | AC5: 47.97979 | AF5: 9.209997 | AG5: 87.447745 | AI5: =SUM(E5:AH5) -> 990.40103 | AJ5: 1 | AM5: Natural Gas | AN5: COMNGA
B6: COM | C6: COM | D6: COMCOA | F6: 0.12073475 | H6: 32.991858 | I6: 5.1861473 | J6: 17.741511 | K6: 1.3771976 | N6: 512.81628 | O6: 0.10440204 | P6: 28.420714 | Q6: 0.14732512 | S6: 0.23981572 | U6: 146.05078 | V6: 1.4600209 | W6: 0.076991065 | X6: 201.2905 | Y6: 0.0004103064 | AB6: 0.003935592 | AC6: 30.837603 | AE6: 53.154231 | AF6: 0.65709733 | AG6: 15.822403 | AI6: =SUM(E6:AH6) -> 1048.5 | AM6: Distallate | AN6: COMOIL
B7: COM | C7: COM | D7: COMELC | E7: 191.40926 | F7: 117.99994 | G7: 156.29172 | H7: 97.654401 | I7: 1728.6862 | J7: 1166.1091 | K7: 290.91896 | L7: 507.75191 | M7: 544.8456 | N7: 1754.3689 | O7: 199.17714 | P7: 337.61117 | Q7: 263.45368 | R7: 397.40658 | S7: 128.06664 | T7: 327.85102 | U7: 490.53559 | V7: 491.79267 | W7: 467.9064 | X7: 409.17417 | Y7: 321.67636 | Z7: 103.3794 | AA7: 557.58492 | AB7: 99.201775 | AC7: 550.32804 | AD7: 440.62039 | AE7: 133.58737 | AF7: 324.43428 | AG7: 4910.4737 | AI7: =SUM(E7:AH7) -> 17510.297 | AM7: Heavy
B8: COM | C8: COM | D8: COMGEO | H8: 0.37200137 | I8: 8.5803107 | K8: 2.37778 | N8: 149.18138 | P8: 0.7664691 | R8: 3.616068 | S8: 4.0195666 | T8: 0.07619976 | U8: 0.12929257 | V8: 0.70015019 | W8: 2.3300003 | Y8: 0.10240075 | AB8: 0.25699834 | AF8: 0.016998408 | AI8: =SUM(E8:AH8) -> 172.52561 | AM8: Kerosene | AN8: COMKER
B9: COM | C9: COM | D9: COMHET | H9: 144.25463 | I9: 34.903045 | J9: 15.688861 | M9: 0.29199999 | N9: 138.4732 | O9: 128.08354 | P9: 112.67439 | Q9: 15.421098 | R9: 12.413473 | S9: 22.328477 | T9: 0.99962362 | U9: 122.94035 | V9: 33.50902 | W9: 58.194 | AB9: 27.786134 | AC9: 791.3496 | AF9: 12.561652 | AG9: 53.01224 | AI9: =SUM(E9:AH9) -> 1724.8853 | AM9: Coal | AN9: COMCOA
B10: COM | C10: COM | D10: COMKER | F10: 1.1534843 | G10: 0.04499554 | H10: 0.043668324 | I10: 151.63328 | J10: 9.8498782 | K10: 0.0006866352 | M10: 15.417598 | N10: 127.41378 | O10: 0.034143354 | P10: 0.0014193252 | Q10: 3.559542 | R10: 0.10083908 | S10: 0.0127823 | T10: 8.79228e-05 | X10: 3.7886981 | Y10: 0.3047488 | AA10: 3.0312223 | AB10: 0.0006866352 | AE10: 3.0335543 | AF10: 34.142002 | AG10: 0.87599998 | AI10: =SUM(E10:AH10) -> 354.4431 | AM10: LPG (called propane in nrc) | AN10: COMLPG
B11: COM | C11: COM | D11: COMLPG | E11: 6.3671389 | F11: 15.51134 | G11: 17.510839 | H11: 1.8470947 | I11: 93.531065 | J11: 138.05175 | K11: 2.2714772 | L11: 27.314365 | M11: 35.995301 | N11: 85.012459 | O11: 0.90449952 | P11: 4.6151808 | Q11: 8.4816194 | R11: 22.324214 | S11: 2.7636146 | T11: 11.45354 | U11: 29.125956 | V11: 13.773643 | W11: 8.3260003 | X11: 123.66112 | Y11: 27.114081 | Z11: 60.515526 | AA11: 11.134816 | AB11: 1.2325227 | AC11: 0.98532151 | AE11: 1.5067875 | AF11: 16.31804 | AG11: 69.2945 | AI11: =SUM(E11:AH11) -> 836.94381 | AM11: Bioliquid
B12: COM | C12: COM | D12: COMNGA | E12: 21.332822 | F12: 0.06708091 | G12: 57.223508 | H12: 393.38425 | I12: 552.5331 | J12: 60.44489 | K12: 61.790528 | L12: 6.1559735 | M12: 592.5977 | N12: 532.5603 | O12: 14.674072 | P12: 152.51479 | Q12: 220.56283 | R12: 304.83331 | S12: 92.445457 | T12: 94.010713 | U12: 234.71469 | V12: 255.70848 | W12: 413.25846 | X12: 97.295651 | Y12: 36.30134 | Z12: 9.8658006 | AA12: 540.80095 | AB12: 2.9001419 | AC12: 236.07469 | AE12: 1.1105989 | AF12: 267.0443 | AG12: 3465.7148 | AI12: =SUM(E12:AH12) -> 8717.9212 | AM12: Biomass solid | AN12: COMBIO
B13: COM | C13: COM | D13: COMOIL | E13: 4.6778614 | F13: 41.495149 | G13: 24.803884 | H13: 25.955179 | I13: 262.69809 | J13: 149.84712 | K13: 31.706904 | L13: 2.1747579 | M13: 8.2331998 | N13: 436.50623 | O13: 20.653262 | P13: 23.343072 | Q13: 44.417313 | R13: 7.4745014 | S13: 8.5805326 | T13: 47.118599 | U13: 52.493177 | V13: 85.606788 | W13: 131.4542 | Y13: 29.805611 | Z13: 1.3349989 | AA13: 41.823184 | AB13: 11.885392 | AC13: 60.84599 | AE13: 2.4958687 | AF13: 38.689139 | AG13: 390.01343 | AI13: =SUM(E13:AH13) -> 1986.1334 | AM13: Biogas
B14: COM | C14: COM | D14: COMSTH | E14: 0.11069899 | H14: 0.30489115 | I14: 1.6861709 | J14: 0.53710782 | K14: 0.47100663 | N14: 97.632002 | O14: 0.091649052 | P14: 3.0579089 | Q14: 0.30587086 | R14: 2.802556 | S14: 0.84109463 | T14: 3.6913969 | U14: 0.63914433 | V14: 0.56816969 | W14: 1.2639991 | X14: 4.1642583 | Y14: 0.5919884 | Z14: 5.175002 | AA14: 2.9220473 | AF14: 0.71899916 | AG14: 75.532556 | AI14: =SUM(E14:AH14) -> 203.10852 | AM14: Biomass waste
AM15: Electricity | AN15: COMELC
AM16: Heat | AN16: COMHET
AM17: Geothermal | AN17: COMGEO
B18: elec | C18: 3527 | D18: =C18*$A$1 -> 147.66844 | AM18: Solar | AN18: COMSTH
B19: gas | C19: 4390 | D19: =C19*$A$1 -> 183.80052
B20: oil | C20: =5913+74 -> 5987 | D20: =C20*$A$1 -> 250.66372
B21: kerosene | C21: 3 | D21: =C21*$A$1 -> 0.125604
E27: =SUM(E5:E25) -> 252.07445 | F27: =SUM(F5:F25) -> 497.5573 | G27: =SUM(G5:G25) -> 262.82925 | H27: =SUM(H5:H25) -> 698.00431 | I27: =SUM(I5:I25) -> 2939.561 | J27: =SUM(J5:J25) -> 1627.2 | K27: =SUM(K5:K25) -> 391.06954 | L27: =SUM(L5:L25) -> 550.29941 | ... AI27: =SUM(AI5:AI25) -> 33545.159
E28: =SUM('COM Assumptions'!AK3:AK61) -> 252.07445 | F28: =SUM('COM Assumptions'!AL3:AL61) -> 497.5573 | G28: =SUM('COM Assumptions'!AM3:AM61) -> 262.82925 | H28: =SUM('COM Assumptions'!AN3:AN61) -> 698.00431 | I28: =SUM('COM Assumptions'!AO3:AO61) -> 2939.561 | J28: =SUM('COM Assumptions'!AP3:AP61) -> 1627.2 | K28: =SUM('COM Assumptions'!AQ3:AQ61) -> 391.06954 | L28: =SUM('COM Assumptions'!AR3:AR61) -> 550.29941 | ... AH28: =SUM('COM Assumptions'!BN3:BN61) -> 0 | AI28: =SUM(E28:AH28) -> 33545.159
E29: =SUM('COM Assumptions'!E81:E127) -> 252.07445 | F29: =SUM('COM Assumptions'!F81:F127) -> 497.5573 | G29: =SUM('COM Assumptions'!G81:G127) -> 262.82925 | H29: =SUM('COM Assumptions'!H81:H127) -> 698.00431 | I29: =SUM('COM Assumptions'!I81:I127) -> 2939.561 | J29: =SUM('COM Assumptions'!J81:J127) -> 1627.2 | K29: =SUM('COM Assumptions'!K81:K127) -> 391.06954 | L29: =SUM('COM Assumptions'!L81:L127) -> 550.29941 | ... AH29: =SUM('COM Assumptions'!AH81:AH127) -> 0 | AI29: =SUM(E29:AH29) -> 33545.159

Sheet RES balance
A1: 0.041868 | B1: ktoe to PJ
B4: Sector | C4: Sub-Sector | D4: sectfuel | E4: Africa_north | F4: Africa_other | G4: Arg-Chi | H4: Asia_central | I4: Asia_east | J4: Asia_other | K4: Australia_NZ | L4: Brazil | M4: Canada | N4: China | O4: EU_north | P4: EU_northeast | Q4: EU_northwest | R4: EU_south | S4: EU_southeast | T4: EU_southwest | U4: Europe_other | V4: France | W4: Germany | X4: India | Y4: LatAm_other | Z4: Mexico | AA4: MidEast_other | AB4: Nor-Ice | AC4: Russia | AD4: SaudiArabia | AE4: SouthAfrica | AF4: UK | AG4: USA | AH4: \I: | AI4: WORLD
B5: RES | C5: RES | D5: RESBIO | E5: 133.12266 | F5: 11247.992 | G5: 88.826048 | H5: 15.907001 | I5: 5.8054546 | J5: 4005.889 | K5: 56.444926 | L5: 313.3952 | M5: 113.333 | N5: 3073.0708 | O5: 119.53685 | P5: 455.47956 | Q5: 41.798043 | R5: 290.91939 | S5: 269.33057 | T5: 108.76853 | U5: 320.34311 | V5: 269.83339 | W5: 257.0741 | X5: 4116.891 | Y5: 793.14386 | Z5: 247.758 | AA5: 18.147505 | AB5: 19.519247 | AC5: 43.713575 | AD5: 0.3253018 | AE5: 127.968 | AF5: 27.723001 | AG5: 545.53772 | AI5: =SUM(E5:AH5) -> 27127.596 | AL5: Biogas
B6: RES | C6: RES | D6: RESCOA | F6: 0.15049871 | H6: 199.76687 | I6: 12.476517 | J6: 87.196189 | K6: 0.27486342 | N6: 1378.6823 | O6: 0.15659888 | P6: 239.71549 | Q6: 16.416166 | R6: 0.1426987 | S6: 9.0604738 | T6: 2.7185018 | U6: 85.054222 | V6: 1.0237521 | W6: 14.460713 | X6: 122.92897 | Y6: 2.7625009 | AA6: 0.36119942 | AC6: 71.524553 | AE6: 107.34506 | AF6: 19.105089 | AI6: =SUM(E6:AH6) -> 2371.3232 | AL6: Bioliquid
B7: RES | C7: RES | D7: RESELC | E7: 411.00377 | F7: 276.40706 | G7: 204.36419 | H7: 205.82424 | I7: 1150.1278 | J7: 1652.9514 | K7: 256.9853 | L7: 513.25843 | M7: 625.0608 | N7: 3872.335 | O7: 275.92796 | P7: 270.25826 | Q7: 182.92272 | R7: 308.14358 | S7: 162.25537 | T7: 310.33569 | U7: 529.60729 | V7: 574.99948 | W7: 455.5404 | X7: 1138.887 | Y7: 410.03142 | Z7: 232.1496 | AA7: 963.53739 | AB7: 147.39991 | AC7: 579.16008 | AD7: 462.6144 | AE7: 175.19082 | AF7: 373.76952 | AG7: 5171.5757 | AI7: =SUM(E7:AH7) -> 21892.625 | AL7: Biomass solid | AM7: RESBIO
B8: RES | C8: RES | D8: RESGEO | H8: 0.26520029 | I8: 3.980889 | K8: 0.20900087 | N8: 569.20048 | P8: 0.78779666 | R8: 0.039875083 | S8: 0.149138 | T8: 0.0038686032 | U8: 55.558836 | W8: 1.0600015 | AB8: 0.49400053 | AF8: 0.016998408 | AG8: 14.09639 | AI8: =SUM(E8:AH8) -> 645.86248 | AL8: Biomass waste
B9: RES | C9: RES | D9: RESHET | H9: 111.42624 | I9: 84.562001 | J9: 17.053674 | N9: 1288.3205 | O9: 242.76058 | P9: 289.38814 | Q9: 12.609838 | R9: 39.376758 | S9: 69.09605 | T9: 0.035998106 | U9: 210.11656 | V9: 53.93069 | W9: 166.098 | AB9: 21.214365 | AC9: 1996.1618 | AF9: 11.283233 | AI9: =SUM(E9:AH9) -> 4613.4344 | AL9: Coal | AM9: RESCOA
B10: RES | C10: RES | D10: RESKER | E10: 4.5989988 | F10: 50.777975 | G10: 4.4558061 | H10: 6.474254 | I10: 349.05486 | J10: 33.561364 | L10: 0.07859461 | M10: 2.2775983 | N10: 19.041629 | O10: 0.15570291 | Q10: 34.77487 | R10: 0.75231353 | T10: 0.0042579756 | U10: 0.38699848 | V10: 7.3498604 | W10: 0.25799899 | X10: 95.208058 | Y10: 10.683529 | AA10: 158.92378 | AB10: 0.024208078 | AD10: 22.531729 | AE10: 11.256203 | AF10: 77.137268 | AG10: 11.503982 | AI10: =SUM(E10:AH10) -> 901.27185 | AL10: Distallate | AM10: RESOIL
B11: RES | C11: RES | D11: RESLPG | E11: 392.73293 | F11: 122.09616 | G11: 91.404405 | H11: 65.073486 | I11: 225.69207 | J11: 708.88631 | K11: 19.011028 | L11: 272.089 | M11: 15.277901 | N11: 1434.2433 | O11: 1.1998196 | P11: 30.43024 | Q11: 7.9087354 | R11: 52.358693 | S11: 19.054131 | T11: 51.706712 | U11: 21.353442 | V11: 34.128227 | W11: 35.19 | X11: 1091.4948 | Y11: 226.86219 | Z11: 225.92755 | AA11: 298.75247 | AB11: 0.24126854 | AC11: 506.4048 | AD11: 51.336817 | AE11: 10.084088 | AF11: 9.8021403 | AG11: 195.9166 | AI11: =SUM(E11:AH11) -> 6216.6593 | AL11: Electricity | AM11: RESELC
B12: RES | C12: RES | D12: RESNGA | E12: 498.22063 | F12: 0.0003935592 | G12: 375.78845 | H12: 616.54371 | I12: 750.03062 | J12: 505.28145 | K12: 158.05196 | L12: 17.080436 | M12: 621.027 | N12: 2121.0207 | O12: 28.807792 | P12: 347.91757 | Q12: 447.08086 | R12: 691.28343 | S12: 248.75203 | T12: 156.64187 | U12: 913.59523 | V12: 475.74438 | W12: 949.15182 | X12: 102.46138 | Y12: 82.029674 | Z12: 26.946002 | AA12: 1725.1566 | AB12: 0.064807477 | AC12: 2721.2565 | AE12: 0.2087371 | AF12: 955.4022 | AG12: 4943.7516 | AI12: =SUM(E12:AH12) -> 20479.298 | AL12: Geothermal | AM12: RESGEO
B13: RES | C13: RES | D13: RESOIL | E13: 0.35929862 | F13: 15.205197 | H13: 105.42471 | I13: 31.246206 | J13: 3.126091 | K13: 0.12168934 | M13: 49.245598 | N13: 127.42958 | O13: 27.560532 | P13: 42.735103 | Q13: 107.30435 | R13: 83.220425 | S13: 7.5016905 | T13: 64.096337 | U13: 67.069944 | V13: 140.84033 | W13: 460.3904 | Y13: 1.1786428 | AA13: 24.850349 | AB13: 0.38599784 | AC13: 101.47185 | AE13: 0.25919223 | AF13: 6.9484845 | AG13: 414.4128 | AI13: =SUM(E13:AH13) -> 1882.3848 | AL13: Heat | AM13: RESHET
B14: RES | C14: RES | D14: RESSTH | E14: 2.4618384 | H14: 0.18249424 | I14: 7.8229437 | J14: 3.6995067 | K14: 17.385871 | N14: 878.688 | O14: 1.056338 | P14: 8.3708032 | Q14: 2.6307088 | R14: 21.328476 | S14: 1.9036793 | T14: 13.060773 | U14: 24.963531 | V14: 7.1510125 | W14: 29.210998 | X14: 37.015637 | Y14: 1.2074522 | Z14: 7.8850004 | AA14: 23.267132 | AF14: 1.5130007 | AG14: 37.389912 | AI14: =SUM(E14:AH14) -> 1128.1951 | AL14: Heavy
AL15: Kerosene | AM15: RESKER
R16: =R7*'RES Assumptions T15'!S45 -> 6.1628716 | W16: =W7*'RES Assumptions T15'!J45 -> 6.833106 | AL16: LPG (called propane in nrc) | AM16: RESLPG
R17: =R16/SUM(R5:R14) -> 0.0041429242 | W17: =W16/SUM(W5:W14) -> 0.0028850729 | AL17: Natural Gas | AM17: RESNGA
AL18: Solar | AM18: RESSTH
E27: =SUM(E5:E25) -> 1442.5001 | F27: =SUM(F5:F25) -> 11712.629 | G27: =SUM(G5:G25) -> 764.8389 | H27: =SUM(H5:H25) -> 1326.8882 | I27: =SUM(I5:I25) -> 2620.7994 | J27: =SUM(J5:J25) -> 7017.6449 | K27: =SUM(K5:K25) -> 508.48465 | L27: =SUM(L5:L25) -> 1115.9017 | ... AH27: =SUM(AH5:AH25) -> 0
E28: =SUM('RES Assumptions'!AK3:AK64) -> 1442.5001 | F28: =SUM('RES Assumptions'!AL3:AL64) -> 11712.629 | G28: =SUM('RES Assumptions'!AM3:AM64) -> 764.8389 | H28: =SUM('RES Assumptions'!AN3:AN64) -> 1325.4394 | I28: =SUM('RES Assumptions'!AO3:AO64) -> 2620.7994 | J28: =SUM('RES Assumptions'!AP3:AP64) -> 7000.5913 | K28: =SUM('RES Assumptions'!AQ3:AQ64) -> 508.48465 | L28: =SUM('RES Assumptions'!AR3:AR64) -> 1115.9017 | ... AH28: =SUM('RES Assumptions'!BN3:BN64) -> 0
E29: =SUM('RES Assumptions'!E87:E144) -> 1442.5001 | F29: =SUM('RES Assumptions'!F87:F144) -> 11712.629 | G29: =SUM('RES Assumptions'!G87:G144) -> 764.8389 | H29: =SUM('RES Assumptions'!H87:H144) -> 1325.4394 | I29: =SUM('RES Assumptions'!I87:I144) -> 2620.7994 | J29: =SUM('RES Assumptions'!J87:J144) -> 7000.5913 | K29: =SUM('RES Assumptions'!K87:K144) -> 508.48465 | L29: =SUM('RES Assumptions'!L87:L144) -> 1115.9017 | ... AH29: =SUM('RES Assumptions'!AH87:AH144) -> 0
C34: Year | D34: Drvr | E34: Africa_north | F34: Africa_other | G34: Arg-Chi | H34: Asia_central | I34: Asia_east | J34: Asia_other | K34: Australia_NZ | L34: Brazil | M34: Canada | N34: China | O34: EU_north | P34: EU_northeast | Q34: EU_northwest | R34: EU_south | S34: EU_southeast | T34: EU_southwest | U34: Europe_other | V34: France | W34: Germany | X34: India | Y34: LatAm_other | Z34: Mexico | AA34: MidEast_other | AB34: Nor-Ice | AC34: Russia | AD34: SaudiArabia | AE34: SouthAfrica | AF34: UK | AG34: USA
C35: 2019 | D35: GDP | E35: 2018.274 | F35: 2783.9392 | G35: 1015.21 | H35: 1001.7532 | I35: 6334.56 | J35: 10498.518 | K35: 1111.535 | L35: 2724.93 | M35: 1586.46 | N35: 21698.553 | O35: 819.16 | P35: 1871.7913 | Q35: 1517.9469 | R35: 2016.789 | S35: 805.758 | T35: 1655.67 | U35: 2703.2985 | V35: 2313.4717 | W35: 3218.77 | X35: 8348.05 | Y35: 2670.5199 | Z35: 1782.59 | AA35: 3897.7243 | AB35: 281.3089 | AC35: 2310.67 | AD35: 1712.87 | AE35: 625.812 | AF35: 2365.1179 | AG35: 16690.1
C36: 2019 | D36: POP | E36: 198.38505 | F36: 1039.4856 | G36: 63.8907 | H36: 90.5156 | I36: 177.9741 | J36: 1196.6778 | K36: 30.345 | L36: 211.05 | M36: 37.5934 | N36: 1405.2274 | O36: 21.61493 | P36: 69.00633 | Q36: 34.388241 | R36: 72.185138 | S36: 42.27214 | T36: 57.4198 | U36: 164.81755 | V36: 68.440616 | W36: 83.093 | X36: 1366.42 | Y36: 245.14509 | Z36: 127.576 | AA36: 222.57825 | AB36: 5.708463 | AC36: 144.406 | AD36: 34.2685 | AE36: 58.5583 | AF36: 66.878303 | AG36: 328.33

Sheet RES Assumptions
A2: Fuel | B2: Sector | C2: Fuel | D2: Service | E2: ='RES balance'!E4 -> Africa_north | F2: ='RES balance'!F4 -> Africa_other | G2: ='RES balance'!G4 -> Arg-Chi | H2: ='RES balance'!H4 -> Asia_central | I2: ='RES balance'!I4 -> Asia_east | J2: ='RES balance'!J4 -> Asia_other | K2: ='RES balance'!K4 -> Australia_NZ | L2: ='RES balance'!L4 -> Brazil | ... AH2: ='RES balance'!AH4 -> \I: | AK2: =E2 -> Africa_north | AL2: =F2 -> Africa_other | AM2: =G2 -> Arg-Chi | AN2: =H2 -> Asia_central | AO2: =I2 -> Asia_east | AP2: =J2 -> Asia_other | AQ2: =K2 -> Australia_NZ | AR2: =L2 -> Brazil | ... BN2: =AH2 -> \I:
A3: =VLOOKUP(C3,'RES balance'!$AL$5:$AM$25,2,FALSE) -> RESNGA | C3: Natural Gas | D3: RH | E3: =OFFSET('RES Assumptions T15'!$D3,0,MATCH(VLOOKUP('RES Assumptions'!E$2,'RES Assumptions T15'!$V$3:$W$35,2,FALSE),'RES Assumptions T15'!$E$2:$S$2,0)) -> 0.0014979621 | F3: =OFFSET('RES Assumptions T15'!$D3,0,MATCH(VLOOKUP('RES Assumptions'!F$2,'RES Assumptions T15'!$V$3:$W$35,2,FALSE),'RES Assumptions T15'!$E$2:$S$2,0)) -> 0.0014979621 | G3: =OFFSET('RES Assumptions T15'!$D3,0,MATCH(VLOOKUP('RES Assumptions'!G$2,'RES Assumptions T15'!$V$3:$W$35,2,FALSE),'RES Assumptions T15'!$E$2:$S$2,0)) -> 0.0014979621 | H3: =OFFSET('RES Assumptions T15'!$D3,0,MATCH(VLOOKUP('RES Assumptions'!H$2,'RES Assumptions T15'!$V$3:$W$35,2,FALSE),'RES Assumptions T15'!$E$2:$S$2,0)) -> 0.66084849 | I3: =OFFSET('RES Assumptions T15'!$D3,0,MATCH(VLOOKUP('RES Assumptions'!I$2,'RES Assumptions T15'!$V$3:$W$35,2,FALSE),'RES Assumptions T15'!$E$2:$S$2,0)) -> 0.18331596 | J3: =OFFSET('RES Assumptions T15'!$D3,0,MATCH(VLOOKUP('RES Assumptions'!J$2,'RES Assumptions T15'!$V$3:$W$35,2,FALSE),'RES Assumptions T15'!$E$2:$S$2,0)) -> 0 | K3: =OFFSET('RES Assumptions T15'!$D3,0,MATCH(VLOOKUP('RES Assumptions'!K$2,'RES Assumptions T15'!$V$3:$W$35,2,FALSE),'RES Assumptions T15'!$E$2:$S$2,0)) -> 0.61715911 | L3: =OFFSET('RES Assumptions T15'!$D3,0,MATCH(VLOOKUP('RES Assumptions'!L$2,'RES Assumptions T15'!$V$3:$W$35,2,FALSE),'RES Assumptions T15'!$E$2:$S$2,0)) -> 0.0014979621 | ... AH3: =OFFSET('RES Assumptions T15'!$D3,0,MATCH(VLOOKUP('RES Assumptions'!AH$2,'RES Assumptions T15'!$V$3:$W$35,2,FALSE),'RES Assumptions T15'!$E$2:$S$2,0)) -> 0.6855783 | AK3: =IFERROR(SUMIFS('RES balance'!E$5:E$25,'RES balance'!$D$5:$D$25,'RES Assumptions'!$A3)*E3,"") -> 0.74631562 | AL3: =IFERROR(SUMIFS('RES balance'!F$5:F$25,'RES balance'!$D$5:$D$25,'RES Assumptions'!$A3)*F3,"") -> 5.8953677e-07 | AM3: =IFERROR(SUMIFS('RES balance'!G$5:G$25,'RES balance'!$D$5:$D$25,'RES Assumptions'!$A3)*G3,"") -> 0.56291686 | AN3: =IFERROR(SUMIFS('RES balance'!H$5:H$25,'RES balance'!$D$5:$D$25,'RES Assumptions'!$A3)*H3,"") -> 407.44198 | AO3: =IFERROR(SUMIFS('RES balance'!I$5:I$25,'RES balance'!$D$5:$D$25,'RES Assumptions'!$A3)*I3,"") -> 137.49259 | AP3: =IFERROR(SUMIFS('RES balance'!J$5:J$25,'RES balance'!$D$5:$D$25,'RES Assumptions'!$A3)*J3,"") -> 0 | AQ3: =IFERROR(SUMIFS('RES balance'!K$5:K$25,'RES balance'!$D$5:$D$25,'RES Assumptions'!$A3)*K3,"") -> 97.543209 | AR3: =IFERROR(SUMIFS('RES balance'!L$5:L$25,'RES balance'!$D$5:$D$25,'RES Assumptions'!$A3)*L3,"") -> 0.025585846 | ... BN3: =IFERROR(SUMIFS('RES balance'!AH$5:AH$25,'RES balance'!$D$5:$D$25,'RES Assumptions'!$A3)*AH3,"") -> 0
A4: =VLOOKUP(C4,'RES balance'!$AL$5:$AM$25,2,FALSE) -> RESNGA | C4: Natural Gas | D4: RC | E4: =OFFSET('RES Assumptions T15'!$D4,0,MATCH(VLOOKUP('RES Assumptions'!E$2,'RES Assumptions T15'!$V$3:$W$35,2,FALSE),'RES Assumptions T15'!$E$2:$S$2,0)) -> 0 | F4: =OFFSET('RES Assumptions T15'!$D4,0,MATCH(VLOOKUP('RES Assumptions'!F$2,'RES Assumptions T15'!$V$3:$W$35,2,FALSE),'RES Assumptions T15'!$E$2:$S$2,0)) -> 0 | G4: =OFFSET('RES Assumptions T15'!$D4,0,MATCH(VLOOKUP('RES Assumptions'!G$2,'RES Assumptions T15'!$V$3:$W$35,2,FALSE),'RES Assumptions T15'!$E$2:$S$2,0)) -> 0 | H4: =OFFSET('RES Assumptions T15'!$D4,0,MATCH(VLOOKUP('RES Assumptions'!H$2,'RES Assumptions T15'!$V$3:$W$35,2,FALSE),'RES Assumptions T15'!$E$2:$S$2,0)) -> 0 | I4: =OFFSET('RES Assumptions T15'!$D4,0,MATCH(VLOOKUP('RES Assumptions'!I$2,'RES Assumptions T15'!$V$3:$W$35,2,FALSE),'RES Assumptions T15'!$E$2:$S$2,0)) -> 0 | J4: =OFFSET('RES Assumptions T15'!$D4,0,MATCH(VLOOKUP('RES Assumptions'!J$2,'RES Assumptions T15'!$V$3:$W$35,2,FALSE),'RES Assumptions T15'!$E$2:$S$2,0)) -> 0 | K4: =OFFSET('RES Assumptions T15'!$D4,0,MATCH(VLOOKUP('RES Assumptions'!K$2,'RES Assumptions T15'!$V$3:$W$35,2,FALSE),'RES Assumptions T15'!$E$2:$S$2,0)) -> 0 | L4: =OFFSET('RES Assumptions T15'!$D4,0,MATCH(VLOOKUP('RES Assumptions'!L$2,'RES Assumptions T15'!$V$3:$W$35,2,FALSE),'RES Assumptions T15'!$E$2:$S$2,0)) -> 0 | ... AH4: =OFFSET('RES Assumptions T15'!$D4,0,MATCH(VLOOKUP('RES Assumptions'!AH$2,'RES Assumptions T15'!$V$3:$W$35,2,FALSE),'RES Assumptions T15'!$E$2:$S$2,0)) -> 0 | AK4: =IFERROR(SUMIFS('RES balance'!E$5:E$25,'RES balance'!$D$5:$D$25,'RES Assumptions'!$A4)*E4,"") -> 0 | AL4: =IFERROR(SUMIFS('RES balance'!F$5:F$25,'RES balance'!$D$5:$D$25,'RES Assumptions'!$A4)*F4,"") -> 0 | AM4: =IFERROR(SUMIFS('RES balance'!G$5:G$25,'RES balance'!$D$5:$D$25,'RES Assumptions'!$A4)*G4,"") -> 0 | AN4: =IFERROR(SUMIFS('RES balance'!H$5:H$25,'RES balance'!$D$5:$D$25,'RES Assumptions'!$A4)*H4,"") -> 0 | AO4: =IFERROR(SUMIFS('RES balance'!I$5:I$25,'RES balance'!$D$5:$D$25,'RES Assumptions'!$A4)*I4,"") -> 0 | AP4: =IFERROR(SUMIFS('RES balance'!J$5:J$25,'RES balance'!$D$5:$D$25,'RES Assumptions'!$A4)*J4,"") -> 0 | AQ4: =IFERROR(SUMIFS('RES balance'!K$5:K$25,'RES balance'!$D$5:$D$25,'RES Assumptions'!$A4)*K4,"") -> 0 | AR4: =IFERROR(SUMIFS('RES balance'!L$5:L$25,'RES balance'!$D$5:$D$25,'RES Assumptions'!$A4)*L4,"") -> 0 | ... BN4: =IFERROR(SUMIFS('RES balance'!AH$5:AH$25,'RES balance'!$D$5:$D$25,'RES Assumptions'!$A4)*AH4,"") -> 0
A5: =VLOOKUP(C5,'RES balance'!$AL$5:$AM$25,2,FALSE) -> RESNGA | C5: Natural Gas | D5: RHW | E5: =OFFSET('RES Assumptions T15'!$D5,0,MATCH(VLOOKUP('RES Assumptions'!E$2,'RES Assumptions T15'!$V$3:$W$35,2,FALSE),'RES Assumptions T15'!$E$2:$S$2,0)) -> 0.65441803 | F5: =OFFSET('RES Assumptions T15'!$D5,0,MATCH(VLOOKUP('RES Assumptions'!F$2,'RES Assumptions T15'!$V$3:$W$35,2,FALSE),'RES Assumptions T15'!$E$2:$S$2,0)) -> 0.65441803 | G5: =OFFSET('RES Assumptions T15'!$D5,0,MATCH(VLOOKUP('RES Assumptions'!G$2,'RES Assumptions T15'!$V$3:$W$35,2,FALSE),'RES Assumptions T15'!$E$2:$S$2,0)) -> 0.65441803 | H5: =OFFSET('RES Assumptions T15'!$D5,0,MATCH(VLOOKUP('RES Assumptions'!H$2,'RES Assumptions T15'!$V$3:$W$35,2,FALSE),'RES Assumptions T15'!$E$2:$S$2,0)) -> 0.19505887 | I5: =OFFSET('RES Assumptions T15'!$D5,0,MATCH(VLOOKUP('RES Assumptions'!I$2,'RES Assumptions T15'!$V$3:$W$35,2,FALSE),'RES Assumptions T15'!$E$2:$S$2,0)) -> 0.65308992 | J5: =OFFSET('RES Assumptions T15'!$D5,0,MATCH(VLOOKUP('RES Assumptions'!J$2,'RES Assumptions T15'!$V$3:$W$35,2,FALSE),'RES Assumptions T15'!$E$2:$S$2,0)) -> 0 | K5: =OFFSET('RES Assumptions T15'!$D5,0,MATCH(VLOOKUP('RES Assumptions'!K$2,'RES Assumptions T15'!$V$3:$W$35,2,FALSE),'RES Assumptions T15'!$E$2:$S$2,0)) -> 0.33386001 | L5: =OFFSET('RES Assumptions T15'!$D5,0,MATCH(VLOOKUP('RES Assumptions'!L$2,'RES Assumptions T15'!$V$3:$W$35,2,FALSE),'RES Assumptions T15'!$E$2:$S$2,0)) -> 0.65441803 | ... AH5: =OFFSET('RES Assumptions T15'!$D5,0,MATCH(VLOOKUP('RES Assumptions'!AH$2,'RES Assumptions T15'!$V$3:$W$35,2,FALSE),'RES Assumptions T15'!$E$2:$S$2,0)) -> 0.27180533 | AK5: =IFERROR(SUMIFS('RES balance'!E$5:E$25,'RES balance'!$D$5:$D$25,'RES Assumptions'!$A5)*E5,"") -> 326.04456 | AL5: =IFERROR(SUMIFS('RES balance'!F$5:F$25,'RES balance'!$D$5:$D$25,'RES Assumptions'!$A5)*F5,"") -> 0.00025755224 | AM5: =IFERROR(SUMIFS('RES balance'!G$5:G$25,'RES balance'!$D$5:$D$25,'RES Assumptions'!$A5)*G5,"") -> 245.92274 | AN5: =IFERROR(SUMIFS('RES balance'!H$5:H$25,'RES balance'!$D$5:$D$25,'RES Assumptions'!$A5)*H5,"") -> 120.26232 | AO5: =IFERROR(SUMIFS('RES balance'!I$5:I$25,'RES balance'!$D$5:$D$25,'RES Assumptions'!$A5)*I5,"") -> 489.83744 | AP5: =IFERROR(SUMIFS('RES balance'!J$5:J$25,'RES balance'!$D$5:$D$25,'RES Assumptions'!$A5)*J5,"") -> 0 | AQ5: =IFERROR(SUMIFS('RES balance'!K$5:K$25,'RES balance'!$D$5:$D$25,'RES Assumptions'!$A5)*K5,"") -> 52.76723 | AR5: =IFERROR(SUMIFS('RES balance'!L$5:L$25,'RES balance'!$D$5:$D$25,'RES Assumptions'!$A5)*L5,"") -> 11.177745 | ... BN5: =IFERROR(SUMIFS('RES balance'!AH$5:AH$25,'RES balance'!$D$5:$D$25,'RES Assumptions'!$A5)*AH5,"") -> 0
A6: =VLOOKUP(C6,'RES balance'!$AL$5:$AM$25,2,FALSE) -> RESNGA | C6: Natural Gas | D6: RCD | E6: =OFFSET('RES Assumptions T15'!$D6,0,MATCH(VLOOKUP('RES Assumptions'!E$2,'RES Assumptions T15'!$V$3:$W$35,2,FALSE),'RES Assumptions T15'!$E$2:$S$2,0)) -> 0 | F6: =OFFSET('RES Assumptions T15'!$D6,0,MATCH(VLOOKUP('RES Assumptions'!F$2,'RES Assumptions T15'!$V$3:$W$35,2,FALSE),'RES Assumptions T15'!$E$2:$S$2,0)) -> 0 | G6: =OFFSET('RES Assumptions T15'!$D6,0,MATCH(VLOOKUP('RES Assumptions'!G$2,'RES Assumptions T15'!$V$3:$W$35,2,FALSE),'RES Assumptions T15'!$E$2:$S$2,0)) -> 0 | H6: =OFFSET('RES Assumptions T15'!$D6,0,MATCH(VLOOKUP('RES Assumptions'!H$2,'RES Assumptions T15'!$V$3:$W$35,2,FALSE),'RES Assumptions T15'!$E$2:$S$2,0)) -> 0 | I6: =OFFSET('RES Assumptions T15'!$D6,0,MATCH(VLOOKUP('RES Assumptions'!I$2,'RES Assumptions T15'!$V$3:$W$35,2,FALSE),'RES Assumptions T15'!$E$2:$S$2,0)) -> 0 | J6: =OFFSET('RES Assumptions T15'!$D6,0,MATCH(VLOOKUP('RES Assumptions'!J$2,'RES Assumptions T15'!$V$3:$W$35,2,FALSE),'RES Assumptions T15'!$E$2:$S$2,0)) -> 0 | K6: =OFFSET('RES Assumptions T15'!$D6,0,MATCH(VLOOKUP('RES Assumptions'!K$2,'RES Assumptions T15'!$V$3:$W$35,2,FALSE),'RES Assumptions T15'!$E$2:$S$2,0)) -> 0 | L6: =OFFSET('RES Assumptions T15'!$D6,0,MATCH(VLOOKUP('RES Assumptions'!L$2,'RES Assumptions T15'!$V$3:$W$35,2,FALSE),'RES Assumptions T15'!$E$2:$S$2,0)) -> 0 | ... AH6: =OFFSET('RES Assumptions T15'!$D6,0,MATCH(VLOOKUP('RES Assumptions'!AH$2,'RES Assumptions T15'!$V$3:$W$35,2,FALSE),'RES Assumptions T15'!$E$2:$S$2,0)) -> 0 | AK6: =IFERROR(SUMIFS('RES balance'!E$5:E$25,'RES balance'!$D$5:$D$25,'RES Assumptions'!$A6)*E6,"") -> 0 | AL6: =IFERROR(SUMIFS('RES balance'!F$5:F$25,'RES balance'!$D$5:$D$25,'RES Assumptions'!$A6)*F6,"") -> 0 | AM6: =IFERROR(SUMIFS('RES balance'!G$5:G$25,'RES balance'!$D$5:$D$25,'RES Assumptions'!$A6)*G6,"") -> 0 | AN6: =IFERROR(SUMIFS('RES balance'!H$5:H$25,'RES balance'!$D$5:$D$25,'RES Assumptions'!$A6)*H6,"") -> 0 | AO6: =IFERROR(SUMIFS('RES balance'!I$5:I$25,'RES balance'!$D$5:$D$25,'RES Assumptions'!$A6)*I6,"") -> 0 | AP6: =IFERROR(SUMIFS('RES balance'!J$5:J$25,'RES balance'!$D$5:$D$25,'RES Assumptions'!$A6)*J6,"") -> 0 | AQ6: =IFERROR(SUMIFS('RES balance'!K$5:K$25,'RES balance'!$D$5:$D$25,'RES Assumptions'!$A6)*K6,"") -> 0 | AR6: =IFERROR(SUMIFS('RES balance'!L$5:L$25,'RES balance'!$D$5:$D$25,'RES Assumptions'!$A6)*L6,"") -> 0 | ... BN6: =IFERROR(SUMIFS('RES balance'!AH$5:AH$25,'RES balance'!$D$5:$D$25,'RES Assumptions'!$A6)*AH6,"") -> 0
A7: =VLOOKUP(C7,'RES balance'!$AL$5:$AM$25,2,FALSE) -> RESNGA | C7: Natural Gas | D7: RK | E7: =OFFSET('RES Assumptions T15'!$D7,0,MATCH(VLOOKUP('RES Assumptions'!E$2,'RES Assumptions T15'!$V$3:$W$35,2,FALSE),'RES Assumptions T15'!$E$2:$S$2,0)) -> 0.34408401 | F7: =OFFSET('RES Assumptions T15'!$D7,0,MATCH(VLOOKUP('RES Assumptions'!F$2,'RES Assumptions T15'!$V$3:$W$35,2,FALSE),'RES Assumptions T15'!$E$2:$S$2,0)) -> 0.34408401 | G7: =OFFSET('RES Assumptions T15'!$D7,0,MATCH(VLOOKUP('RES Assumptions'!G$2,'RES Assumptions T15'!$V$3:$W$35,2,FALSE),'RES Assumptions T15'!$E$2:$S$2,0)) -> 0.34408401 | H7: =OFFSET('RES Assumptions T15'!$D7,0,MATCH(VLOOKUP('RES Assumptions'!H$2,'RES Assumptions T15'!$V$3:$W$35,2,FALSE),'RES Assumptions T15'!$E$2:$S$2,0)) -> 0.12025082 | I7: =OFFSET('RES Assumptions T15'!$D7,0,MATCH(VLOOKUP('RES Assumptions'!I$2,'RES Assumptions T15'!$V$3:$W$35,2,FALSE),'RES Assumptions T15'!$E$2:$S$2,0)) -> 0.16359411 | J7: =OFFSET('RES Assumptions T15'!$D7,0,MATCH(VLOOKUP('RES Assumptions'!J$2,'RES Assumptions T15'!$V$3:$W$35,2,FALSE),'RES Assumptions T15'!$E$2:$S$2,0)) -> 1 | K7: =OFFSET('RES Assumptions T15'!$D7,0,MATCH(VLOOKUP('RES Assumptions'!K$2,'RES Assumptions T15'!$V$3:$W$35,2,FALSE),'RES Assumptions T15'!$E$2:$S$2,0)) -> 0.048980882 | L7: =OFFSET('RES Assumptions T15'!$D7,0,MATCH(VLOOKUP('RES Assumptions'!L$2,'RES Assumptions T15'!$V$3:$W$35,2,FALSE),'RES Assumptions T15'!$E$2:$S$2,0)) -> 0.34408401 | ... AH7: =OFFSET('RES Assumptions T15'!$D7,0,MATCH(VLOOKUP('RES Assumptions'!AH$2,'RES Assumptions T15'!$V$3:$W$35,2,FALSE),'RES Assumptions T15'!$E$2:$S$2,0)) -> 0.042616361 | AK7: =IFERROR(SUMIFS('RES balance'!E$5:E$25,'RES balance'!$D$5:$D$25,'RES Assumptions'!$A7)*E7,"") -> 171.42975 | AL7: =IFERROR(SUMIFS('RES balance'!F$5:F$25,'RES balance'!$D$5:$D$25,'RES Assumptions'!$A7)*F7,"") -> 0.00013541743 | AM7: =IFERROR(SUMIFS('RES balance'!G$5:G$25,'RES balance'!$D$5:$D$25,'RES Assumptions'!$A7)*G7,"") -> 129.30279 | AN7: =IFERROR(SUMIFS('RES balance'!H$5:H$25,'RES balance'!$D$5:$D$25,'RES Assumptions'!$A7)*H7,"") -> 74.139885 | AO7: =IFERROR(SUMIFS('RES balance'!I$5:I$25,'RES balance'!$D$5:$D$25,'RES Assumptions'!$A7)*I7,"") -> 122.7006 | AP7: =IFERROR(SUMIFS('RES balance'!J$5:J$25,'RES balance'!$D$5:$D$25,'RES Assumptions'!$A7)*J7,"") -> 505.28145 | AQ7: =IFERROR(SUMIFS('RES balance'!K$5:K$25,'RES balance'!$D$5:$D$25,'RES Assumptions'!$A7)*K7,"") -> 7.7415245 | AR7: =IFERROR(SUMIFS('RES balance'!L$5:L$25,'RES balance'!$D$5:$D$25,'RES Assumptions'!$A7)*L7,"") -> 5.8771048 | ... BN7: =IFERROR(SUMIFS('RES balance'!AH$5:AH$25,'RES balance'!$D$5:$D$25,'RES Assumptions'!$A7)*AH7,"") -> 0
A8: =VLOOKUP(C8,'RES balance'!$AL$5:$AM$25,2,FALSE) -> RESNGA | C8: Natural Gas | D8: ROT | E8: =OFFSET('RES Assumptions T15'!$D8,0,MATCH(VLOOKUP('RES Assumptions'!E$2,'RES Assumptions T15'!$V$3:$W$35,2,FALSE),'RES Assumptions T15'!$E$2:$S$2,0)) -> 0 | F8: =OFFSET('RES Assumptions T15'!$D8,0,MATCH(VLOOKUP('RES Assumptions'!F$2,'RES Assumptions T15'!$V$3:$W$35,2,FALSE),'RES Assumptions T15'!$E$2:$S$2,0)) -> 0 | G8: =OFFSET('RES Assumptions T15'!$D8,0,MATCH(VLOOKUP('RES Assumptions'!G$2,'RES Assumptions T15'!$V$3:$W$35,2,FALSE),'RES Assumptions T15'!$E$2:$S$2,0)) -> 0 | H8: =OFFSET('RES Assumptions T15'!$D8,0,MATCH(VLOOKUP('RES Assumptions'!H$2,'RES Assumptions T15'!$V$3:$W$35,2,FALSE),'RES Assumptions T15'!$E$2:$S$2,0)) -> 0.023841827 | I8: =OFFSET('RES Assumptions T15'!$D8,0,MATCH(VLOOKUP('RES Assumptions'!I$2,'RES Assumptions T15'!$V$3:$W$35,2,FALSE),'RES Assumptions T15'!$E$2:$S$2,0)) -> 0 | J8: =OFFSET('RES Assumptions T15'!$D8,0,MATCH(VLOOKUP('RES Assumptions'!J$2,'RES Assumptions T15'!$V$3:$W$35,2,FALSE),'RES Assumptions T15'!$E$2:$S$2,0)) -> 0 | K8: =OFFSET('RES Assumptions T15'!$D8,0,MATCH(VLOOKUP('RES Assumptions'!K$2,'RES Assumptions T15'!$V$3:$W$35,2,FALSE),'RES Assumptions T15'!$E$2:$S$2,0)) -> 0 | L8: =OFFSET('RES Assumptions T15'!$D8,0,MATCH(VLOOKUP('RES Assumptions'!L$2,'RES Assumptions T15'!$V$3:$W$35,2,FALSE),'RES Assumptions T15'!$E$2:$S$2,0)) -> 0 | ... AH8: =OFFSET('RES Assumptions T15'!$D8,0,MATCH(VLOOKUP('RES Assumptions'!AH$2,'RES Assumptions T15'!$V$3:$W$35,2,FALSE),'RES Assumptions T15'!$E$2:$S$2,0)) -> 0 | AK8: =IFERROR(SUMIFS('RES balance'!E$5:E$25,'RES balance'!$D$5:$D$25,'RES Assumptions'!$A8)*E8,"") -> 0 | AL8: =IFERROR(SUMIFS('RES balance'!F$5:F$25,'RES balance'!$D$5:$D$25,'RES Assumptions'!$A8)*F8,"") -> 0 | AM8: =IFERROR(SUMIFS('RES balance'!G$5:G$25,'RES balance'!$D$5:$D$25,'RES Assumptions'!$A8)*G8,"") -> 0 | AN8: =IFERROR(SUMIFS('RES balance'!H$5:H$25,'RES balance'!$D$5:$D$25,'RES Assumptions'!$A8)*H8,"") -> 14.699528 | AO8: =IFERROR(SUMIFS('RES balance'!I$5:I$25,'RES balance'!$D$5:$D$25,'RES Assumptions'!$A8)*I8,"") -> 0 | AP8: =IFERROR(SUMIFS('RES balance'!J$5:J$25,'RES balance'!$D$5:$D$25,'RES Assumptions'!$A8)*J8,"") -> 0 | AQ8: =IFERROR(SUMIFS('RES balance'!K$5:K$25,'RES balance'!$D$5:$D$25,'RES Assumptions'!$A8)*K8,"") -> 0 | AR8: =IFERROR(SUMIFS('RES balance'!L$5:L$25,'RES balance'!$D$5:$D$25,'RES Assumptions'!$A8)*L8,"") -> 0 | ... BN8: =IFERROR(SUMIFS('RES balance'!AH$5:AH$25,'RES balance'!$D$5:$D$25,'RES Assumptions'!$A8)*AH8,"") -> 0
A9: =VLOOKUP(C9,'RES balance'!$AL$5:$AM$25,2,FALSE) -> RESOIL | C9: Distallate | D9: RH | E9: =OFFSET('RES Assumptions T15'!$D9,0,MATCH(VLOOKUP('RES Assumptions'!E$2,'RES Assumptions T15'!$V$3:$W$35,2,FALSE),'RES Assumptions T15'!$E$2:$S$2,0)) -> 0.011199497 | F9: =OFFSET('RES Assumptions T15'!$D9,0,MATCH(VLOOKUP('RES Assumptions'!F$2,'RES Assumptions T15'!$V$3:$W$35,2,FALSE),'RES Assumptions T15'!$E$2:$S$2,0)) -> 0.011199497 | G9: =OFFSET('RES Assumptions T15'!$D9,0,MATCH(VLOOKUP('RES Assumptions'!G$2,'RES Assumptions T15'!$V$3:$W$35,2,FALSE),'RES Assumptions T15'!$E$2:$S$2,0)) -> 0.028907423 | H9: =OFFSET('RES Assumptions T15'!$D9,0,MATCH(VLOOKUP('RES Assumptions'!H$2,'RES Assumptions T15'!$V$3:$W$35,2,FALSE),'RES Assumptions T15'!$E$2:$S$2,0)) -> 0.74195819 | I9: =OFFSET('RES Assumptions T15'!$D9,0,MATCH(VLOOKUP('RES Assumptions'!I$2,'RES Assumptions T15'!$V$3:$W$35,2,FALSE),'RES Assumptions T15'!$E$2:$S$2,0)) -> 0.54377694 | J9: =OFFSET('RES Assumptions T15'!$D9,0,MATCH(VLOOKUP('RES Assumptions'!J$2,'RES Assumptions T15'!$V$3:$W$35,2,FALSE),'RES Assumptions T15'!$E$2:$S$2,0)) -> 0 | K9: =OFFSET('RES Assumptions T15'!$D9,0,MATCH(VLOOKUP('RES Assumptions'!K$2,'RES Assumptions T15'!$V$3:$W$35,2,FALSE),'RES Assumptions T15'!$E$2:$S$2,0)) -> 0.28924651 | L9: =OFFSET('RES Assumptions T15'!$D9,0,MATCH(VLOOKUP('RES Assumptions'!L$2,'RES Assumptions T15'!$V$3:$W$35,2,FALSE),'RES Assumptions T15'!$E$2:$S$2,0)) -> 0.028907423 | ... AH9: =OFFSET('RES Assumptions T15'!$D9,0,MATCH(VLOOKUP('RES Assumptions'!AH$2,'RES Assumptions T15'!$V$3:$W$35,2,FALSE),'RES Assumptions T15'!$E$2:$S$2,0)) -> 0.83153081 | AK9: =IFERROR(SUMIFS('RES balance'!E$5:E$25,'RES balance'!$D$5:$D$25,'RES Assumptions'!$A9)*E9,"") -> 0.0040239636 | AL9: =IFERROR(SUMIFS('RES balance'!F$5:F$25,'RES balance'!$D$5:$D$25,'RES Assumptions'!$A9)*F9,"") -> 0.17029056 | AM9: =IFERROR(SUMIFS('RES balance'!G$5:G$25,'RES balance'!$D$5:$D$25,'RES Assumptions'!$A9)*G9,"") -> 0 | AN9: =IFERROR(SUMIFS('RES balance'!H$5:H$25,'RES balance'!$D$5:$D$25,'RES Assumptions'!$A9)*H9,"") -> 78.220729 | AO9: =IFERROR(SUMIFS('RES balance'!I$5:I$25,'RES balance'!$D$5:$D$25,'RES Assumptions'!$A9)*I9,"") -> 16.990966 | AP9: =IFERROR(SUMIFS('RES balance'!J$5:J$25,'RES balance'!$D$5:$D$25,'RES Assumptions'!$A9)*J9,"") -> 0 | AQ9: =IFERROR(SUMIFS('RES balance'!K$5:K$25,'RES balance'!$D$5:$D$25,'RES Assumptions'!$A9)*K9,"") -> 0.035198217 | AR9: =IFERROR(SUMIFS('RES balance'!L$5:L$25,'RES balance'!$D$5:$D$25,'RES Assumptions'!$A9)*L9,"") -> 0 | ... BN9: =IFERROR(SUMIFS('RES balance'!AH$5:AH$25,'RES balance'!$D$5:$D$25,'RES Assumptions'!$A9)*AH9,"") -> 0
A10: =VLOOKUP(C10,'RES balance'!$AL$5:$AM$25,2,FALSE) -> RESOIL | C10: Distallate | D10: RHW | E10: =OFFSET('RES Assumptions T15'!$D10,0,MATCH(VLOOKUP('RES Assumptions'!E$2,'RES Assumptions T15'!$V$3:$W$35,2,FALSE),'RES Assumptions T15'!$E$2:$S$2,0)) -> 0.1109556 | F10: =OFFSET('RES Assumptions T15'!$D10,0,MATCH(VLOOKUP('RES Assumptions'!F$2,'RES Assumptions T15'!$V$3:$W$35,2,FALSE),'RES Assumptions T15'!$E$2:$S$2,0)) -> 0.1109556 | G10: =OFFSET('RES Assumptions T15'!$D10,0,MATCH(VLOOKUP('RES Assumptions'!G$2,'RES Assumptions T15'!$V$3:$W$35,2,FALSE),'RES Assumptions T15'!$E$2:$S$2,0)) -> 0.14250342 | H10: =OFFSET('RES Assumptions T15'!$D10,0,MATCH(VLOOKUP('RES Assumptions'!H$2,'RES Assumptions T15'!$V$3:$W$35,2,FALSE),'RES Assumptions T15'!$E$2:$S$2,0)) -> 0.096822342 | I10: =OFFSET('RES Assumptions T15'!$D10,0,MATCH(VLOOKUP('RES Assumptions'!I$2,'RES Assumptions T15'!$V$3:$W$35,2,FALSE),'RES Assumptions T15'!$E$2:$S$2,0)) -> 0.34868853 | J10: =OFFSET('RES Assumptions T15'!$D10,0,MATCH(VLOOKUP('RES Assumptions'!J$2,'RES Assumptions T15'!$V$3:$W$35,2,FALSE),'RES Assumptions T15'!$E$2:$S$2,0)) -> 0.098003347 | K10: =OFFSET('RES Assumptions T15'!$D10,0,MATCH(VLOOKUP('RES Assumptions'!K$2,'RES Assumptions T15'!$V$3:$W$35,2,FALSE),'RES Assumptions T15'!$E$2:$S$2,0)) -> 0.46648194 | L10: =OFFSET('RES Assumptions T15'!$D10,0,MATCH(VLOOKUP('RES Assumptions'!L$2,'RES Assumptions T15'!$V$3:$W$35,2,FALSE),'RES Assumptions T15'!$E$2:$S$2,0)) -> 0.14250342 | ... AH10: =OFFSET('RES Assumptions T15'!$D10,0,MATCH(VLOOKUP('RES Assumptions'!AH$2,'RES Assumptions T15'!$V$3:$W$35,2,FALSE),'RES Assumptions T15'!$E$2:$S$2,0)) -> 0.14541311 | AK10: =IFERROR(SUMIFS('RES balance'!E$5:E$25,'RES balance'!$D$5:$D$25,'RES Assumptions'!$A10)*E10,"") -> 0.039866193 | AL10: =IFERROR(SUMIFS('RES balance'!F$5:F$25,'RES balance'!$D$5:$D$25,'RES Assumptions'!$A10)*F10,"") -> 1.6871018 | AM10: =IFERROR(SUMIFS('RES balance'!G$5:G$25,'RES balance'!$D$5:$D$25,'RES Assumptions'!$A10)*G10,"") -> 0 | AN10: =IFERROR(SUMIFS('RES balance'!H$5:H$25,'RES balance'!$D$5:$D$25,'RES Assumptions'!$A10)*H10,"") -> 10.207468 | AO10: =IFERROR(SUMIFS('RES balance'!I$5:I$25,'RES balance'!$D$5:$D$25,'RES Assumptions'!$A10)*I10,"") -> 10.895194 | AP10: =IFERROR(SUMIFS('RES balance'!J$5:J$25,'RES balance'!$D$5:$D$25,'RES Assumptions'!$A10)*J10,"") -> 0.30636738 | AQ10: =IFERROR(SUMIFS('RES balance'!K$5:K$25,'RES balance'!$D$5:$D$25,'RES Assumptions'!$A10)*K10,"") -> 0.05676588 | AR10: =IFERROR(SUMIFS('RES balance'!L$5:L$25,'RES balance'!$D$5:$D$25,'RES Assumptions'!$A10)*L10,"") -> 0 | ... BN10: =IFERROR(SUMIFS('RES balance'!AH$5:AH$25,'RES balance'!$D$5:$D$25,'RES Assumptions'!$A10)*AH10,"") -> 0
A11: =VLOOKUP(C11,'RES balance'!$AL$5:$AM$25,2,FALSE) -> RESOIL | C11: Distallate | D11: RK | E11: =OFFSET('RES Assumptions T15'!$D11,0,MATCH(VLOOKUP('RES Assumptions'!E$2,'RES Assumptions T15'!$V$3:$W$35,2,FALSE),'RES Assumptions T15'!$E$2:$S$2,0)) -> 0.85970763 | F11: =OFFSET('RES Assumptions T15'!$D11,0,MATCH(VLOOKUP('RES Assumptions'!F$2,'RES Assumptions T15'!$V$3:$W$35,2,FALSE),'RES Assumptions T15'!$E$2:$S$2,0)) -> 0.85970763 | G11: =OFFSET('RES Assumptions T15'!$D11,0,MATCH(VLOOKUP('RES Assumptions'!G$2,'RES Assumptions T15'!$V$3:$W$35,2,FALSE),'RES Assumptions T15'!$E$2:$S$2,0)) -> 0.70693721 | H11: =OFFSET('RES Assumptions T15'!$D11,0,MATCH(VLOOKUP('RES Assumptions'!H$2,'RES Assumptions T15'!$V$3:$W$35,2,FALSE),'RES Assumptions T15'!$E$2:$S$2,0)) -> 0.15909809 | I11: =OFFSET('RES Assumptions T15'!$D11,0,MATCH(VLOOKUP('RES Assumptions'!I$2,'RES Assumptions T15'!$V$3:$W$35,2,FALSE),'RES Assumptions T15'!$E$2:$S$2,0)) -> 0.10753452 | J11: =OFFSET('RES Assumptions T15'!$D11,0,MATCH(VLOOKUP('RES Assumptions'!J$2,'RES Assumptions T15'!$V$3:$W$35,2,FALSE),'RES Assumptions T15'!$E$2:$S$2,0)) -> 0.89583576 | K11: =OFFSET('RES Assumptions T15'!$D11,0,MATCH(VLOOKUP('RES Assumptions'!K$2,'RES Assumptions T15'!$V$3:$W$35,2,FALSE),'RES Assumptions T15'!$E$2:$S$2,0)) -> 0.24427155 | L11: =OFFSET('RES Assumptions T15'!$D11,0,MATCH(VLOOKUP('RES Assumptions'!L$2,'RES Assumptions T15'!$V$3:$W$35,2,FALSE),'RES Assumptions T15'!$E$2:$S$2,0)) -> 0.70693721 | ... AH11: =OFFSET('RES Assumptions T15'!$D11,0,MATCH(VLOOKUP('RES Assumptions'!AH$2,'RES Assumptions T15'!$V$3:$W$35,2,FALSE),'RES Assumptions T15'!$E$2:$S$2,0)) -> 0.023056072 | AK11: =IFERROR(SUMIFS('RES balance'!E$5:E$25,'RES balance'!$D$5:$D$25,'RES Assumptions'!$A11)*E11,"") -> 0.30889176 | AL11: =IFERROR(SUMIFS('RES balance'!F$5:F$25,'RES balance'!$D$5:$D$25,'RES Assumptions'!$A11)*F11,"") -> 13.072024 | AM11: =IFERROR(SUMIFS('RES balance'!G$5:G$25,'RES balance'!$D$5:$D$25,'RES Assumptions'!$A11)*G11,"") -> 0 | AN11: =IFERROR(SUMIFS('RES balance'!H$5:H$25,'RES balance'!$D$5:$D$25,'RES Assumptions'!$A11)*H11,"") -> 16.772871 | AO11: =IFERROR(SUMIFS('RES balance'!I$5:I$25,'RES balance'!$D$5:$D$25,'RES Assumptions'!$A11)*I11,"") -> 3.3600459 | AP11: =IFERROR(SUMIFS('RES balance'!J$5:J$25,'RES balance'!$D$5:$D$25,'RES Assumptions'!$A11)*J11,"") -> 2.8004641 | AQ11: =IFERROR(SUMIFS('RES balance'!K$5:K$25,'RES balance'!$D$5:$D$25,'RES Assumptions'!$A11)*K11,"") -> 0.029725245 | AR11: =IFERROR(SUMIFS('RES balance'!L$5:L$25,'RES balance'!$D$5:$D$25,'RES Assumptions'!$A11)*L11,"") -> 0 | ... BN11: =IFERROR(SUMIFS('RES balance'!AH$5:AH$25,'RES balance'!$D$5:$D$25,'RES Assumptions'!$A11)*AH11,"") -> 0
A12: =VLOOKUP(C12,'RES balance'!$AL$5:$AM$25,2,FALSE) -> RESOIL | C12: Distallate | D12: ROT | E12: =OFFSET('RES Assumptions T15'!$D12,0,MATCH(VLOOKUP('RES Assumptions'!E$2,'RES Assumptions T15'!$V$3:$W$35,2,FALSE),'RES Assumptions T15'!$E$2:$S$2,0)) -> 0.018137279 | F12: =OFFSET('RES Assumptions T15'!$D12,0,MATCH(VLOOKUP('RES Assumptions'!F$2,'RES Assumptions T15'!$V$3:$W$35,2,FALSE),'RES Assumptions T15'!$E$2:$S$2,0)) -> 0.018137279 | G12: =OFFSET('RES Assumptions T15'!$D12,0,MATCH(VLOOKUP('RES Assumptions'!G$2,'RES Assumptions T15'!$V$3:$W$35,2,FALSE),'RES Assumptions T15'!$E$2:$S$2,0)) -> 0.12165195 | H12: =OFFSET('RES Assumptions T15'!$D12,0,MATCH(VLOOKUP('RES Assumptions'!H$2,'RES Assumptions T15'!$V$3:$W$35,2,FALSE),'RES Assumptions T15'!$E$2:$S$2,0)) -> 0.0021213736 | I12: =OFFSET('RES Assumptions T15'!$D12,0,MATCH(VLOOKUP('RES Assumptions'!I$2,'RES Assumptions T15'!$V$3:$W$35,2,FALSE),'RES Assumptions T15'!$E$2:$S$2,0)) -> 0 | J12: =OFFSET('RES Assumptions T15'!$D12,0,MATCH(VLOOKUP('RES Assumptions'!J$2,'RES Assumptions T15'!$V$3:$W$35,2,FALSE),'RES Assumptions T15'!$E$2:$S$2,0)) -> 0.0061608878 | K12: =OFFSET('RES Assumptions T15'!$D12,0,MATCH(VLOOKUP('RES Assumptions'!K$2,'RES Assumptions T15'!$V$3:$W$35,2,FALSE),'RES Assumptions T15'!$E$2:$S$2,0)) -> 0 | L12: =OFFSET('RES Assumptions T15'!$D12,0,MATCH(VLOOKUP('RES Assumptions'!L$2,'RES Assumptions T15'!$V$3:$W$35,2,FALSE),'RES Assumptions T15'!$E$2:$S$2,0)) -> 0.12165195 | ... AH12: =OFFSET('RES Assumptions T15'!$D12,0,MATCH(VLOOKUP('RES Assumptions'!AH$2,'RES Assumptions T15'!$V$3:$W$35,2,FALSE),'RES Assumptions T15'!$E$2:$S$2,0)) -> 0 | AK12: =IFERROR(SUMIFS('RES balance'!E$5:E$25,'RES balance'!$D$5:$D$25,'RES Assumptions'!$A12)*E12,"") -> 0.0065166991 | AL12: =IFERROR(SUMIFS('RES balance'!F$5:F$25,'RES balance'!$D$5:$D$25,'RES Assumptions'!$A12)*F12,"") -> 0.2757809 | AM12: =IFERROR(SUMIFS('RES balance'!G$5:G$25,'RES balance'!$D$5:$D$25,'RES Assumptions'!$A12)*G12,"") -> 0 | AN12: =IFERROR(SUMIFS('RES balance'!H$5:H$25,'RES balance'!$D$5:$D$25,'RES Assumptions'!$A12)*H12,"") -> 0.2236452 | AO12: =IFERROR(SUMIFS('RES balance'!I$5:I$25,'RES balance'!$D$5:$D$25,'RES Assumptions'!$A12)*I12,"") -> 0 | AP12: =IFERROR(SUMIFS('RES balance'!J$5:J$25,'RES balance'!$D$5:$D$25,'RES Assumptions'!$A12)*J12,"") -> 0.019259496 | AQ12: =IFERROR(SUMIFS('RES balance'!K$5:K$25,'RES balance'!$D$5:$D$25,'RES Assumptions'!$A12)*K12,"") -> 0 | AR12: =IFERROR(SUMIFS('RES balance'!L$5:L$25,'RES balance'!$D$5:$D$25,'RES Assumptions'!$A12)*L12,"") -> 0 | ... BN12: =IFERROR(SUMIFS('RES balance'!AH$5:AH$25,'RES balance'!$D$5:$D$25,'RES Assumptions'!$A12)*AH12,"") -> 0
A13: =VLOOKUP(C13,'RES balance'!$AL$5:$AM$25,2,FALSE) -> 0 | C13: Heavy | D13: RH | E13: =OFFSET('RES Assumptions T15'!$D13,0,MATCH(VLOOKUP('RES Assumptions'!E$2,'RES Assumptions T15'!$V$3:$W$35,2,FALSE),'RES Assumptions T15'!$E$2:$S$2,0)) -> 1 | F13: =OFFSET('RES Assumptions T15'!$D13,0,MATCH(VLOOKUP('RES Assumptions'!F$2,'RES Assumptions T15'!$V$3:$W$35,2,FALSE),'RES Assumptions T15'!$E$2:$S$2,0)) -> 1 | G13: =OFFSET('RES Assumptions T15'!$D13,0,MATCH(VLOOKUP('RES Assumptions'!G$2,'RES Assumptions T15'!$V$3:$W$35,2,FALSE),'RES Assumptions T15'!$E$2:$S$2,0)) -> 1 | H13: =OFFSET('RES Assumptions T15'!$D13,0,MATCH(VLOOKUP('RES Assumptions'!H$2,'RES Assumptions T15'!$V$3:$W$35,2,FALSE),'RES Assumptions T15'!$E$2:$S$2,0)) -> 0.9 | I13: =OFFSET('RES Assumptions T15'!$D13,0,MATCH(VLOOKUP('RES Assumptions'!I$2,'RES Assumptions T15'!$V$3:$W$35,2,FALSE),'RES Assumptions T15'!$E$2:$S$2,0)) -> 1 | J13: =OFFSET('RES Assumptions T15'!$D13,0,MATCH(VLOOKUP('RES Assumptions'!J$2,'RES Assumptions T15'!$V$3:$W$35,2,FALSE),'RES Assumptions T15'!$E$2:$S$2,0)) -> 1 | K13: =OFFSET('RES Assumptions T15'!$D13,0,MATCH(VLOOKUP('RES Assumptions'!K$2,'RES Assumptions T15'!$V$3:$W$35,2,FALSE),'RES Assumptions T15'!$E$2:$S$2,0)) -> 1 | L13: =OFFSET('RES Assumptions T15'!$D13,0,MATCH(VLOOKUP('RES Assumptions'!L$2,'RES Assumptions T15'!$V$3:$W$35,2,FALSE),'RES Assumptions T15'!$E$2:$S$2,0)) -> 1 | ... AH13: =OFFSET('RES Assumptions T15'!$D13,0,MATCH(VLOOKUP('RES Assumptions'!AH$2,'RES Assumptions T15'!$V$3:$W$35,2,FALSE),'RES Assumptions T15'!$E$2:$S$2,0)) -> 1 | AK13: =IFERROR(SUMIFS('RES balance'!E$5:E$25,'RES balance'!$D$5:$D$25,'RES Assumptions'!$A13)*E13,"") -> 0 | AL13: =IFERROR(SUMIFS('RES balance'!F$5:F$25,'RES balance'!$D$5:$D$25,'RES Assumptions'!$A13)*F13,"") -> 0 | AM13: =IFERROR(SUMIFS('RES balance'!G$5:G$25,'RES balance'!$D$5:$D$25,'RES Assumptions'!$A13)*G13,"") -> 0 | AN13: =IFERROR(SUMIFS('RES balance'!H$5:H$25,'RES balance'!$D$5:$D$25,'RES Assumptions'!$A13)*H13,"") -> 0 | AO13: =IFERROR(SUMIFS('RES balance'!I$5:I$25,'RES balance'!$D$5:$D$25,'RES Assumptions'!$A13)*I13,"") -> 0 | AP13: =IFERROR(SUMIFS('RES balance'!J$5:J$25,'RES balance'!$D$5:$D$25,'RES Assumptions'!$A13)*J13,"") -> 0 | AQ13: =IFERROR(SUMIFS('RES balance'!K$5:K$25,'RES balance'!$D$5:$D$25,'RES Assumptions'!$A13)*K13,"") -> 0 | AR13: =IFERROR(SUMIFS('RES balance'!L$5:L$25,'RES balance'!$D$5:$D$25,'RES Assumptions'!$A13)*L13,"") -> 0 | ... BN13: =IFERROR(SUMIFS('RES balance'!AH$5:AH$25,'RES balance'!$D$5:$D$25,'RES Assumptions'!$A13)*AH13,"") -> 0
A14: =VLOOKUP(C14,'RES balance'!$AL$5:$AM$25,2,FALSE) -> 0 | C14: Heavy | D14: RHW | E14: =OFFSET('RES Assumptions T15'!$D14,0,MATCH(VLOOKUP('RES Assumptions'!E$2,'RES Assumptions T15'!$V$3:$W$35,2,FALSE),'RES Assumptions T15'!$E$2:$S$2,0)) -> 0 | F14: =OFFSET('RES Assumptions T15'!$D14,0,MATCH(VLOOKUP('RES Assumptions'!F$2,'RES Assumptions T15'!$V$3:$W$35,2,FALSE),'RES Assumptions T15'!$E$2:$S$2,0)) -> 0 | G14: =OFFSET('RES Assumptions T15'!$D14,0,MATCH(VLOOKUP('RES Assumptions'!G$2,'RES Assumptions T15'!$V$3:$W$35,2,FALSE),'RES Assumptions T15'!$E$2:$S$2,0)) -> 0 | H14: =OFFSET('RES Assumptions T15'!$D14,0,MATCH(VLOOKUP('RES Assumptions'!H$2,'RES Assumptions T15'!$V$3:$W$35,2,FALSE),'RES Assumptions T15'!$E$2:$S$2,0)) -> 0.1 | I14: =OFFSET('RES Assumptions T15'!$D14,0,MATCH(VLOOKUP('RES Assumptions'!I$2,'RES Assumptions T15'!$V$3:$W$35,2,FALSE),'RES Assumptions T15'!$E$2:$S$2,0)) -> 0 | J14: =OFFSET('RES Assumptions T15'!$D14,0,MATCH(VLOOKUP('RES Assumptions'!J$2,'RES Assumptions T15'!$V$3:$W$35,2,FALSE),'RES Assumptions T15'!$E$2:$S$2,0)) -> 0 | K14: =OFFSET('RES Assumptions T15'!$D14,0,MATCH(VLOOKUP('RES Assumptions'!K$2,'RES Assumptions T15'!$V$3:$W$35,2,FALSE),'RES Assumptions T15'!$E$2:$S$2,0)) -> 0 | L14: =OFFSET('RES Assumptions T15'!$D14,0,MATCH(VLOOKUP('RES Assumptions'!L$2,'RES Assumptions T15'!$V$3:$W$35,2,FALSE),'RES Assumptions T15'!$E$2:$S$2,0)) -> 0 | ... AH14: =OFFSET('RES Assumptions T15'!$D14,0,MATCH(VLOOKUP('RES Assumptions'!AH$2,'RES Assumptions T15'!$V$3:$W$35,2,FALSE),'RES Assumptions T15'!$E$2:$S$2,0)) -> 0 | AK14: =IFERROR(SUMIFS('RES balance'!E$5:E$25,'RES balance'!$D$5:$D$25,'RES Assumptions'!$A14)*E14,"") -> 0 | AL14: =IFERROR(SUMIFS('RES balance'!F$5:F$25,'RES balance'!$D$5:$D$25,'RES Assumptions'!$A14)*F14,"") -> 0 | AM14: =IFERROR(SUMIFS('RES balance'!G$5:G$25,'RES balance'!$D$5:$D$25,'RES Assumptions'!$A14)*G14,"") -> 0 | AN14: =IFERROR(SUMIFS('RES balance'!H$5:H$25,'RES balance'!$D$5:$D$25,'RES Assumptions'!$A14)*H14,"") -> 0 | AO14: =IFERROR(SUMIFS('RES balance'!I$5:I$25,'RES balance'!$D$5:$D$25,'RES Assumptions'!$A14)*I14,"") -> 0 | AP14: =IFERROR(SUMIFS('RES balance'!J$5:J$25,'RES balance'!$D$5:$D$25,'RES Assumptions'!$A14)*J14,"") -> 0 | AQ14: =IFERROR(SUMIFS('RES balance'!K$5:K$25,'RES balance'!$D$5:$D$25,'RES Assumptions'!$A14)*K14,"") -> 0 | AR14: =IFERROR(SUMIFS('RES balance'!L$5:L$25,'RES balance'!$D$5:$D$25,'RES Assumptions'!$A14)*L14,"") -> 0 | ... BN14: =IFERROR(SUMIFS('RES balance'!AH$5:AH$25,'RES balance'!$D$5:$D$25,'RES Assumptions'!$A14)*AH14,"") -> 0
... A64: =VLOOKUP(C64,'RES balance'!$AL$5:$AM$25,2,FALSE) -> RESSTH | C64: Solar | D64: ROT | E64: =OFFSET('RES Assumptions T15'!$D64,0,MATCH(VLOOKUP('RES Assumptions'!E$2,'RES Assumptions T15'!$V$3:$W$35,2,FALSE),'RES Assumptions T15'!$E$2:$S$2,0)) -> 0 | F64: =OFFSET('RES Assumptions T15'!$D64,0,MATCH(VLOOKUP('RES Assumptions'!F$2,'RES Assumptions T15'!$V$3:$W$35,2,FALSE),'RES Assumptions T15'!$E$2:$S$2,0)) -> 0 | G64: =OFFSET('RES Assumptions T15'!$D64,0,MATCH(VLOOKUP('RES Assumptions'!G$2,'RES Assumptions T15'!$V$3:$W$35,2,FALSE),'RES Assumptions T15'!$E$2:$S$2,0)) -> 0 | H64: =OFFSET('RES Assumptions T15'!$D64,0,MATCH(VLOOKUP('RES Assumptions'!H$2,'RES Assumptions T15'!$V$3:$W$35,2,FALSE),'RES Assumptions T15'!$E$2:$S$2,0)) -> 0 | I64: =OFFSET('RES Assumptions T15'!$D64,0,MATCH(VLOOKUP('RES Assumptions'!I$2,'RES Assumptions T15'!$V$3:$W$35,2,FALSE),'RES Assumptions T15'!$E$2:$S$2,0)) -> 0 | J64: =OFFSET('RES Assumptions T15'!$D64,0,MATCH(VLOOKUP('RES Assumptions'!J$2,'RES Assumptions T15'!$V$3:$W$35,2,FALSE),'RES Assumptions T15'!$E$2:$S$2,0)) -> 0 | K64: =OFFSET('RES Assumptions T15'!$D64,0,MATCH(VLOOKUP('RES Assumptions'!K$2,'RES Assumptions T15'!$V$3:$W$35,2,FALSE),'RES Assumptions T15'!$E$2:$S$2,0)) -> 0 | L64: =OFFSET('RES Assumptions T15'!$D64,0,MATCH(VLOOKUP('RES Assumptions'!L$2,'RES Assumptions T15'!$V$3:$W$35,2,FALSE),'RES Assumptions T15'!$E$2:$S$2,0)) -> 0 | ... AH64: =OFFSET('RES Assumptions T15'!$D64,0,MATCH(VLOOKUP('RES Assumptions'!AH$2,'RES Assumptions T15'!$V$3:$W$35,2,FALSE),'RES Assumptions T15'!$E$2:$S$2,0)) -> 0 | AK64: =IFERROR(SUMIFS('RES balance'!E$5:E$25,'RES balance'!$D$5:$D$25,'RES Assumptions'!$A64)*E64,"") -> 0 | AL64: =IFERROR(SUMIFS('RES balance'!F$5:F$25,'RES balance'!$D$5:$D$25,'RES Assumptions'!$A64)*F64,"") -> 0 | AM64: =IFERROR(SUMIFS('RES balance'!G$5:G$25,'RES balance'!$D$5:$D$25,'RES Assumptions'!$A64)*G64,"") -> 0 | AN64: =IFERROR(SUMIFS('RES balance'!H$5:H$25,'RES balance'!$D$5:$D$25,'RES Assumptions'!$A64)*H64,"") -> 0 | AO64: =IFERROR(SUMIFS('RES balance'!I$5:I$25,'RES balance'!$D$5:$D$25,'RES Assumptions'!$A64)*I64,"") -> 0 | AP64: =IFERROR(SUMIFS('RES balance'!J$5:J$25,'RES balance'!$D$5:$D$25,'RES Assumptions'!$A64)*J64,"") -> 0 | AQ64: =IFERROR(SUMIFS('RES balance'!K$5:K$25,'RES balance'!$D$5:$D$25,'RES Assumptions'!$A64)*K64,"") -> 0 | AR64: =IFERROR(SUMIFS('RES balance'!L$5:L$25,'RES balance'!$D$5:$D$25,'RES Assumptions'!$A64)*L64,"") -> 0 | ... BN64: =IFERROR(SUMIFS('RES balance'!AH$5:AH$25,'RES balance'!$D$5:$D$25,'RES Assumptions'!$A64)*AH64,"") -> 0
C66: Technology Shares
C67: Heating | E67: 3 | F67: =E67+1 -> 4 | G67: =F67+1 -> 5 | H67: =G67+1 -> 6 | I67: =H67+1 -> 7 | J67: =I67+1 -> 8 | K67: =J67+1 -> 9 | L67: =K67+1 -> 10 | M67: =L67+1 -> 11 | ... AH67: =AG67+1 -> 32
A68: =B68&D68 -> RHRESNGA | B68: RH | C68: RHNGA | D68: RESNGA | E68: =OFFSET('RES Assumptions T15'!$D68,0,MATCH(VLOOKUP('RES Assumptions'!E$2,'RES Assumptions T15'!$V$3:$W$35,2,FALSE),'RES Assumptions T15'!$E$2:$S$2,0)) -> 0.999 | F68: =OFFSET('RES Assumptions T15'!$D68,0,MATCH(VLOOKUP('RES Assumptions'!F$2,'RES Assumptions T15'!$V$3:$W$35,2,FALSE),'RES Assumptions T15'!$E$2:$S$2,0)) -> 0.999 | G68: =OFFSET('RES Assumptions T15'!$D68,0,MATCH(VLOOKUP('RES Assumptions'!G$2,'RES Assumptions T15'!$V$3:$W$35,2,FALSE),'RES Assumptions T15'!$E$2:$S$2,0)) -> 0.9999 | H68: =OFFSET('RES Assumptions T15'!$D68,0,MATCH(VLOOKUP('RES Assumptions'!H$2,'RES Assumptions T15'!$V$3:$W$35,2,FALSE),'RES Assumptions T15'!$E$2:$S$2,0)) -> 0.999 | I68: =OFFSET('RES Assumptions T15'!$D68,0,MATCH(VLOOKUP('RES Assumptions'!I$2,'RES Assumptions T15'!$V$3:$W$35,2,FALSE),'RES Assumptions T15'!$E$2:$S$2,0)) -> 0.95 | J68: =OFFSET('RES Assumptions T15'!$D68,0,MATCH(VLOOKUP('RES Assumptions'!J$2,'RES Assumptions T15'!$V$3:$W$35,2,FALSE),'RES Assumptions T15'!$E$2:$S$2,0)) -> 0.999 | K68: =OFFSET('RES Assumptions T15'!$D68,0,MATCH(VLOOKUP('RES Assumptions'!K$2,'RES Assumptions T15'!$V$3:$W$35,2,FALSE),'RES Assumptions T15'!$E$2:$S$2,0)) -> 0.999 | L68: =OFFSET('RES Assumptions T15'!$D68,0,MATCH(VLOOKUP('RES Assumptions'!L$2,'RES Assumptions T15'!$V$3:$W$35,2,FALSE),'RES Assumptions T15'!$E$2:$S$2,0)) -> 0.9999 | ... AH68: =OFFSET('RES Assumptions T15'!$D68,0,MATCH(VLOOKUP('RES Assumptions'!AH$2,'RES Assumptions T15'!$V$3:$W$35,2,FALSE),'RES Assumptions T15'!$E$2:$S$2,0)) -> 0.99969834 | AJ68: RES.HEAT.R1: .00.NGA.INS-REG.BURNER.STD.
A69: =B69&D69 -> RHRESNGA | B69: RH | C69: RHNHP | D69: RESNGA | E69: =OFFSET('RES Assumptions T15'!$D69,0,MATCH(VLOOKUP('RES Assumptions'!E$2,'RES Assumptions T15'!$V$3:$W$35,2,FALSE),'RES Assumptions T15'!$E$2:$S$2,0)) -> 0.001 | F69: =OFFSET('RES Assumptions T15'!$D69,0,MATCH(VLOOKUP('RES Assumptions'!F$2,'RES Assumptions T15'!$V$3:$W$35,2,FALSE),'RES Assumptions T15'!$E$2:$S$2,0)) -> 0.001 | G69: =OFFSET('RES Assumptions T15'!$D69,0,MATCH(VLOOKUP('RES Assumptions'!G$2,'RES Assumptions T15'!$V$3:$W$35,2,FALSE),'RES Assumptions T15'!$E$2:$S$2,0)) -> 0.0001 | H69: =OFFSET('RES Assumptions T15'!$D69,0,MATCH(VLOOKUP('RES Assumptions'!H$2,'RES Assumptions T15'!$V$3:$W$35,2,FALSE),'RES Assumptions T15'!$E$2:$S$2,0)) -> 0.001 | I69: =OFFSET('RES Assumptions T15'!$D69,0,MATCH(VLOOKUP('RES Assumptions'!I$2,'RES Assumptions T15'!$V$3:$W$35,2,FALSE),'RES Assumptions T15'!$E$2:$S$2,0)) -> 0.05 | J69: =OFFSET('RES Assumptions T15'!$D69,0,MATCH(VLOOKUP('RES Assumptions'!J$2,'RES Assumptions T15'!$V$3:$W$35,2,FALSE),'RES Assumptions T15'!$E$2:$S$2,0)) -> 0.001 | K69: =OFFSET('RES Assumptions T15'!$D69,0,MATCH(VLOOKUP('RES Assumptions'!K$2,'RES Assumptions T15'!$V$3:$W$35,2,FALSE),'RES Assumptions T15'!$E$2:$S$2,0)) -> 0.001 | L69: =OFFSET('RES Assumptions T15'!$D69,0,MATCH(VLOOKUP('RES Assumptions'!L$2,'RES Assumptions T15'!$V$3:$W$35,2,FALSE),'RES Assumptions T15'!$E$2:$S$2,0)) -> 0.0001 | ... AH69: =OFFSET('RES Assumptions T15'!$D69,0,MATCH(VLOOKUP('RES Assumptions'!AH$2,'RES Assumptions T15'!$V$3:$W$35,2,FALSE),'RES Assumptions T15'!$E$2:$S$2,0)) -> 0.00030166146 | AJ69: RES.HEAT.R1: .00.NGA.INS-REG.HEAT PUMP.AIR.STD.
A70: =B70&D70 -> RHRESELC | B70: RH | C70: RHERS | D70: RESELC | E70: =OFFSET('RES Assumptions T15'!$D70,0,MATCH(VLOOKUP('RES Assumptions'!E$2,'RES Assumptions T15'!$V$3:$W$35,2,FALSE),'RES Assumptions T15'!$E$2:$S$2,0)) -> 0.99 | F70: =OFFSET('RES Assumptions T15'!$D70,0,MATCH(VLOOKUP('RES Assumptions'!F$2,'RES Assumptions T15'!$V$3:$W$35,2,FALSE),'RES Assumptions T15'!$E$2:$S$2,0)) -> 0.99 | G70: =OFFSET('RES Assumptions T15'!$D70,0,MATCH(VLOOKUP('RES Assumptions'!G$2,'RES Assumptions T15'!$V$3:$W$35,2,FALSE),'RES Assumptions T15'!$E$2:$S$2,0)) -> 0.999 | H70: =OFFSET('RES Assumptions T15'!$D70,0,MATCH(VLOOKUP('RES Assumptions'!H$2,'RES Assumptions T15'!$V$3:$W$35,2,FALSE),'RES Assumptions T15'!$E$2:$S$2,0)) -> 0.99 | I70: =OFFSET('RES Assumptions T15'!$D70,0,MATCH(VLOOKUP('RES Assumptions'!I$2,'RES Assumptions T15'!$V$3:$W$35,2,FALSE),'RES Assumptions T15'!$E$2:$S$2,0)) -> 0.55 | J70: =OFFSET('RES Assumptions T15'!$D70,0,MATCH(VLOOKUP('RES Assumptions'!J$2,'RES Assumptions T15'!$V$3:$W$35,2,FALSE),'RES Assumptions T15'!$E$2:$S$2,0)) -> 0.999 | K70: =OFFSET('RES Assumptions T15'!$D70,0,MATCH(VLOOKUP('RES Assumptions'!K$2,'RES Assumptions T15'!$V$3:$W$35,2,FALSE),'RES Assumptions T15'!$E$2:$S$2,0)) -> 0.95 | L70: =OFFSET('RES Assumptions T15'!$D70,0,MATCH(VLOOKUP('RES Assumptions'!L$2,'RES Assumptions T15'!$V$3:$W$35,2,FALSE),'RES Assumptions T15'!$E$2:$S$2,0)) -> 0.999 | ... AH70: =OFFSET('RES Assumptions T15'!$D70,0,MATCH(VLOOKUP('RES Assumptions'!AH$2,'RES Assumptions T15'!$V$3:$W$35,2,FALSE),'RES Assumptions T15'!$E$2:$S$2,0)) -> 0.71316328 | AJ70: RES.HEAT.R1: .00.ELC.INS-REG.RESISTANCE.
A71: =B71&D71 -> RHRESELC | B71: RH | C71: RHEHP | D71: RESELC | E71: =OFFSET('RES Assumptions T15'!$D71,0,MATCH(VLOOKUP('RES Assumptions'!E$2,'RES Assumptions T15'!$V$3:$W$35,2,FALSE),'RES Assumptions T15'!$E$2:$S$2,0)) -> 0.01 | F71: =OFFSET('RES Assumptions T15'!$D71,0,MATCH(VLOOKUP('RES Assumptions'!F$2,'RES Assumptions T15'!$V$3:$W$35,2,FALSE),'RES Assumptions T15'!$E$2:$S$2,0)) -> 0.01 | G71: =OFFSET('RES Assumptions T15'!$D71,0,MATCH(VLOOKUP('RES Assumptions'!G$2,'RES Assumptions T15'!$V$3:$W$35,2,FALSE),'RES Assumptions T15'!$E$2:$S$2,0)) -> 0.001 | H71: =OFFSET('RES Assumptions T15'!$D71,0,MATCH(VLOOKUP('RES Assumptions'!H$2,'RES Assumptions T15'!$V$3:$W$35,2,FALSE),'RES Assumptions T15'!$E$2:$S$2,0)) -> 0.01 | I71: =OFFSET('RES Assumptions T15'!$D71,0,MATCH(VLOOKUP('RES Assumptions'!I$2,'RES Assumptions T15'!$V$3:$W$35,2,FALSE),'RES Assumptions T15'!$E$2:$S$2,0)) -> 0.45 | J71: =OFFSET('RES Assumptions T15'!$D71,0,MATCH(VLOOKUP('RES Assumptions'!J$2,'RES Assumptions T15'!$V$3:$W$35,2,FALSE),'RES Assumptions T15'!$E$2:$S$2,0)) -> 0.001 | K71: =OFFSET('RES Assumptions T15'!$D71,0,MATCH(VLOOKUP('RES Assumptions'!K$2,'RES Assumptions T15'!$V$3:$W$35,2,FALSE),'RES Assumptions T15'!$E$2:$S$2,0)) -> 0.05 | L71: =OFFSET('RES Assumptions T15'!$D71,0,MATCH(VLOOKUP('RES Assumptions'!L$2,'RES Assumptions T15'!$V$3:$W$35,2,FALSE),'RES Assumptions T15'!$E$2:$S$2,0)) -> 0.001 | ... AH71: =OFFSET('RES Assumptions T15'!$D71,0,MATCH(VLOOKUP('RES Assumptions'!AH$2,'RES Assumptions T15'!$V$3:$W$35,2,FALSE),'RES Assumptions T15'!$E$2:$S$2,0)) -> 0.28683672 | AJ71: RES.HEAT.R1: .00.ELC.INS-REG.HEAT PUMP.AIR.STD.
A72: =B72&D72 | C72: Cooling
A73: =B73&D73 -> RCRESELC | B73: RC | C73: RCCAE | D73: RESELC | E73: =OFFSET('RES Assumptions T15'!$D73,0,MATCH(VLOOKUP('RES Assumptions'!E$2,'RES Assumptions T15'!$V$3:$W$35,2,FALSE),'RES Assumptions T15'!$E$2:$S$2,0)) -> 0.53745496 | F73: =OFFSET('RES Assumptions T15'!$D73,0,MATCH(VLOOKUP('RES Assumptions'!F$2,'RES Assumptions T15'!$V$3:$W$35,2,FALSE),'RES Assumptions T15'!$E$2:$S$2,0)) -> 0.53745496 | G73: =OFFSET('RES Assumptions T15'!$D73,0,MATCH(VLOOKUP('RES Assumptions'!G$2,'RES Assumptions T15'!$V$3:$W$35,2,FALSE),'RES Assumptions T15'!$E$2:$S$2,0)) -> 0.08 | H73: =OFFSET('RES Assumptions T15'!$D73,0,MATCH(VLOOKUP('RES Assumptions'!H$2,'RES Assumptions T15'!$V$3:$W$35,2,FALSE),'RES Assumptions T15'!$E$2:$S$2,0)) -> 0.53745496 | I73: =OFFSET('RES Assumptions T15'!$D73,0,MATCH(VLOOKUP('RES Assumptions'!I$2,'RES Assumptions T15'!$V$3:$W$35,2,FALSE),'RES Assumptions T15'!$E$2:$S$2,0)) -> 0.05 | J73: =OFFSET('RES Assumptions T15'!$D73,0,MATCH(VLOOKUP('RES Assumptions'!J$2,'RES Assumptions T15'!$V$3:$W$35,2,FALSE),'RES Assumptions T15'!$E$2:$S$2,0)) -> 0.1 | K73: =OFFSET('RES Assumptions T15'!$D73,0,MATCH(VLOOKUP('RES Assumptions'!K$2,'RES Assumptions T15'!$V$3:$W$35,2,FALSE),'RES Assumptions T15'!$E$2:$S$2,0)) -> 0.506 | L73: =OFFSET('RES Assumptions T15'!$D73,0,MATCH(VLOOKUP('RES Assumptions'!L$2,'RES Assumptions T15'!$V$3:$W$35,2,FALSE),'RES Assumptions T15'!$E$2:$S$2,0)) -> 0.08 | ... AH73: =OFFSET('RES Assumptions T15'!$D73,0,MATCH(VLOOKUP('RES Assumptions'!AH$2,'RES Assumptions T15'!$V$3:$W$35,2,FALSE),'RES Assumptions T15'!$E$2:$S$2,0)) -> 0.72069968 | AJ73: RES.COOL.R1: .00.ELC.INS-REG.CENTRAL.STD.
A74: =B74&D74 -> RCRESELC | B74: RC | C74: RCEHP | D74: RESELC | E74: =OFFSET('RES Assumptions T15'!$D74,0,MATCH(VLOOKUP('RES Assumptions'!E$2,'RES Assumptions T15'!$V$3:$W$35,2,FALSE),'RES Assumptions T15'!$E$2:$S$2,0)) -> 0.041787023 | F74: =OFFSET('RES Assumptions T15'!$D74,0,MATCH(VLOOKUP('RES Assumptions'!F$2,'RES Assumptions T15'!$V$3:$W$35,2,FALSE),'RES Assumptions T15'!$E$2:$S$2,0)) -> 0.041787023 | G74: =OFFSET('RES Assumptions T15'!$D74,0,MATCH(VLOOKUP('RES Assumptions'!G$2,'RES Assumptions T15'!$V$3:$W$35,2,FALSE),'RES Assumptions T15'!$E$2:$S$2,0)) -> 0.02 | H74: =OFFSET('RES Assumptions T15'!$D74,0,MATCH(VLOOKUP('RES Assumptions'!H$2,'RES Assumptions T15'!$V$3:$W$35,2,FALSE),'RES Assumptions T15'!$E$2:$S$2,0)) -> 0.041787023 | I74: =OFFSET('RES Assumptions T15'!$D74,0,MATCH(VLOOKUP('RES Assumptions'!I$2,'RES Assumptions T15'!$V$3:$W$35,2,FALSE),'RES Assumptions T15'!$E$2:$S$2,0)) -> 0.67 | J74: =OFFSET('RES Assumptions T15'!$D74,0,MATCH(VLOOKUP('RES Assumptions'!J$2,'RES Assumptions T15'!$V$3:$W$35,2,FALSE),'RES Assumptions T15'!$E$2:$S$2,0)) -> 0.2 | K74: =OFFSET('RES Assumptions T15'!$D74,0,MATCH(VLOOKUP('RES Assumptions'!K$2,'RES Assumptions T15'!$V$3:$W$35,2,FALSE),'RES Assumptions T15'!$E$2:$S$2,0)) -> 0.076 | L74: =OFFSET('RES Assumptions T15'!$D74,0,MATCH(VLOOKUP('RES Assumptions'!L$2,'RES Assumptions T15'!$V$3:$W$35,2,FALSE),'RES Assumptions T15'!$E$2:$S$2,0)) -> 0.02 | ... AH74: =OFFSET('RES Assumptions T15'!$D74,0,MATCH(VLOOKUP('RES Assumptions'!AH$2,'RES Assumptions T15'!$V$3:$W$35,2,FALSE),'RES Assumptions T15'!$E$2:$S$2,0)) -> 0.097530659 | AJ74: RES.COOL.R1: .00.ELC.INS-REG.HEAT PUMP.AIR.STD.
A75: =B75&D75 -> RCRESELC | B75: RC | C75: RCRAE | D75: RESELC | E75: =OFFSET('RES Assumptions T15'!$D75,0,MATCH(VLOOKUP('RES Assumptions'!E$2,'RES Assumptions T15'!$V$3:$W$35,2,FALSE),'RES Assumptions T15'!$E$2:$S$2,0)) -> 0.42075802 | F75: =OFFSET('RES Assumptions T15'!$D75,0,MATCH(VLOOKUP('RES Assumptions'!F$2,'RES Assumptions T15'!$V$3:$W$35,2,FALSE),'RES Assumptions T15'!$E$2:$S$2,0)) -> 0.42075802 | G75: =OFFSET('RES Assumptions T15'!$D75,0,MATCH(VLOOKUP('RES Assumptions'!G$2,'RES Assumptions T15'!$V$3:$W$35,2,FALSE),'RES Assumptions T15'!$E$2:$S$2,0)) -> 0.9 | H75: =OFFSET('RES Assumptions T15'!$D75,0,MATCH(VLOOKUP('RES Assumptions'!H$2,'RES Assumptions T15'!$V$3:$W$35,2,FALSE),'RES Assumptions T15'!$E$2:$S$2,0)) -> 0.42075802 | I75: =OFFSET('RES Assumptions T15'!$D75,0,MATCH(VLOOKUP('RES Assumptions'!I$2,'RES Assumptions T15'!$V$3:$W$35,2,FALSE),'RES Assumptions T15'!$E$2:$S$2,0)) -> 0.28 | J75: =OFFSET('RES Assumptions T15'!$D75,0,MATCH(VLOOKUP('RES Assumptions'!J$2,'RES Assumptions T15'!$V$3:$W$35,2,FALSE),'RES Assumptions T15'!$E$2:$S$2,0)) -> 0.7 | K75: =OFFSET('RES Assumptions T15'!$D75,0,MATCH(VLOOKUP('RES Assumptions'!K$2,'RES Assumptions T15'!$V$3:$W$35,2,FALSE),'RES Assumptions T15'!$E$2:$S$2,0)) -> 0.418 | L75: =OFFSET('RES Assumptions T15'!$D75,0,MATCH(VLOOKUP('RES Assumptions'!L$2,'RES Assumptions T15'!$V$3:$W$35,2,FALSE),'RES Assumptions T15'!$E$2:$S$2,0)) -> 0.9 | ... AH75: =OFFSET('RES Assumptions T15'!$D75,0,MATCH(VLOOKUP('RES Assumptions'!AH$2,'RES Assumptions T15'!$V$3:$W$35,2,FALSE),'RES Assumptions T15'!$E$2:$S$2,0)) -> 0.18176967 | AJ75: RES.COOL.R1: .00.ELC.INS-REG.ROOM.STD.
A76: =B76&D76 | C76: Refrigeration
A77: =B77&D77 -> RRRESELC | B77: RR | C77: RRRFE | D77: RESELC | E77: =OFFSET('RES Assumptions T15'!$D77,0,MATCH(VLOOKUP('RES Assumptions'!E$2,'RES Assumptions T15'!$V$3:$W$35,2,FALSE),'RES Assumptions T15'!$E$2:$S$2,0)) -> 0.78 | F77: =OFFSET('RES Assumptions T15'!$D77,0,MATCH(VLOOKUP('RES Assumptions'!F$2,'RES Assumptions T15'!$V$3:$W$35,2,FALSE),'RES Assumptions T15'!$E$2:$S$2,0)) -> 0.78 | G77: =OFFSET('RES Assumptions T15'!$D77,0,MATCH(VLOOKUP('RES Assumptions'!G$2,'RES Assumptions T15'!$V$3:$W$35,2,FALSE),'RES Assumptions T15'!$E$2:$S$2,0)) -> 0.99 | H77: =OFFSET('RES Assumptions T15'!$D77,0,MATCH(VLOOKUP('RES Assumptions'!H$2,'RES Assumptions T15'!$V$3:$W$35,2,FALSE),'RES Assumptions T15'!$E$2:$S$2,0)) -> 0.78 | I77: =OFFSET('RES Assumptions T15'!$D77,0,MATCH(VLOOKUP('RES Assumptions'!I$2,'RES Assumptions T15'!$V$3:$W$35,2,FALSE),'RES Assumptions T15'!$E$2:$S$2,0)) -> 0.9 | J77: =OFFSET('RES Assumptions T15'!$D77,0,MATCH(VLOOKUP('RES Assumptions'!J$2,'RES Assumptions T15'!$V$3:$W$35,2,FALSE),'RES Assumptions T15'!$E$2:$S$2,0)) -> 0.95 | K77: =OFFSET('RES Assumptions T15'!$D77,0,MATCH(VLOOKUP('RES Assumptions'!K$2,'RES Assumptions T15'!$V$3:$W$35,2,FALSE),'RES Assumptions T15'!$E$2:$S$2,0)) -> 0.78 | L77: =OFFSET('RES Assumptions T15'!$D77,0,MATCH(VLOOKUP('RES Assumptions'!L$2,'RES Assumptions T15'!$V$3:$W$35,2,FALSE),'RES Assumptions T15'!$E$2:$S$2,0)) -> 0.99 | ... AH77: =OFFSET('RES Assumptions T15'!$D77,0,MATCH(VLOOKUP('RES Assumptions'!AH$2,'RES Assumptions T15'!$V$3:$W$35,2,FALSE),'RES Assumptions T15'!$E$2:$S$2,0)) -> 0.78 | AJ77: RES: .00.ELC.REFRIGERATORS.STD.
A78: =B78&D78 -> RRRESELC | B78: RR | C78: RRFRE | D78: RESELC | E78: =OFFSET('RES Assumptions T15'!$D78,0,MATCH(VLOOKUP('RES Assumptions'!E$2,'RES Assumptions T15'!$V$3:$W$35,2,FALSE),'RES Assumptions T15'!$E$2:$S$2,0)) -> 0.22 | F78: =OFFSET('RES Assumptions T15'!$D78,0,MATCH(VLOOKUP('RES Assumptions'!F$2,'RES Assumptions T15'!$V$3:$W$35,2,FALSE),'RES Assumptions T15'!$E$2:$S$2,0)) -> 0.22 | G78: =OFFSET('RES Assumptions T15'!$D78,0,MATCH(VLOOKUP('RES Assumptions'!G$2,'RES Assumptions T15'!$V$3:$W$35,2,FALSE),'RES Assumptions T15'!$E$2:$S$2,0)) -> 0.01 | H78: =OFFSET('RES Assumptions T15'!$D78,0,MATCH(VLOOKUP('RES Assumptions'!H$2,'RES Assumptions T15'!$V$3:$W$35,2,FALSE),'RES Assumptions T15'!$E$2:$S$2,0)) -> 0.22 | I78: =OFFSET('RES Assumptions T15'!$D78,0,MATCH(VLOOKUP('RES Assumptions'!I$2,'RES Assumptions T15'!$V$3:$W$35,2,FALSE),'RES Assumptions T15'!$E$2:$S$2,0)) -> 0.1 | J78: =OFFSET('RES Assumptions T15'!$D78,0,MATCH(VLOOKUP('RES Assumptions'!J$2,'RES Assumptions T15'!$V$3:$W$35,2,FALSE),'RES Assumptions T15'!$E$2:$S$2,0)) -> 0.05 | K78: =OFFSET('RES Assumptions T15'!$D78,0,MATCH(VLOOKUP('RES Assumptions'!K$2,'RES Assumptions T15'!$V$3:$W$35,2,FALSE),'RES Assumptions T15'!$E$2:$S$2,0)) -> 0.22 | L78: =OFFSET('RES Assumptions T15'!$D78,0,MATCH(VLOOKUP('RES Assumptions'!L$2,'RES Assumptions T15'!$V$3:$W$35,2,FALSE),'RES Assumptions T15'!$E$2:$S$2,0)) -> 0.01 | ... AH78: =OFFSET('RES Assumptions T15'!$D78,0,MATCH(VLOOKUP('RES Assumptions'!AH$2,'RES Assumptions T15'!$V$3:$W$35,2,FALSE),'RES Assumptions T15'!$E$2:$S$2,0)) -> 0.22 | AJ78: RES: .00.ELC.FREEZERS.STD.
A79: =B79&D79 | C79: Lighting
A80: =B80&D80 -> RLRESELC | B80: RL | C80: RLICE | D80: RESELC | E80: =OFFSET('RES Assumptions T15'!$D80,0,MATCH(VLOOKUP('RES Assumptions'!E$2,'RES Assumptions T15'!$V$3:$W$35,2,FALSE),'RES Assumptions T15'!$E$2:$S$2,0)) -> 0.8 | F80: =OFFSET('RES Assumptions T15'!$D80,0,MATCH(VLOOKUP('RES Assumptions'!F$2,'RES Assumptions T15'!$V$3:$W$35,2,FALSE),'RES Assumptions T15'!$E$2:$S$2,0)) -> 0.8 | G80: =OFFSET('RES Assumptions T15'!$D80,0,MATCH(VLOOKUP('RES Assumptions'!G$2,'RES Assumptions T15'!$V$3:$W$35,2,FALSE),'RES Assumptions T15'!$E$2:$S$2,0)) -> 0.79 | H80: =OFFSET('RES Assumptions T15'!$D80,0,MATCH(VLOOKUP('RES Assumptions'!H$2,'RES Assumptions T15'!$V$3:$W$35,2,FALSE),'RES Assumptions T15'!$E$2:$S$2,0)) -> 0.75 | I80: =OFFSET('RES Assumptions T15'!$D80,0,MATCH(VLOOKUP('RES Assumptions'!I$2,'RES Assumptions T15'!$V$3:$W$35,2,FALSE),'RES Assumptions T15'!$E$2:$S$2,0)) -> 0.21 | J80: =OFFSET('RES Assumptions T15'!$D80,0,MATCH(VLOOKUP('RES Assumptions'!J$2,'RES Assumptions T15'!$V$3:$W$35,2,FALSE),'RES Assumptions T15'!$E$2:$S$2,0)) -> 0.75 | K80: =OFFSET('RES Assumptions T15'!$D80,0,MATCH(VLOOKUP('RES Assumptions'!K$2,'RES Assumptions T15'!$V$3:$W$35,2,FALSE),'RES Assumptions T15'!$E$2:$S$2,0)) -> 0.5 | L80: =OFFSET('RES Assumptions T15'!$D80,0,MATCH(VLOOKUP('RES Assumptions'!L$2,'RES Assumptions T15'!$V$3:$W$35,2,FALSE),'RES Assumptions T15'!$E$2:$S$2,0)) -> 0.79 | ... AH80: =OFFSET('RES Assumptions T15'!$D80,0,MATCH(VLOOKUP('RES Assumptions'!AH$2,'RES Assumptions T15'!$V$3:$W$35,2,FALSE),'RES Assumptions T15'!$E$2:$S$2,0)) -> 0.59 | AJ80: RES.LIGH.R1: .00.ELC.INCANDESCENT.STD.
A81: =B81&D81 -> RLRESELC | B81: RL | C81: RLHAE | D81: RESELC | E81: =OFFSET('RES Assumptions T15'!$D81,0,MATCH(VLOOKUP('RES Assumptions'!E$2,'RES Assumptions T15'!$V$3:$W$35,2,FALSE),'RES Assumptions T15'!$E$2:$S$2,0)) -> 0.05 | F81: =OFFSET('RES Assumptions T15'!$D81,0,MATCH(VLOOKUP('RES Assumptions'!F$2,'RES Assumptions T15'!$V$3:$W$35,2,FALSE),'RES Assumptions T15'!$E$2:$S$2,0)) -> 0.05 | G81: =OFFSET('RES Assumptions T15'!$D81,0,MATCH(VLOOKUP('RES Assumptions'!G$2,'RES Assumptions T15'!$V$3:$W$35,2,FALSE),'RES Assumptions T15'!$E$2:$S$2,0)) -> 0 | H81: =OFFSET('RES Assumptions T15'!$D81,0,MATCH(VLOOKUP('RES Assumptions'!H$2,'RES Assumptions T15'!$V$3:$W$35,2,FALSE),'RES Assumptions T15'!$E$2:$S$2,0)) -> 0.05 | I81: =OFFSET('RES Assumptions T15'!$D81,0,MATCH(VLOOKUP('RES Assumptions'!I$2,'RES Assumptions T15'!$V$3:$W$35,2,FALSE),'RES Assumptions T15'!$E$2:$S$2,0)) -> 0.04 | J81: =OFFSET('RES Assumptions T15'!$D81,0,MATCH(VLOOKUP('RES Assumptions'!J$2,'RES Assumptions T15'!$V$3:$W$35,2,FALSE),'RES Assumptions T15'!$E$2:$S$2,0)) -> 0.05 | K81: =OFFSET('RES Assumptions T15'!$D81,0,MATCH(VLOOKUP('RES Assumptions'!K$2,'RES Assumptions T15'!$V$3:$W$35,2,FALSE),'RES Assumptions T15'!$E$2:$S$2,0)) -> 0.05 | L81: =OFFSET('RES Assumptions T15'!$D81,0,MATCH(VLOOKUP('RES Assumptions'!L$2,'RES Assumptions T15'!$V$3:$W$35,2,FALSE),'RES Assumptions T15'!$E$2:$S$2,0)) -> 0 | ... AH81: =OFFSET('RES Assumptions T15'!$D81,0,MATCH(VLOOKUP('RES Assumptions'!AH$2,'RES Assumptions T15'!$V$3:$W$35,2,FALSE),'RES Assumptions T15'!$E$2:$S$2,0)) -> 0.04 | AJ81: RES.LIGH.R1: .00.ELC.HALOGEN.
A82: =B82&D82 -> RLRESELC | B82: RL | C82: RLFLE | D82: RESELC | E82: =OFFSET('RES Assumptions T15'!$D82,0,MATCH(VLOOKUP('RES Assumptions'!E$2,'RES Assumptions T15'!$V$3:$W$35,2,FALSE),'RES Assumptions T15'!$E$2:$S$2,0)) -> 0.05 | F82: =OFFSET('RES Assumptions T15'!$D82,0,MATCH(VLOOKUP('RES Assumptions'!F$2,'RES Assumptions T15'!$V$3:$W$35,2,FALSE),'RES Assumptions T15'!$E$2:$S$2,0)) -> 0.05 | G82: =OFFSET('RES Assumptions T15'!$D82,0,MATCH(VLOOKUP('RES Assumptions'!G$2,'RES Assumptions T15'!$V$3:$W$35,2,FALSE),'RES Assumptions T15'!$E$2:$S$2,0)) -> 0.01 | H82: =OFFSET('RES Assumptions T15'!$D82,0,MATCH(VLOOKUP('RES Assumptions'!H$2,'RES Assumptions T15'!$V$3:$W$35,2,FALSE),'RES Assumptions T15'!$E$2:$S$2,0)) -> 0.05 | I82: =OFFSET('RES Assumptions T15'!$D82,0,MATCH(VLOOKUP('RES Assumptions'!I$2,'RES Assumptions T15'!$V$3:$W$35,2,FALSE),'RES Assumptions T15'!$E$2:$S$2,0)) -> 0.35 | J82: =OFFSET('RES Assumptions T15'!$D82,0,MATCH(VLOOKUP('RES Assumptions'!J$2,'RES Assumptions T15'!$V$3:$W$35,2,FALSE),'RES Assumptions T15'!$E$2:$S$2,0)) -> 0.05 | K82: =OFFSET('RES Assumptions T15'!$D82,0,MATCH(VLOOKUP('RES Assumptions'!K$2,'RES Assumptions T15'!$V$3:$W$35,2,FALSE),'RES Assumptions T15'!$E$2:$S$2,0)) -> 0.15 | L82: =OFFSET('RES Assumptions T15'!$D82,0,MATCH(VLOOKUP('RES Assumptions'!L$2,'RES Assumptions T15'!$V$3:$W$35,2,FALSE),'RES Assumptions T15'!$E$2:$S$2,0)) -> 0.01 | ... AH82: =OFFSET('RES Assumptions T15'!$D82,0,MATCH(VLOOKUP('RES Assumptions'!AH$2,'RES Assumptions T15'!$V$3:$W$35,2,FALSE),'RES Assumptions T15'!$E$2:$S$2,0)) -> 0.07 | AJ82: RES.LIGH.R1: .00.ELC.FLUORESCENT.BASELINE.
A83: =B83&D83 -> RLRESELC | B83: RL | C83: RLCFL | D83: RESELC | E83: =OFFSET('RES Assumptions T15'!$D83,0,MATCH(VLOOKUP('RES Assumptions'!E$2,'RES Assumptions T15'!$V$3:$W$35,2,FALSE),'RES Assumptions T15'!$E$2:$S$2,0)) -> 0.1 | F83: =OFFSET('RES Assumptions T15'!$D83,0,MATCH(VLOOKUP('RES Assumptions'!F$2,'RES Assumptions T15'!$V$3:$W$35,2,FALSE),'RES Assumptions T15'!$E$2:$S$2,0)) -> 0.1 | G83: =OFFSET('RES Assumptions T15'!$D83,0,MATCH(VLOOKUP('RES Assumptions'!G$2,'RES Assumptions T15'!$V$3:$W$35,2,FALSE),'RES Assumptions T15'!$E$2:$S$2,0)) -> 0.2 | H83: =OFFSET('RES Assumptions T15'!$D83,0,MATCH(VLOOKUP('RES Assumptions'!H$2,'RES Assumptions T15'!$V$3:$W$35,2,FALSE),'RES Assumptions T15'!$E$2:$S$2,0)) -> 0.15 | I83: =OFFSET('RES Assumptions T15'!$D83,0,MATCH(VLOOKUP('RES Assumptions'!I$2,'RES Assumptions T15'!$V$3:$W$35,2,FALSE),'RES Assumptions T15'!$E$2:$S$2,0)) -> 0.4 | J83: =OFFSET('RES Assumptions T15'!$D83,0,MATCH(VLOOKUP('RES Assumptions'!J$2,'RES Assumptions T15'!$V$3:$W$35,2,FALSE),'RES Assumptions T15'!$E$2:$S$2,0)) -> 0.15 | K83: =OFFSET('RES Assumptions T15'!$D83,0,MATCH(VLOOKUP('RES Assumptions'!K$2,'RES Assumptions T15'!$V$3:$W$35,2,FALSE),'RES Assumptions T15'!$E$2:$S$2,0)) -> 0.3 | L83: =OFFSET('RES Assumptions T15'!$D83,0,MATCH(VLOOKUP('RES Assumptions'!L$2,'RES Assumptions T15'!$V$3:$W$35,2,FALSE),'RES Assumptions T15'!$E$2:$S$2,0)) -> 0.2 | ... AH83: =OFFSET('RES Assumptions T15'!$D83,0,MATCH(VLOOKUP('RES Assumptions'!AH$2,'RES Assumptions T15'!$V$3:$W$35,2,FALSE),'RES Assumptions T15'!$E$2:$S$2,0)) -> 0.3 | AJ83: RES.LIGH.R1: .00.ELC.FLUO.LAMP.COMPACT.
E85: =E2 -> Africa_north | F85: =F2 -> Africa_other | G85: =G2 -> Arg-Chi | H85: =H2 -> Asia_central | I85: =I2 -> Asia_east | J85: =J2 -> Asia_other | K85: =K2 -> Australia_NZ | L85: =L2 -> Brazil | ... AH85: =AH2 -> \I:
A87: ="RES"&VLOOKUP(RIGHT(C87,3),$AJ$87:$AK$108,2,FALSE) -> RESELC | B87: =LEFT(C87,IF(LEN(C87)=5,2,3)) -> RC | C87: =SUBSTITUTE(SUBSTITUTE(SUBSTITUTE('RES Veda input'!B4,"1",""),"000",""),"RRF","RR") -> RCCAE | E87: =SUMIFS(E$3:E$64,$A$3:$A$64,$A87,$D$3:$D$64,$B87)*SUMIF('RES balance'!$D$5:$D$25,'RES Assumptions'!$A87,'RES balance'!E$5:E$25)*IFERROR(VLOOKUP($C87,$C$68:$AH$83,E$67,FALSE),1) -> 44.179203 | F87: =SUMIFS(F$3:F$64,$A$3:$A$64,$A87,$D$3:$D$64,$B87)*SUMIF('RES balance'!$D$5:$D$25,'RES Assumptions'!$A87,'RES balance'!F$5:F$25)*IFERROR(VLOOKUP($C87,$C$68:$AH$83,F$67,FALSE),1) -> 29.711268 | G87: =SUMIFS(G$3:G$64,$A$3:$A$64,$A87,$D$3:$D$64,$B87)*SUMIF('RES balance'!$D$5:$D$25,'RES Assumptions'!$A87,'RES balance'!G$5:G$25)*IFERROR(VLOOKUP($C87,$C$68:$AH$83,G$67,FALSE),1) -> 1.5997033 | H87: =SUMIFS(H$3:H$64,$A$3:$A$64,$A87,$D$3:$D$64,$B87)*SUMIF('RES balance'!$D$5:$D$25,'RES Assumptions'!$A87,'RES balance'!H$5:H$25)*IFERROR(VLOOKUP($C87,$C$68:$AH$83,H$67,FALSE),1) -> 2.234877 | I87: =SUMIFS(I$3:I$64,$A$3:$A$64,$A87,$D$3:$D$64,$B87)*SUMIF('RES balance'!$D$5:$D$25,'RES Assumptions'!$A87,'RES balance'!I$5:I$25)*IFERROR(VLOOKUP($C87,$C$68:$AH$83,I$67,FALSE),1) -> 2.8318591 | J87: =SUMIFS(J$3:J$64,$A$3:$A$64,$A87,$D$3:$D$64,$B87)*SUMIF('RES balance'!$D$5:$D$25,'RES Assumptions'!$A87,'RES balance'!J$5:J$25)*IFERROR(VLOOKUP($C87,$C$68:$AH$83,J$67,FALSE),1) -> 14.834886 | K87: =SUMIFS(K$3:K$64,$A$3:$A$64,$A87,$D$3:$D$64,$B87)*SUMIF('RES balance'!$D$5:$D$25,'RES Assumptions'!$A87,'RES balance'!K$5:K$25)*IFERROR(VLOOKUP($C87,$C$68:$AH$83,K$67,FALSE),1) -> 10.524767 | L87: =SUMIFS(L$3:L$64,$A$3:$A$64,$A87,$D$3:$D$64,$B87)*SUMIF('RES balance'!$D$5:$D$25,'RES Assumptions'!$A87,'RES balance'!L$5:L$25)*IFERROR(VLOOKUP($C87,$C$68:$AH$83,L$67,FALSE),1) -> 4.0176373 | ... AH87: =SUMIFS(AH$3:AH$64,$A$3:$A$64,$A87,$D$3:$D$64,$B87)*SUMIF('RES balance'!$D$5:$D$25,'RES Assumptions'!$A87,'RES balance'!AH$5:AH$25)*IFERROR(VLOOKUP($C87,$C$68:$AH$83,AH$67,FALSE),1) -> 0 | AJ87: BIO | AK87: BIO | AN87: RC | AO87: RSC
A88: ="RES"&VLOOKUP(RIGHT(C88,3),$AJ$87:$AK$108,2,FALSE) -> RESELC | B88: =LEFT(C88,IF(LEN(C88)=5,2,3)) -> RC | C88: =SUBSTITUTE(SUBSTITUTE(SUBSTITUTE('RES Veda input'!B5,"1",""),"000",""),"RRF","RR") -> RCEHP | E88: =SUMIFS(E$3:E$64,$A$3:$A$64,$A88,$D$3:$D$64,$B88)*SUMIF('RES balance'!$D$5:$D$25,'RES Assumptions'!$A88,'RES balance'!E$5:E$25)*IFERROR(VLOOKUP($C88,$C$68:$AH$83,E$67,FALSE),1) -> 3.4349248 | F88: =SUMIFS(F$3:F$64,$A$3:$A$64,$A88,$D$3:$D$64,$B88)*SUMIF('RES balance'!$D$5:$D$25,'RES Assumptions'!$A88,'RES balance'!F$5:F$25)*IFERROR(VLOOKUP($C88,$C$68:$AH$83,F$67,FALSE),1) -> 2.3100456 | G88: =SUMIFS(G$3:G$64,$A$3:$A$64,$A88,$D$3:$D$64,$B88)*SUMIF('RES balance'!$D$5:$D$25,'RES Assumptions'!$A88,'RES balance'!G$5:G$25)*IFERROR(VLOOKUP($C88,$C$68:$AH$83,G$67,FALSE),1) -> 0.39992583 | H88: =SUMIFS(H$3:H$64,$A$3:$A$64,$A88,$D$3:$D$64,$B88)*SUMIF('RES balance'!$D$5:$D$25,'RES Assumptions'!$A88,'RES balance'!H$5:H$25)*IFERROR(VLOOKUP($C88,$C$68:$AH$83,H$67,FALSE),1) -> 0.17376127 | I88: =SUMIFS(I$3:I$64,$A$3:$A$64,$A88,$D$3:$D$64,$B88)*SUMIF('RES balance'!$D$5:$D$25,'RES Assumptions'!$A88,'RES balance'!I$5:I$25)*IFERROR(VLOOKUP($C88,$C$68:$AH$83,I$67,FALSE),1) -> 37.946911 | J88: =SUMIFS(J$3:J$64,$A$3:$A$64,$A88,$D$3:$D$64,$B88)*SUMIF('RES balance'!$D$5:$D$25,'RES Assumptions'!$A88,'RES balance'!J$5:J$25)*IFERROR(VLOOKUP($C88,$C$68:$AH$83,J$67,FALSE),1) -> 29.669772 | K88: =SUMIFS(K$3:K$64,$A$3:$A$64,$A88,$D$3:$D$64,$B88)*SUMIF('RES balance'!$D$5:$D$25,'RES Assumptions'!$A88,'RES balance'!K$5:K$25)*IFERROR(VLOOKUP($C88,$C$68:$AH$83,K$67,FALSE),1) -> 1.580795 | L88: =SUMIFS(L$3:L$64,$A$3:$A$64,$A88,$D$3:$D$64,$B88)*SUMIF('RES balance'!$D$5:$D$25,'RES Assumptions'!$A88,'RES balance'!L$5:L$25)*IFERROR(VLOOKUP($C88,$C$68:$AH$83,L$67,FALSE),1) -> 1.0044093 | ... AH88: =SUMIFS(AH$3:AH$64,$A$3:$A$64,$A88,$D$3:$D$64,$B88)*SUMIF('RES balance'!$D$5:$D$25,'RES Assumptions'!$A88,'RES balance'!AH$5:AH$25)*IFERROR(VLOOKUP($C88,$C$68:$AH$83,AH$67,FALSE),1) -> 0 | AJ88: CAE | AK88: ELC | AN88: RCD | AO88: =AN88 -> RCD
A89: ="RES"&VLOOKUP(RIGHT(C89,3),$AJ$87:$AK$108,2,FALSE) -> RESGEO | B89: =LEFT(C89,IF(LEN(C89)=5,2,3)) -> RC | C89: =SUBSTITUTE(SUBSTITUTE(SUBSTITUTE('RES Veda input'!B6,"1",""),"000",""),"RRF","RR") -> RCGEO | E89: =SUMIFS(E$3:E$64,$A$3:$A$64,$A89,$D$3:$D$64,$B89)*SUMIF('RES balance'!$D$5:$D$25,'RES Assumptions'!$A89,'RES balance'!E$5:E$25)*IFERROR(VLOOKUP($C89,$C$68:$AH$83,E$67,FALSE),1) -> 0 | F89: =SUMIFS(F$3:F$64,$A$3:$A$64,$A89,$D$3:$D$64,$B89)*SUMIF('RES balance'!$D$5:$D$25,'RES Assumptions'!$A89,'RES balance'!F$5:F$25)*IFERROR(VLOOKUP($C89,$C$68:$AH$83,F$67,FALSE),1) -> 0 | G89: =SUMIFS(G$3:G$64,$A$3:$A$64,$A89,$D$3:$D$64,$B89)*SUMIF('RES balance'!$D$5:$D$25,'RES Assumptions'!$A89,'RES balance'!G$5:G$25)*IFERROR(VLOOKUP($C89,$C$68:$AH$83,G$67,FALSE),1) -> 0 | H89: =SUMIFS(H$3:H$64,$A$3:$A$64,$A89,$D$3:$D$64,$B89)*SUMIF('RES balance'!$D$5:$D$25,'RES Assumptions'!$A89,'RES balance'!H$5:H$25)*IFERROR(VLOOKUP($C89,$C$68:$AH$83,H$67,FALSE),1) -> 0 | I89: =SUMIFS(I$3:I$64,$A$3:$A$64,$A89,$D$3:$D$64,$B89)*SUMIF('RES balance'!$D$5:$D$25,'RES Assumptions'!$A89,'RES balance'!I$5:I$25)*IFERROR(VLOOKUP($C89,$C$68:$AH$83,I$67,FALSE),1) -> 0 | J89: =SUMIFS(J$3:J$64,$A$3:$A$64,$A89,$D$3:$D$64,$B89)*SUMIF('RES balance'!$D$5:$D$25,'RES Assumptions'!$A89,'RES balance'!J$5:J$25)*IFERROR(VLOOKUP($C89,$C$68:$AH$83,J$67,FALSE),1) -> 0 | K89: =SUMIFS(K$3:K$64,$A$3:$A$64,$A89,$D$3:$D$64,$B89)*SUMIF('RES balance'!$D$5:$D$25,'RES Assumptions'!$A89,'RES balance'!K$5:K$25)*IFERROR(VLOOKUP($C89,$C$68:$AH$83,K$67,FALSE),1) -> 0 | L89: =SUMIFS(L$3:L$64,$A$3:$A$64,$A89,$D$3:$D$64,$B89)*SUMIF('RES balance'!$D$5:$D$25,'RES Assumptions'!$A89,'RES balance'!L$5:L$25)*IFERROR(VLOOKUP($C89,$C$68:$AH$83,L$67,FALSE),1) -> 0 | ... AH89: =SUMIFS(AH$3:AH$64,$A$3:$A$64,$A89,$D$3:$D$64,$B89)*SUMIF('RES balance'!$D$5:$D$25,'RES Assumptions'!$A89,'RES balance'!AH$5:AH$25)*IFERROR(VLOOKUP($C89,$C$68:$AH$83,AH$67,FALSE),1) -> 0 | AJ89: CFL | AK89: ELC | AN89: RCW | AO89: =AN89 -> RCW
A90: ="RES"&VLOOKUP(RIGHT(C90,3),$AJ$87:$AK$108,2,FALSE) -> RESNGA | B90: =LEFT(C90,IF(LEN(C90)=5,2,3)) -> RC | C90: =SUBSTITUTE(SUBSTITUTE(SUBSTITUTE('RES Veda input'!B7,"1",""),"000",""),"RRF","RR") -> RCNHP | E90: =SUMIFS(E$3:E$64,$A$3:$A$64,$A90,$D$3:$D$64,$B90)*SUMIF('RES balance'!$D$5:$D$25,'RES Assumptions'!$A90,'RES balance'!E$5:E$25)*IFERROR(VLOOKUP($C90,$C$68:$AH$83,E$67,FALSE),1) -> 0 | F90: =SUMIFS(F$3:F$64,$A$3:$A$64,$A90,$D$3:$D$64,$B90)*SUMIF('RES balance'!$D$5:$D$25,'RES Assumptions'!$A90,'RES balance'!F$5:F$25)*IFERROR(VLOOKUP($C90,$C$68:$AH$83,F$67,FALSE),1) -> 0 | G90: =SUMIFS(G$3:G$64,$A$3:$A$64,$A90,$D$3:$D$64,$B90)*SUMIF('RES balance'!$D$5:$D$25,'RES Assumptions'!$A90,'RES balance'!G$5:G$25)*IFERROR(VLOOKUP($C90,$C$68:$AH$83,G$67,FALSE),1) -> 0 | H90: =SUMIFS(H$3:H$64,$A$3:$A$64,$A90,$D$3:$D$64,$B90)*SUMIF('RES balance'!$D$5:$D$25,'RES Assumptions'!$A90,'RES balance'!H$5:H$25)*IFERROR(VLOOKUP($C90,$C$68:$AH$83,H$67,FALSE),1) -> 0 | I90: =SUMIFS(I$3:I$64,$A$3:$A$64,$A90,$D$3:$D$64,$B90)*SUMIF('RES balance'!$D$5:$D$25,'RES Assumptions'!$A90,'RES balance'!I$5:I$25)*IFERROR(VLOOKUP($C90,$C$68:$AH$83,I$67,FALSE),1) -> 0 | J90: =SUMIFS(J$3:J$64,$A$3:$A$64,$A90,$D$3:$D$64,$B90)*SUMIF('RES balance'!$D$5:$D$25,'RES Assumptions'!$A90,'RES balance'!J$5:J$25)*IFERROR(VLOOKUP($C90,$C$68:$AH$83,J$67,FALSE),1) -> 0 | K90: =SUMIFS(K$3:K$64,$A$3:$A$64,$A90,$D$3:$D$64,$B90)*SUMIF('RES balance'!$D$5:$D$25,'RES Assumptions'!$A90,'RES balance'!K$5:K$25)*IFERROR(VLOOKUP($C90,$C$68:$AH$83,K$67,FALSE),1) -> 0 | L90: =SUMIFS(L$3:L$64,$A$3:$A$64,$A90,$D$3:$D$64,$B90)*SUMIF('RES balance'!$D$5:$D$25,'RES Assumptions'!$A90,'RES balance'!L$5:L$25)*IFERROR(VLOOKUP($C90,$C$68:$AH$83,L$67,FALSE),1) -> 0 | ... AH90: =SUMIFS(AH$3:AH$64,$A$3:$A$64,$A90,$D$3:$D$64,$B90)*SUMIF('RES balance'!$D$5:$D$25,'RES Assumptions'!$A90,'RES balance'!AH$5:AH$25)*IFERROR(VLOOKUP($C90,$C$68:$AH$83,AH$67,FALSE),1) -> 0 | AJ90: COA | AK90: =AJ90 -> COA | AN90: RDW | AO90: =AN90 -> RDW
A91: ="RES"&VLOOKUP(RIGHT(C91,3),$AJ$87:$AK$108,2,FALSE) -> RESELC | B91: =LEFT(C91,IF(LEN(C91)=5,2,3)) -> RC | C91: =SUBSTITUTE(SUBSTITUTE(SUBSTITUTE('RES Veda input'!B8,"1",""),"000",""),"RRF","RR") -> RCRAE | E91: =SUMIFS(E$3:E$64,$A$3:$A$64,$A91,$D$3:$D$64,$B91)*SUMIF('RES balance'!$D$5:$D$25,'RES Assumptions'!$A91,'RES balance'!E$5:E$25)*IFERROR(VLOOKUP($C91,$C$68:$AH$83,E$67,FALSE),1) -> 34.586627 | F91: =SUMIFS(F$3:F$64,$A$3:$A$64,$A91,$D$3:$D$64,$B91)*SUMIF('RES balance'!$D$5:$D$25,'RES Assumptions'!$A91,'RES balance'!F$5:F$25)*IFERROR(VLOOKUP($C91,$C$68:$AH$83,F$67,FALSE),1) -> 23.260097 | G91: =SUMIFS(G$3:G$64,$A$3:$A$64,$A91,$D$3:$D$64,$B91)*SUMIF('RES balance'!$D$5:$D$25,'RES Assumptions'!$A91,'RES balance'!G$5:G$25)*IFERROR(VLOOKUP($C91,$C$68:$AH$83,G$67,FALSE),1) -> 17.996662 | H91: =SUMIFS(H$3:H$64,$A$3:$A$64,$A91,$D$3:$D$64,$B91)*SUMIF('RES balance'!$D$5:$D$25,'RES Assumptions'!$A91,'RES balance'!H$5:H$25)*IFERROR(VLOOKUP($C91,$C$68:$AH$83,H$67,FALSE),1) -> 1.7496209 | I91: =SUMIFS(I$3:I$64,$A$3:$A$64,$A91,$D$3:$D$64,$B91)*SUMIF('RES balance'!$D$5:$D$25,'RES Assumptions'!$A91,'RES balance'!I$5:I$25)*IFERROR(VLOOKUP($C91,$C$68:$AH$83,I$67,FALSE),1) -> 15.858411 | J91: =SUMIFS(J$3:J$64,$A$3:$A$64,$A91,$D$3:$D$64,$B91)*SUMIF('RES balance'!$D$5:$D$25,'RES Assumptions'!$A91,'RES balance'!J$5:J$25)*IFERROR(VLOOKUP($C91,$C$68:$AH$83,J$67,FALSE),1) -> 103.8442 | K91: =SUMIFS(K$3:K$64,$A$3:$A$64,$A91,$D$3:$D$64,$B91)*SUMIF('RES balance'!$D$5:$D$25,'RES Assumptions'!$A91,'RES balance'!K$5:K$25)*IFERROR(VLOOKUP($C91,$C$68:$AH$83,K$67,FALSE),1) -> 8.6943725 | L91: =SUMIFS(L$3:L$64,$A$3:$A$64,$A91,$D$3:$D$64,$B91)*SUMIF('RES balance'!$D$5:$D$25,'RES Assumptions'!$A91,'RES balance'!L$5:L$25)*IFERROR(VLOOKUP($C91,$C$68:$AH$83,L$67,FALSE),1) -> 45.19842 | ... AH91: =SUMIFS(AH$3:AH$64,$A$3:$A$64,$A91,$D$3:$D$64,$B91)*SUMIF('RES balance'!$D$5:$D$25,'RES Assumptions'!$A91,'RES balance'!AH$5:AH$25)*IFERROR(VLOOKUP($C91,$C$68:$AH$83,AH$67,FALSE),1) -> 0 | AJ91: DST | AK91: OIL | AN91: REA | AO91: =AN91 -> REA
A92: ="RES"&VLOOKUP(RIGHT(C92,3),$AJ$87:$AK$108,2,FALSE) -> RESELC | B92: =LEFT(C92,IF(LEN(C92)=5,2,3)) -> RCD | C92: =SUBSTITUTE(SUBSTITUTE(SUBSTITUTE('RES Veda input'!B9,"1",""),"000",""),"RRF","RR") -> RCDELC | E92: =SUMIFS(E$3:E$64,$A$3:$A$64,$A92,$D$3:$D$64,$B92)*SUMIF('RES balance'!$D$5:$D$25,'RES Assumptions'!$A92,'RES balance'!E$5:E$25)*IFERROR(VLOOKUP($C92,$C$68:$AH$83,E$67,FALSE),1) -> 0 | F92: =SUMIFS(F$3:F$64,$A$3:$A$64,$A92,$D$3:$D$64,$B92)*SUMIF('RES balance'!$D$5:$D$25,'RES Assumptions'!$A92,'RES balance'!F$5:F$25)*IFERROR(VLOOKUP($C92,$C$68:$AH$83,F$67,FALSE),1) -> 0 | G92: =SUMIFS(G$3:G$64,$A$3:$A$64,$A92,$D$3:$D$64,$B92)*SUMIF('RES balance'!$D$5:$D$25,'RES Assumptions'!$A92,'RES balance'!G$5:G$25)*IFERROR(VLOOKUP($C92,$C$68:$AH$83,G$67,FALSE),1) -> 0 | H92: =SUMIFS(H$3:H$64,$A$3:$A$64,$A92,$D$3:$D$64,$B92)*SUMIF('RES balance'!$D$5:$D$25,'RES Assumptions'!$A92,'RES balance'!H$5:H$25)*IFERROR(VLOOKUP($C92,$C$68:$AH$83,H$67,FALSE),1) -> 0 | I92: =SUMIFS(I$3:I$64,$A$3:$A$64,$A92,$D$3:$D$64,$B92)*SUMIF('RES balance'!$D$5:$D$25,'RES Assumptions'!$A92,'RES balance'!I$5:I$25)*IFERROR(VLOOKUP($C92,$C$68:$AH$83,I$67,FALSE),1) -> 0 | J92: =SUMIFS(J$3:J$64,$A$3:$A$64,$A92,$D$3:$D$64,$B92)*SUMIF('RES balance'!$D$5:$D$25,'RES Assumptions'!$A92,'RES balance'!J$5:J$25)*IFERROR(VLOOKUP($C92,$C$68:$AH$83,J$67,FALSE),1) -> 0 | K92: =SUMIFS(K$3:K$64,$A$3:$A$64,$A92,$D$3:$D$64,$B92)*SUMIF('RES balance'!$D$5:$D$25,'RES Assumptions'!$A92,'RES balance'!K$5:K$25)*IFERROR(VLOOKUP($C92,$C$68:$AH$83,K$67,FALSE),1) -> 0 | L92: =SUMIFS(L$3:L$64,$A$3:$A$64,$A92,$D$3:$D$64,$B92)*SUMIF('RES balance'!$D$5:$D$25,'RES Assumptions'!$A92,'RES balance'!L$5:L$25)*IFERROR(VLOOKUP($C92,$C$68:$AH$83,L$67,FALSE),1) -> 0 | ... AH92: =SUMIFS(AH$3:AH$64,$A$3:$A$64,$A92,$D$3:$D$64,$B92)*SUMIF('RES balance'!$D$5:$D$25,'RES Assumptions'!$A92,'RES balance'!AH$5:AH$25)*IFERROR(VLOOKUP($C92,$C$68:$AH$83,AH$67,FALSE),1) -> 0 | AJ92: EHP | AK92: ELC | AN92: RH | AO92: RSH
A93: ="RES"&VLOOKUP(RIGHT(C93,3),$AJ$87:$AK$108,2,FALSE) -> RESNGA | B93: =LEFT(C93,IF(LEN(C93)=5,2,3)) -> RCD | C93: =SUBSTITUTE(SUBSTITUTE(SUBSTITUTE('RES Veda input'!B10,"1",""),"000",""),"RRF","RR") -> RCDNGA | E93: =SUMIFS(E$3:E$64,$A$3:$A$64,$A93,$D$3:$D$64,$B93)*SUMIF('RES balance'!$D$5:$D$25,'RES Assumptions'!$A93,'RES balance'!E$5:E$25)*IFERROR(VLOOKUP($C93,$C$68:$AH$83,E$67,FALSE),1) -> 0 | F93: =SUMIFS(F$3:F$64,$A$3:$A$64,$A93,$D$3:$D$64,$B93)*SUMIF('RES balance'!$D$5:$D$25,'RES Assumptions'!$A93,'RES balance'!F$5:F$25)*IFERROR(VLOOKUP($C93,$C$68:$AH$83,F$67,FALSE),1) -> 0 | G93: =SUMIFS(G$3:G$64,$A$3:$A$64,$A93,$D$3:$D$64,$B93)*SUMIF('RES balance'!$D$5:$D$25,'RES Assumptions'!$A93,'RES balance'!G$5:G$25)*IFERROR(VLOOKUP($C93,$C$68:$AH$83,G$67,FALSE),1) -> 0 | H93: =SUMIFS(H$3:H$64,$A$3:$A$64,$A93,$D$3:$D$64,$B93)*SUMIF('RES balance'!$D$5:$D$25,'RES Assumptions'!$A93,'RES balance'!H$5:H$25)*IFERROR(VLOOKUP($C93,$C$68:$AH$83,H$67,FALSE),1) -> 0 | I93: =SUMIFS(I$3:I$64,$A$3:$A$64,$A93,$D$3:$D$64,$B93)*SUMIF('RES balance'!$D$5:$D$25,'RES Assumptions'!$A93,'RES balance'!I$5:I$25)*IFERROR(VLOOKUP($C93,$C$68:$AH$83,I$67,FALSE),1) -> 0 | J93: =SUMIFS(J$3:J$64,$A$3:$A$64,$A93,$D$3:$D$64,$B93)*SUMIF('RES balance'!$D$5:$D$25,'RES Assumptions'!$A93,'RES balance'!J$5:J$25)*IFERROR(VLOOKUP($C93,$C$68:$AH$83,J$67,FALSE),1) -> 0 | K93: =SUMIFS(K$3:K$64,$A$3:$A$64,$A93,$D$3:$D$64,$B93)*SUMIF('RES balance'!$D$5:$D$25,'RES Assumptions'!$A93,'RES balance'!K$5:K$25)*IFERROR(VLOOKUP($C93,$C$68:$AH$83,K$67,FALSE),1) -> 0 | L93: =SUMIFS(L$3:L$64,$A$3:$A$64,$A93,$D$3:$D$64,$B93)*SUMIF('RES balance'!$D$5:$D$25,'RES Assumptions'!$A93,'RES balance'!L$5:L$25)*IFERROR(VLOOKUP($C93,$C$68:$AH$83,L$67,FALSE),1) -> 0 | ... AH93: =SUMIFS(AH$3:AH$64,$A$3:$A$64,$A93,$D$3:$D$64,$B93)*SUMIF('RES balance'!$D$5:$D$25,'RES Assumptions'!$A93,'RES balance'!AH$5:AH$25)*IFERROR(VLOOKUP($C93,$C$68:$AH$83,AH$67,FALSE),1) -> 0 | AJ93: ELC | AK93: =AJ93 -> ELC | AN93: RHW | AO93: =AN93 -> RHW
A94: ="RES"&VLOOKUP(RIGHT(C94,3),$AJ$87:$AK$108,2,FALSE) -> RESELC | B94: =LEFT(C94,IF(LEN(C94)=5,2,3)) -> RCW | C94: =SUBSTITUTE(SUBSTITUTE(SUBSTITUTE('RES Veda input'!B11,"1",""),"000",""),"RRF","RR") -> RCWELC | E94: =SUMIFS(E$3:E$64,$A$3:$A$64,$A94,$D$3:$D$64,$B94)*SUMIF('RES balance'!$D$5:$D$25,'RES Assumptions'!$A94,'RES balance'!E$5:E$25)*IFERROR(VLOOKUP($C94,$C$68:$AH$83,E$67,FALSE),1) -> 0 | F94: =SUMIFS(F$3:F$64,$A$3:$A$64,$A94,$D$3:$D$64,$B94)*SUMIF('RES balance'!$D$5:$D$25,'RES Assumptions'!$A94,'RES balance'!F$5:F$25)*IFERROR(VLOOKUP($C94,$C$68:$AH$83,F$67,FALSE),1) -> 0 | G94: =SUMIFS(G$3:G$64,$A$3:$A$64,$A94,$D$3:$D$64,$B94)*SUMIF('RES balance'!$D$5:$D$25,'RES Assumptions'!$A94,'RES balance'!G$5:G$25)*IFERROR(VLOOKUP($C94,$C$68:$AH$83,G$67,FALSE),1) -> 0 | H94: =SUMIFS(H$3:H$64,$A$3:$A$64,$A94,$D$3:$D$64,$B94)*SUMIF('RES balance'!$D$5:$D$25,'RES Assumptions'!$A94,'RES balance'!H$5:H$25)*IFERROR(VLOOKUP($C94,$C$68:$AH$83,H$67,FALSE),1) -> 0 | I94: =SUMIFS(I$3:I$64,$A$3:$A$64,$A94,$D$3:$D$64,$B94)*SUMIF('RES balance'!$D$5:$D$25,'RES Assumptions'!$A94,'RES balance'!I$5:I$25)*IFERROR(VLOOKUP($C94,$C$68:$AH$83,I$67,FALSE),1) -> 0 | J94: =SUMIFS(J$3:J$64,$A$3:$A$64,$A94,$D$3:$D$64,$B94)*SUMIF('RES balance'!$D$5:$D$25,'RES Assumptions'!$A94,'RES balance'!J$5:J$25)*IFERROR(VLOOKUP($C94,$C$68:$AH$83,J$67,FALSE),1) -> 0 | K94: =SUMIFS(K$3:K$64,$A$3:$A$64,$A94,$D$3:$D$64,$B94)*SUMIF('RES balance'!$D$5:$D$25,'RES Assumptions'!$A94,'RES balance'!K$5:K$25)*IFERROR(VLOOKUP($C94,$C$68:$AH$83,K$67,FALSE),1) -> 0 | L94: =SUMIFS(L$3:L$64,$A$3:$A$64,$A94,$D$3:$D$64,$B94)*SUMIF('RES balance'!$D$5:$D$25,'RES Assumptions'!$A94,'RES balance'!L$5:L$25)*IFERROR(VLOOKUP($C94,$C$68:$AH$83,L$67,FALSE),1) -> 0 | ... AH94: =SUMIFS(AH$3:AH$64,$A$3:$A$64,$A94,$D$3:$D$64,$B94)*SUMIF('RES balance'!$D$5:$D$25,'RES Assumptions'!$A94,'RES balance'!AH$5:AH$25)*IFERROR(VLOOKUP($C94,$C$68:$AH$83,AH$67,FALSE),1) -> 0 | AJ94: ERS | AK94: ELC | AN94: RK | AO94: RCK
A95: ="RES"&VLOOKUP(RIGHT(C95,3),$AJ$87:$AK$108,2,FALSE) -> RESELC | B95: =LEFT(C95,IF(LEN(C95)=5,2,3)) -> RDW | C95: =SUBSTITUTE(SUBSTITUTE(SUBSTITUTE('RES Veda input'!B12,"1",""),"000",""),"RRF","RR") -> RDWELC | E95: =SUMIFS(E$3:E$64,$A$3:$A$64,$A95,$D$3:$D$64,$B95)*SUMIF('RES balance'!$D$5:$D$25,'RES Assumptions'!$A95,'RES balance'!E$5:E$25)*IFERROR(VLOOKUP($C95,$C$68:$AH$83,E$67,FALSE),1) -> 0 | F95: =SUMIFS(F$3:F$64,$A$3:$A$64,$A95,$D$3:$D$64,$B95)*SUMIF('RES balance'!$D$5:$D$25,'RES Assumptions'!$A95,'RES balance'!F$5:F$25)*IFERROR(VLOOKUP($C95,$C$68:$AH$83,F$67,FALSE),1) -> 0 | G95: =SUMIFS(G$3:G$64,$A$3:$A$64,$A95,$D$3:$D$64,$B95)*SUMIF('RES balance'!$D$5:$D$25,'RES Assumptions'!$A95,'RES balance'!G$5:G$25)*IFERROR(VLOOKUP($C95,$C$68:$AH$83,G$67,FALSE),1) -> 0 | H95: =SUMIFS(H$3:H$64,$A$3:$A$64,$A95,$D$3:$D$64,$B95)*SUMIF('RES balance'!$D$5:$D$25,'RES Assumptions'!$A95,'RES balance'!H$5:H$25)*IFERROR(VLOOKUP($C95,$C$68:$AH$83,H$67,FALSE),1) -> 0 | I95: =SUMIFS(I$3:I$64,$A$3:$A$64,$A95,$D$3:$D$64,$B95)*SUMIF('RES balance'!$D$5:$D$25,'RES Assumptions'!$A95,'RES balance'!I$5:I$25)*IFERROR(VLOOKUP($C95,$C$68:$AH$83,I$67,FALSE),1) -> 0 | J95: =SUMIFS(J$3:J$64,$A$3:$A$64,$A95,$D$3:$D$64,$B95)*SUMIF('RES balance'!$D$5:$D$25,'RES Assumptions'!$A95,'RES balance'!J$5:J$25)*IFERROR(VLOOKUP($C95,$C$68:$AH$83,J$67,FALSE),1) -> 0 | K95: =SUMIFS(K$3:K$64,$A$3:$A$64,$A95,$D$3:$D$64,$B95)*SUMIF('RES balance'!$D$5:$D$25,'RES Assumptions'!$A95,'RES balance'!K$5:K$25)*IFERROR(VLOOKUP($C95,$C$68:$AH$83,K$67,FALSE),1) -> 0 | L95: =SUMIFS(L$3:L$64,$A$3:$A$64,$A95,$D$3:$D$64,$B95)*SUMIF('RES balance'!$D$5:$D$25,'RES Assumptions'!$A95,'RES balance'!L$5:L$25)*IFERROR(VLOOKUP($C95,$C$68:$AH$83,L$67,FALSE),1) -> 0 | ... AH95: =SUMIFS(AH$3:AH$64,$A$3:$A$64,$A95,$D$3:$D$64,$B95)*SUMIF('RES balance'!$D$5:$D$25,'RES Assumptions'!$A95,'RES balance'!AH$5:AH$25)*IFERROR(VLOOKUP($C95,$C$68:$AH$83,AH$67,FALSE),1) -> 0 | AJ95: FLE | AK95: ELC | AN95: RL | AO95: RLI
A96: ="RES"&VLOOKUP(RIGHT(C96,3),$AJ$87:$AK$108,2,FALSE) -> RESELC | B96: =LEFT(C96,IF(LEN(C96)=5,2,3)) -> REA | C96: =SUBSTITUTE(SUBSTITUTE(SUBSTITUTE('RES Veda input'!B13,"1",""),"000",""),"RRF","RR") -> REAELC | E96: =SUMIFS(E$3:E$64,$A$3:$A$64,$A96,$D$3:$D$64,$B96)*SUMIF('RES balance'!$D$5:$D$25,'RES Assumptions'!$A96,'RES balance'!E$5:E$25)*IFERROR(VLOOKUP($C96,$C$68:$AH$83,E$67,FALSE),1) -> 143.85132 | F96: =SUMIFS(F$3:F$64,$A$3:$A$64,$A96,$D$3:$D$64,$B96)*SUMIF('RES balance'!$D$5:$D$25,'RES Assumptions'!$A96,'RES balance'!F$5:F$25)*IFERROR(VLOOKUP($C96,$C$68:$AH$83,F$67,FALSE),1) -> 96.742469 | G96: =SUMIFS(G$3:G$64,$A$3:$A$64,$A96,$D$3:$D$64,$B96)*SUMIF('RES balance'!$D$5:$D$25,'RES Assumptions'!$A96,'RES balance'!G$5:G$25)*IFERROR(VLOOKUP($C96,$C$68:$AH$83,G$67,FALSE),1) -> 86.741258 | H96: =SUMIFS(H$3:H$64,$A$3:$A$64,$A96,$D$3:$D$64,$B96)*SUMIF('RES balance'!$D$5:$D$25,'RES Assumptions'!$A96,'RES balance'!H$5:H$25)*IFERROR(VLOOKUP($C96,$C$68:$AH$83,H$67,FALSE),1) -> 90.203076 | I96: =SUMIFS(I$3:I$64,$A$3:$A$64,$A96,$D$3:$D$64,$B96)*SUMIF('RES balance'!$D$5:$D$25,'RES Assumptions'!$A96,'RES balance'!I$5:I$25)*IFERROR(VLOOKUP($C96,$C$68:$AH$83,I$67,FALSE),1) -> 614.33375 | J96: =SUMIFS(J$3:J$64,$A$3:$A$64,$A96,$D$3:$D$64,$B96)*SUMIF('RES balance'!$D$5:$D$25,'RES Assumptions'!$A96,'RES balance'!J$5:J$25)*IFERROR(VLOOKUP($C96,$C$68:$AH$83,J$67,FALSE),1) -> 822.438 | K96: =SUMIFS(K$3:K$64,$A$3:$A$64,$A96,$D$3:$D$64,$B96)*SUMIF('RES balance'!$D$5:$D$25,'RES Assumptions'!$A96,'RES balance'!K$5:K$25)*IFERROR(VLOOKUP($C96,$C$68:$AH$83,K$67,FALSE),1) -> 75.277392 | L96: =SUMIFS(L$3:L$64,$A$3:$A$64,$A96,$D$3:$D$64,$B96)*SUMIF('RES balance'!$D$5:$D$25,'RES Assumptions'!$A96,'RES balance'!L$5:L$25)*IFERROR(VLOOKUP($C96,$C$68:$AH$83,L$67,FALSE),1) -> 217.84972 | ... AH96: =SUMIFS(AH$3:AH$64,$A$3:$A$64,$A96,$D$3:$D$64,$B96)*SUMIF('RES balance'!$D$5:$D$25,'RES Assumptions'!$A96,'RES balance'!AH$5:AH$25)*IFERROR(VLOOKUP($C96,$C$68:$AH$83,AH$67,FALSE),1) -> 0 | AJ96: FRE | AK96: ELC | AN96: ROT | AO96: =AN96 -> ROT
A97: ="RES"&VLOOKUP(RIGHT(C97,3),$AJ$87:$AK$108,2,FALSE) -> RESBIO | B97: =LEFT(C97,IF(LEN(C97)=5,2,3)) -> RH | C97: =SUBSTITUTE(SUBSTITUTE(SUBSTITUTE('RES Veda input'!B14,"1",""),"000",""),"RRF","RR") -> RHBIO | E97: =SUMIFS(E$3:E$64,$A$3:$A$64,$A97,$D$3:$D$64,$B97)*SUMIF('RES balance'!$D$5:$D$25,'RES Assumptions'!$A97,'RES balance'!E$5:E$25)*IFERROR(VLOOKUP($C97,$C$68:$AH$83,E$67,FALSE),1) -> 0 | F97: =SUMIFS(F$3:F$64,$A$3:$A$64,$A97,$D$3:$D$64,$B97)*SUMIF('RES balance'!$D$5:$D$25,'RES Assumptions'!$A97,'RES balance'!F$5:F$25)*IFERROR(VLOOKUP($C97,$C$68:$AH$83,F$67,FALSE),1) -> 0 | G97: =SUMIFS(G$3:G$64,$A$3:$A$64,$A97,$D$3:$D$64,$B97)*SUMIF('RES balance'!$D$5:$D$25,'RES Assumptions'!$A97,'RES balance'!G$5:G$25)*IFERROR(VLOOKUP($C97,$C$68:$AH$83,G$67,FALSE),1) -> 18.869417 | H97: =SUMIFS(H$3:H$64,$A$3:$A$64,$A97,$D$3:$D$64,$B97)*SUMIF('RES balance'!$D$5:$D$25,'RES Assumptions'!$A97,'RES balance'!H$5:H$25)*IFERROR(VLOOKUP($C97,$C$68:$AH$83,H$67,FALSE),1) -> 14.507588 | I97: =SUMIFS(I$3:I$64,$A$3:$A$64,$A97,$D$3:$D$64,$B97)*SUMIF('RES balance'!$D$5:$D$25,'RES Assumptions'!$A97,'RES balance'!I$5:I$25)*IFERROR(VLOOKUP($C97,$C$68:$AH$83,I$67,FALSE),1) -> 5.8054546 | J97: =SUMIFS(J$3:J$64,$A$3:$A$64,$A97,$D$3:$D$64,$B97)*SUMIF('RES balance'!$D$5:$D$25,'RES Assumptions'!$A97,'RES balance'!J$5:J$25)*IFERROR(VLOOKUP($C97,$C$68:$AH$83,J$67,FALSE),1) -> 0 | K97: =SUMIFS(K$3:K$64,$A$3:$A$64,$A97,$D$3:$D$64,$B97)*SUMIF('RES balance'!$D$5:$D$25,'RES Assumptions'!$A97,'RES balance'!K$5:K$25)*IFERROR(VLOOKUP($C97,$C$68:$AH$83,K$67,FALSE),1) -> 56.185959 | L97: =SUMIFS(L$3:L$64,$A$3:$A$64,$A97,$D$3:$D$64,$B97)*SUMIF('RES balance'!$D$5:$D$25,'RES Assumptions'!$A97,'RES balance'!L$5:L$25)*IFERROR(VLOOKUP($C97,$C$68:$AH$83,L$67,FALSE),1) -> 66.574895 | ... AH97: =SUMIFS(AH$3:AH$64,$A$3:$A$64,$A97,$D$3:$D$64,$B97)*SUMIF('RES balance'!$D$5:$D$25,'RES Assumptions'!$A97,'RES balance'!AH$5:AH$25)*IFERROR(VLOOKUP($C97,$C$68:$AH$83,AH$67,FALSE),1) -> 0 | AJ97: GEO | AK97: =AJ97 -> GEO | AN97: RR | AO97: RRF
A98: ="RES"&VLOOKUP(RIGHT(C98,3),$AJ$87:$AK$108,2,FALSE) -> RESCOA | B98: =LEFT(C98,IF(LEN(C98)=5,2,3)) -> RH | C98: =SUBSTITUTE(SUBSTITUTE(SUBSTITUTE('RES Veda input'!B15,"1",""),"000",""),"RRF","RR") -> RHCOA | E98: =SUMIFS(E$3:E$64,$A$3:$A$64,$A98,$D$3:$D$64,$B98)*SUMIF('RES balance'!$D$5:$D$25,'RES Assumptions'!$A98,'RES balance'!E$5:E$25)*IFERROR(VLOOKUP($C98,$C$68:$AH$83,E$67,FALSE),1) -> 0 | F98: =SUMIFS(F$3:F$64,$A$3:$A$64,$A98,$D$3:$D$64,$B98)*SUMIF('RES balance'!$D$5:$D$25,'RES Assumptions'!$A98,'RES balance'!F$5:F$25)*IFERROR(VLOOKUP($C98,$C$68:$AH$83,F$67,FALSE),1) -> 0.06053466 | G98: =SUMIFS(G$3:G$64,$A$3:$A$64,$A98,$D$3:$D$64,$B98)*SUMIF('RES balance'!$D$5:$D$25,'RES Assumptions'!$A98,'RES balance'!G$5:G$25)*IFERROR(VLOOKUP($C98,$C$68:$AH$83,G$67,FALSE),1) -> 0 | H98: =SUMIFS(H$3:H$64,$A$3:$A$64,$A98,$D$3:$D$64,$B98)*SUMIF('RES balance'!$D$5:$D$25,'RES Assumptions'!$A98,'RES balance'!H$5:H$25)*IFERROR(VLOOKUP($C98,$C$68:$AH$83,H$67,FALSE),1) -> 161.20673 | I98: =SUMIFS(I$3:I$64,$A$3:$A$64,$A98,$D$3:$D$64,$B98)*SUMIF('RES balance'!$D$5:$D$25,'RES Assumptions'!$A98,'RES balance'!I$5:I$25)*IFERROR(VLOOKUP($C98,$C$68:$AH$83,I$67,FALSE),1) -> 9.3387231 | J98: =SUMIFS(J$3:J$64,$A$3:$A$64,$A98,$D$3:$D$64,$B98)*SUMIF('RES balance'!$D$5:$D$25,'RES Assumptions'!$A98,'RES balance'!J$5:J$25)*IFERROR(VLOOKUP($C98,$C$68:$AH$83,J$67,FALSE),1) -> 0 | K98: =SUMIFS(K$3:K$64,$A$3:$A$64,$A98,$D$3:$D$64,$B98)*SUMIF('RES balance'!$D$5:$D$25,'RES Assumptions'!$A98,'RES balance'!K$5:K$25)*IFERROR(VLOOKUP($C98,$C$68:$AH$83,K$67,FALSE),1) -> 0.25830538 | L98: =SUMIFS(L$3:L$64,$A$3:$A$64,$A98,$D$3:$D$64,$B98)*SUMIF('RES balance'!$D$5:$D$25,'RES Assumptions'!$A98,'RES balance'!L$5:L$25)*IFERROR(VLOOKUP($C98,$C$68:$AH$83,L$67,FALSE),1) -> 0 | ... AH98: =SUMIFS(AH$3:AH$64,$A$3:$A$64,$A98,$D$3:$D$64,$B98)*SUMIF('RES balance'!$D$5:$D$25,'RES Assumptions'!$A98,'RES balance'!AH$5:AH$25)*IFERROR(VLOOKUP($C98,$C$68:$AH$83,AH$67,FALSE),1) -> 0 | AJ98: HAE | AK98: ELC
A99: ="RES"&VLOOKUP(RIGHT(C99,3),$AJ$87:$AK$108,2,FALSE) -> RESOIL | B99: =LEFT(C99,IF(LEN(C99)=5,2,3)) -> RH | C99: =SUBSTITUTE(SUBSTITUTE(SUBSTITUTE('RES Veda input'!B16,"1",""),"000",""),"RRF","RR") -> RHDST | E99: =SUMIFS(E$3:E$64,$A$3:$A$64,$A99,$D$3:$D$64,$B99)*SUMIF('RES balance'!$D$5:$D$25,'RES Assumptions'!$A99,'RES balance'!E$5:E$25)*IFERROR(VLOOKUP($C99,$C$68:$AH$83,E$67,FALSE),1) -> 0.0040239636 | F99: =SUMIFS(F$3:F$64,$A$3:$A$64,$A99,$D$3:$D$64,$B99)*SUMIF('RES balance'!$D$5:$D$25,'RES Assumptions'!$A99,'RES balance'!F$5:F$25)*IFERROR(VLOOKUP($C99,$C$68:$AH$83,F$67,FALSE),1) -> 0.17029056 | G99: =SUMIFS(G$3:G$64,$A$3:$A$64,$A99,$D$3:$D$64,$B99)*SUMIF('RES balance'!$D$5:$D$25,'RES Assumptions'!$A99,'RES balance'!G$5:G$25)*IFERROR(VLOOKUP($C99,$C$68:$AH$83,G$67,FALSE),1) -> 0 | H99: =SUMIFS(H$3:H$64,$A$3:$A$64,$A99,$D$3:$D$64,$B99)*SUMIF('RES balance'!$D$5:$D$25,'RES Assumptions'!$A99,'RES balance'!H$5:H$25)*IFERROR(VLOOKUP($C99,$C$68:$AH$83,H$67,FALSE),1) -> 78.220729 | I99: =SUMIFS(I$3:I$64,$A$3:$A$64,$A99,$D$3:$D$64,$B99)*SUMIF('RES balance'!$D$5:$D$25,'RES Assumptions'!$A99,'RES balance'!I$5:I$25)*IFERROR(VLOOKUP($C99,$C$68:$AH$83,I$67,FALSE),1) -> 16.990966 | J99: =SUMIFS(J$3:J$64,$A$3:$A$64,$A99,$D$3:$D$64,$B99)*SUMIF('RES balance'!$D$5:$D$25,'RES Assumptions'!$A99,'RES balance'!J$5:J$25)*IFERROR(VLOOKUP($C99,$C$68:$AH$83,J$67,FALSE),1) -> 0 | K99: =SUMIFS(K$3:K$64,$A$3:$A$64,$A99,$D$3:$D$64,$B99)*SUMIF('RES balance'!$D$5:$D$25,'RES Assumptions'!$A99,'RES balance'!K$5:K$25)*IFERROR(VLOOKUP($C99,$C$68:$AH$83,K$67,FALSE),1) -> 0.035198217 | L99: =SUMIFS(L$3:L$64,$A$3:$A$64,$A99,$D$3:$D$64,$B99)*SUMIF('RES balance'!$D$5:$D$25,'RES Assumptions'!$A99,'RES balance'!L$5:L$25)*IFERROR(VLOOKUP($C99,$C$68:$AH$83,L$67,FALSE),1) -> 0 | ... AH99: =SUMIFS(AH$3:AH$64,$A$3:$A$64,$A99,$D$3:$D$64,$B99)*SUMIF('RES balance'!$D$5:$D$25,'RES Assumptions'!$A99,'RES balance'!AH$5:AH$25)*IFERROR(VLOOKUP($C99,$C$68:$AH$83,AH$67,FALSE),1) -> 0 | AJ99: HET | AK99: =AJ99 -> HET
A100: ="RES"&VLOOKUP(RIGHT(C100,3),$AJ$87:$AK$108,2,FALSE) -> RESELC | B100: =LEFT(C100,IF(LEN(C100)=5,2,3)) -> RH | C100: =SUBSTITUTE(SUBSTITUTE(SUBSTITUTE('RES Veda input'!B17,"1",""),"000",""),"RRF","RR") -> RHEHP | E100: =SUMIFS(E$3:E$64,$A$3:$A$64,$A100,$D$3:$D$64,$B100)*SUMIF('RES balance'!$D$5:$D$25,'RES Assumptions'!$A100,'RES balance'!E$5:E$25)*IFERROR(VLOOKUP($C100,$C$68:$AH$83,E$67,FALSE),1) -> 0 | F100: =SUMIFS(F$3:F$64,$A$3:$A$64,$A100,$D$3:$D$64,$B100)*SUMIF('RES balance'!$D$5:$D$25,'RES Assumptions'!$A100,'RES balance'!F$5:F$25)*IFERROR(VLOOKUP($C100,$C$68:$AH$83,F$67,FALSE),1) -> 0 | G100: =SUMIFS(G$3:G$64,$A$3:$A$64,$A100,$D$3:$D$64,$B100)*SUMIF('RES balance'!$D$5:$D$25,'RES Assumptions'!$A100,'RES balance'!G$5:G$25)*IFERROR(VLOOKUP($C100,$C$68:$AH$83,G$67,FALSE),1) -> 0.0013699015 | H100: =SUMIFS(H$3:H$64,$A$3:$A$64,$A100,$D$3:$D$64,$B100)*SUMIF('RES balance'!$D$5:$D$25,'RES Assumptions'!$A100,'RES balance'!H$5:H$25)*IFERROR(VLOOKUP($C100,$C$68:$AH$83,H$67,FALSE),1) -> 0.14927598 | I100: =SUMIFS(I$3:I$64,$A$3:$A$64,$A100,$D$3:$D$64,$B100)*SUMIF('RES balance'!$D$5:$D$25,'RES Assumptions'!$A100,'RES balance'!I$5:I$25)*IFERROR(VLOOKUP($C100,$C$68:$AH$83,I$67,FALSE),1) -> 74.806631 | J100: =SUMIFS(J$3:J$64,$A$3:$A$64,$A100,$D$3:$D$64,$B100)*SUMIF('RES balance'!$D$5:$D$25,'RES Assumptions'!$A100,'RES balance'!J$5:J$25)*IFERROR(VLOOKUP($C100,$C$68:$AH$83,J$67,FALSE),1) -> 0 | K100: =SUMIFS(K$3:K$64,$A$3:$A$64,$A100,$D$3:$D$64,$B100)*SUMIF('RES balance'!$D$5:$D$25,'RES Assumptions'!$A100,'RES balance'!K$5:K$25)*IFERROR(VLOOKUP($C100,$C$68:$AH$83,K$67,FALSE),1) -> 1.2792518 | L100: =SUMIFS(L$3:L$64,$A$3:$A$64,$A100,$D$3:$D$64,$B100)*SUMIF('RES balance'!$D$5:$D$25,'RES Assumptions'!$A100,'RES balance'!L$5:L$25)*IFERROR(VLOOKUP($C100,$C$68:$AH$83,L$67,FALSE),1) -> 0.0034404927 | ... AH100: =SUMIFS(AH$3:AH$64,$A$3:$A$64,$A100,$D$3:$D$64,$B100)*SUMIF('RES balance'!$D$5:$D$25,'RES Assumptions'!$A100,'RES balance'!AH$5:AH$25)*IFERROR(VLOOKUP($C100,$C$68:$AH$83,AH$67,FALSE),1) -> 0 | AJ100: HFO | AK100: =AJ100 -> HFO
A101: ="RES"&VLOOKUP(RIGHT(C101,3),$AJ$87:$AK$108,2,FALSE) -> RESELC | B101: =LEFT(C101,IF(LEN(C101)=5,2,3)) -> RH | C101: =SUBSTITUTE(SUBSTITUTE(SUBSTITUTE('RES Veda input'!B18,"1",""),"000",""),"RRF","RR") -> RHERS | E101: =SUMIFS(E$3:E$64,$A$3:$A$64,$A101,$D$3:$D$64,$B101)*SUMIF('RES balance'!$D$5:$D$25,'RES Assumptions'!$A101,'RES balance'!E$5:E$25)*IFERROR(VLOOKUP($C101,$C$68:$AH$83,E$67,FALSE),1) -> 0 | F101: =SUMIFS(F$3:F$64,$A$3:$A$64,$A101,$D$3:$D$64,$B101)*SUMIF('RES balance'!$D$5:$D$25,'RES Assumptions'!$A101,'RES balance'!F$5:F$25)*IFERROR(VLOOKUP($C101,$C$68:$AH$83,F$67,FALSE),1) -> 0 | G101: =SUMIFS(G$3:G$64,$A$3:$A$64,$A101,$D$3:$D$64,$B101)*SUMIF('RES balance'!$D$5:$D$25,'RES Assumptions'!$A101,'RES balance'!G$5:G$25)*IFERROR(VLOOKUP($C101,$C$68:$AH$83,G$67,FALSE),1) -> 1.3685316 | H101: =SUMIFS(H$3:H$64,$A$3:$A$64,$A101,$D$3:$D$64,$B101)*SUMIF('RES balance'!$D$5:$D$25,'RES Assumptions'!$A101,'RES balance'!H$5:H$25)*IFERROR(VLOOKUP($C101,$C$68:$AH$83,H$67,FALSE),1) -> 14.778322 | I101: =SUMIFS(I$3:I$64,$A$3:$A$64,$A101,$D$3:$D$64,$B101)*SUMIF('RES balance'!$D$5:$D$25,'RES Assumptions'!$A101,'RES balance'!I$5:I$25)*IFERROR(VLOOKUP($C101,$C$68:$AH$83,I$67,FALSE),1) -> 91.430327 | J101: =SUMIFS(J$3:J$64,$A$3:$A$64,$A101,$D$3:$D$64,$B101)*SUMIF('RES balance'!$D$5:$D$25,'RES Assumptions'!$A101,'RES balance'!J$5:J$25)*IFERROR(VLOOKUP($C101,$C$68:$AH$83,J$67,FALSE),1) -> 0 | K101: =SUMIFS(K$3:K$64,$A$3:$A$64,$A101,$D$3:$D$64,$B101)*SUMIF('RES balance'!$D$5:$D$25,'RES Assumptions'!$A101,'RES balance'!K$5:K$25)*IFERROR(VLOOKUP($C101,$C$68:$AH$83,K$67,FALSE),1) -> 24.305784 | L101: =SUMIFS(L$3:L$64,$A$3:$A$64,$A101,$D$3:$D$64,$B101)*SUMIF('RES balance'!$D$5:$D$25,'RES Assumptions'!$A101,'RES balance'!L$5:L$25)*IFERROR(VLOOKUP($C101,$C$68:$AH$83,L$67,FALSE),1) -> 3.4370522 | ... AH101: =SUMIFS(AH$3:AH$64,$A$3:$A$64,$A101,$D$3:$D$64,$B101)*SUMIF('RES balance'!$D$5:$D$25,'RES Assumptions'!$A101,'RES balance'!AH$5:AH$25)*IFERROR(VLOOKUP($C101,$C$68:$AH$83,AH$67,FALSE),1) -> 0 | AJ101: ICE | AK101: ELC
A102: ="RES"&VLOOKUP(RIGHT(C102,3),$AJ$87:$AK$108,2,FALSE) -> RESGEO | B102: =LEFT(C102,IF(LEN(C102)=5,2,3)) -> RH | C102: =SUBSTITUTE(SUBSTITUTE(SUBSTITUTE('RES Veda input'!B19,"1",""),"000",""),"RRF","RR") -> RHGEO | E102: =SUMIFS(E$3:E$64,$A$3:$A$64,$A102,$D$3:$D$64,$B102)*SUMIF('RES balance'!$D$5:$D$25,'RES Assumptions'!$A102,'RES balance'!E$5:E$25)*IFERROR(VLOOKUP($C102,$C$68:$AH$83,E$67,FALSE),1) -> 0 | F102: =SUMIFS(F$3:F$64,$A$3:$A$64,$A102,$D$3:$D$64,$B102)*SUMIF('RES balance'!$D$5:$D$25,'RES Assumptions'!$A102,'RES balance'!F$5:F$25)*IFERROR(VLOOKUP($C102,$C$68:$AH$83,F$67,FALSE),1) -> 0 | G102: =SUMIFS(G$3:G$64,$A$3:$A$64,$A102,$D$3:$D$64,$B102)*SUMIF('RES balance'!$D$5:$D$25,'RES Assumptions'!$A102,'RES balance'!G$5:G$25)*IFERROR(VLOOKUP($C102,$C$68:$AH$83,G$67,FALSE),1) -> 0 | H102: =SUMIFS(H$3:H$64,$A$3:$A$64,$A102,$D$3:$D$64,$B102)*SUMIF('RES balance'!$D$5:$D$25,'RES Assumptions'!$A102,'RES balance'!H$5:H$25)*IFERROR(VLOOKUP($C102,$C$68:$AH$83,H$67,FALSE),1) -> 0.26520029 | I102: =SUMIFS(I$3:I$64,$A$3:$A$64,$A102,$D$3:$D$64,$B102)*SUMIF('RES balance'!$D$5:$D$25,'RES Assumptions'!$A102,'RES balance'!I$5:I$25)*IFERROR(VLOOKUP($C102,$C$68:$AH$83,I$67,FALSE),1) -> 3.980889 | J102: =SUMIFS(J$3:J$64,$A$3:$A$64,$A102,$D$3:$D$64,$B102)*SUMIF('RES balance'!$D$5:$D$25,'RES Assumptions'!$A102,'RES balance'!J$5:J$25)*IFERROR(VLOOKUP($C102,$C$68:$AH$83,J$67,FALSE),1) -> 0 | K102: =SUMIFS(K$3:K$64,$A$3:$A$64,$A102,$D$3:$D$64,$B102)*SUMIF('RES balance'!$D$5:$D$25,'RES Assumptions'!$A102,'RES balance'!K$5:K$25)*IFERROR(VLOOKUP($C102,$C$68:$AH$83,K$67,FALSE),1) -> 0.20900087 | L102: =SUMIFS(L$3:L$64,$A$3:$A$64,$A102,$D$3:$D$64,$B102)*SUMIF('RES balance'!$D$5:$D$25,'RES Assumptions'!$A102,'RES balance'!L$5:L$25)*IFERROR(VLOOKUP($C102,$C$68:$AH$83,L$67,FALSE),1) -> 0 | ... AH102: =SUMIFS(AH$3:AH$64,$A$3:$A$64,$A102,$D$3:$D$64,$B102)*SUMIF('RES balance'!$D$5:$D$25,'RES Assumptions'!$A102,'RES balance'!AH$5:AH$25)*IFERROR(VLOOKUP($C102,$C$68:$AH$83,AH$67,FALSE),1) -> 0 | AJ102: KER | AK102: =AJ102 -> KER
A103: ="RES"&VLOOKUP(RIGHT(C103,3),$AJ$87:$AK$108,2,FALSE) -> RESHET | B103: =LEFT(C103,IF(LEN(C103)=5,2,3)) -> RH | C103: =SUBSTITUTE(SUBSTITUTE(SUBSTITUTE('RES Veda input'!B20,"1",""),"000",""),"RRF","RR") -> RHHET | E103: =SUMIFS(E$3:E$64,$A$3:$A$64,$A103,$D$3:$D$64,$B103)*SUMIF('RES balance'!$D$5:$D$25,'RES Assumptions'!$A103,'RES balance'!E$5:E$25)*IFERROR(VLOOKUP($C103,$C$68:$AH$83,E$67,FALSE),1) -> 0 | F103: =SUMIFS(F$3:F$64,$A$3:$A$64,$A103,$D$3:$D$64,$B103)*SUMIF('RES balance'!$D$5:$D$25,'RES Assumptions'!$A103,'RES balance'!F$5:F$25)*IFERROR(VLOOKUP($C103,$C$68:$AH$83,F$67,FALSE),1) -> 0 | G103: =SUMIFS(G$3:G$64,$A$3:$A$64,$A103,$D$3:$D$64,$B103)*SUMIF('RES balance'!$D$5:$D$25,'RES Assumptions'!$A103,'RES balance'!G$5:G$25)*IFERROR(VLOOKUP($C103,$C$68:$AH$83,G$67,FALSE),1) -> 0 | H103: =SUMIFS(H$3:H$64,$A$3:$A$64,$A103,$D$3:$D$64,$B103)*SUMIF('RES balance'!$D$5:$D$25,'RES Assumptions'!$A103,'RES balance'!H$5:H$25)*IFERROR(VLOOKUP($C103,$C$68:$AH$83,H$67,FALSE),1) -> 76.924409 | I103: =SUMIFS(I$3:I$64,$A$3:$A$64,$A103,$D$3:$D$64,$B103)*SUMIF('RES balance'!$D$5:$D$25,'RES Assumptions'!$A103,'RES balance'!I$5:I$25)*IFERROR(VLOOKUP($C103,$C$68:$AH$83,I$67,FALSE),1) -> 0 | J103: =SUMIFS(J$3:J$64,$A$3:$A$64,$A103,$D$3:$D$64,$B103)*SUMIF('RES balance'!$D$5:$D$25,'RES Assumptions'!$A103,'RES balance'!J$5:J$25)*IFERROR(VLOOKUP($C103,$C$68:$AH$83,J$67,FALSE),1) -> 0 | K103: =SUMIFS(K$3:K$64,$A$3:$A$64,$A103,$D$3:$D$64,$B103)*SUMIF('RES balance'!$D$5:$D$25,'RES Assumptions'!$A103,'RES balance'!K$5:K$25)*IFERROR(VLOOKUP($C103,$C$68:$AH$83,K$67,FALSE),1) -> 0 | L103: =SUMIFS(L$3:L$64,$A$3:$A$64,$A103,$D$3:$D$64,$B103)*SUMIF('RES balance'!$D$5:$D$25,'RES Assumptions'!$A103,'RES balance'!L$5:L$25)*IFERROR(VLOOKUP($C103,$C$68:$AH$83,L$67,FALSE),1) -> 0 | ... AH103: =SUMIFS(AH$3:AH$64,$A$3:$A$64,$A103,$D$3:$D$64,$B103)*SUMIF('RES balance'!$D$5:$D$25,'RES Assumptions'!$A103,'RES balance'!AH$5:AH$25)*IFERROR(VLOOKUP($C103,$C$68:$AH$83,AH$67,FALSE),1) -> 0 | AJ103: LPG | AK103: =AJ103 -> LPG
A104: ="RES"&VLOOKUP(RIGHT(C104,3),$AJ$87:$AK$108,2,FALSE) -> RESHFO | B104: =LEFT(C104,IF(LEN(C104)=5,2,3)) -> RH | C104: =SUBSTITUTE(SUBSTITUTE(SUBSTITUTE('RES Veda input'!B21,"1",""),"000",""),"RRF","RR") -> RHHFO | E104: =SUMIFS(E$3:E$64,$A$3:$A$64,$A104,$D$3:$D$64,$B104)*SUMIF('RES balance'!$D$5:$D$25,'RES Assumptions'!$A104,'RES balance'!E$5:E$25)*IFERROR(VLOOKUP($C104,$C$68:$AH$83,E$67,FALSE),1) -> 0 | F104: =SUMIFS(F$3:F$64,$A$3:$A$64,$A104,$D$3:$D$64,$B104)*SUMIF('RES balance'!$D$5:$D$25,'RES Assumptions'!$A104,'RES balance'!F$5:F$25)*IFERROR(VLOOKUP($C104,$C$68:$AH$83,F$67,FALSE),1) -> 0 | G104: =SUMIFS(G$3:G$64,$A$3:$A$64,$A104,$D$3:$D$64,$B104)*SUMIF('RES balance'!$D$5:$D$25,'RES Assumptions'!$A104,'RES balance'!G$5:G$25)*IFERROR(VLOOKUP($C104,$C$68:$AH$83,G$67,FALSE),1) -> 0 | H104: =SUMIFS(H$3:H$64,$A$3:$A$64,$A104,$D$3:$D$64,$B104)*SUMIF('RES balance'!$D$5:$D$25,'RES Assumptions'!$A104,'RES balance'!H$5:H$25)*IFERROR(VLOOKUP($C104,$C$68:$AH$83,H$67,FALSE),1) -> 0 | I104: =SUMIFS(I$3:I$64,$A$3:$A$64,$A104,$D$3:$D$64,$B104)*SUMIF('RES balance'!$D$5:$D$25,'RES Assumptions'!$A104,'RES balance'!I$5:I$25)*IFERROR(VLOOKUP($C104,$C$68:$AH$83,I$67,FALSE),1) -> 0 | J104: =SUMIFS(J$3:J$64,$A$3:$A$64,$A104,$D$3:$D$64,$B104)*SUMIF('RES balance'!$D$5:$D$25,'RES Assumptions'!$A104,'RES balance'!J$5:J$25)*IFERROR(VLOOKUP($C104,$C$68:$AH$83,J$67,FALSE),1) -> 0 | K104: =SUMIFS(K$3:K$64,$A$3:$A$64,$A104,$D$3:$D$64,$B104)*SUMIF('RES balance'!$D$5:$D$25,'RES Assumptions'!$A104,'RES balance'!K$5:K$25)*IFERROR(VLOOKUP($C104,$C$68:$AH$83,K$67,FALSE),1) -> 0 | L104: =SUMIFS(L$3:L$64,$A$3:$A$64,$A104,$D$3:$D$64,$B104)*SUMIF('RES balance'!$D$5:$D$25,'RES Assumptions'!$A104,'RES balance'!L$5:L$25)*IFERROR(VLOOKUP($C104,$C$68:$AH$83,L$67,FALSE),1) -> 0 | ... AH104: =SUMIFS(AH$3:AH$64,$A$3:$A$64,$A104,$D$3:$D$64,$B104)*SUMIF('RES balance'!$D$5:$D$25,'RES Assumptions'!$A104,'RES balance'!AH$5:AH$25)*IFERROR(VLOOKUP($C104,$C$68:$AH$83,AH$67,FALSE),1) -> 0 | AJ104: NGA | AK104: =AJ104 -> NGA
A105: ="RES"&VLOOKUP(RIGHT(C105,3),$AJ$87:$AK$108,2,FALSE) -> RESKER | B105: =LEFT(C105,IF(LEN(C105)=5,2,3)) -> RH | C105: =SUBSTITUTE(SUBSTITUTE(SUBSTITUTE('RES Veda input'!B22,"1",""),"000",""),"RRF","RR") -> RHKER | E105: =SUMIFS(E$3:E$64,$A$3:$A$64,$A105,$D$3:$D$64,$B105)*SUMIF('RES balance'!$D$5:$D$25,'RES Assumptions'!$A105,'RES balance'!E$5:E$25)*IFERROR(VLOOKUP($C105,$C$68:$AH$83,E$67,FALSE),1) -> 0.051506472 | F105: =SUMIFS(F$3:F$64,$A$3:$A$64,$A105,$D$3:$D$64,$B105)*SUMIF('RES balance'!$D$5:$D$25,'RES Assumptions'!$A105,'RES balance'!F$5:F$25)*IFERROR(VLOOKUP($C105,$C$68:$AH$83,F$67,FALSE),1) -> 0.56868776 | G105: =SUMIFS(G$3:G$64,$A$3:$A$64,$A105,$D$3:$D$64,$B105)*SUMIF('RES balance'!$D$5:$D$25,'RES Assumptions'!$A105,'RES balance'!G$5:G$25)*IFERROR(VLOOKUP($C105,$C$68:$AH$83,G$67,FALSE),1) -> 0.12880587 | H105: =SUMIFS(H$3:H$64,$A$3:$A$64,$A105,$D$3:$D$64,$B105)*SUMIF('RES balance'!$D$5:$D$25,'RES Assumptions'!$A105,'RES balance'!H$5:H$25)*IFERROR(VLOOKUP($C105,$C$68:$AH$83,H$67,FALSE),1) -> 4.8036258 | I105: =SUMIFS(I$3:I$64,$A$3:$A$64,$A105,$D$3:$D$64,$B105)*SUMIF('RES balance'!$D$5:$D$25,'RES Assumptions'!$A105,'RES balance'!I$5:I$25)*IFERROR(VLOOKUP($C105,$C$68:$AH$83,I$67,FALSE),1) -> 189.80799 | J105: =SUMIFS(J$3:J$64,$A$3:$A$64,$A105,$D$3:$D$64,$B105)*SUMIF('RES balance'!$D$5:$D$25,'RES Assumptions'!$A105,'RES balance'!J$5:J$25)*IFERROR(VLOOKUP($C105,$C$68:$AH$83,J$67,FALSE),1) -> 0 | K105: =SUMIFS(K$3:K$64,$A$3:$A$64,$A105,$D$3:$D$64,$B105)*SUMIF('RES balance'!$D$5:$D$25,'RES Assumptions'!$A105,'RES balance'!K$5:K$25)*IFERROR(VLOOKUP($C105,$C$68:$AH$83,K$67,FALSE),1) -> 0 | L105: =SUMIFS(L$3:L$64,$A$3:$A$64,$A105,$D$3:$D$64,$B105)*SUMIF('RES balance'!$D$5:$D$25,'RES Assumptions'!$A105,'RES balance'!L$5:L$25)*IFERROR(VLOOKUP($C105,$C$68:$AH$83,L$67,FALSE),1) -> 0.0022719676 | ... AH105: =SUMIFS(AH$3:AH$64,$A$3:$A$64,$A105,$D$3:$D$64,$B105)*SUMIF('RES balance'!$D$5:$D$25,'RES Assumptions'!$A105,'RES balance'!AH$5:AH$25)*IFERROR(VLOOKUP($C105,$C$68:$AH$83,AH$67,FALSE),1) -> 0 | AJ105: NHP | AK105: NGA
A106: ="RES"&VLOOKUP(RIGHT(C106,3),$AJ$87:$AK$108,2,FALSE) -> RESLPG | B106: =LEFT(C106,IF(LEN(C106)=5,2,3)) -> RH | C106: =SUBSTITUTE(SUBSTITUTE(SUBSTITUTE('RES Veda input'!B23,"1",""),"000",""),"RRF","RR") -> RHLPG | E106: =SUMIFS(E$3:E$64,$A$3:$A$64,$A106,$D$3:$D$64,$B106)*SUMIF('RES balance'!$D$5:$D$25,'RES Assumptions'!$A106,'RES balance'!E$5:E$25)*IFERROR(VLOOKUP($C106,$C$68:$AH$83,E$67,FALSE),1) -> 4.3984111 | F106: =SUMIFS(F$3:F$64,$A$3:$A$64,$A106,$D$3:$D$64,$B106)*SUMIF('RES balance'!$D$5:$D$25,'RES Assumptions'!$A106,'RES balance'!F$5:F$25)*IFERROR(VLOOKUP($C106,$C$68:$AH$83,F$67,FALSE),1) -> 1.3674155 | G106: =SUMIFS(G$3:G$64,$A$3:$A$64,$A106,$D$3:$D$64,$B106)*SUMIF('RES balance'!$D$5:$D$25,'RES Assumptions'!$A106,'RES balance'!G$5:G$25)*IFERROR(VLOOKUP($C106,$C$68:$AH$83,G$67,FALSE),1) -> 1.0236833 | H106: =SUMIFS(H$3:H$64,$A$3:$A$64,$A106,$D$3:$D$64,$B106)*SUMIF('RES balance'!$D$5:$D$25,'RES Assumptions'!$A106,'RES balance'!H$5:H$25)*IFERROR(VLOOKUP($C106,$C$68:$AH$83,H$67,FALSE),1) -> 48.281806 | I106: =SUMIFS(I$3:I$64,$A$3:$A$64,$A106,$D$3:$D$64,$B106)*SUMIF('RES balance'!$D$5:$D$25,'RES Assumptions'!$A106,'RES balance'!I$5:I$25)*IFERROR(VLOOKUP($C106,$C$68:$AH$83,I$67,FALSE),1) -> 122.72615 | J106: =SUMIFS(J$3:J$64,$A$3:$A$64,$A106,$D$3:$D$64,$B106)*SUMIF('RES balance'!$D$5:$D$25,'RES Assumptions'!$A106,'RES balance'!J$5:J$25)*IFERROR(VLOOKUP($C106,$C$68:$AH$83,J$67,FALSE),1) -> 0 | K106: =SUMIFS(K$3:K$64,$A$3:$A$64,$A106,$D$3:$D$64,$B106)*SUMIF('RES balance'!$D$5:$D$25,'RES Assumptions'!$A106,'RES balance'!K$5:K$25)*IFERROR(VLOOKUP($C106,$C$68:$AH$83,K$67,FALSE),1) -> 5.4988735 | L106: =SUMIFS(L$3:L$64,$A$3:$A$64,$A106,$D$3:$D$64,$B106)*SUMIF('RES balance'!$D$5:$D$25,'RES Assumptions'!$A106,'RES balance'!L$5:L$25)*IFERROR(VLOOKUP($C106,$C$68:$AH$83,L$67,FALSE),1) -> 3.0472599 | ... AH106: =SUMIFS(AH$3:AH$64,$A$3:$A$64,$A106,$D$3:$D$64,$B106)*SUMIF('RES balance'!$D$5:$D$25,'RES Assumptions'!$A106,'RES balance'!AH$5:AH$25)*IFERROR(VLOOKUP($C106,$C$68:$AH$83,AH$67,FALSE),1) -> 0 | AJ106: RAE | AK106: ELC
A107: ="RES"&VLOOKUP(RIGHT(C107,3),$AJ$87:$AK$108,2,FALSE) -> RESNGA | B107: =LEFT(C107,IF(LEN(C107)=5,2,3)) -> RH | C107: =SUBSTITUTE(SUBSTITUTE(SUBSTITUTE('RES Veda input'!B24,"1",""),"000",""),"RRF","RR") -> RHNGA | E107: =SUMIFS(E$3:E$64,$A$3:$A$64,$A107,$D$3:$D$64,$B107)*SUMIF('RES balance'!$D$5:$D$25,'RES Assumptions'!$A107,'RES balance'!E$5:E$25)*IFERROR(VLOOKUP($C107,$C$68:$AH$83,E$67,FALSE),1) -> 0.74556931 | F107: =SUMIFS(F$3:F$64,$A$3:$A$64,$A107,$D$3:$D$64,$B107)*SUMIF('RES balance'!$D$5:$D$25,'RES Assumptions'!$A107,'RES balance'!F$5:F$25)*IFERROR(VLOOKUP($C107,$C$68:$AH$83,F$67,FALSE),1) -> 5.8894723e-07 | G107: =SUMIFS(G$3:G$64,$A$3:$A$64,$A107,$D$3:$D$64,$B107)*SUMIF('RES balance'!$D$5:$D$25,'RES Assumptions'!$A107,'RES balance'!G$5:G$25)*IFERROR(VLOOKUP($C107,$C$68:$AH$83,G$67,FALSE),1) -> 0.56286057 | H107: =SUMIFS(H$3:H$64,$A$3:$A$64,$A107,$D$3:$D$64,$B107)*SUMIF('RES balance'!$D$5:$D$25,'RES Assumptions'!$A107,'RES balance'!H$5:H$25)*IFERROR(VLOOKUP($C107,$C$68:$AH$83,H$67,FALSE),1) -> 407.03454 | I107: =SUMIFS(I$3:I$64,$A$3:$A$64,$A107,$D$3:$D$64,$B107)*SUMIF('RES balance'!$D$5:$D$25,'RES Assumptions'!$A107,'RES balance'!I$5:I$25)*IFERROR(VLOOKUP($C107,$C$68:$AH$83,I$67,FALSE),1) -> 130.61796 | J107: =SUMIFS(J$3:J$64,$A$3:$A$64,$A107,$D$3:$D$64,$B107)*SUMIF('RES balance'!$D$5:$D$25,'RES Assumptions'!$A107,'RES balance'!J$5:J$25)*IFERROR(VLOOKUP($C107,$C$68:$AH$83,J$67,FALSE),1) -> 0 | K107: =SUMIFS(K$3:K$64,$A$3:$A$64,$A107,$D$3:$D$64,$B107)*SUMIF('RES balance'!$D$5:$D$25,'RES Assumptions'!$A107,'RES balance'!K$5:K$25)*IFERROR(VLOOKUP($C107,$C$68:$AH$83,K$67,FALSE),1) -> 97.445666 | L107: =SUMIFS(L$3:L$64,$A$3:$A$64,$A107,$D$3:$D$64,$B107)*SUMIF('RES balance'!$D$5:$D$25,'RES Assumptions'!$A107,'RES balance'!L$5:L$25)*IFERROR(VLOOKUP($C107,$C$68:$AH$83,L$67,FALSE),1) -> 0.025583287 | ... AH107: =SUMIFS(AH$3:AH$64,$A$3:$A$64,$A107,$D$3:$D$64,$B107)*SUMIF('RES balance'!$D$5:$D$25,'RES Assumptions'!$A107,'RES balance'!AH$5:AH$25)*IFERROR(VLOOKUP($C107,$C$68:$AH$83,AH$67,FALSE),1) -> 0 | AJ107: RFE | AK107: ELC
A108: ="RES"&VLOOKUP(RIGHT(C108,3),$AJ$87:$AK$108,2,FALSE) -> RESNGA | B108: =LEFT(C108,IF(LEN(C108)=5,2,3)) -> RH | C108: =SUBSTITUTE(SUBSTITUTE(SUBSTITUTE('RES Veda input'!B25,"1",""),"000",""),"RRF","RR") -> RHNHP | E108: =SUMIFS(E$3:E$64,$A$3:$A$64,$A108,$D$3:$D$64,$B108)*SUMIF('RES balance'!$D$5:$D$25,'RES Assumptions'!$A108,'RES balance'!E$5:E$25)*IFERROR(VLOOKUP($C108,$C$68:$AH$83,E$67,FALSE),1) -> 0.00074631562 | F108: =SUMIFS(F$3:F$64,$A$3:$A$64,$A108,$D$3:$D$64,$B108)*SUMIF('RES balance'!$D$5:$D$25,'RES Assumptions'!$A108,'RES balance'!F$5:F$25)*IFERROR(VLOOKUP($C108,$C$68:$AH$83,F$67,FALSE),1) -> 5.8953677e-10 | G108: =SUMIFS(G$3:G$64,$A$3:$A$64,$A108,$D$3:$D$64,$B108)*SUMIF('RES balance'!$D$5:$D$25,'RES Assumptions'!$A108,'RES balance'!G$5:G$25)*IFERROR(VLOOKUP($C108,$C$68:$AH$83,G$67,FALSE),1) -> 5.6291686e-05 | H108: =SUMIFS(H$3:H$64,$A$3:$A$64,$A108,$D$3:$D$64,$B108)*SUMIF('RES balance'!$D$5:$D$25,'RES Assumptions'!$A108,'RES balance'!H$5:H$25)*IFERROR(VLOOKUP($C108,$C$68:$AH$83,H$67,FALSE),1) -> 0.40744198 | I108: =SUMIFS(I$3:I$64,$A$3:$A$64,$A108,$D$3:$D$64,$B108)*SUMIF('RES balance'!$D$5:$D$25,'RES Assumptions'!$A108,'RES balance'!I$5:I$25)*IFERROR(VLOOKUP($C108,$C$68:$AH$83,I$67,FALSE),1) -> 6.8746293 | J108: =SUMIFS(J$3:J$64,$A$3:$A$64,$A108,$D$3:$D$64,$B108)*SUMIF('RES balance'!$D$5:$D$25,'RES Assumptions'!$A108,'RES balance'!J$5:J$25)*IFERROR(VLOOKUP($C108,$C$68:$AH$83,J$67,FALSE),1) -> 0 | K108: =SUMIFS(K$3:K$64,$A$3:$A$64,$A108,$D$3:$D$64,$B108)*SUMIF('RES balance'!$D$5:$D$25,'RES Assumptions'!$A108,'RES balance'!K$5:K$25)*IFERROR(VLOOKUP($C108,$C$68:$AH$83,K$67,FALSE),1) -> 0.097543209 | L108: =SUMIFS(L$3:L$64,$A$3:$A$64,$A108,$D$3:$D$64,$B108)*SUMIF('RES balance'!$D$5:$D$25,'RES Assumptions'!$A108,'RES balance'!L$5:L$25)*IFERROR(VLOOKUP($C108,$C$68:$AH$83,L$67,FALSE),1) -> 2.5585846e-06 | ... AH108: =SUMIFS(AH$3:AH$64,$A$3:$A$64,$A108,$D$3:$D$64,$B108)*SUMIF('RES balance'!$D$5:$D$25,'RES Assumptions'!$A108,'RES balance'!AH$5:AH$25)*IFERROR(VLOOKUP($C108,$C$68:$AH$83,AH$67,FALSE),1) -> 0 | AJ108: STH | AK108: STH
A109: ="RES"&VLOOKUP(RIGHT(C109,3),$AJ$87:$AK$108,2,FALSE) -> RESBIO | B109: =LEFT(C109,IF(LEN(C109)=5,2,3)) -> RHW | C109: =SUBSTITUTE(SUBSTITUTE(SUBSTITUTE('RES Veda input'!B26,"1",""),"000",""),"RRF","RR") -> RHWBIO | E109: =SUMIFS(E$3:E$64,$A$3:$A$64,$A109,$D$3:$D$64,$B109)*SUMIF('RES balance'!$D$5:$D$25,'RES Assumptions'!$A109,'RES balance'!E$5:E$25)*IFERROR(VLOOKUP($C109,$C$68:$AH$83,E$67,FALSE),1) -> 26.624532 | F109: =SUMIFS(F$3:F$64,$A$3:$A$64,$A109,$D$3:$D$64,$B109)*SUMIF('RES balance'!$D$5:$D$25,'RES Assumptions'!$A109,'RES balance'!F$5:F$25)*IFERROR(VLOOKUP($C109,$C$68:$AH$83,F$67,FALSE),1) -> 2249.5983 | G109: =SUMIFS(G$3:G$64,$A$3:$A$64,$A109,$D$3:$D$64,$B109)*SUMIF('RES balance'!$D$5:$D$25,'RES Assumptions'!$A109,'RES balance'!G$5:G$25)*IFERROR(VLOOKUP($C109,$C$68:$AH$83,G$67,FALSE),1) -> 8.765743 | H109: =SUMIFS(H$3:H$64,$A$3:$A$64,$A109,$D$3:$D$64,$B109)*SUMIF('RES balance'!$D$5:$D$25,'RES Assumptions'!$A109,'RES balance'!H$5:H$25)*IFERROR(VLOOKUP($C109,$C$68:$AH$83,H$67,FALSE),1) -> 0.89159207 | I109: =SUMIFS(I$3:I$64,$A$3:$A$64,$A109,$D$3:$D$64,$B109)*SUMIF('RES balance'!$D$5:$D$25,'RES Assumptions'!$A109,'RES balance'!I$5:I$25)*IFERROR(VLOOKUP($C109,$C$68:$AH$83,I$67,FALSE),1) -> 0 | J109: =SUMIFS(J$3:J$64,$A$3:$A$64,$A109,$D$3:$D$64,$B109)*SUMIF('RES balance'!$D$5:$D$25,'RES Assumptions'!$A109,'RES balance'!J$5:J$25)*IFERROR(VLOOKUP($C109,$C$68:$AH$83,J$67,FALSE),1) -> 0 | K109: =SUMIFS(K$3:K$64,$A$3:$A$64,$A109,$D$3:$D$64,$B109)*SUMIF('RES balance'!$D$5:$D$25,'RES Assumptions'!$A109,'RES balance'!K$5:K$25)*IFERROR(VLOOKUP($C109,$C$68:$AH$83,K$67,FALSE),1) -> 0.19721361 | L109: =SUMIFS(L$3:L$64,$A$3:$A$64,$A109,$D$3:$D$64,$B109)*SUMIF('RES balance'!$D$5:$D$25,'RES Assumptions'!$A109,'RES balance'!L$5:L$25)*IFERROR(VLOOKUP($C109,$C$68:$AH$83,L$67,FALSE),1) -> 30.927209 | ... AH109: =SUMIFS(AH$3:AH$64,$A$3:$A$64,$A109,$D$3:$D$64,$B109)*SUMIF('RES balance'!$D$5:$D$25,'RES Assumptions'!$A109,'RES balance'!AH$5:AH$25)*IFERROR(VLOOKUP($C109,$C$68:$AH$83,AH$67,FALSE),1) -> 0
A110: ="RES"&VLOOKUP(RIGHT(C110,3),$AJ$87:$AK$108,2,FALSE) -> RESCOA | B110: =LEFT(C110,IF(LEN(C110)=5,2,3)) -> RHW | C110: =SUBSTITUTE(SUBSTITUTE(SUBSTITUTE('RES Veda input'!B27,"1",""),"000",""),"RRF","RR") -> RHWCOA | E110: =SUMIFS(E$3:E$64,$A$3:$A$64,$A110,$D$3:$D$64,$B110)*SUMIF('RES balance'!$D$5:$D$25,'RES Assumptions'!$A110,'RES balance'!E$5:E$25)*IFERROR(VLOOKUP($C110,$C$68:$AH$83,E$67,FALSE),1) -> 0 | F110: =SUMIFS(F$3:F$64,$A$3:$A$64,$A110,$D$3:$D$64,$B110)*SUMIF('RES balance'!$D$5:$D$25,'RES Assumptions'!$A110,'RES balance'!F$5:F$25)*IFERROR(VLOOKUP($C110,$C$68:$AH$83,F$67,FALSE),1) -> 0.080211763 | G110: =SUMIFS(G$3:G$64,$A$3:$A$64,$A110,$D$3:$D$64,$B110)*SUMIF('RES balance'!$D$5:$D$25,'RES Assumptions'!$A110,'RES balance'!G$5:G$25)*IFERROR(VLOOKUP($C110,$C$68:$AH$83,G$67,FALSE),1) -> 0 | H110: =SUMIFS(H$3:H$64,$A$3:$A$64,$A110,$D$3:$D$64,$B110)*SUMIF('RES balance'!$D$5:$D$25,'RES Assumptions'!$A110,'RES balance'!H$5:H$25)*IFERROR(VLOOKUP($C110,$C$68:$AH$83,H$67,FALSE),1) -> 24.777866 | I110: =SUMIFS(I$3:I$64,$A$3:$A$64,$A110,$D$3:$D$64,$B110)*SUMIF('RES balance'!$D$5:$D$25,'RES Assumptions'!$A110,'RES balance'!I$5:I$25)*IFERROR(VLOOKUP($C110,$C$68:$AH$83,I$67,FALSE),1) -> 3.1377944 | J110: =SUMIFS(J$3:J$64,$A$3:$A$64,$A110,$D$3:$D$64,$B110)*SUMIF('RES balance'!$D$5:$D$25,'RES Assumptions'!$A110,'RES balance'!J$5:J$25)*IFERROR(VLOOKUP($C110,$C$68:$AH$83,J$67,FALSE),1) -> 0 | K110: =SUMIFS(K$3:K$64,$A$3:$A$64,$A110,$D$3:$D$64,$B110)*SUMIF('RES balance'!$D$5:$D$25,'RES Assumptions'!$A110,'RES balance'!K$5:K$25)*IFERROR(VLOOKUP($C110,$C$68:$AH$83,K$67,FALSE),1) -> 0.016558037 | L110: =SUMIFS(L$3:L$64,$A$3:$A$64,$A110,$D$3:$D$64,$B110)*SUMIF('RES balance'!$D$5:$D$25,'RES Assumptions'!$A110,'RES balance'!L$5:L$25)*IFERROR(VLOOKUP($C110,$C$68:$AH$83,L$67,FALSE),1) -> 0 | ... AH110: =SUMIFS(AH$3:AH$64,$A$3:$A$64,$A110,$D$3:$D$64,$B110)*SUMIF('RES balance'!$D$5:$D$25,'RES Assumptions'!$A110,'RES balance'!AH$5:AH$25)*IFERROR(VLOOKUP($C110,$C$68:$AH$83,AH$67,FALSE),1) -> 0
A111: ="RES"&VLOOKUP(RIGHT(C111,3),$AJ$87:$AK$108,2,FALSE) -> RESOIL | B111: =LEFT(C111,IF(LEN(C111)=5,2,3)) -> RHW | C111: =SUBSTITUTE(SUBSTITUTE(SUBSTITUTE('RES Veda input'!B28,"1",""),"000",""),"RRF","RR") -> RHWDST | E111: =SUMIFS(E$3:E$64,$A$3:$A$64,$A111,$D$3:$D$64,$B111)*SUMIF('RES balance'!$D$5:$D$25,'RES Assumptions'!$A111,'RES balance'!E$5:E$25)*IFERROR(VLOOKUP($C111,$C$68:$AH$83,E$67,FALSE),1) -> 0.039866193 | F111: =SUMIFS(F$3:F$64,$A$3:$A$64,$A111,$D$3:$D$64,$B111)*SUMIF('RES balance'!$D$5:$D$25,'RES Assumptions'!$A111,'RES balance'!F$5:F$25)*IFERROR(VLOOKUP($C111,$C$68:$AH$83,F$67,FALSE),1) -> 1.6871018 | G111: =SUMIFS(G$3:G$64,$A$3:$A$64,$A111,$D$3:$D$64,$B111)*SUMIF('RES balance'!$D$5:$D$25,'RES Assumptions'!$A111,'RES balance'!G$5:G$25)*IFERROR(VLOOKUP($C111,$C$68:$AH$83,G$67,FALSE),1) -> 0 | H111: =SUMIFS(H$3:H$64,$A$3:$A$64,$A111,$D$3:$D$64,$B111)*SUMIF('RES balance'!$D$5:$D$25,'RES Assumptions'!$A111,'RES balance'!H$5:H$25)*IFERROR(VLOOKUP($C111,$C$68:$AH$83,H$67,FALSE),1) -> 10.207468 | I111: =SUMIFS(I$3:I$64,$A$3:$A$64,$A111,$D$3:$D$64,$B111)*SUMIF('RES balance'!$D$5:$D$25,'RES Assumptions'!$A111,'RES balance'!I$5:I$25)*IFERROR(VLOOKUP($C111,$C$68:$AH$83,I$67,FALSE),1) -> 10.895194 | J111: =SUMIFS(J$3:J$64,$A$3:$A$64,$A111,$D$3:$D$64,$B111)*SUMIF('RES balance'!$D$5:$D$25,'RES Assumptions'!$A111,'RES balance'!J$5:J$25)*IFERROR(VLOOKUP($C111,$C$68:$AH$83,J$67,FALSE),1) -> 0.30636738 | K111: =SUMIFS(K$3:K$64,$A$3:$A$64,$A111,$D$3:$D$64,$B111)*SUMIF('RES balance'!$D$5:$D$25,'RES Assumptions'!$A111,'RES balance'!K$5:K$25)*IFERROR(VLOOKUP($C111,$C$68:$AH$83,K$67,FALSE),1) -> 0.05676588 | L111: =SUMIFS(L$3:L$64,$A$3:$A$64,$A111,$D$3:$D$64,$B111)*SUMIF('RES balance'!$D$5:$D$25,'RES Assumptions'!$A111,'RES balance'!L$5:L$25)*IFERROR(VLOOKUP($C111,$C$68:$AH$83,L$67,FALSE),1) -> 0 | ... AH111: =SUMIFS(AH$3:AH$64,$A$3:$A$64,$A111,$D$3:$D$64,$B111)*SUMIF('RES balance'!$D$5:$D$25,'RES Assumptions'!$A111,'RES balance'!AH$5:AH$25)*IFERROR(VLOOKUP($C111,$C$68:$AH$83,AH$67,FALSE),1) -> 0
A112: ="RES"&VLOOKUP(RIGHT(C112,3),$AJ$87:$AK$108,2,FALSE) -> RESELC | B112: =LEFT(C112,IF(LEN(C112)=5,2,3)) -> RHW | C112: =SUBSTITUTE(SUBSTITUTE(SUBSTITUTE('RES Veda input'!B29,"1",""),"000",""),"RRF","RR") -> RHWELC | E112: =SUMIFS(E$3:E$64,$A$3:$A$64,$A112,$D$3:$D$64,$B112)*SUMIF('RES balance'!$D$5:$D$25,'RES Assumptions'!$A112,'RES balance'!E$5:E$25)*IFERROR(VLOOKUP($C112,$C$68:$AH$83,E$67,FALSE),1) -> 20.550189 | F112: =SUMIFS(F$3:F$64,$A$3:$A$64,$A112,$D$3:$D$64,$B112)*SUMIF('RES balance'!$D$5:$D$25,'RES Assumptions'!$A112,'RES balance'!F$5:F$25)*IFERROR(VLOOKUP($C112,$C$68:$AH$83,F$67,FALSE),1) -> 13.820353 | G112: =SUMIFS(G$3:G$64,$A$3:$A$64,$A112,$D$3:$D$64,$B112)*SUMIF('RES balance'!$D$5:$D$25,'RES Assumptions'!$A112,'RES balance'!G$5:G$25)*IFERROR(VLOOKUP($C112,$C$68:$AH$83,G$67,FALSE),1) -> 25.203788 | H112: =SUMIFS(H$3:H$64,$A$3:$A$64,$A112,$D$3:$D$64,$B112)*SUMIF('RES balance'!$D$5:$D$25,'RES Assumptions'!$A112,'RES balance'!H$5:H$25)*IFERROR(VLOOKUP($C112,$C$68:$AH$83,H$67,FALSE),1) -> 8.2595529 | I112: =SUMIFS(I$3:I$64,$A$3:$A$64,$A112,$D$3:$D$64,$B112)*SUMIF('RES balance'!$D$5:$D$25,'RES Assumptions'!$A112,'RES balance'!I$5:I$25)*IFERROR(VLOOKUP($C112,$C$68:$AH$83,I$67,FALSE),1) -> 85.243176 | J112: =SUMIFS(J$3:J$64,$A$3:$A$64,$A112,$D$3:$D$64,$B112)*SUMIF('RES balance'!$D$5:$D$25,'RES Assumptions'!$A112,'RES balance'!J$5:J$25)*IFERROR(VLOOKUP($C112,$C$68:$AH$83,J$67,FALSE),1) -> 34.453534 | K112: =SUMIFS(K$3:K$64,$A$3:$A$64,$A112,$D$3:$D$64,$B112)*SUMIF('RES balance'!$D$5:$D$25,'RES Assumptions'!$A112,'RES balance'!K$5:K$25)*IFERROR(VLOOKUP($C112,$C$68:$AH$83,K$67,FALSE),1) -> 53.110841 | L112: =SUMIFS(L$3:L$64,$A$3:$A$64,$A112,$D$3:$D$64,$B112)*SUMIF('RES balance'!$D$5:$D$25,'RES Assumptions'!$A112,'RES balance'!L$5:L$25)*IFERROR(VLOOKUP($C112,$C$68:$AH$83,L$67,FALSE),1) -> 63.299037 | ... AH112: =SUMIFS(AH$3:AH$64,$A$3:$A$64,$A112,$D$3:$D$64,$B112)*SUMIF('RES balance'!$D$5:$D$25,'RES Assumptions'!$A112,'RES balance'!AH$5:AH$25)*IFERROR(VLOOKUP($C112,$C$68:$AH$83,AH$67,FALSE),1) -> 0
A113: ="RES"&VLOOKUP(RIGHT(C113,3),$AJ$87:$AK$108,2,FALSE) -> RESGEO | B113: =LEFT(C113,IF(LEN(C113)=5,2,3)) -> RHW | C113: =SUBSTITUTE(SUBSTITUTE(SUBSTITUTE('RES Veda input'!B30,"1",""),"000",""),"RRF","RR") -> RHWGEO | E113: =SUMIFS(E$3:E$64,$A$3:$A$64,$A113,$D$3:$D$64,$B113)*SUMIF('RES balance'!$D$5:$D$25,'RES Assumptions'!$A113,'RES balance'!E$5:E$25)*IFERROR(VLOOKUP($C113,$C$68:$AH$83,E$67,FALSE),1) -> 0 | F113: =SUMIFS(F$3:F$64,$A$3:$A$64,$A113,$D$3:$D$64,$B113)*SUMIF('RES balance'!$D$5:$D$25,'RES Assumptions'!$A113,'RES balance'!F$5:F$25)*IFERROR(VLOOKUP($C113,$C$68:$AH$83,F$67,FALSE),1) -> 0 | G113: =SUMIFS(G$3:G$64,$A$3:$A$64,$A113,$D$3:$D$64,$B113)*SUMIF('RES balance'!$D$5:$D$25,'RES Assumptions'!$A113,'RES balance'!G$5:G$25)*IFERROR(VLOOKUP($C113,$C$68:$AH$83,G$67,FALSE),1) -> 0 | H113: =SUMIFS(H$3:H$64,$A$3:$A$64,$A113,$D$3:$D$64,$B113)*SUMIF('RES balance'!$D$5:$D$25,'RES Assumptions'!$A113,'RES balance'!H$5:H$25)*IFERROR(VLOOKUP($C113,$C$68:$AH$83,H$67,FALSE),1) -> 0 | I113: =SUMIFS(I$3:I$64,$A$3:$A$64,$A113,$D$3:$D$64,$B113)*SUMIF('RES balance'!$D$5:$D$25,'RES Assumptions'!$A113,'RES balance'!I$5:I$25)*IFERROR(VLOOKUP($C113,$C$68:$AH$83,I$67,FALSE),1) -> 0 | J113: =SUMIFS(J$3:J$64,$A$3:$A$64,$A113,$D$3:$D$64,$B113)*SUMIF('RES balance'!$D$5:$D$25,'RES Assumptions'!$A113,'RES balance'!J$5:J$25)*IFERROR(VLOOKUP($C113,$C$68:$AH$83,J$67,FALSE),1) -> 0 | K113: =SUMIFS(K$3:K$64,$A$3:$A$64,$A113,$D$3:$D$64,$B113)*SUMIF('RES balance'!$D$5:$D$25,'RES Assumptions'!$A113,'RES balance'!K$5:K$25)*IFERROR(VLOOKUP($C113,$C$68:$AH$83,K$67,FALSE),1) -> 0 | L113: =SUMIFS(L$3:L$64,$A$3:$A$64,$A113,$D$3:$D$64,$B113)*SUMIF('RES balance'!$D$5:$D$25,'RES Assumptions'!$A113,'RES balance'!L$5:L$25)*IFERROR(VLOOKUP($C113,$C$68:$AH$83,L$67,FALSE),1) -> 0 | ... AH113: =SUMIFS(AH$3:AH$64,$A$3:$A$64,$A113,$D$3:$D$64,$B113)*SUMIF('RES balance'!$D$5:$D$25,'RES Assumptions'!$A113,'RES balance'!AH$5:AH$25)*IFERROR(VLOOKUP($C113,$C$68:$AH$83,AH$67,FALSE),1) -> 0
A114: ="RES"&VLOOKUP(RIGHT(C114,3),$AJ$87:$AK$108,2,FALSE) -> RESHET | B114: =LEFT(C114,IF(LEN(C114)=5,2,3)) -> RHW | C114: =SUBSTITUTE(SUBSTITUTE(SUBSTITUTE('RES Veda input'!B31,"1",""),"000",""),"RRF","RR") -> RHWHET | E114: =SUMIFS(E$3:E$64,$A$3:$A$64,$A114,$D$3:$D$64,$B114)*SUMIF('RES balance'!$D$5:$D$25,'RES Assumptions'!$A114,'RES balance'!E$5:E$25)*IFERROR(VLOOKUP($C114,$C$68:$AH$83,E$67,FALSE),1) -> 0 | F114: =SUMIFS(F$3:F$64,$A$3:$A$64,$A114,$D$3:$D$64,$B114)*SUMIF('RES balance'!$D$5:$D$25,'RES Assumptions'!$A114,'RES balance'!F$5:F$25)*IFERROR(VLOOKUP($C114,$C$68:$AH$83,F$67,FALSE),1) -> 0 | G114: =SUMIFS(G$3:G$64,$A$3:$A$64,$A114,$D$3:$D$64,$B114)*SUMIF('RES balance'!$D$5:$D$25,'RES Assumptions'!$A114,'RES balance'!G$5:G$25)*IFERROR(VLOOKUP($C114,$C$68:$AH$83,G$67,FALSE),1) -> 0 | H114: =SUMIFS(H$3:H$64,$A$3:$A$64,$A114,$D$3:$D$64,$B114)*SUMIF('RES balance'!$D$5:$D$25,'RES Assumptions'!$A114,'RES balance'!H$5:H$25)*IFERROR(VLOOKUP($C114,$C$68:$AH$83,H$67,FALSE),1) -> 33.053002 | I114: =SUMIFS(I$3:I$64,$A$3:$A$64,$A114,$D$3:$D$64,$B114)*SUMIF('RES balance'!$D$5:$D$25,'RES Assumptions'!$A114,'RES balance'!I$5:I$25)*IFERROR(VLOOKUP($C114,$C$68:$AH$83,I$67,FALSE),1) -> 84.562001 | J114: =SUMIFS(J$3:J$64,$A$3:$A$64,$A114,$D$3:$D$64,$B114)*SUMIF('RES balance'!$D$5:$D$25,'RES Assumptions'!$A114,'RES balance'!J$5:J$25)*IFERROR(VLOOKUP($C114,$C$68:$AH$83,J$67,FALSE),1) -> 0 | K114: =SUMIFS(K$3:K$64,$A$3:$A$64,$A114,$D$3:$D$64,$B114)*SUMIF('RES balance'!$D$5:$D$25,'RES Assumptions'!$A114,'RES balance'!K$5:K$25)*IFERROR(VLOOKUP($C114,$C$68:$AH$83,K$67,FALSE),1) -> 0 | L114: =SUMIFS(L$3:L$64,$A$3:$A$64,$A114,$D$3:$D$64,$B114)*SUMIF('RES balance'!$D$5:$D$25,'RES Assumptions'!$A114,'RES balance'!L$5:L$25)*IFERROR(VLOOKUP($C114,$C$68:$AH$83,L$67,FALSE),1) -> 0 | ... AH114: =SUMIFS(AH$3:AH$64,$A$3:$A$64,$A114,$D$3:$D$64,$B114)*SUMIF('RES balance'!$D$5:$D$25,'RES Assumptions'!$A114,'RES balance'!AH$5:AH$25)*IFERROR(VLOOKUP($C114,$C$68:$AH$83,AH$67,FALSE),1) -> 0
A115: ="RES"&VLOOKUP(RIGHT(C115,3),$AJ$87:$AK$108,2,FALSE) -> RESHFO | B115: =LEFT(C115,IF(LEN(C115)=5,2,3)) -> RHW | C115: =SUBSTITUTE(SUBSTITUTE(SUBSTITUTE('RES Veda input'!B32,"1",""),"000",""),"RRF","RR") -> RHWHFO | E115: =SUMIFS(E$3:E$64,$A$3:$A$64,$A115,$D$3:$D$64,$B115)*SUMIF('RES balance'!$D$5:$D$25,'RES Assumptions'!$A115,'RES balance'!E$5:E$25)*IFERROR(VLOOKUP($C115,$C$68:$AH$83,E$67,FALSE),1) -> 0 | F115: =SUMIFS(F$3:F$64,$A$3:$A$64,$A115,$D$3:$D$64,$B115)*SUMIF('RES balance'!$D$5:$D$25,'RES Assumptions'!$A115,'RES balance'!F$5:F$25)*IFERROR(VLOOKUP($C115,$C$68:$AH$83,F$67,FALSE),1) -> 0 | G115: =SUMIFS(G$3:G$64,$A$3:$A$64,$A115,$D$3:$D$64,$B115)*SUMIF('RES balance'!$D$5:$D$25,'RES Assumptions'!$A115,'RES balance'!G$5:G$25)*IFERROR(VLOOKUP($C115,$C$68:$AH$83,G$67,FALSE),1) -> 0 | H115: =SUMIFS(H$3:H$64,$A$3:$A$64,$A115,$D$3:$D$64,$B115)*SUMIF('RES balance'!$D$5:$D$25,'RES Assumptions'!$A115,'RES balance'!H$5:H$25)*IFERROR(VLOOKUP($C115,$C$68:$AH$83,H$67,FALSE),1) -> 0 | I115: =SUMIFS(I$3:I$64,$A$3:$A$64,$A115,$D$3:$D$64,$B115)*SUMIF('RES balance'!$D$5:$D$25,'RES Assumptions'!$A115,'RES balance'!I$5:I$25)*IFERROR(VLOOKUP($C115,$C$68:$AH$83,I$67,FALSE),1) -> 0 | J115: =SUMIFS(J$3:J$64,$A$3:$A$64,$A115,$D$3:$D$64,$B115)*SUMIF('RES balance'!$D$5:$D$25,'RES Assumptions'!$A115,'RES balance'!J$5:J$25)*IFERROR(VLOOKUP($C115,$C$68:$AH$83,J$67,FALSE),1) -> 0 | K115: =SUMIFS(K$3:K$64,$A$3:$A$64,$A115,$D$3:$D$64,$B115)*SUMIF('RES balance'!$D$5:$D$25,'RES Assumptions'!$A115,'RES balance'!K$5:K$25)*IFERROR(VLOOKUP($C115,$C$68:$AH$83,K$67,FALSE),1) -> 0 | L115: =SUMIFS(L$3:L$64,$A$3:$A$64,$A115,$D$3:$D$64,$B115)*SUMIF('RES balance'!$D$5:$D$25,'RES Assumptions'!$A115,'RES balance'!L$5:L$25)*IFERROR(VLOOKUP($C115,$C$68:$AH$83,L$67,FALSE),1) -> 0 | ... AH115: =SUMIFS(AH$3:AH$64,$A$3:$A$64,$A115,$D$3:$D$64,$B115)*SUMIF('RES balance'!$D$5:$D$25,'RES Assumptions'!$A115,'RES balance'!AH$5:AH$25)*IFERROR(VLOOKUP($C115,$C$68:$AH$83,AH$67,FALSE),1) -> 0
A116: ="RES"&VLOOKUP(RIGHT(C116,3),$AJ$87:$AK$108,2,FALSE) -> RESKER | B116: =LEFT(C116,IF(LEN(C116)=5,2,3)) -> RHW | C116: =SUBSTITUTE(SUBSTITUTE(SUBSTITUTE('RES Veda input'!B33,"1",""),"000",""),"RRF","RR") -> RHWKER | E116: =SUMIFS(E$3:E$64,$A$3:$A$64,$A116,$D$3:$D$64,$B116)*SUMIF('RES balance'!$D$5:$D$25,'RES Assumptions'!$A116,'RES balance'!E$5:E$25)*IFERROR(VLOOKUP($C116,$C$68:$AH$83,E$67,FALSE),1) -> 0.51028467 | F116: =SUMIFS(F$3:F$64,$A$3:$A$64,$A116,$D$3:$D$64,$B116)*SUMIF('RES balance'!$D$5:$D$25,'RES Assumptions'!$A116,'RES balance'!F$5:F$25)*IFERROR(VLOOKUP($C116,$C$68:$AH$83,F$67,FALSE),1) -> 5.6341006 | G116: =SUMIFS(G$3:G$64,$A$3:$A$64,$A116,$D$3:$D$64,$B116)*SUMIF('RES balance'!$D$5:$D$25,'RES Assumptions'!$A116,'RES balance'!G$5:G$25)*IFERROR(VLOOKUP($C116,$C$68:$AH$83,G$67,FALSE),1) -> 0.63496762 | H116: =SUMIFS(H$3:H$64,$A$3:$A$64,$A116,$D$3:$D$64,$B116)*SUMIF('RES balance'!$D$5:$D$25,'RES Assumptions'!$A116,'RES balance'!H$5:H$25)*IFERROR(VLOOKUP($C116,$C$68:$AH$83,H$67,FALSE),1) -> 0.62685244 | I116: =SUMIFS(I$3:I$64,$A$3:$A$64,$A116,$D$3:$D$64,$B116)*SUMIF('RES balance'!$D$5:$D$25,'RES Assumptions'!$A116,'RES balance'!I$5:I$25)*IFERROR(VLOOKUP($C116,$C$68:$AH$83,I$67,FALSE),1) -> 121.71143 | J116: =SUMIFS(J$3:J$64,$A$3:$A$64,$A116,$D$3:$D$64,$B116)*SUMIF('RES balance'!$D$5:$D$25,'RES Assumptions'!$A116,'RES balance'!J$5:J$25)*IFERROR(VLOOKUP($C116,$C$68:$AH$83,J$67,FALSE),1) -> 3.289126 | K116: =SUMIFS(K$3:K$64,$A$3:$A$64,$A116,$D$3:$D$64,$B116)*SUMIF('RES balance'!$D$5:$D$25,'RES Assumptions'!$A116,'RES balance'!K$5:K$25)*IFERROR(VLOOKUP($C116,$C$68:$AH$83,K$67,FALSE),1) -> 0 | L116: =SUMIFS(L$3:L$64,$A$3:$A$64,$A116,$D$3:$D$64,$B116)*SUMIF('RES balance'!$D$5:$D$25,'RES Assumptions'!$A116,'RES balance'!L$5:L$25)*IFERROR(VLOOKUP($C116,$C$68:$AH$83,L$67,FALSE),1) -> 0.011200001 | ... AH116: =SUMIFS(AH$3:AH$64,$A$3:$A$64,$A116,$D$3:$D$64,$B116)*SUMIF('RES balance'!$D$5:$D$25,'RES Assumptions'!$A116,'RES balance'!AH$5:AH$25)*IFERROR(VLOOKUP($C116,$C$68:$AH$83,AH$67,FALSE),1) -> 0
A117: ="RES"&VLOOKUP(RIGHT(C117,3),$AJ$87:$AK$108,2,FALSE) -> RESLPG | B117: =LEFT(C117,IF(LEN(C117)=5,2,3)) -> RHW | C117: =SUBSTITUTE(SUBSTITUTE(SUBSTITUTE('RES Veda input'!B34,"1",""),"000",""),"RRF","RR") -> RHWLPG | E117: =SUMIFS(E$3:E$64,$A$3:$A$64,$A117,$D$3:$D$64,$B117)*SUMIF('RES balance'!$D$5:$D$25,'RES Assumptions'!$A117,'RES balance'!E$5:E$25)*IFERROR(VLOOKUP($C117,$C$68:$AH$83,E$67,FALSE),1) -> 43.575917 | F117: =SUMIFS(F$3:F$64,$A$3:$A$64,$A117,$D$3:$D$64,$B117)*SUMIF('RES balance'!$D$5:$D$25,'RES Assumptions'!$A117,'RES balance'!F$5:F$25)*IFERROR(VLOOKUP($C117,$C$68:$AH$83,F$67,FALSE),1) -> 13.547253 | G117: =SUMIFS(G$3:G$64,$A$3:$A$64,$A117,$D$3:$D$64,$B117)*SUMIF('RES balance'!$D$5:$D$25,'RES Assumptions'!$A117,'RES balance'!G$5:G$25)*IFERROR(VLOOKUP($C117,$C$68:$AH$83,G$67,FALSE),1) -> 10.14183 | H117: =SUMIFS(H$3:H$64,$A$3:$A$64,$A117,$D$3:$D$64,$B117)*SUMIF('RES balance'!$D$5:$D$25,'RES Assumptions'!$A117,'RES balance'!H$5:H$25)*IFERROR(VLOOKUP($C117,$C$68:$AH$83,H$67,FALSE),1) -> 6.3005673 | I117: =SUMIFS(I$3:I$64,$A$3:$A$64,$A117,$D$3:$D$64,$B117)*SUMIF('RES balance'!$D$5:$D$25,'RES Assumptions'!$A117,'RES balance'!I$5:I$25)*IFERROR(VLOOKUP($C117,$C$68:$AH$83,I$67,FALSE),1) -> 78.696238 | J117: =SUMIFS(J$3:J$64,$A$3:$A$64,$A117,$D$3:$D$64,$B117)*SUMIF('RES balance'!$D$5:$D$25,'RES Assumptions'!$A117,'RES balance'!J$5:J$25)*IFERROR(VLOOKUP($C117,$C$68:$AH$83,J$67,FALSE),1) -> 69.473231 | K117: =SUMIFS(K$3:K$64,$A$3:$A$64,$A117,$D$3:$D$64,$B117)*SUMIF('RES balance'!$D$5:$D$25,'RES Assumptions'!$A117,'RES balance'!K$5:K$25)*IFERROR(VLOOKUP($C117,$C$68:$AH$83,K$67,FALSE),1) -> 8.8683011 | L117: =SUMIFS(L$3:L$64,$A$3:$A$64,$A117,$D$3:$D$64,$B117)*SUMIF('RES balance'!$D$5:$D$25,'RES Assumptions'!$A117,'RES balance'!L$5:L$25)*IFERROR(VLOOKUP($C117,$C$68:$AH$83,L$67,FALSE),1) -> 30.189798 | ... AH117: =SUMIFS(AH$3:AH$64,$A$3:$A$64,$A117,$D$3:$D$64,$B117)*SUMIF('RES balance'!$D$5:$D$25,'RES Assumptions'!$A117,'RES balance'!AH$5:AH$25)*IFERROR(VLOOKUP($C117,$C$68:$AH$83,AH$67,FALSE),1) -> 0
A118: ="RES"&VLOOKUP(RIGHT(C118,3),$AJ$87:$AK$108,2,FALSE) -> RESNGA | B118: =LEFT(C118,IF(LEN(C118)=5,2,3)) -> RHW | C118: =SUBSTITUTE(SUBSTITUTE(SUBSTITUTE('RES Veda input'!B35,"1",""),"000",""),"RRF","RR") -> RHWNGA | E118: =SUMIFS(E$3:E$64,$A$3:$A$64,$A118,$D$3:$D$64,$B118)*SUMIF('RES balance'!$D$5:$D$25,'RES Assumptions'!$A118,'RES balance'!E$5:E$25)*IFERROR(VLOOKUP($C118,$C$68:$AH$83,E$67,FALSE),1) -> 326.04456 | F118: =SUMIFS(F$3:F$64,$A$3:$A$64,$A118,$D$3:$D$64,$B118)*SUMIF('RES balance'!$D$5:$D$25,'RES Assumptions'!$A118,'RES balance'!F$5:F$25)*IFERROR(VLOOKUP($C118,$C$68:$AH$83,F$67,FALSE),1) -> 0.00025755224 | G118: =SUMIFS(G$3:G$64,$A$3:$A$64,$A118,$D$3:$D$64,$B118)*SUMIF('RES balance'!$D$5:$D$25,'RES Assumptions'!$A118,'RES balance'!G$5:G$25)*IFERROR(VLOOKUP($C118,$C$68:$AH$83,G$67,FALSE),1) -> 245.92274 | H118: =SUMIFS(H$3:H$64,$A$3:$A$64,$A118,$D$3:$D$64,$B118)*SUMIF('RES balance'!$D$5:$D$25,'RES Assumptions'!$A118,'RES balance'!H$5:H$25)*IFERROR(VLOOKUP($C118,$C$68:$AH$83,H$67,FALSE),1) -> 120.26232 | I118: =SUMIFS(I$3:I$64,$A$3:$A$64,$A118,$D$3:$D$64,$B118)*SUMIF('RES balance'!$D$5:$D$25,'RES Assumptions'!$A118,'RES balance'!I$5:I$25)*IFERROR(VLOOKUP($C118,$C$68:$AH$83,I$67,FALSE),1) -> 489.83744 | J118: =SUMIFS(J$3:J$64,$A$3:$A$64,$A118,$D$3:$D$64,$B118)*SUMIF('RES balance'!$D$5:$D$25,'RES Assumptions'!$A118,'RES balance'!J$5:J$25)*IFERROR(VLOOKUP($C118,$C$68:$AH$83,J$67,FALSE),1) -> 0 | K118: =SUMIFS(K$3:K$64,$A$3:$A$64,$A118,$D$3:$D$64,$B118)*SUMIF('RES balance'!$D$5:$D$25,'RES Assumptions'!$A118,'RES balance'!K$5:K$25)*IFERROR(VLOOKUP($C118,$C$68:$AH$83,K$67,FALSE),1) -> 52.76723 | L118: =SUMIFS(L$3:L$64,$A$3:$A$64,$A118,$D$3:$D$64,$B118)*SUMIF('RES balance'!$D$5:$D$25,'RES Assumptions'!$A118,'RES balance'!L$5:L$25)*IFERROR(VLOOKUP($C118,$C$68:$AH$83,L$67,FALSE),1) -> 11.177745 | ... AH118: =SUMIFS(AH$3:AH$64,$A$3:$A$64,$A118,$D$3:$D$64,$B118)*SUMIF('RES balance'!$D$5:$D$25,'RES Assumptions'!$A118,'RES balance'!AH$5:AH$25)*IFERROR(VLOOKUP($C118,$C$68:$AH$83,AH$67,FALSE),1) -> 0
A119: ="RES"&VLOOKUP(RIGHT(C119,3),$AJ$87:$AK$108,2,FALSE) -> RESSTH | B119: =LEFT(C119,IF(LEN(C119)=5,2,3)) -> RHW | C119: =SUBSTITUTE(SUBSTITUTE(SUBSTITUTE('RES Veda input'!B36,"1",""),"000",""),"RRF","RR") -> RHWSTH | E119: =SUMIFS(E$3:E$64,$A$3:$A$64,$A119,$D$3:$D$64,$B119)*SUMIF('RES balance'!$D$5:$D$25,'RES Assumptions'!$A119,'RES balance'!E$5:E$25)*IFERROR(VLOOKUP($C119,$C$68:$AH$83,E$67,FALSE),1) -> 2.4618384 | F119: =SUMIFS(F$3:F$64,$A$3:$A$64,$A119,$D$3:$D$64,$B119)*SUMIF('RES balance'!$D$5:$D$25,'RES Assumptions'!$A119,'RES balance'!F$5:F$25)*IFERROR(VLOOKUP($C119,$C$68:$AH$83,F$67,FALSE),1) -> 0 | G119: =SUMIFS(G$3:G$64,$A$3:$A$64,$A119,$D$3:$D$64,$B119)*SUMIF('RES balance'!$D$5:$D$25,'RES Assumptions'!$A119,'RES balance'!G$5:G$25)*IFERROR(VLOOKUP($C119,$C$68:$AH$83,G$67,FALSE),1) -> 0 | H119: =SUMIFS(H$3:H$64,$A$3:$A$64,$A119,$D$3:$D$64,$B119)*SUMIF('RES balance'!$D$5:$D$25,'RES Assumptions'!$A119,'RES balance'!H$5:H$25)*IFERROR(VLOOKUP($C119,$C$68:$AH$83,H$67,FALSE),1) -> 0.18249424 | I119: =SUMIFS(I$3:I$64,$A$3:$A$64,$A119,$D$3:$D$64,$B119)*SUMIF('RES balance'!$D$5:$D$25,'RES Assumptions'!$A119,'RES balance'!I$5:I$25)*IFERROR(VLOOKUP($C119,$C$68:$AH$83,I$67,FALSE),1) -> 7.8229437 | J119: =SUMIFS(J$3:J$64,$A$3:$A$64,$A119,$D$3:$D$64,$B119)*SUMIF('RES balance'!$D$5:$D$25,'RES Assumptions'!$A119,'RES balance'!J$5:J$25)*IFERROR(VLOOKUP($C119,$C$68:$AH$83,J$67,FALSE),1) -> 3.6995067 | K119: =SUMIFS(K$3:K$64,$A$3:$A$64,$A119,$D$3:$D$64,$B119)*SUMIF('RES balance'!$D$5:$D$25,'RES Assumptions'!$A119,'RES balance'!K$5:K$25)*IFERROR(VLOOKUP($C119,$C$68:$AH$83,K$67,FALSE),1) -> 17.385871 | L119: =SUMIFS(L$3:L$64,$A$3:$A$64,$A119,$D$3:$D$64,$B119)*SUMIF('RES balance'!$D$5:$D$25,'RES Assumptions'!$A119,'RES balance'!L$5:L$25)*IFERROR(VLOOKUP($C119,$C$68:$AH$83,L$67,FALSE),1) -> 0 | ... AH119: =SUMIFS(AH$3:AH$64,$A$3:$A$64,$A119,$D$3:$D$64,$B119)*SUMIF('RES balance'!$D$5:$D$25,'RES Assumptions'!$A119,'RES balance'!AH$5:AH$25)*IFERROR(VLOOKUP($C119,$C$68:$AH$83,AH$67,FALSE),1) -> 0
A120: ="RES"&VLOOKUP(RIGHT(C120,3),$AJ$87:$AK$108,2,FALSE) -> RESBIO | B120: =LEFT(C120,IF(LEN(C120)=5,2,3)) -> RK | C120: =SUBSTITUTE(SUBSTITUTE(SUBSTITUTE('RES Veda input'!B37,"1",""),"000",""),"RRF","RR") -> RKBIO | E120: =SUMIFS(E$3:E$64,$A$3:$A$64,$A120,$D$3:$D$64,$B120)*SUMIF('RES balance'!$D$5:$D$25,'RES Assumptions'!$A120,'RES balance'!E$5:E$25)*IFERROR(VLOOKUP($C120,$C$68:$AH$83,E$67,FALSE),1) -> 106.49813 | F120: =SUMIFS(F$3:F$64,$A$3:$A$64,$A120,$D$3:$D$64,$B120)*SUMIF('RES balance'!$D$5:$D$25,'RES Assumptions'!$A120,'RES balance'!F$5:F$25)*IFERROR(VLOOKUP($C120,$C$68:$AH$83,F$67,FALSE),1) -> 8998.3933 | G120: =SUMIFS(G$3:G$64,$A$3:$A$64,$A120,$D$3:$D$64,$B120)*SUMIF('RES balance'!$D$5:$D$25,'RES Assumptions'!$A120,'RES balance'!G$5:G$25)*IFERROR(VLOOKUP($C120,$C$68:$AH$83,G$67,FALSE),1) -> 61.190887 | H120: =SUMIFS(H$3:H$64,$A$3:$A$64,$A120,$D$3:$D$64,$B120)*SUMIF('RES balance'!$D$5:$D$25,'RES Assumptions'!$A120,'RES balance'!H$5:H$25)*IFERROR(VLOOKUP($C120,$C$68:$AH$83,H$67,FALSE),1) -> 0.16605154 | I120: =SUMIFS(I$3:I$64,$A$3:$A$64,$A120,$D$3:$D$64,$B120)*SUMIF('RES balance'!$D$5:$D$25,'RES Assumptions'!$A120,'RES balance'!I$5:I$25)*IFERROR(VLOOKUP($C120,$C$68:$AH$83,I$67,FALSE),1) -> 0 | J120: =SUMIFS(J$3:J$64,$A$3:$A$64,$A120,$D$3:$D$64,$B120)*SUMIF('RES balance'!$D$5:$D$25,'RES Assumptions'!$A120,'RES balance'!J$5:J$25)*IFERROR(VLOOKUP($C120,$C$68:$AH$83,J$67,FALSE),1) -> 4005.889 | K120: =SUMIFS(K$3:K$64,$A$3:$A$64,$A120,$D$3:$D$64,$B120)*SUMIF('RES balance'!$D$5:$D$25,'RES Assumptions'!$A120,'RES balance'!K$5:K$25)*IFERROR(VLOOKUP($C120,$C$68:$AH$83,K$67,FALSE),1) -> 0.061753757 | L120: =SUMIFS(L$3:L$64,$A$3:$A$64,$A120,$D$3:$D$64,$B120)*SUMIF('RES balance'!$D$5:$D$25,'RES Assumptions'!$A120,'RES balance'!L$5:L$25)*IFERROR(VLOOKUP($C120,$C$68:$AH$83,L$67,FALSE),1) -> 215.89309 | ... AH120: =SUMIFS(AH$3:AH$64,$A$3:$A$64,$A120,$D$3:$D$64,$B120)*SUMIF('RES balance'!$D$5:$D$25,'RES Assumptions'!$A120,'RES balance'!AH$5:AH$25)*IFERROR(VLOOKUP($C120,$C$68:$AH$83,AH$67,FALSE),1) -> 0
... A144: ="RES"&VLOOKUP(RIGHT(C144,3),$AJ$87:$AK$108,2,FALSE) -> RESELC | B144: =LEFT(C144,IF(LEN(C144)=5,2,3)) -> RR | C144: =SUBSTITUTE(SUBSTITUTE(SUBSTITUTE('RES Veda input'!B61,"1",""),"000",""),"RRF","RR") -> RRRFE | E144: =SUMIFS(E$3:E$64,$A$3:$A$64,$A144,$D$3:$D$64,$B144)*SUMIF('RES balance'!$D$5:$D$25,'RES Assumptions'!$A144,'RES balance'!E$5:E$25)*IFERROR(VLOOKUP($C144,$C$68:$AH$83,E$67,FALSE),1) -> 48.087442 | F144: =SUMIFS(F$3:F$64,$A$3:$A$64,$A144,$D$3:$D$64,$B144)*SUMIF('RES balance'!$D$5:$D$25,'RES Assumptions'!$A144,'RES balance'!F$5:F$25)*IFERROR(VLOOKUP($C144,$C$68:$AH$83,F$67,FALSE),1) -> 32.339625 | G144: =SUMIFS(G$3:G$64,$A$3:$A$64,$A144,$D$3:$D$64,$B144)*SUMIF('RES balance'!$D$5:$D$25,'RES Assumptions'!$A144,'RES balance'!G$5:G$25)*IFERROR(VLOOKUP($C144,$C$68:$AH$83,G$67,FALSE),1) -> 40.46411 | H144: =SUMIFS(H$3:H$64,$A$3:$A$64,$A144,$D$3:$D$64,$B144)*SUMIF('RES balance'!$D$5:$D$25,'RES Assumptions'!$A144,'RES balance'!H$5:H$25)*IFERROR(VLOOKUP($C144,$C$68:$AH$83,H$67,FALSE),1) -> 32.108582 | I144: =SUMIFS(I$3:I$64,$A$3:$A$64,$A144,$D$3:$D$64,$B144)*SUMIF('RES balance'!$D$5:$D$25,'RES Assumptions'!$A144,'RES balance'!I$5:I$25)*IFERROR(VLOOKUP($C144,$C$68:$AH$83,I$67,FALSE),1) -> 155.26726 | J144: =SUMIFS(J$3:J$64,$A$3:$A$64,$A144,$D$3:$D$64,$B144)*SUMIF('RES balance'!$D$5:$D$25,'RES Assumptions'!$A144,'RES balance'!J$5:J$25)*IFERROR(VLOOKUP($C144,$C$68:$AH$83,J$67,FALSE),1) -> 314.06076 | K144: =SUMIFS(K$3:K$64,$A$3:$A$64,$A144,$D$3:$D$64,$B144)*SUMIF('RES balance'!$D$5:$D$25,'RES Assumptions'!$A144,'RES balance'!K$5:K$25)*IFERROR(VLOOKUP($C144,$C$68:$AH$83,K$67,FALSE),1) -> 30.06728 | L144: =SUMIFS(L$3:L$64,$A$3:$A$64,$A144,$D$3:$D$64,$B144)*SUMIF('RES balance'!$D$5:$D$25,'RES Assumptions'!$A144,'RES balance'!L$5:L$25)*IFERROR(VLOOKUP($C144,$C$68:$AH$83,L$67,FALSE),1) -> 101.62517 | ... AH144: =SUMIFS(AH$3:AH$64,$A$3:$A$64,$A144,$D$3:$D$64,$B144)*SUMIF('RES balance'!$D$5:$D$25,'RES Assumptions'!$A144,'RES balance'!AH$5:AH$25)*IFERROR(VLOOKUP($C144,$C$68:$AH$83,AH$67,FALSE),1) -> 0

Sheet RES Assumptions T15
A2: Fuel | B2: Sector | C2: Fuel | D2: Service | E2: AFR | F2: AUS | G2: CAN | H2: CHI | I2: CSA | J2: EEU | K2: FSU | L2: IND | M2: JPN | N2: MEA | O2: MEX | P2: ODA | Q2: SKO | R2: USA | S2: WEU | V2: ActiveReg | W2: TIAMReg
A3: =VLOOKUP(C3,'RES balance'!$AL$5:$AM$25,2,FALSE) -> RESNGA | C3: Natural Gas | D3: RH | E3: 0.0014979621 | F3: 0.61715911 | G3: 0.68495313 | H3: 0 | I3: 0.0014979621 | J3: 0.66084849 | K3: 0.66084849 | L3: 0 | M3: 0.18331596 | N3: 0.64748122 | O3: 0.020923808 | P3: 0 | Q3: 0.60653781 | R3: 0.6855783 | S3: 0.77640538 | V3: \I: | W3: USA
A4: =VLOOKUP(C4,'RES balance'!$AL$5:$AM$25,2,FALSE) -> RESNGA | C4: Natural Gas | D4: RC | V4: Africa_north | W4: AFR
A5: =VLOOKUP(C5,'RES balance'!$AL$5:$AM$25,2,FALSE) -> RESNGA | C5: Natural Gas | D5: RHW | E5: 0.65441803 | F5: 0.33386001 | G5: 0.30291649 | H5: 0.6007813 | I5: 0.65441803 | J5: 0.19505887 | K5: 0.19505887 | L5: 0.8404785 | M5: 0.65308992 | N5: 0.25085453 | O5: 0.6486348 | P5: 0 | Q5: 0.20022316 | R5: 0.27180533 | S5: 0.18768063 | V5: Africa_other | W5: AFR
A6: =VLOOKUP(C6,'RES balance'!$AL$5:$AM$25,2,FALSE) -> RESNGA | C6: Natural Gas | D6: RCD | V6: Arg-Chi | W6: CSA
A7: =VLOOKUP(C7,'RES balance'!$AL$5:$AM$25,2,FALSE) -> RESNGA | C7: Natural Gas | D7: RK | E7: 0.34408401 | F7: 0.048980882 | G7: 0.012130377 | H7: 0.3992187 | I7: 0.34408401 | J7: 0.12025082 | K7: 0.12025082 | L7: 0.1595215 | M7: 0.16359411 | N7: 0.10166425 | O7: 0.33044139 | P7: 1 | Q7: 0.19323903 | R7: 0.042616361 | S7: 0.035806846 | V7: Asia_central | W7: FSU
A8: =VLOOKUP(C8,'RES balance'!$AL$5:$AM$25,2,FALSE) -> RESNGA | C8: Natural Gas | D8: ROT | E8: 0 | F8: 0 | I8: 0 | J8: 0.023841827 | K8: 0.023841827 | Q8: 0 | S8: 0.00010714393 | V8: Asia_east | W8: JPN
A9: =VLOOKUP(C9,'RES balance'!$AL$5:$AM$25,2,FALSE) -> RESOIL | C9: Distallate | D9: RH | E9: 0.011199497 | F9: 0.28924651 | G9: 0.8711007 | H9: 0 | I9: 0.028907423 | J9: 0.278141 | K9: 0.74195819 | L9: 0 | M9: 0.54377694 | N9: 0.36444123 | O9: 0.018289276 | P9: 0 | Q9: 0.82080797 | R9: 0.83153081 | S9: 0.82458358 | V9: Asia_other | W9: ODA
A10: =VLOOKUP(C10,'RES balance'!$AL$5:$AM$25,2,FALSE) -> RESOIL | C10: Distallate | D10: RHW | E10: 0.1109556 | F10: 0.46648194 | G10: 0.1288993 | H10: 0.69062771 | I10: 0.14250342 | J10: 0.070611311 | K10: 0.096822342 | L10: 0.09460793 | M10: 0.34868853 | N10: 0.16391106 | O10: 0.56696889 | P10: 0.098003347 | Q10: 0.15286612 | R10: 0.14541311 | S10: 0.14109035 | V10: Australia_NZ | W10: AUS
A11: =VLOOKUP(C11,'RES balance'!$AL$5:$AM$25,2,FALSE) -> RESOIL | C11: Distallate | D11: RK | E11: 0.85970763 | F11: 0.24427155 | G11: 0 | H11: 0.30937229 | I11: 0.70693721 | J11: 0.648469 | K11: 0.15909809 | L11: 0.90539207 | M11: 0.10753452 | N11: 0.47162261 | O11: 0.41264008 | P11: 0.89583576 | Q11: 0.026325919 | R11: 0.023056072 | S11: 0.032009372 | V11: Brazil | W11: CSA
A12: =VLOOKUP(C12,'RES balance'!$AL$5:$AM$25,2,FALSE) -> RESOIL | C12: Distallate | D12: ROT | E12: 0.018137279 | F12: 0 | G12: 0 | H12: 0 | I12: 0.12165195 | J12: 0.0027786858 | K12: 0.0021213736 | M12: 0 | N12: 2.5105739e-05 | O12: 0.0021017571 | P12: 0.0061608878 | Q12: 0 | R12: 0 | S12: 0.0023167012 | V12: Canada | W12: CAN
A13: =VLOOKUP(C13,'RES balance'!$AL$5:$AM$25,2,FALSE) -> 0 | C13: Heavy | D13: RH | E13: 1 | F13: 1 | G13: 1 | H13: 1 | I13: 1 | J13: 0.9 | K13: 0.9 | L13: 1 | M13: 1 | N13: 0.5 | O13: 0.5 | P13: 1 | Q13: 1 | R13: 1 | S13: 1 | V13: China | W13: CHI
A14: =VLOOKUP(C14,'RES balance'!$AL$5:$AM$25,2,FALSE) -> 0 | C14: Heavy | D14: RHW | J14: 0.1 | K14: 0.1 | N14: 0.5 | O14: 0.5 | V14: EU_north | W14: WEU
A15: =VLOOKUP(C15,'RES balance'!$AL$5:$AM$25,2,FALSE) -> 0 | C15: Heavy | D15: ROT | V15: EU_northeast | W15: EEU
A16: =VLOOKUP(C16,'RES balance'!$AL$5:$AM$25,2,FALSE) -> RESKER | C16: Kerosene | D16: RH | E16: =E9 -> 0.011199497 | F16: =F9 -> 0.28924651 | G16: =G9 -> 0.8711007 | H16: =H9 -> 0 | I16: =I9 -> 0.028907423 | J16: =J9 -> 0.278141 | K16: =K9 -> 0.74195819 | L16: =L9 -> 0 | ... S16: =S9 -> 0.82458358 | V16: EU_northwest | W16: WEU
A17: =VLOOKUP(C17,'RES balance'!$AL$5:$AM$25,2,FALSE) -> RESKER | C17: Kerosene | D17: RHW | E17: =E10 -> 0.1109556 | F17: =F10 -> 0.46648194 | G17: =G10 -> 0.1288993 | H17: =H10 -> 0.69062771 | I17: =I10 -> 0.14250342 | J17: =J10 -> 0.070611311 | K17: =K10 -> 0.096822342 | L17: 0.09460793 | M17: =M10 -> 0.34868853 | N17: =N10 -> 0.16391106 | O17: =O10 -> 0.56696889 | P17: =P10 -> 0.098003347 | Q17: =Q10 -> 0.15286612 | R17: =R10 -> 0.14541311 | S17: =S10 -> 0.14109035 | V17: EU_south | W17: WEU
A18: =VLOOKUP(C18,'RES balance'!$AL$5:$AM$25,2,FALSE) -> RESKER | C18: Kerosene | D18: RK | E18: =E11 -> 0.85970763 | F18: =F11 -> 0.24427155 | G18: =G11 -> 0 | H18: =H11 -> 0.30937229 | I18: =I11 -> 0.70693721 | J18: =J11 -> 0.648469 | K18: =K11 -> 0.15909809 | L18: =L11 -> 0.90539207 | ... S18: =S11 -> 0.032009372 | V18: EU_southeast | W18: EEU
A19: =VLOOKUP(C19,'RES balance'!$AL$5:$AM$25,2,FALSE) -> RESKER | C19: Kerosene | D19: ROT | E19: 0 | F19: 0 | I19: 0.12142396 | J19: 0.0027786858 | K19: 0.0021213736 | Q19: 0 | S19: 0.0023167012 | V19: EU_southwest | W19: WEU
A20: =VLOOKUP(C20,'RES balance'!$AL$5:$AM$25,2,FALSE) -> RESKER | C20: Kerosene | D20: RL | E20: 0.018137279 | G20: 0 | H20: 0 | I20: 0.00022798946 | K20: 0 | M20: 0 | N20: 2.5105739e-05 | O20: 0.0021017571 | P20: 0.0061608878 | Q20: 0 | R20: 0 | V20: Europe_other | W20: MEA
A21: =VLOOKUP(C21,'RES balance'!$AL$5:$AM$25,2,FALSE) -> RESCOA | C21: Coal | D21: RH | E21: 0.40222709 | F21: 0.93975904 | G21: 0.86488205 | H21: 0.71664575 | I21: 0.40222709 | J21: 0.90652581 | K21: 0.80697432 | L21: 0 | M21: 0.74850399 | N21: 0.81165927 | O21: 0.74850399 | P21: 0 | Q21: 0.74850399 | R21: 0.74850399 | S21: 0.95189488 | V21: France | W21: WEU
A22: =VLOOKUP(C22,'RES balance'!$AL$5:$AM$25,2,FALSE) -> RESCOA | C22: Coal | D22: RHW | E22: 0.53297308 | F22: 0.060240964 | G22: 0.13511795 | H22: 0.22775487 | I22: 0.53297308 | J22: 0.081633732 | K22: 0.12403391 | L22: 0 | M22: 0.25149601 | N22: 0.18834073 | O22: 0.25149601 | P22: 0 | Q22: 0.25149601 | R22: 0.25149601 | S22: 0.042437401 | V22: Germany | W22: WEU
A23: =VLOOKUP(C23,'RES balance'!$AL$5:$AM$25,2,FALSE) -> RESCOA | C23: Coal | D23: RK | E23: 0.064799825 | F23: 0 | G23: 0 | H23: 0.055599381 | I23: 0.064799825 | J23: 0.011007464 | K23: 0.041338826 | L23: 1 | M23: 0 | N23: 0 | O23: 0 | P23: 1 | Q23: 0 | R23: 0 | S23: 0.00028197609 | V23: India | W23: IND
A24: =VLOOKUP(C24,'RES balance'!$AL$5:$AM$25,2,FALSE) -> RESCOA | C24: Coal | D24: ROT | E24: 0 | F24: 0 | I24: 0 | J24: 0.00083299727 | K24: 0.027652939 | M24: 0 | O24: 0 | Q24: 0 | R24: 0 | S24: 0.0053857433 | V24: LatAm_other | W24: CSA
A25: =VLOOKUP(C25,'RES balance'!$AL$5:$AM$25,2,FALSE) -> RESLPG | C25: LPG (called propane in nrc) | D25: RH | E25: 0.011199497 | F25: 0.28924651 | G25: 0.8711007 | H25: 0 | I25: 0.011199497 | J25: 0.278141 | K25: 0.74195819 | L25: 0 | M25: 0.54377694 | N25: 0.36444123 | O25: 0.018289276 | P25: 0 | Q25: 0.82080797 | R25: 0.83153081 | S25: 0.82458358 | V25: Mexico | W25: MEX
A26: =VLOOKUP(C26,'RES balance'!$AL$5:$AM$25,2,FALSE) -> RESLPG | C26: LPG (called propane in nrc) | D26: RHW | E26: 0.1109556 | F26: 0.46648194 | G26: 0.1288993 | H26: 0.69062771 | I26: 0.1109556 | J26: 0.070611311 | K26: 0.096822342 | L26: 0.09460793 | M26: 0.34868853 | N26: 0.16391106 | O26: 0.56696889 | P26: 0.098003347 | Q26: 0.15286612 | R26: 0.14541311 | S26: 0.14109035 | V26: MidEast_other | W26: MEA
A27: =VLOOKUP(C27,'RES balance'!$AL$5:$AM$25,2,FALSE) -> RESLPG | C27: LPG (called propane in nrc) | D27: RK | E27: 0.85970763 | F27: 0.24427155 | G27: 0 | H27: 0.30937229 | I27: 0.85970763 | J27: 0.648469 | K27: 0.15909809 | L27: 0.90539207 | M27: 0.10753452 | N27: 0.47162261 | O27: 0.41264008 | P27: 0.89583576 | Q27: 0.026325919 | R27: 0.023056072 | S27: 0.032009372 | V27: Nor-Ice | W27: WEU
A28: =VLOOKUP(C28,'RES balance'!$AL$5:$AM$25,2,FALSE) -> RESLPG | C28: LPG (called propane in nrc) | D28: ROT | E28: 0.018137279 | F28: 0 | G28: 0 | H28: 0 | I28: 0.018137279 | J28: 0.0027786858 | K28: 0.0021213736 | L28: 0 | M28: 0 | N28: 2.5105739e-05 | O28: 0.0021017571 | P28: 0.0061608878 | Q28: 0 | R28: 0 | S28: 0.0023167012 | V28: Russia | W28: FSU
A29: =VLOOKUP(C29,'RES balance'!$AL$5:$AM$25,2,FALSE) -> 0 | C29: Bioliquid | D29: RH | E29: 0.3 | F29: 0.3 | G29: 0.8 | H29: 0.2 | I29: 0.2 | J29: 0.75 | K29: 0.75 | L29: 0.2 | M29: 1 | N29: 0.3 | O29: 0.2 | P29: 0.2 | Q29: 0.3 | R29: 0.84163442 | S29: 0.8 | V29: SaudiArabia | W29: MEA
A30: =VLOOKUP(C30,'RES balance'!$AL$5:$AM$25,2,FALSE) -> 0 | C30: Bioliquid | D30: RHW | E30: 0.7 | F30: 0.7 | G30: 0.2 | H30: 0.6 | I30: 0.4 | J30: 0.25 | K30: 0.25 | L30: 0.6 | M30: 0 | N30: 0.4 | O30: 0.4 | P30: 0.5 | Q30: 0.5 | R30: 0.15836558 | S30: 0.2 | V30: SouthAfrica | W30: AFR
A31: =VLOOKUP(C31,'RES balance'!$AL$5:$AM$25,2,FALSE) -> 0 | C31: Bioliquid | D31: RK | E31: 0 | F31: 0 | G31: 0 | H31: 0.2 | I31: 0.4 | J31: 0 | K31: 0 | L31: 0.2 | M31: 0 | N31: 0.3 | O31: 0.4 | P31: 0.3 | Q31: 0.2 | R31: 0 | S31: 0 | V31: UK | W31: WEU
A32: =VLOOKUP(C32,'RES balance'!$AL$5:$AM$25,2,FALSE) -> 0 | C32: Bioliquid | D32: ROT | E32: 0 | F32: 0 | G32: 0 | H32: 0 | I32: 0 | J32: 0 | K32: 0 | L32: 0 | M32: 0 | N32: 0 | O32: 0 | P32: 0 | Q32: 0 | R32: 0 | S32: 0 | V32: USA | W32: USA
A33: =VLOOKUP(C33,'RES balance'!$AL$5:$AM$25,2,FALSE) -> RESBIO | C33: Biomass solid | D33: RH | E33: 0 | F33: 0.99541203 | G33: 0.96540442 | H33: 0.18130466 | I33: 0.21243113 | J33: 0.91202535 | K33: 0.91202535 | L33: 0 | M33: 1 | N33: 0.8924985 | O33: 0.32685216 | P33: 0 | Q33: 0.96211926 | R33: 1 | S33: 0.92001568
A34: =VLOOKUP(C34,'RES balance'!$AL$5:$AM$25,2,FALSE) -> RESBIO | C34: Biomass solid | D34: RHW | E34: =1-E35 -> 0.2 | F34: 0.0034939121 | G34: 0.034595575 | H34: 0.23913837 | I34: 0.098684375 | J34: 0.056050292 | K34: 0.056050292 | L34: 0 | M34: 0 | N34: 0.068184359 | O34: 0 | P34: 0 | Q34: 0.037880738 | R34: 0 | S34: 0.063167356
A35: =VLOOKUP(C35,'RES balance'!$AL$5:$AM$25,2,FALSE) -> RESBIO | C35: Biomass solid | D35: RK | E35: 0.8 | F35: 0.0010940533 | G35: 0 | H35: 0.57955697 | I35: 0.6888845 | J35: 0.010438897 | K35: 0.010438897 | L35: 1 | M35: 0 | N35: 0.039317143 | O35: 0.67314784 | P35: 1 | Q35: 0 | R35: 0 | S35: 0.014230369
A36: =VLOOKUP(C36,'RES balance'!$AL$5:$AM$25,2,FALSE) -> RESBIO | C36: Biomass solid | D36: ROT | E36: 0 | F36: 0 | I36: 0 | J36: 0.021485463 | K36: 0.021485463 | Q36: 0 | S36: 0.0025865943
A37: =VLOOKUP(C37,'RES balance'!$AL$5:$AM$25,2,FALSE) -> 0 | C37: Biogas | D37: RH | E37: 0.1 | F37: 0.7 | G37: 1 | H37: 0.47 | I37: 0.1 | J37: 0.75 | K37: 0.75 | L37: 0.1 | M37: 1 | N37: 0.01 | O37: 0.1 | P37: 0.2 | Q37: 0.1 | R37: 1 | S37: 0.9
A38: =VLOOKUP(C38,'RES balance'!$AL$5:$AM$25,2,FALSE) -> 0 | C38: Biogas | D38: RHW | E38: 0.2 | F38: 0.2 | G38: 0 | H38: 0.18 | I38: 0.3 | J38: 0 | K38: 0 | L38: 0.3 | M38: 0 | N38: 0.21 | O38: 0.3 | P38: 0.3 | Q38: 0.3 | R38: 0 | S38: 0
A39: =VLOOKUP(C39,'RES balance'!$AL$5:$AM$25,2,FALSE) -> 0 | C39: Biogas | D39: RK | E39: 0.7 | F39: 0.1 | G39: 0 | H39: 0.35 | I39: 0.6 | J39: 0.25 | K39: 0.25 | L39: 0.6 | M39: 0 | N39: 0.78 | O39: 0.6 | P39: 0.5 | Q39: 0.6 | R39: 0 | S39: 0.1
A40: =VLOOKUP(C40,'RES balance'!$AL$5:$AM$25,2,FALSE) -> 0 | C40: Biogas | D40: ROT | E40: 0 | F40: 0 | G40: 0 | H40: 0 | I40: 0 | J40: 0 | K40: 0 | L40: 0 | M40: 0 | N40: 0 | O40: 0 | P40: 0 | Q40: 0 | R40: 0 | S40: 0
A41: =VLOOKUP(C41,'RES balance'!$AL$5:$AM$25,2,FALSE) -> 0 | C41: Biomass waste | D41: RH | E41: 0.1 | F41: 0.7 | G41: 1 | H41: 0.47 | I41: 0.1 | J41: 0.75 | K41: 0.75 | L41: 0.1 | M41: 1 | N41: 0.01 | O41: 0.1 | P41: 0.2 | Q41: 0.1 | R41: 1 | S41: 0.9
A42: =VLOOKUP(C42,'RES balance'!$AL$5:$AM$25,2,FALSE) -> 0 | C42: Biomass waste | D42: RHW | E42: 0.9 | F42: 0.3 | G42: 0 | H42: 0.53 | I42: 0.9 | J42: 0.25 | K42: 0.25 | L42: 0.9 | M42: 0 | N42: 0.99 | O42: 0.9 | P42: 0.8 | Q42: 0.9 | R42: 0 | S42: 0.1
A43: =VLOOKUP(C43,'RES balance'!$AL$5:$AM$25,2,FALSE) -> 0 | C43: Biomass waste | D43: ROT | E43: 0 | F43: 0 | G43: 0 | H43: 0 | I43: 0 | J43: 0 | K43: 0 | L43: 0 | M43: 0 | N43: 0 | O43: 0 | P43: 0 | Q43: 0 | R43: 0 | S43: 0
A44: =VLOOKUP(C44,'RES balance'!$AL$5:$AM$25,2,FALSE) -> RESELC | C44: Electricity | D44: RH | E44: 0 | F44: 0.099558364 | G44: 0.40885626 | H44: 0.060998947 | I44: 0.0067032365 | J44: 0.079472282 | K44: 0.072525944 | L44: 0 | M44: 0.14453781 | N44: 0.017203265 | O44: 0.030000076 | P44: 0 | Q44: 0.066176935 | R44: 0.081764609 | S44: 0.15410555
A45: =VLOOKUP(C45,'RES balance'!$AL$5:$AM$25,2,FALSE) -> RESELC | C45: Electricity | D45: RC | E45: 0.2 | F45: 0.080938225 | G45: 0.049664466 | H45: 0.11074182 | I45: 0.097846354 | J45: 0.015 | K45: 0.020202961 | L45: 0.21123859 | M45: 0.049244249 | N45: 0.3926043 | O45: 0.16650844 | P45: 0.089747868 | Q45: 0.087332426 | R45: 0.2334963 | S45: 0.02
A46: =VLOOKUP(C46,'RES balance'!$AL$5:$AM$25,2,FALSE) -> RESELC | C46: Electricity | D46: RHW | E46: 0.05 | F46: 0.20666879 | G46: 0.12567061 | H46: 0.19039882 | I46: 0.12332781 | J46: 0.14936875 | K46: 0.040129155 | L46: 0 | M46: 0.074116262 | N46: 0.047817978 | O46: 0.0071186216 | P46: 0.020843647 | Q46: 0.015226946 | R46: 0.090945639 | S46: 0.10604617
A47: =VLOOKUP(C47,'RES balance'!$AL$5:$AM$25,2,FALSE) -> RESELC | C47: Electricity | D47: RR | E47: 0.15 | F47: 0.15 | G47: 0.15 | H47: 0.15 | I47: 0.2 | J47: 0.2 | K47: 0.2 | L47: 0.17 | M47: 0.15 | N47: 0.2 | O47: 0.2 | P47: 0.2 | Q47: 0.15 | R47: 0.14141165 | S47: 0.14
A48: =VLOOKUP(C48,'RES balance'!$AL$5:$AM$25,2,FALSE) -> RESELC | C48: Electricity | D48: RCD
A49: =VLOOKUP(C49,'RES balance'!$AL$5:$AM$25,2,FALSE) -> RESELC | C49: Electricity | D49: RK | E49: 0 | F49: 0.056954804 | G49: 0.054645196 | H49: 0.020586194 | I49: 0.0013730087 | J49: 0.097348303 | K49: 0.059940889 | L49: 0.003582896 | M49: 0.047957798 | N49: 0.013848461 | O49: 0.0022261908 | P49: 0.014327408 | Q49: 0.014006888 | R49: 0.041111931 | S49: 0.11202182
A50: =VLOOKUP(C50,'RES balance'!$AL$5:$AM$25,2,FALSE) -> RESELC | C50: Electricity | D50: RCW
A51: =VLOOKUP(C51,'RES balance'!$AL$5:$AM$25,2,FALSE) -> RESELC | C51: Electricity | D51: RDW
A52: =VLOOKUP(C52,'RES balance'!$AL$5:$AM$25,2,FALSE) -> RESELC | C52: Electricity | D52: REA | E52: 0.35 | F52: 0.29292489 | G52: 0.12168102 | H52: 0.41341761 | I52: 0.4244445 | J52: =1-SUM(J44:J51,J53) -> 0.44576624 | K52: 0.43825292 | L52: 0.44167669 | M52: 0.53414388 | N52: 0.23165231 | O52: 0.33274852 | P52: 0.49755729 | Q52: 0.59114974 | R52: 0.24354495 | S52: =1-SUM(S44:S51,S53) -> 0.40022068
A53: =VLOOKUP(C53,'RES balance'!$AL$5:$AM$25,2,FALSE) -> RESELC | C53: Electricity | D53: RL | E53: 0.25 | F53: 0.11295493 | G53: 0.089482448 | H53: 0.053856614 | I53: 0.14630509 | J53: 0.013044428 | K53: 0.16894813 | L53: 0.17350182 | M53: 0 | N53: 0.096873685 | O53: 0.26139815 | P53: 0.17752379 | Q53: 0.07610707 | R53: 0.16772491 | S53: 0.067605787
A54: =VLOOKUP(C54,'RES balance'!$AL$5:$AM$25,2,FALSE) -> RESHET | C54: Heat | D54: RH | E54: 0 | F54: 0 | G54: 0 | H54: 1 | I54: 0 | J54: 0.67856469 | K54: 0.69036169 | L54: 0 | M54: 0 | N54: 0.82365018 | O54: 0.031247979 | P54: 0 | Q54: 0.74934224 | R54: 0.055066559 | S54: 0.85575418
A55: =VLOOKUP(C55,'RES balance'!$AL$5:$AM$25,2,FALSE) -> RESHET | C55: Heat | D55: RHW | E55: 0 | F55: 0 | G55: 0 | H55: 0 | I55: 0 | J55: 0.30756613 | K55: 0.2966357 | L55: 1 | M55: 1 | N55: 0.17634982 | O55: 0.96875202 | P55: 0 | Q55: 0.25065776 | R55: 0.94493344 | S55: 0.14424582
A56: =VLOOKUP(C56,'RES balance'!$AL$5:$AM$25,2,FALSE) -> RESHET | C56: Heat | D56: ROT
A57: =VLOOKUP(C57,'RES balance'!$AL$5:$AM$25,2,FALSE) -> RESGEO | C57: Geothermal | D57: RH | E57: 1 | F57: 1 | G57: 1 | H57: 1 | I57: 1 | J57: 1 | K57: 1 | L57: 1 | M57: 1 | N57: 1 | O57: 1 | P57: 1 | Q57: 1 | R57: 1 | S57: 1
A58: =VLOOKUP(C58,'RES balance'!$AL$5:$AM$25,2,FALSE) -> RESGEO | C58: Geothermal | D58: RC
A59: =VLOOKUP(C59,'RES balance'!$AL$5:$AM$25,2,FALSE) -> RESGEO | C59: Geothermal | D59: RHW
A60: =VLOOKUP(C60,'RES balance'!$AL$5:$AM$25,2,FALSE) -> RESGEO | C60: Geothermal | D60: ROT
A61: =VLOOKUP(C61,'RES balance'!$AL$5:$AM$25,2,FALSE) -> RESSTH | C61: Solar | D61: RH
A62: =VLOOKUP(C62,'RES balance'!$AL$5:$AM$25,2,FALSE) -> RESSTH | C62: Solar | D62: RHW | E62: 1 | F62: 1 | G62: 1 | H62: 1 | I62: 1 | J62: 1 | K62: 1 | L62: 1 | M62: 1 | N62: 1 | O62: 1 | P62: 1 | Q62: 1 | R62: 1 | S62: 1
A63: =VLOOKUP(C63,'RES balance'!$AL$5:$AM$25,2,FALSE) -> RESSTH | C63: Solar | D63: RK
A64: =VLOOKUP(C64,'RES balance'!$AL$5:$AM$25,2,FALSE) -> RESSTH | C64: Solar | D64: ROT
C66: Technology Shares
C67: Heating | E67: 3 | F67: =E67+1 -> 4 | G67: =F67+1 -> 5 | H67: =G67+1 -> 6 | I67: =H67+1 -> 7 | J67: =I67+1 -> 8 | K67: =J67+1 -> 9 | L67: =K67+1 -> 10 | M67: =L67+1 -> 11 | ... S67: =R67+1 -> 17
A68: =B68&D68 -> RHRESNGA | B68: RH | C68: RHNGA | D68: RESNGA | E68: 0.999 | F68: 0.999 | G68: 0.95 | H68: 0.99 | I68: 0.9999 | J68: 0.999 | K68: 0.999 | L68: 0.9999 | M68: 0.95 | N68: 0.999 | O68: 0.9999 | P68: 0.999 | Q68: 0.99 | R68: 0.99969834 | S68: 0.99
A69: =B69&D69 -> RHRESNGA | B69: RH | C69: RHNHP | D69: RESNGA | E69: 0.001 | F69: 0.001 | G69: 0.05 | H69: 0.01 | I69: 0.0001 | J69: 0.001 | K69: 0.001 | L69: 0.0001 | M69: 0.05 | N69: 0.001 | O69: 0.0001 | P69: 0.001 | Q69: 0.01 | R69: 0.00030166146 | S69: 0.01
A70: =B70&D70 -> RHRESELC | B70: RH | C70: RHERS | D70: RESELC | E70: 0.99 | F70: 0.95 | G70: 0.95 | H70: 0.90495 | I70: 0.999 | J70: 0.95 | K70: 0.99 | L70: 0.9009 | M70: 0.55 | N70: 0.9 | O70: 0.84 | P70: 0.999 | Q70: 0.8 | R70: 0.71316328 | S70: 0.84
A71: =B71&D71 -> RHRESELC | B71: RH | C71: RHEHP | D71: RESELC | E71: 0.01 | F71: 0.05 | G71: 0.05 | H71: 0.09505 | I71: 0.001 | J71: 0.05 | K71: 0.01 | L71: 0.0991 | M71: 0.45 | N71: 0.1 | O71: 0.16 | P71: 0.001 | Q71: 0.2 | R71: 0.28683672 | S71: 0.16
A72: =B72&D72 | C72: Cooling
A73: =B73&D73 -> RCRESELC | B73: RC | C73: RCCAE | D73: RESELC | E73: 0.53745496 | F73: 0.506 | G73: 0.47395172 | H73: 0.611 | I73: 0.08 | J73: 0.53745496 | K73: 0.53745496 | L73: 0.3 | M73: 0.05 | N73: 0.53745496 | O73: 0.08 | P73: 0.1 | Q73: 0.2 | R73: 0.72069968 | S73: 0.53745496
A74: =B74&D74 -> RCRESELC | B74: RC | C74: RCEHP | D74: RESELC | E74: 0.041787023 | F74: 0.076 | G74: 0.052854017 | H74: 0.22 | I74: 0.02 | J74: 0.041787023 | K74: 0.041787023 | L74: 0.2 | M74: 0.67 | N74: 0.041787023 | O74: 0.02 | P74: 0.2 | Q74: 0.1 | R74: 0.097530659 | S74: 0.041787023
A75: =B75&D75 -> RCRESELC | B75: RC | C75: RCRAE | D75: RESELC | E75: 0.42075802 | F75: 0.418 | G75: 0.47319427 | H75: 0.169 | I75: 0.9 | J75: 0.42075802 | K75: 0.42075802 | L75: 0.5 | M75: 0.28 | N75: 0.42075802 | O75: 0.9 | P75: 0.7 | Q75: 0.7 | R75: 0.18176967 | S75: 0.42075802
A76: =B76&D76 | C76: Refrigeration
A77: =B77&D77 -> RRRESELC | B77: RR | C77: RRRFE | D77: RESELC | E77: 0.78 | F77: 0.78 | G77: 0.78 | H77: 0.78 | I77: 0.99 | J77: 0.78 | K77: 0.78 | L77: 0.98 | M77: 0.9 | N77: 0.78 | O77: 0.98 | P77: 0.95 | Q77: 0.78 | R77: 0.78 | S77: 0.78
A78: =B78&D78 -> RRRESELC | B78: RR | C78: RRFRE | D78: RESELC | E78: 0.22 | F78: 0.22 | G78: 0.22 | H78: 0.22 | I78: 0.01 | J78: 0.22 | K78: 0.22 | L78: 0.02 | M78: 0.1 | N78: 0.22 | O78: 0.02 | P78: 0.05 | Q78: 0.22 | R78: 0.22 | S78: 0.22
A79: =B79&D79 | C79: Lighting
A80: =B80&D80 -> RLRESELC | B80: RL | C80: RLICE | D80: RESELC | E80: =1-SUM(E81:E83) -> 0.8 | F80: =1-SUM(F81:F83) -> 0.5 | G80: =1-SUM(G81:G83) -> 0.55 | H80: =1-SUM(H81:H83) -> 0.428 | I80: =1-SUM(I81:I83) -> 0.79 | J80: =1-SUM(J81:J83) -> 0.8 | K80: =1-SUM(K81:K83) -> 0.75 | L80: =1-SUM(L81:L83) -> 0.55 | ... S80: =1-SUM(S81:S83) -> 0.59
A81: =B81&D81 -> RLRESELC | B81: RL | C81: RLHAE | D81: RESELC | E81: 0.05 | F81: 0.05 | G81: 0.1 | H81: 0.042 | J81: 0.05 | K81: 0.05 | L81: 0 | M81: 0.04 | N81: 0.05 | O81: 0 | P81: 0.05 | Q81: 0.01 | R81: 0.04 | S81: 0.04
A82: =B82&D82 -> RLRESELC | B82: RL | C82: RLFLE | D82: RESELC | E82: 0.05 | F82: 0.15 | G82: 0.05 | H82: 0.23 | I82: 0.01 | J82: 0.05 | K82: 0.05 | L82: 0.3 | M82: 0.35 | N82: 0.05 | O82: 0.002 | P82: 0.05 | Q82: 0.28 | R82: 0.07 | S82: 0.07
A83: =B83&D83 -> RLRESELC | B83: RL | C83: RLCFL | D83: RESELC | E83: 0.1 | F83: 0.3 | G83: 0.3 | H83: 0.3 | I83: 0.2 | J83: 0.1 | K83: 0.15 | L83: 0.15 | M83: 0.4 | N83: 0.1 | O83: 0.2 | P83: 0.15 | Q83: 0.4 | R83: 0.3 | S83: 0.3

Sheet RES Veda input
F2: ~FI_T: EFF | AL2: ~FI_T: NCAP_AFA~FX | BR2: ~FI_T: NCAP_FOM | CY2: ~FI_T: Stock | EF2: ~FI_Process
D3: TechName | E3: Comm-IN | F3: Comm-OUT | G3: ='RES Assumptions'!E2 -> Africa_north | H3: ='RES Assumptions'!F2 -> Africa_other | I3: ='RES Assumptions'!G2 -> Arg-Chi | J3: ='RES Assumptions'!H2 -> Asia_central | K3: ='RES Assumptions'!I2 -> Asia_east | L3: ='RES Assumptions'!J2 -> Asia_other | M3: ='RES Assumptions'!K2 -> Australia_NZ | N3: ='RES Assumptions'!L2 -> Brazil | ... AJ3: ='RES Assumptions'!AH2 -> \I: | AL3: TechName | AM3: =G3 -> Africa_north | AN3: =H3 -> Africa_other | AO3: =I3 -> Arg-Chi | AP3: =J3 -> Asia_central | AQ3: =K3 -> Asia_east | AR3: =L3 -> Asia_other | AS3: =M3 -> Australia_NZ | AT3: =N3 -> Brazil | ... BP3: =AJ3 -> \I: | BR3: TechName | BS3: 2018 | BT3: =AM3 -> Africa_north | BU3: =AN3 -> Africa_other | BV3: =AO3 -> Arg-Chi | BW3: =AP3 -> Asia_central | BX3: =AQ3 -> Asia_east | BY3: =AR3 -> Asia_other | BZ3: =AS3 -> Australia_NZ | CA3: =AT3 -> Brazil | ... CW3: =BP3 -> \I: | CY3: TechName | CZ3: =BT3 -> Africa_north | DA3: =BU3 -> Africa_other | DB3: =BV3 -> Arg-Chi | DC3: =BW3 -> Asia_central | DD3: =BX3 -> Asia_east | DE3: =BY3 -> Asia_other | DF3: =BZ3 -> Australia_NZ | DG3: =CA3 -> Brazil | ... EC3: =CW3 -> \I: | ED3: LIFE | EF3: Region | EG3: Sets | EH3: TechName | EI3: TechDesc | EJ3: Tact | EK3: Tcap | EL3: Tslvl | EM3: PrimaryCG | EN3: Vintage
A4: ='RES Assumptions'!B87 -> RC | B4: RC1CAE000 | D4: RSCCAE000 | E4: ='RES Assumptions'!A87 -> RESELC | F4: =VLOOKUP(A4,'RES Assumptions'!$AN$87:$AO$97,2,FALSE) -> RSC | G4: =OFFSET('RES Techs T15'!$F4,0,MATCH(VLOOKUP('RES Veda input'!G$3,'RES Assumptions T15'!$V$3:$W$35,2,FALSE),'RES Techs T15'!$G$3:$U$3,0)) -> 2.9 | H4: =OFFSET('RES Techs T15'!$F4,0,MATCH(VLOOKUP('RES Veda input'!H$3,'RES Assumptions T15'!$V$3:$W$35,2,FALSE),'RES Techs T15'!$G$3:$U$3,0)) -> 2.9 | I4: =OFFSET('RES Techs T15'!$F4,0,MATCH(VLOOKUP('RES Veda input'!I$3,'RES Assumptions T15'!$V$3:$W$35,2,FALSE),'RES Techs T15'!$G$3:$U$3,0)) -> 2.9 | J4: =OFFSET('RES Techs T15'!$F4,0,MATCH(VLOOKUP('RES Veda input'!J$3,'RES Assumptions T15'!$V$3:$W$35,2,FALSE),'RES Techs T15'!$G$3:$U$3,0)) -> 2.9 | K4: =OFFSET('RES Techs T15'!$F4,0,MATCH(VLOOKUP('RES Veda input'!K$3,'RES Assumptions T15'!$V$3:$W$35,2,FALSE),'RES Techs T15'!$G$3:$U$3,0)) -> 2.9 | L4: =OFFSET('RES Techs T15'!$F4,0,MATCH(VLOOKUP('RES Veda input'!L$3,'RES Assumptions T15'!$V$3:$W$35,2,FALSE),'RES Techs T15'!$G$3:$U$3,0)) -> 2.9 | M4: =OFFSET('RES Techs T15'!$F4,0,MATCH(VLOOKUP('RES Veda input'!M$3,'RES Assumptions T15'!$V$3:$W$35,2,FALSE),'RES Techs T15'!$G$3:$U$3,0)) -> 2.9 | N4: =OFFSET('RES Techs T15'!$F4,0,MATCH(VLOOKUP('RES Veda input'!N$3,'RES Assumptions T15'!$V$3:$W$35,2,FALSE),'RES Techs T15'!$G$3:$U$3,0)) -> 2.9 | ... AJ4: =OFFSET('RES Techs T15'!$F4,0,MATCH(VLOOKUP('RES Veda input'!AJ$3,'RES Assumptions T15'!$V$3:$W$35,2,FALSE),'RES Techs T15'!$G$3:$U$3,0)) -> 2.9 | AL4: =$D4 -> RSCCAE000 | AM4: =OFFSET('RES Techs T15'!$W4,0,MATCH(VLOOKUP('RES Veda input'!AM$3,'RES Assumptions T15'!$V$3:$W$35,2,FALSE),'RES Techs T15'!$G$3:$U$3,0)) -> 0.16 | AN4: =OFFSET('RES Techs T15'!$W4,0,MATCH(VLOOKUP('RES Veda input'!AN$3,'RES Assumptions T15'!$V$3:$W$35,2,FALSE),'RES Techs T15'!$G$3:$U$3,0)) -> 0.16 | AO4: =OFFSET('RES Techs T15'!$W4,0,MATCH(VLOOKUP('RES Veda input'!AO$3,'RES Assumptions T15'!$V$3:$W$35,2,FALSE),'RES Techs T15'!$G$3:$U$3,0)) -> 0.13 | AP4: =OFFSET('RES Techs T15'!$W4,0,MATCH(VLOOKUP('RES Veda input'!AP$3,'RES Assumptions T15'!$V$3:$W$35,2,FALSE),'RES Techs T15'!$G$3:$U$3,0)) -> 0.1 | AQ4: =OFFSET('RES Techs T15'!$W4,0,MATCH(VLOOKUP('RES Veda input'!AQ$3,'RES Assumptions T15'!$V$3:$W$35,2,FALSE),'RES Techs T15'!$G$3:$U$3,0)) -> 0.13 | AR4: =OFFSET('RES Techs T15'!$W4,0,MATCH(VLOOKUP('RES Veda input'!AR$3,'RES Assumptions T15'!$V$3:$W$35,2,FALSE),'RES Techs T15'!$G$3:$U$3,0)) -> 0.15 | AS4: =OFFSET('RES Techs T15'!$W4,0,MATCH(VLOOKUP('RES Veda input'!AS$3,'RES Assumptions T15'!$V$3:$W$35,2,FALSE),'RES Techs T15'!$G$3:$U$3,0)) -> 0.05 | AT4: =OFFSET('RES Techs T15'!$W4,0,MATCH(VLOOKUP('RES Veda input'!AT$3,'RES Assumptions T15'!$V$3:$W$35,2,FALSE),'RES Techs T15'!$G$3:$U$3,0)) -> 0.13 | ... BP4: =OFFSET('RES Techs T15'!$W4,0,MATCH(VLOOKUP('RES Veda input'!BP$3,'RES Assumptions T15'!$V$3:$W$35,2,FALSE),'RES Techs T15'!$G$3:$U$3,0)) -> 0.13 | BR4: =$D4 -> RSCCAE000 | BS4: =MIN(BT4:CJ4) -> 7.2 | BT4: =IF(OFFSET('RES Techs T15'!$AO4,0,MATCH(VLOOKUP('RES Veda input'!BT$3,'RES Assumptions T15'!$V$3:$W$35,2,FALSE),'RES Techs T15'!$G$3:$U$3,0))=0,"",OFFSET('RES Techs T15'!$AO4,0,MATCH(VLOOKUP('RES Veda input'!BT$3,'RES Assumptions T15'!$V$3:$W$35,2,FALSE),'RES Techs T15'!$G$3:$U$3,0))) | BU4: =IF(OFFSET('RES Techs T15'!$AO4,0,MATCH(VLOOKUP('RES Veda input'!BU$3,'RES Assumptions T15'!$V$3:$W$35,2,FALSE),'RES Techs T15'!$G$3:$U$3,0))=0,"",OFFSET('RES Techs T15'!$AO4,0,MATCH(VLOOKUP('RES Veda input'!BU$3,'RES Assumptions T15'!$V$3:$W$35,2,FALSE),'RES Techs T15'!$G$3:$U$3,0))) | BV4: =IF(OFFSET('RES Techs T15'!$AO4,0,MATCH(VLOOKUP('RES Veda input'!BV$3,'RES Assumptions T15'!$V$3:$W$35,2,FALSE),'RES Techs T15'!$G$3:$U$3,0))=0,"",OFFSET('RES Techs T15'!$AO4,0,MATCH(VLOOKUP('RES Veda input'!BV$3,'RES Assumptions T15'!$V$3:$W$35,2,FALSE),'RES Techs T15'!$G$3:$U$3,0))) -> 8.4 | BW4: =IF(OFFSET('RES Techs T15'!$AO4,0,MATCH(VLOOKUP('RES Veda input'!BW$3,'RES Assumptions T15'!$V$3:$W$35,2,FALSE),'RES Techs T15'!$G$3:$U$3,0))=0,"",OFFSET('RES Techs T15'!$AO4,0,MATCH(VLOOKUP('RES Veda input'!BW$3,'RES Assumptions T15'!$V$3:$W$35,2,FALSE),'RES Techs T15'!$G$3:$U$3,0))) | BX4: =IF(OFFSET('RES Techs T15'!$AO4,0,MATCH(VLOOKUP('RES Veda input'!BX$3,'RES Assumptions T15'!$V$3:$W$35,2,FALSE),'RES Techs T15'!$G$3:$U$3,0))=0,"",OFFSET('RES Techs T15'!$AO4,0,MATCH(VLOOKUP('RES Veda input'!BX$3,'RES Assumptions T15'!$V$3:$W$35,2,FALSE),'RES Techs T15'!$G$3:$U$3,0))) -> 12 | BY4: =IF(OFFSET('RES Techs T15'!$AO4,0,MATCH(VLOOKUP('RES Veda input'!BY$3,'RES Assumptions T15'!$V$3:$W$35,2,FALSE),'RES Techs T15'!$G$3:$U$3,0))=0,"",OFFSET('RES Techs T15'!$AO4,0,MATCH(VLOOKUP('RES Veda input'!BY$3,'RES Assumptions T15'!$V$3:$W$35,2,FALSE),'RES Techs T15'!$G$3:$U$3,0))) -> 7.2 | BZ4: =IF(OFFSET('RES Techs T15'!$AO4,0,MATCH(VLOOKUP('RES Veda input'!BZ$3,'RES Assumptions T15'!$V$3:$W$35,2,FALSE),'RES Techs T15'!$G$3:$U$3,0))=0,"",OFFSET('RES Techs T15'!$AO4,0,MATCH(VLOOKUP('RES Veda input'!BZ$3,'RES Assumptions T15'!$V$3:$W$35,2,FALSE),'RES Techs T15'!$G$3:$U$3,0))) | CA4: =IF(OFFSET('RES Techs T15'!$AO4,0,MATCH(VLOOKUP('RES Veda input'!CA$3,'RES Assumptions T15'!$V$3:$W$35,2,FALSE),'RES Techs T15'!$G$3:$U$3,0))=0,"",OFFSET('RES Techs T15'!$AO4,0,MATCH(VLOOKUP('RES Veda input'!CA$3,'RES Assumptions T15'!$V$3:$W$35,2,FALSE),'RES Techs T15'!$G$3:$U$3,0))) -> 8.4 | ... CW4: =IF(OFFSET('RES Techs T15'!$AO4,0,MATCH(VLOOKUP('RES Veda input'!CW$3,'RES Assumptions T15'!$V$3:$W$35,2,FALSE),'RES Techs T15'!$G$3:$U$3,0))=0,"",OFFSET('RES Techs T15'!$AO4,0,MATCH(VLOOKUP('RES Veda input'!CW$3,'RES Assumptions T15'!$V$3:$W$35,2,FALSE),'RES Techs T15'!$G$3:$U$3,0))) -> 2 | CY4: =$D4 -> RSCCAE000 | CZ4: =ROUND('RES Assumptions'!E87*'RES Veda input'!G4/'RES Veda input'!AM4,3) -> 800.748 | DA4: =ROUND('RES Assumptions'!F87*'RES Veda input'!H4/'RES Veda input'!AN4,3) -> 538.517 | DB4: =ROUND('RES Assumptions'!G87*'RES Veda input'!I4/'RES Veda input'!AO4,3) -> 35.686 | DC4: =ROUND('RES Assumptions'!H87*'RES Veda input'!J4/'RES Veda input'!AP4,3) -> 64.811 | DD4: =ROUND('RES Assumptions'!I87*'RES Veda input'!K4/'RES Veda input'!AQ4,3) -> 63.172 | DE4: =ROUND('RES Assumptions'!J87*'RES Veda input'!L4/'RES Veda input'!AR4,3) -> 286.808 | DF4: =ROUND('RES Assumptions'!K87*'RES Veda input'!M4/'RES Veda input'!AS4,3) -> 610.436 | DG4: =ROUND('RES Assumptions'!L87*'RES Veda input'!N4/'RES Veda input'!AT4,3) -> 89.624 | ... EC4: =ROUND('RES Assumptions'!AH87*'RES Veda input'!AJ4/'RES Veda input'!BP4,3) -> 0 | ED4: 15 | EG4: DMD | EH4: =CY4 -> RSCCAE000 | EJ4: PJ | EK4: PJ-a
A5: ='RES Assumptions'!B88 -> RC | B5: RC1EHP000 | D5: RSCEHP000 | E5: ='RES Assumptions'!A88 -> RESELC | F5: =VLOOKUP(A5,'RES Assumptions'!$AN$87:$AO$97,2,FALSE) -> RSC | G5: =OFFSET('RES Techs T15'!$F5,0,MATCH(VLOOKUP('RES Veda input'!G$3,'RES Assumptions T15'!$V$3:$W$35,2,FALSE),'RES Techs T15'!$G$3:$U$3,0)) -> 3.1 | H5: =OFFSET('RES Techs T15'!$F5,0,MATCH(VLOOKUP('RES Veda input'!H$3,'RES Assumptions T15'!$V$3:$W$35,2,FALSE),'RES Techs T15'!$G$3:$U$3,0)) -> 3.1 | I5: =OFFSET('RES Techs T15'!$F5,0,MATCH(VLOOKUP('RES Veda input'!I$3,'RES Assumptions T15'!$V$3:$W$35,2,FALSE),'RES Techs T15'!$G$3:$U$3,0)) -> 3.1 | J5: =OFFSET('RES Techs T15'!$F5,0,MATCH(VLOOKUP('RES Veda input'!J$3,'RES Assumptions T15'!$V$3:$W$35,2,FALSE),'RES Techs T15'!$G$3:$U$3,0)) -> 3.1 | K5: =OFFSET('RES Techs T15'!$F5,0,MATCH(VLOOKUP('RES Veda input'!K$3,'RES Assumptions T15'!$V$3:$W$35,2,FALSE),'RES Techs T15'!$G$3:$U$3,0)) -> 3.1 | L5: =OFFSET('RES Techs T15'!$F5,0,MATCH(VLOOKUP('RES Veda input'!L$3,'RES Assumptions T15'!$V$3:$W$35,2,FALSE),'RES Techs T15'!$G$3:$U$3,0)) -> 3.1 | M5: =OFFSET('RES Techs T15'!$F5,0,MATCH(VLOOKUP('RES Veda input'!M$3,'RES Assumptions T15'!$V$3:$W$35,2,FALSE),'RES Techs T15'!$G$3:$U$3,0)) -> 3.1 | N5: =OFFSET('RES Techs T15'!$F5,0,MATCH(VLOOKUP('RES Veda input'!N$3,'RES Assumptions T15'!$V$3:$W$35,2,FALSE),'RES Techs T15'!$G$3:$U$3,0)) -> 3.1 | ... AJ5: =OFFSET('RES Techs T15'!$F5,0,MATCH(VLOOKUP('RES Veda input'!AJ$3,'RES Assumptions T15'!$V$3:$W$35,2,FALSE),'RES Techs T15'!$G$3:$U$3,0)) -> 3.1 | AL5: =$D5 -> RSCEHP000 | AM5: =OFFSET('RES Techs T15'!$W5,0,MATCH(VLOOKUP('RES Veda input'!AM$3,'RES Assumptions T15'!$V$3:$W$35,2,FALSE),'RES Techs T15'!$G$3:$U$3,0)) -> 0.16 | AN5: =OFFSET('RES Techs T15'!$W5,0,MATCH(VLOOKUP('RES Veda input'!AN$3,'RES Assumptions T15'!$V$3:$W$35,2,FALSE),'RES Techs T15'!$G$3:$U$3,0)) -> 0.16 | AO5: =OFFSET('RES Techs T15'!$W5,0,MATCH(VLOOKUP('RES Veda input'!AO$3,'RES Assumptions T15'!$V$3:$W$35,2,FALSE),'RES Techs T15'!$G$3:$U$3,0)) -> 0.13 | AP5: =OFFSET('RES Techs T15'!$W5,0,MATCH(VLOOKUP('RES Veda input'!AP$3,'RES Assumptions T15'!$V$3:$W$35,2,FALSE),'RES Techs T15'!$G$3:$U$3,0)) -> 0.1 | AQ5: =OFFSET('RES Techs T15'!$W5,0,MATCH(VLOOKUP('RES Veda input'!AQ$3,'RES Assumptions T15'!$V$3:$W$35,2,FALSE),'RES Techs T15'!$G$3:$U$3,0)) -> 0.13 | AR5: =OFFSET('RES Techs T15'!$W5,0,MATCH(VLOOKUP('RES Veda input'!AR$3,'RES Assumptions T15'!$V$3:$W$35,2,FALSE),'RES Techs T15'!$G$3:$U$3,0)) -> 0.15 | AS5: =OFFSET('RES Techs T15'!$W5,0,MATCH(VLOOKUP('RES Veda input'!AS$3,'RES Assumptions T15'!$V$3:$W$35,2,FALSE),'RES Techs T15'!$G$3:$U$3,0)) -> 0.05 | AT5: =OFFSET('RES Techs T15'!$W5,0,MATCH(VLOOKUP('RES Veda input'!AT$3,'RES Assumptions T15'!$V$3:$W$35,2,FALSE),'RES Techs T15'!$G$3:$U$3,0)) -> 0.13 | ... BP5: =OFFSET('RES Techs T15'!$W5,0,MATCH(VLOOKUP('RES Veda input'!BP$3,'RES Assumptions T15'!$V$3:$W$35,2,FALSE),'RES Techs T15'!$G$3:$U$3,0)) -> 0.13 | BR5: =$D5 -> RSCEHP000 | BS5: =MIN(BT5:CJ5) -> 8.4 | BT5: =IF(OFFSET('RES Techs T15'!$AO5,0,MATCH(VLOOKUP('RES Veda input'!BT$3,'RES Assumptions T15'!$V$3:$W$35,2,FALSE),'RES Techs T15'!$G$3:$U$3,0))=0,"",OFFSET('RES Techs T15'!$AO5,0,MATCH(VLOOKUP('RES Veda input'!BT$3,'RES Assumptions T15'!$V$3:$W$35,2,FALSE),'RES Techs T15'!$G$3:$U$3,0))) | BU5: =IF(OFFSET('RES Techs T15'!$AO5,0,MATCH(VLOOKUP('RES Veda input'!BU$3,'RES Assumptions T15'!$V$3:$W$35,2,FALSE),'RES Techs T15'!$G$3:$U$3,0))=0,"",OFFSET('RES Techs T15'!$AO5,0,MATCH(VLOOKUP('RES Veda input'!BU$3,'RES Assumptions T15'!$V$3:$W$35,2,FALSE),'RES Techs T15'!$G$3:$U$3,0))) | BV5: =IF(OFFSET('RES Techs T15'!$AO5,0,MATCH(VLOOKUP('RES Veda input'!BV$3,'RES Assumptions T15'!$V$3:$W$35,2,FALSE),'RES Techs T15'!$G$3:$U$3,0))=0,"",OFFSET('RES Techs T15'!$AO5,0,MATCH(VLOOKUP('RES Veda input'!BV$3,'RES Assumptions T15'!$V$3:$W$35,2,FALSE),'RES Techs T15'!$G$3:$U$3,0))) -> 9.8 | BW5: =IF(OFFSET('RES Techs T15'!$AO5,0,MATCH(VLOOKUP('RES Veda input'!BW$3,'RES Assumptions T15'!$V$3:$W$35,2,FALSE),'RES Techs T15'!$G$3:$U$3,0))=0,"",OFFSET('RES Techs T15'!$AO5,0,MATCH(VLOOKUP('RES Veda input'!BW$3,'RES Assumptions T15'!$V$3:$W$35,2,FALSE),'RES Techs T15'!$G$3:$U$3,0))) | BX5: =IF(OFFSET('RES Techs T15'!$AO5,0,MATCH(VLOOKUP('RES Veda input'!BX$3,'RES Assumptions T15'!$V$3:$W$35,2,FALSE),'RES Techs T15'!$G$3:$U$3,0))=0,"",OFFSET('RES Techs T15'!$AO5,0,MATCH(VLOOKUP('RES Veda input'!BX$3,'RES Assumptions T15'!$V$3:$W$35,2,FALSE),'RES Techs T15'!$G$3:$U$3,0))) -> 14 | BY5: =IF(OFFSET('RES Techs T15'!$AO5,0,MATCH(VLOOKUP('RES Veda input'!BY$3,'RES Assumptions T15'!$V$3:$W$35,2,FALSE),'RES Techs T15'!$G$3:$U$3,0))=0,"",OFFSET('RES Techs T15'!$AO5,0,MATCH(VLOOKUP('RES Veda input'!BY$3,'RES Assumptions T15'!$V$3:$W$35,2,FALSE),'RES Techs T15'!$G$3:$U$3,0))) -> 8.4 | BZ5: =IF(OFFSET('RES Techs T15'!$AO5,0,MATCH(VLOOKUP('RES Veda input'!BZ$3,'RES Assumptions T15'!$V$3:$W$35,2,FALSE),'RES Techs T15'!$G$3:$U$3,0))=0,"",OFFSET('RES Techs T15'!$AO5,0,MATCH(VLOOKUP('RES Veda input'!BZ$3,'RES Assumptions T15'!$V$3:$W$35,2,FALSE),'RES Techs T15'!$G$3:$U$3,0))) | CA5: =IF(OFFSET('RES Techs T15'!$AO5,0,MATCH(VLOOKUP('RES Veda input'!CA$3,'RES Assumptions T15'!$V$3:$W$35,2,FALSE),'RES Techs T15'!$G$3:$U$3,0))=0,"",OFFSET('RES Techs T15'!$AO5,0,MATCH(VLOOKUP('RES Veda input'!CA$3,'RES Assumptions T15'!$V$3:$W$35,2,FALSE),'RES Techs T15'!$G$3:$U$3,0))) -> 9.8 | ... CW5: =IF(OFFSET('RES Techs T15'!$AO5,0,MATCH(VLOOKUP('RES Veda input'!CW$3,'RES Assumptions T15'!$V$3:$W$35,2,FALSE),'RES Techs T15'!$G$3:$U$3,0))=0,"",OFFSET('RES Techs T15'!$AO5,0,MATCH(VLOOKUP('RES Veda input'!CW$3,'RES Assumptions T15'!$V$3:$W$35,2,FALSE),'RES Techs T15'!$G$3:$U$3,0))) -> 2 | CY5: =$D5 -> RSCEHP000 | CZ5: =ROUND('RES Assumptions'!E88*'RES Veda input'!G5/'RES Veda input'!AM5,3) -> 66.552 | DA5: =ROUND('RES Assumptions'!F88*'RES Veda input'!H5/'RES Veda input'!AN5,3) -> 44.757 | DB5: =ROUND('RES Assumptions'!G88*'RES Veda input'!I5/'RES Veda input'!AO5,3) -> 9.537 | DC5: =ROUND('RES Assumptions'!H88*'RES Veda input'!J5/'RES Veda input'!AP5,3) -> 5.387 | DD5: =ROUND('RES Assumptions'!I88*'RES Veda input'!K5/'RES Veda input'!AQ5,3) -> 904.888 | DE5: =ROUND('RES Assumptions'!J88*'RES Veda input'!L5/'RES Veda input'!AR5,3) -> 613.175 | DF5: =ROUND('RES Assumptions'!K88*'RES Veda input'!M5/'RES Veda input'!AS5,3) -> 98.009 | DG5: =ROUND('RES Assumptions'!L88*'RES Veda input'!N5/'RES Veda input'!AT5,3) -> 23.951 | ... EC5: =ROUND('RES Assumptions'!AH88*'RES Veda input'!AJ5/'RES Veda input'!BP5,3) -> 0 | ED5: 15 | EG5: DMD | EH5: =CY5 -> RSCEHP000 | EJ5: PJ | EK5: PJ-a
A6: ='RES Assumptions'!B89 -> RC | B6: RC1GEO000 | D6: RSCGEO000 | E6: ='RES Assumptions'!A89 -> RESGEO | F6: =VLOOKUP(A6,'RES Assumptions'!$AN$87:$AO$97,2,FALSE) -> RSC | G6: =OFFSET('RES Techs T15'!$F6,0,MATCH(VLOOKUP('RES Veda input'!G$3,'RES Assumptions T15'!$V$3:$W$35,2,FALSE),'RES Techs T15'!$G$3:$U$3,0)) -> 0.9 | H6: =OFFSET('RES Techs T15'!$F6,0,MATCH(VLOOKUP('RES Veda input'!H$3,'RES Assumptions T15'!$V$3:$W$35,2,FALSE),'RES Techs T15'!$G$3:$U$3,0)) -> 0.9 | I6: =OFFSET('RES Techs T15'!$F6,0,MATCH(VLOOKUP('RES Veda input'!I$3,'RES Assumptions T15'!$V$3:$W$35,2,FALSE),'RES Techs T15'!$G$3:$U$3,0)) -> 0.9 | J6: =OFFSET('RES Techs T15'!$F6,0,MATCH(VLOOKUP('RES Veda input'!J$3,'RES Assumptions T15'!$V$3:$W$35,2,FALSE),'RES Techs T15'!$G$3:$U$3,0)) -> 0.9 | K6: =OFFSET('RES Techs T15'!$F6,0,MATCH(VLOOKUP('RES Veda input'!K$3,'RES Assumptions T15'!$V$3:$W$35,2,FALSE),'RES Techs T15'!$G$3:$U$3,0)) -> 0.9 | L6: =OFFSET('RES Techs T15'!$F6,0,MATCH(VLOOKUP('RES Veda input'!L$3,'RES Assumptions T15'!$V$3:$W$35,2,FALSE),'RES Techs T15'!$G$3:$U$3,0)) -> 0.9 | M6: =OFFSET('RES Techs T15'!$F6,0,MATCH(VLOOKUP('RES Veda input'!M$3,'RES Assumptions T15'!$V$3:$W$35,2,FALSE),'RES Techs T15'!$G$3:$U$3,0)) -> 0.9 | N6: =OFFSET('RES Techs T15'!$F6,0,MATCH(VLOOKUP('RES Veda input'!N$3,'RES Assumptions T15'!$V$3:$W$35,2,FALSE),'RES Techs T15'!$G$3:$U$3,0)) -> 0.9 | ... AJ6: =OFFSET('RES Techs T15'!$F6,0,MATCH(VLOOKUP('RES Veda input'!AJ$3,'RES Assumptions T15'!$V$3:$W$35,2,FALSE),'RES Techs T15'!$G$3:$U$3,0)) -> 0.9 | AL6: =$D6 -> RSCGEO000 | AM6: =OFFSET('RES Techs T15'!$W6,0,MATCH(VLOOKUP('RES Veda input'!AM$3,'RES Assumptions T15'!$V$3:$W$35,2,FALSE),'RES Techs T15'!$G$3:$U$3,0)) -> 0.16 | AN6: =OFFSET('RES Techs T15'!$W6,0,MATCH(VLOOKUP('RES Veda input'!AN$3,'RES Assumptions T15'!$V$3:$W$35,2,FALSE),'RES Techs T15'!$G$3:$U$3,0)) -> 0.16 | AO6: =OFFSET('RES Techs T15'!$W6,0,MATCH(VLOOKUP('RES Veda input'!AO$3,'RES Assumptions T15'!$V$3:$W$35,2,FALSE),'RES Techs T15'!$G$3:$U$3,0)) -> 0.13 | AP6: =OFFSET('RES Techs T15'!$W6,0,MATCH(VLOOKUP('RES Veda input'!AP$3,'RES Assumptions T15'!$V$3:$W$35,2,FALSE),'RES Techs T15'!$G$3:$U$3,0)) -> 0.1 | AQ6: =OFFSET('RES Techs T15'!$W6,0,MATCH(VLOOKUP('RES Veda input'!AQ$3,'RES Assumptions T15'!$V$3:$W$35,2,FALSE),'RES Techs T15'!$G$3:$U$3,0)) -> 0.13 | AR6: =OFFSET('RES Techs T15'!$W6,0,MATCH(VLOOKUP('RES Veda input'!AR$3,'RES Assumptions T15'!$V$3:$W$35,2,FALSE),'RES Techs T15'!$G$3:$U$3,0)) -> 0.15 | AS6: =OFFSET('RES Techs T15'!$W6,0,MATCH(VLOOKUP('RES Veda input'!AS$3,'RES Assumptions T15'!$V$3:$W$35,2,FALSE),'RES Techs T15'!$G$3:$U$3,0)) -> 0.05 | AT6: =OFFSET('RES Techs T15'!$W6,0,MATCH(VLOOKUP('RES Veda input'!AT$3,'RES Assumptions T15'!$V$3:$W$35,2,FALSE),'RES Techs T15'!$G$3:$U$3,0)) -> 0.13 | ... BP6: =OFFSET('RES Techs T15'!$W6,0,MATCH(VLOOKUP('RES Veda input'!BP$3,'RES Assumptions T15'!$V$3:$W$35,2,FALSE),'RES Techs T15'!$G$3:$U$3,0)) -> 0.13 | BR6: =$D6 -> RSCGEO000 | BS6: =MIN(BT6:CJ6) -> 7.2 | BT6: =IF(OFFSET('RES Techs T15'!$AO6,0,MATCH(VLOOKUP('RES Veda input'!BT$3,'RES Assumptions T15'!$V$3:$W$35,2,FALSE),'RES Techs T15'!$G$3:$U$3,0))=0,"",OFFSET('RES Techs T15'!$AO6,0,MATCH(VLOOKUP('RES Veda input'!BT$3,'RES Assumptions T15'!$V$3:$W$35,2,FALSE),'RES Techs T15'!$G$3:$U$3,0))) | BU6: =IF(OFFSET('RES Techs T15'!$AO6,0,MATCH(VLOOKUP('RES Veda input'!BU$3,'RES Assumptions T15'!$V$3:$W$35,2,FALSE),'RES Techs T15'!$G$3:$U$3,0))=0,"",OFFSET('RES Techs T15'!$AO6,0,MATCH(VLOOKUP('RES Veda input'!BU$3,'RES Assumptions T15'!$V$3:$W$35,2,FALSE),'RES Techs T15'!$G$3:$U$3,0))) | BV6: =IF(OFFSET('RES Techs T15'!$AO6,0,MATCH(VLOOKUP('RES Veda input'!BV$3,'RES Assumptions T15'!$V$3:$W$35,2,FALSE),'RES Techs T15'!$G$3:$U$3,0))=0,"",OFFSET('RES Techs T15'!$AO6,0,MATCH(VLOOKUP('RES Veda input'!BV$3,'RES Assumptions T15'!$V$3:$W$35,2,FALSE),'RES Techs T15'!$G$3:$U$3,0))) -> 8.4 | BW6: =IF(OFFSET('RES Techs T15'!$AO6,0,MATCH(VLOOKUP('RES Veda input'!BW$3,'RES Assumptions T15'!$V$3:$W$35,2,FALSE),'RES Techs T15'!$G$3:$U$3,0))=0,"",OFFSET('RES Techs T15'!$AO6,0,MATCH(VLOOKUP('RES Veda input'!BW$3,'RES Assumptions T15'!$V$3:$W$35,2,FALSE),'RES Techs T15'!$G$3:$U$3,0))) | BX6: =IF(OFFSET('RES Techs T15'!$AO6,0,MATCH(VLOOKUP('RES Veda input'!BX$3,'RES Assumptions T15'!$V$3:$W$35,2,FALSE),'RES Techs T15'!$G$3:$U$3,0))=0,"",OFFSET('RES Techs T15'!$AO6,0,MATCH(VLOOKUP('RES Veda input'!BX$3,'RES Assumptions T15'!$V$3:$W$35,2,FALSE),'RES Techs T15'!$G$3:$U$3,0))) -> 12 | BY6: =IF(OFFSET('RES Techs T15'!$AO6,0,MATCH(VLOOKUP('RES Veda input'!BY$3,'RES Assumptions T15'!$V$3:$W$35,2,FALSE),'RES Techs T15'!$G$3:$U$3,0))=0,"",OFFSET('RES Techs T15'!$AO6,0,MATCH(VLOOKUP('RES Veda input'!BY$3,'RES Assumptions T15'!$V$3:$W$35,2,FALSE),'RES Techs T15'!$G$3:$U$3,0))) -> 7.2 | BZ6: =IF(OFFSET('RES Techs T15'!$AO6,0,MATCH(VLOOKUP('RES Veda input'!BZ$3,'RES Assumptions T15'!$V$3:$W$35,2,FALSE),'RES Techs T15'!$G$3:$U$3,0))=0,"",OFFSET('RES Techs T15'!$AO6,0,MATCH(VLOOKUP('RES Veda input'!BZ$3,'RES Assumptions T15'!$V$3:$W$35,2,FALSE),'RES Techs T15'!$G$3:$U$3,0))) | CA6: =IF(OFFSET('RES Techs T15'!$AO6,0,MATCH(VLOOKUP('RES Veda input'!CA$3,'RES Assumptions T15'!$V$3:$W$35,2,FALSE),'RES Techs T15'!$G$3:$U$3,0))=0,"",OFFSET('RES Techs T15'!$AO6,0,MATCH(VLOOKUP('RES Veda input'!CA$3,'RES Assumptions T15'!$V$3:$W$35,2,FALSE),'RES Techs T15'!$G$3:$U$3,0))) -> 8.4 | ... CW6: =IF(OFFSET('RES Techs T15'!$AO6,0,MATCH(VLOOKUP('RES Veda input'!CW$3,'RES Assumptions T15'!$V$3:$W$35,2,FALSE),'RES Techs T15'!$G$3:$U$3,0))=0,"",OFFSET('RES Techs T15'!$AO6,0,MATCH(VLOOKUP('RES Veda input'!CW$3,'RES Assumptions T15'!$V$3:$W$35,2,FALSE),'RES Techs T15'!$G$3:$U$3,0))) -> 2 | CY6: =$D6 -> RSCGEO000 | CZ6: =ROUND('RES Assumptions'!E89*'RES Veda input'!G6/'RES Veda input'!AM6,3) -> 0 | DA6: =ROUND('RES Assumptions'!F89*'RES Veda input'!H6/'RES Veda input'!AN6,3) -> 0 | DB6: =ROUND('RES Assumptions'!G89*'RES Veda input'!I6/'RES Veda input'!AO6,3) -> 0 | DC6: =ROUND('RES Assumptions'!H89*'RES Veda input'!J6/'RES Veda input'!AP6,3) -> 0 | DD6: =ROUND('RES Assumptions'!I89*'RES Veda input'!K6/'RES Veda input'!AQ6,3) -> 0 | DE6: =ROUND('RES Assumptions'!J89*'RES Veda input'!L6/'RES Veda input'!AR6,3) -> 0 | DF6: =ROUND('RES Assumptions'!K89*'RES Veda input'!M6/'RES Veda input'!AS6,3) -> 0 | DG6: =ROUND('RES Assumptions'!L89*'RES Veda input'!N6/'RES Veda input'!AT6,3) -> 0 | ... EC6: =ROUND('RES Assumptions'!AH89*'RES Veda input'!AJ6/'RES Veda input'!BP6,3) -> 0 | ED6: 15 | EG6: DMD | EH6: =CY6 -> RSCGEO000 | EJ6: PJ | EK6: PJ-a
