Workbook
Name FID_1: [1]AGR_Fuels!$A$2

Sheet TechSelection
A3: ~TFM_AVA
A4: process | B4: allregions | C4: GBL | D4: pset_co
A5: * | B5: 1 | C5: 0
A6: -*150* | B6: 0 | D6: Trd_2w

Sheet Road transport
AH1: ~TFM_TOPINS
B2: ~TFM_FILL-R:w=RoadTra_BY; hcol=region | J2: ~TFM_INS-TS: attribute=FLO_MARK | AH2: process | AI2: IO | AJ2: commodity
B3: Scenario | C3: Attribute | D3: PSET_CO | E3: AllRegions | J3: pset_ci | K3: 2020 | L3: 0 | M3: attrib_cond | N3: commodity | O3: top_check | AH3: Trd[_]*gsl* | AI3: IN | AJ3: TRAGSL,TRABGS
B4: BASE | C4: AF | D4: Trd[_]* | E4: *1 | J4: -TRDELC | K4: 0.2 | L4: 3 | M4: -FLO_MARK | N4: Trd[_]* | O4: OUT | AH4: Trd[_]*dsl* | AI4: IN | AJ4: TRADST,TRABDS
B5: BASE | C5: EFF | D5: Trd[_]* | E5: *1 | J5: TRANGA | K5: 0.075 | L5: 3 | N5: Trd_hdt | O5: OUT | AH5: Trd[_]*hh2* | AI5: IN | AJ5: TRAGH2
AH6: Trd[_]*cng* | AI6: IN | AJ6: TRANGA
AH7: Trd[_]*elc* | AI7: IN | AJ7: TRDELC
B8: ~TFM_INS | J8: ~TFM_UPD | AH8: Trd[_]*lng* | AI8: IN | AJ8: TRANGA
B9: attribute | C9: PSET_PN | D9: PSET_CI | E9: CSET_CN | F9: value | G9: limtype | H9: year | J9: attribute | K9: value | L9: pset_ci | M9: pset_co | AH9: Trd[_]*-pih* | AI9: IN | AJ9: TRDELC
B10: Share | C10: Trd[_]*-pih* | E10: TRDELC | F10: 0.25 | G10: FX | J10: EFF | K10: *.5 | L10: TRDELC | M10: Trd_2w,Trd_3w
B11: Share | C11: Trd[_]*-pih* | E11: TRDELC | F11: 3 | G11: FX | H11: 0 | AH11: ~TFM_MIG
B12: CEFF | D12: TRAGSL | E12: TRABGS | F12: 0.93 | AH12: attribute | AI12: value | AJ12: attribute2 | AK12: pset_pn
B13: LIFE | C13: Trd[_]* | F13: 25 | AH13: INVCOST | AI13: *.03 | AJ13: FIXOM | AK13: Trd[_]*
B14: *START | C14: Trd[_]* | E14: -TRDELC | F14: 2020 | AH14: INVCOST | AI14: *.02 | AJ14: FIXOM | AK14: Trd[_]*elc*
C17: ~TFM_INS
C18: attribute | D18: =IF(RoadTra_BY!L$1="","\I:",RoadTra_BY!L$1) -> Africa_north | E18: =IF(RoadTra_BY!M$1="","\I:",RoadTra_BY!M$1) -> Africa_other | F18: =IF(RoadTra_BY!N$1="","\I:",RoadTra_BY!N$1) -> Arg-Chi | G18: =IF(RoadTra_BY!O$1="","\I:",RoadTra_BY!O$1) -> Asia_central | H18: =IF(RoadTra_BY!P$1="","\I:",RoadTra_BY!P$1) -> Asia_east | I18: =IF(RoadTra_BY!Q$1="","\I:",RoadTra_BY!Q$1) -> Asia_other | J18: =IF(RoadTra_BY!R$1="","\I:",RoadTra_BY!R$1) -> Australia_NZ | K18: =IF(RoadTra_BY!S$1="","\I:",RoadTra_BY!S$1) -> Brazil | ... AG18: =IF(RoadTra_BY!AO$1="","\I:",RoadTra_BY!AO$1) -> year2 | AH18: process
C19: AF | D19: =AVERAGEIFS(RoadTra_BY!L$2:L$999,RoadTra_BY!$B$2:$B$999,'Road transport'!$C19,RoadTra_BY!$C$2:$C$999,'Road transport'!$AH19) -> 7 | E19: =AVERAGEIFS(RoadTra_BY!M$2:M$999,RoadTra_BY!$B$2:$B$999,'Road transport'!$C19,RoadTra_BY!$C$2:$C$999,'Road transport'!$AH19) -> 7 | F19: =AVERAGEIFS(RoadTra_BY!N$2:N$999,RoadTra_BY!$B$2:$B$999,'Road transport'!$C19,RoadTra_BY!$C$2:$C$999,'Road transport'!$AH19) -> 7 | G19: =AVERAGEIFS(RoadTra_BY!O$2:O$999,RoadTra_BY!$B$2:$B$999,'Road transport'!$C19,RoadTra_BY!$C$2:$C$999,'Road transport'!$AH19) -> 7 | H19: =AVERAGEIFS(RoadTra_BY!P$2:P$999,RoadTra_BY!$B$2:$B$999,'Road transport'!$C19,RoadTra_BY!$C$2:$C$999,'Road transport'!$AH19) -> 7 | I19: =AVERAGEIFS(RoadTra_BY!Q$2:Q$999,RoadTra_BY!$B$2:$B$999,'Road transport'!$C19,RoadTra_BY!$C$2:$C$999,'Road transport'!$AH19) -> 7 | J19: =AVERAGEIFS(RoadTra_BY!R$2:R$999,RoadTra_BY!$B$2:$B$999,'Road transport'!$C19,RoadTra_BY!$C$2:$C$999,'Road transport'!$AH19) -> 7 | K19: =AVERAGEIFS(RoadTra_BY!S$2:S$999,RoadTra_BY!$B$2:$B$999,'Road transport'!$C19,RoadTra_BY!$C$2:$C$999,'Road transport'!$AH19) -> 7 | ... AF19: =AVERAGEIFS(RoadTra_BY!AN$2:AN$999,RoadTra_BY!$B$2:$B$999,'Road transport'!$C19,RoadTra_BY!$C$2:$C$999,'Road transport'!$AH19) -> 7 | AH19: Trd_2w_*
C20: AF | D20: =AVERAGEIFS(RoadTra_BY!L$2:L$999,RoadTra_BY!$B$2:$B$999,'Road transport'!$C20,RoadTra_BY!$C$2:$C$999,'Road transport'!$AH20) -> 15 | E20: =AVERAGEIFS(RoadTra_BY!M$2:M$999,RoadTra_BY!$B$2:$B$999,'Road transport'!$C20,RoadTra_BY!$C$2:$C$999,'Road transport'!$AH20) -> 15 | F20: =AVERAGEIFS(RoadTra_BY!N$2:N$999,RoadTra_BY!$B$2:$B$999,'Road transport'!$C20,RoadTra_BY!$C$2:$C$999,'Road transport'!$AH20) -> 15 | G20: =AVERAGEIFS(RoadTra_BY!O$2:O$999,RoadTra_BY!$B$2:$B$999,'Road transport'!$C20,RoadTra_BY!$C$2:$C$999,'Road transport'!$AH20) -> 15 | H20: =AVERAGEIFS(RoadTra_BY!P$2:P$999,RoadTra_BY!$B$2:$B$999,'Road transport'!$C20,RoadTra_BY!$C$2:$C$999,'Road transport'!$AH20) -> 15 | I20: =AVERAGEIFS(RoadTra_BY!Q$2:Q$999,RoadTra_BY!$B$2:$B$999,'Road transport'!$C20,RoadTra_BY!$C$2:$C$999,'Road transport'!$AH20) -> 15 | J20: =AVERAGEIFS(RoadTra_BY!R$2:R$999,RoadTra_BY!$B$2:$B$999,'Road transport'!$C20,RoadTra_BY!$C$2:$C$999,'Road transport'!$AH20) -> 15 | K20: =AVERAGEIFS(RoadTra_BY!S$2:S$999,RoadTra_BY!$B$2:$B$999,'Road transport'!$C20,RoadTra_BY!$C$2:$C$999,'Road transport'!$AH20) -> 15 | ... AF20: =AVERAGEIFS(RoadTra_BY!AN$2:AN$999,RoadTra_BY!$B$2:$B$999,'Road transport'!$C20,RoadTra_BY!$C$2:$C$999,'Road transport'!$AH20) -> 15 | AH20: Trd_3w_*
C21: AF | D21: =AVERAGEIFS(RoadTra_BY!L$2:L$999,RoadTra_BY!$B$2:$B$999,'Road transport'!$C21,RoadTra_BY!$C$2:$C$999,'Road transport'!$AH21) -> 35 | E21: =AVERAGEIFS(RoadTra_BY!M$2:M$999,RoadTra_BY!$B$2:$B$999,'Road transport'!$C21,RoadTra_BY!$C$2:$C$999,'Road transport'!$AH21) -> 35 | F21: =AVERAGEIFS(RoadTra_BY!N$2:N$999,RoadTra_BY!$B$2:$B$999,'Road transport'!$C21,RoadTra_BY!$C$2:$C$999,'Road transport'!$AH21) -> 35 | G21: =AVERAGEIFS(RoadTra_BY!O$2:O$999,RoadTra_BY!$B$2:$B$999,'Road transport'!$C21,RoadTra_BY!$C$2:$C$999,'Road transport'!$AH21) -> 35 | H21: =AVERAGEIFS(RoadTra_BY!P$2:P$999,RoadTra_BY!$B$2:$B$999,'Road transport'!$C21,RoadTra_BY!$C$2:$C$999,'Road transport'!$AH21) -> 35 | I21: =AVERAGEIFS(RoadTra_BY!Q$2:Q$999,RoadTra_BY!$B$2:$B$999,'Road transport'!$C21,RoadTra_BY!$C$2:$C$999,'Road transport'!$AH21) -> 35 | J21: =AVERAGEIFS(RoadTra_BY!R$2:R$999,RoadTra_BY!$B$2:$B$999,'Road transport'!$C21,RoadTra_BY!$C$2:$C$999,'Road transport'!$AH21) -> 35 | K21: =AVERAGEIFS(RoadTra_BY!S$2:S$999,RoadTra_BY!$B$2:$B$999,'Road transport'!$C21,RoadTra_BY!$C$2:$C$999,'Road transport'!$AH21) -> 35 | ... AF21: =AVERAGEIFS(RoadTra_BY!AN$2:AN$999,RoadTra_BY!$B$2:$B$999,'Road transport'!$C21,RoadTra_BY!$C$2:$C$999,'Road transport'!$AH21) -> 35 | AH21: Trd_bus*
C22: AF | D22: =AVERAGEIFS(RoadTra_BY!L$2:L$999,RoadTra_BY!$B$2:$B$999,'Road transport'!$C22,RoadTra_BY!$C$2:$C$999,'Road transport'!$AH22) -> 12 | E22: =AVERAGEIFS(RoadTra_BY!M$2:M$999,RoadTra_BY!$B$2:$B$999,'Road transport'!$C22,RoadTra_BY!$C$2:$C$999,'Road transport'!$AH22) -> 12 | F22: =AVERAGEIFS(RoadTra_BY!N$2:N$999,RoadTra_BY!$B$2:$B$999,'Road transport'!$C22,RoadTra_BY!$C$2:$C$999,'Road transport'!$AH22) -> 12 | G22: =AVERAGEIFS(RoadTra_BY!O$2:O$999,RoadTra_BY!$B$2:$B$999,'Road transport'!$C22,RoadTra_BY!$C$2:$C$999,'Road transport'!$AH22) -> 12 | H22: =AVERAGEIFS(RoadTra_BY!P$2:P$999,RoadTra_BY!$B$2:$B$999,'Road transport'!$C22,RoadTra_BY!$C$2:$C$999,'Road transport'!$AH22) -> 12 | I22: =AVERAGEIFS(RoadTra_BY!Q$2:Q$999,RoadTra_BY!$B$2:$B$999,'Road transport'!$C22,RoadTra_BY!$C$2:$C$999,'Road transport'!$AH22) -> 12 | J22: =AVERAGEIFS(RoadTra_BY!R$2:R$999,RoadTra_BY!$B$2:$B$999,'Road transport'!$C22,RoadTra_BY!$C$2:$C$999,'Road transport'!$AH22) -> 12 | K22: =AVERAGEIFS(RoadTra_BY!S$2:S$999,RoadTra_BY!$B$2:$B$999,'Road transport'!$C22,RoadTra_BY!$C$2:$C$999,'Road transport'!$AH22) -> 12 | ... AF22: =AVERAGEIFS(RoadTra_BY!AN$2:AN$999,RoadTra_BY!$B$2:$B$999,'Road transport'!$C22,RoadTra_BY!$C$2:$C$999,'Road transport'!$AH22) -> 18 | AH22: Trd_car*
C23: AF | D23: =AVERAGEIFS(RoadTra_BY!L$2:L$999,RoadTra_BY!$B$2:$B$999,'Road transport'!$C23,RoadTra_BY!$C$2:$C$999,'Road transport'!$AH23) -> 50 | E23: =AVERAGEIFS(RoadTra_BY!M$2:M$999,RoadTra_BY!$B$2:$B$999,'Road transport'!$C23,RoadTra_BY!$C$2:$C$999,'Road transport'!$AH23) -> 50 | F23: =AVERAGEIFS(RoadTra_BY!N$2:N$999,RoadTra_BY!$B$2:$B$999,'Road transport'!$C23,RoadTra_BY!$C$2:$C$999,'Road transport'!$AH23) -> 50 | G23: =AVERAGEIFS(RoadTra_BY!O$2:O$999,RoadTra_BY!$B$2:$B$999,'Road transport'!$C23,RoadTra_BY!$C$2:$C$999,'Road transport'!$AH23) -> 50 | H23: =AVERAGEIFS(RoadTra_BY!P$2:P$999,RoadTra_BY!$B$2:$B$999,'Road transport'!$C23,RoadTra_BY!$C$2:$C$999,'Road transport'!$AH23) -> 50 | I23: =AVERAGEIFS(RoadTra_BY!Q$2:Q$999,RoadTra_BY!$B$2:$B$999,'Road transport'!$C23,RoadTra_BY!$C$2:$C$999,'Road transport'!$AH23) -> 50 | J23: =AVERAGEIFS(RoadTra_BY!R$2:R$999,RoadTra_BY!$B$2:$B$999,'Road transport'!$C23,RoadTra_BY!$C$2:$C$999,'Road transport'!$AH23) -> 50 | K23: =AVERAGEIFS(RoadTra_BY!S$2:S$999,RoadTra_BY!$B$2:$B$999,'Road transport'!$C23,RoadTra_BY!$C$2:$C$999,'Road transport'!$AH23) -> 50 | ... AF23: =AVERAGEIFS(RoadTra_BY!AN$2:AN$999,RoadTra_BY!$B$2:$B$999,'Road transport'!$C23,RoadTra_BY!$C$2:$C$999,'Road transport'!$AH23) -> 50 | AH23: Trd_hdt*
C24: AF | D24: =AVERAGEIFS(RoadTra_BY!L$2:L$999,RoadTra_BY!$B$2:$B$999,'Road transport'!$C24,RoadTra_BY!$C$2:$C$999,'Road transport'!$AH24) -> 25 | E24: =AVERAGEIFS(RoadTra_BY!M$2:M$999,RoadTra_BY!$B$2:$B$999,'Road transport'!$C24,RoadTra_BY!$C$2:$C$999,'Road transport'!$AH24) -> 25 | F24: =AVERAGEIFS(RoadTra_BY!N$2:N$999,RoadTra_BY!$B$2:$B$999,'Road transport'!$C24,RoadTra_BY!$C$2:$C$999,'Road transport'!$AH24) -> 25 | G24: =AVERAGEIFS(RoadTra_BY!O$2:O$999,RoadTra_BY!$B$2:$B$999,'Road transport'!$C24,RoadTra_BY!$C$2:$C$999,'Road transport'!$AH24) -> 25 | H24: =AVERAGEIFS(RoadTra_BY!P$2:P$999,RoadTra_BY!$B$2:$B$999,'Road transport'!$C24,RoadTra_BY!$C$2:$C$999,'Road transport'!$AH24) -> 25 | I24: =AVERAGEIFS(RoadTra_BY!Q$2:Q$999,RoadTra_BY!$B$2:$B$999,'Road transport'!$C24,RoadTra_BY!$C$2:$C$999,'Road transport'!$AH24) -> 25 | J24: =AVERAGEIFS(RoadTra_BY!R$2:R$999,RoadTra_BY!$B$2:$B$999,'Road transport'!$C24,RoadTra_BY!$C$2:$C$999,'Road transport'!$AH24) -> 25 | K24: =AVERAGEIFS(RoadTra_BY!S$2:S$999,RoadTra_BY!$B$2:$B$999,'Road transport'!$C24,RoadTra_BY!$C$2:$C$999,'Road transport'!$AH24) -> 25 | ... AF24: =AVERAGEIFS(RoadTra_BY!AN$2:AN$999,RoadTra_BY!$B$2:$B$999,'Road transport'!$C24,RoadTra_BY!$C$2:$C$999,'Road transport'!$AH24) -> 25 | AH24: Trd_lcv*
C27: ~TFM_UPD
C28: attribute | D28: =IF(RoadTra_BY!L$1="","\I:",RoadTra_BY!L$1) -> Africa_north | E28: =IF(RoadTra_BY!M$1="","\I:",RoadTra_BY!M$1) -> Africa_other | F28: =IF(RoadTra_BY!N$1="","\I:",RoadTra_BY!N$1) -> Arg-Chi | G28: =IF(RoadTra_BY!O$1="","\I:",RoadTra_BY!O$1) -> Asia_central | H28: =IF(RoadTra_BY!P$1="","\I:",RoadTra_BY!P$1) -> Asia_east | I28: =IF(RoadTra_BY!Q$1="","\I:",RoadTra_BY!Q$1) -> Asia_other | J28: =IF(RoadTra_BY!R$1="","\I:",RoadTra_BY!R$1) -> Australia_NZ | K28: =IF(RoadTra_BY!S$1="","\I:",RoadTra_BY!S$1) -> Brazil | ... AG28: =IF(RoadTra_BY!AO$1="","\I:",RoadTra_BY!AO$1) -> year2 | AH28: process
C29: EFF | D29: ="*"&ROUND(SUMIFS(RoadTra_BY!L$2:L$79,RoadTra_BY!$B$2:$B$79,'Road transport'!$C29,RoadTra_BY!$C$2:$C$79,'Road transport'!$AK29),3) -> *0.99 | E29: ="*"&ROUND(SUMIFS(RoadTra_BY!M$2:M$79,RoadTra_BY!$B$2:$B$79,'Road transport'!$C29,RoadTra_BY!$C$2:$C$79,'Road transport'!$AK29),3) -> *0.99 | F29: ="*"&ROUND(SUMIFS(RoadTra_BY!N$2:N$79,RoadTra_BY!$B$2:$B$79,'Road transport'!$C29,RoadTra_BY!$C$2:$C$79,'Road transport'!$AK29),3) -> *0.99 | G29: ="*"&ROUND(SUMIFS(RoadTra_BY!O$2:O$79,RoadTra_BY!$B$2:$B$79,'Road transport'!$C29,RoadTra_BY!$C$2:$C$79,'Road transport'!$AK29),3) -> *0.99 | H29: ="*"&ROUND(SUMIFS(RoadTra_BY!P$2:P$79,RoadTra_BY!$B$2:$B$79,'Road transport'!$C29,RoadTra_BY!$C$2:$C$79,'Road transport'!$AK29),3) -> *0.99 | I29: ="*"&ROUND(SUMIFS(RoadTra_BY!Q$2:Q$79,RoadTra_BY!$B$2:$B$79,'Road transport'!$C29,RoadTra_BY!$C$2:$C$79,'Road transport'!$AK29),3) -> *0.99 | J29: ="*"&ROUND(SUMIFS(RoadTra_BY!R$2:R$79,RoadTra_BY!$B$2:$B$79,'Road transport'!$C29,RoadTra_BY!$C$2:$C$79,'Road transport'!$AK29),3) -> *0.99 | K29: ="*"&ROUND(SUMIFS(RoadTra_BY!S$2:S$79,RoadTra_BY!$B$2:$B$79,'Road transport'!$C29,RoadTra_BY!$C$2:$C$79,'Road transport'!$AK29),3) -> *0.99 | ... AF29: ="*"&ROUND(SUMIFS(RoadTra_BY!AN$2:AN$79,RoadTra_BY!$B$2:$B$79,'Road transport'!$C29,RoadTra_BY!$C$2:$C$79,'Road transport'!$AK29),3) -> *0.99 | AH29: =SUBSTITUTE(SUBSTITUTE(AK29,"gsl",""),"dsl","")&"*" -> Trd_2w_* | AJ29: =IFERROR(IF(FIND("gsl",AK29)>0,1,0),2) -> 1 | AK29: Trd_2w_gsl
C30: EFF | D30: ="*"&ROUND(SUMIFS(RoadTra_BY!L$2:L$79,RoadTra_BY!$B$2:$B$79,'Road transport'!$C30,RoadTra_BY!$C$2:$C$79,'Road transport'!$AK30),3) -> *0.587 | E30: ="*"&ROUND(SUMIFS(RoadTra_BY!M$2:M$79,RoadTra_BY!$B$2:$B$79,'Road transport'!$C30,RoadTra_BY!$C$2:$C$79,'Road transport'!$AK30),3) -> *0.587 | F30: ="*"&ROUND(SUMIFS(RoadTra_BY!N$2:N$79,RoadTra_BY!$B$2:$B$79,'Road transport'!$C30,RoadTra_BY!$C$2:$C$79,'Road transport'!$AK30),3) -> *0.587 | G30: ="*"&ROUND(SUMIFS(RoadTra_BY!O$2:O$79,RoadTra_BY!$B$2:$B$79,'Road transport'!$C30,RoadTra_BY!$C$2:$C$79,'Road transport'!$AK30),3) -> *0.587 | H30: ="*"&ROUND(SUMIFS(RoadTra_BY!P$2:P$79,RoadTra_BY!$B$2:$B$79,'Road transport'!$C30,RoadTra_BY!$C$2:$C$79,'Road transport'!$AK30),3) -> *0.587 | I30: ="*"&ROUND(SUMIFS(RoadTra_BY!Q$2:Q$79,RoadTra_BY!$B$2:$B$79,'Road transport'!$C30,RoadTra_BY!$C$2:$C$79,'Road transport'!$AK30),3) -> *0.587 | J30: ="*"&ROUND(SUMIFS(RoadTra_BY!R$2:R$79,RoadTra_BY!$B$2:$B$79,'Road transport'!$C30,RoadTra_BY!$C$2:$C$79,'Road transport'!$AK30),3) -> *0.587 | K30: ="*"&ROUND(SUMIFS(RoadTra_BY!S$2:S$79,RoadTra_BY!$B$2:$B$79,'Road transport'!$C30,RoadTra_BY!$C$2:$C$79,'Road transport'!$AK30),3) -> *0.587 | ... AF30: ="*"&ROUND(SUMIFS(RoadTra_BY!AN$2:AN$79,RoadTra_BY!$B$2:$B$79,'Road transport'!$C30,RoadTra_BY!$C$2:$C$79,'Road transport'!$AK30),3) -> *0.587 | AH30: =SUBSTITUTE(SUBSTITUTE(AK30,"gsl",""),"dsl","")&"*" -> Trd_3w_* | AJ30: =IFERROR(IF(FIND("gsl",AK30)>0,1,0),2) -> 1 | AK30: Trd_3w_gsl
C31: EFF | D31: ="*"&ROUND(SUMIFS(RoadTra_BY!L$2:L$79,RoadTra_BY!$B$2:$B$79,'Road transport'!$C31,RoadTra_BY!$C$2:$C$79,'Road transport'!$AK31),3) -> *0.072 | E31: ="*"&ROUND(SUMIFS(RoadTra_BY!M$2:M$79,RoadTra_BY!$B$2:$B$79,'Road transport'!$C31,RoadTra_BY!$C$2:$C$79,'Road transport'!$AK31),3) -> *0.072 | F31: ="*"&ROUND(SUMIFS(RoadTra_BY!N$2:N$79,RoadTra_BY!$B$2:$B$79,'Road transport'!$C31,RoadTra_BY!$C$2:$C$79,'Road transport'!$AK31),3) -> *0.072 | G31: ="*"&ROUND(SUMIFS(RoadTra_BY!O$2:O$79,RoadTra_BY!$B$2:$B$79,'Road transport'!$C31,RoadTra_BY!$C$2:$C$79,'Road transport'!$AK31),3) -> *0.072 | H31: ="*"&ROUND(SUMIFS(RoadTra_BY!P$2:P$79,RoadTra_BY!$B$2:$B$79,'Road transport'!$C31,RoadTra_BY!$C$2:$C$79,'Road transport'!$AK31),3) -> *0.072 | I31: ="*"&ROUND(SUMIFS(RoadTra_BY!Q$2:Q$79,RoadTra_BY!$B$2:$B$79,'Road transport'!$C31,RoadTra_BY!$C$2:$C$79,'Road transport'!$AK31),3) -> *0.072 | J31: ="*"&ROUND(SUMIFS(RoadTra_BY!R$2:R$79,RoadTra_BY!$B$2:$B$79,'Road transport'!$C31,RoadTra_BY!$C$2:$C$79,'Road transport'!$AK31),3) -> *0.072 | K31: ="*"&ROUND(SUMIFS(RoadTra_BY!S$2:S$79,RoadTra_BY!$B$2:$B$79,'Road transport'!$C31,RoadTra_BY!$C$2:$C$79,'Road transport'!$AK31),3) -> *0.072 | ... AF31: ="*"&ROUND(SUMIFS(RoadTra_BY!AN$2:AN$79,RoadTra_BY!$B$2:$B$79,'Road transport'!$C31,RoadTra_BY!$C$2:$C$79,'Road transport'!$AK31),3) -> *0.072 | AH31: =SUBSTITUTE(SUBSTITUTE(AK31,"gsl",""),"dsl","")&"*" -> Trd_bus_* | AJ31: =IFERROR(IF(FIND("gsl",AK31)>0,1,0),2) -> 2 | AK31: Trd_bus_dsl
C32: EFF | D32: ="*"&ROUND(SUMIFS(RoadTra_BY!L$2:L$79,RoadTra_BY!$B$2:$B$79,'Road transport'!$C32,RoadTra_BY!$C$2:$C$79,'Road transport'!$AK32),3) -> *0.466 | E32: ="*"&ROUND(SUMIFS(RoadTra_BY!M$2:M$79,RoadTra_BY!$B$2:$B$79,'Road transport'!$C32,RoadTra_BY!$C$2:$C$79,'Road transport'!$AK32),3) -> *0.466 | F32: ="*"&ROUND(SUMIFS(RoadTra_BY!N$2:N$79,RoadTra_BY!$B$2:$B$79,'Road transport'!$C32,RoadTra_BY!$C$2:$C$79,'Road transport'!$AK32),3) -> *0.466 | G32: ="*"&ROUND(SUMIFS(RoadTra_BY!O$2:O$79,RoadTra_BY!$B$2:$B$79,'Road transport'!$C32,RoadTra_BY!$C$2:$C$79,'Road transport'!$AK32),3) -> *0.466 | H32: ="*"&ROUND(SUMIFS(RoadTra_BY!P$2:P$79,RoadTra_BY!$B$2:$B$79,'Road transport'!$C32,RoadTra_BY!$C$2:$C$79,'Road transport'!$AK32),3) -> *0.466 | I32: ="*"&ROUND(SUMIFS(RoadTra_BY!Q$2:Q$79,RoadTra_BY!$B$2:$B$79,'Road transport'!$C32,RoadTra_BY!$C$2:$C$79,'Road transport'!$AK32),3) -> *0.466 | J32: ="*"&ROUND(SUMIFS(RoadTra_BY!R$2:R$79,RoadTra_BY!$B$2:$B$79,'Road transport'!$C32,RoadTra_BY!$C$2:$C$79,'Road transport'!$AK32),3) -> *0.466 | K32: ="*"&ROUND(SUMIFS(RoadTra_BY!S$2:S$79,RoadTra_BY!$B$2:$B$79,'Road transport'!$C32,RoadTra_BY!$C$2:$C$79,'Road transport'!$AK32),3) -> *0.466 | ... AF32: ="*"&ROUND(SUMIFS(RoadTra_BY!AN$2:AN$79,RoadTra_BY!$B$2:$B$79,'Road transport'!$C32,RoadTra_BY!$C$2:$C$79,'Road transport'!$AK32),3) -> *0.373 | AH32: =SUBSTITUTE(SUBSTITUTE(AK32,"gsl",""),"dsl","")&"*" -> Trd_car_* | AJ32: =IFERROR(IF(FIND("gsl",AK32)>0,1,0),2) -> 1 | AK32: Trd_car_gsl
C33: EFF | D33: ="*"&ROUND(SUMIFS(RoadTra_BY!L$2:L$79,RoadTra_BY!$B$2:$B$79,'Road transport'!$C33,RoadTra_BY!$C$2:$C$79,'Road transport'!$AK33),3) -> *0.139 | E33: ="*"&ROUND(SUMIFS(RoadTra_BY!M$2:M$79,RoadTra_BY!$B$2:$B$79,'Road transport'!$C33,RoadTra_BY!$C$2:$C$79,'Road transport'!$AK33),3) -> *0.139 | F33: ="*"&ROUND(SUMIFS(RoadTra_BY!N$2:N$79,RoadTra_BY!$B$2:$B$79,'Road transport'!$C33,RoadTra_BY!$C$2:$C$79,'Road transport'!$AK33),3) -> *0.139 | G33: ="*"&ROUND(SUMIFS(RoadTra_BY!O$2:O$79,RoadTra_BY!$B$2:$B$79,'Road transport'!$C33,RoadTra_BY!$C$2:$C$79,'Road transport'!$AK33),3) -> *0.139 | H33: ="*"&ROUND(SUMIFS(RoadTra_BY!P$2:P$79,RoadTra_BY!$B$2:$B$79,'Road transport'!$C33,RoadTra_BY!$C$2:$C$79,'Road transport'!$AK33),3) -> *0.139 | I33: ="*"&ROUND(SUMIFS(RoadTra_BY!Q$2:Q$79,RoadTra_BY!$B$2:$B$79,'Road transport'!$C33,RoadTra_BY!$C$2:$C$79,'Road transport'!$AK33),3) -> *0.139 | J33: ="*"&ROUND(SUMIFS(RoadTra_BY!R$2:R$79,RoadTra_BY!$B$2:$B$79,'Road transport'!$C33,RoadTra_BY!$C$2:$C$79,'Road transport'!$AK33),3) -> *0.139 | K33: ="*"&ROUND(SUMIFS(RoadTra_BY!S$2:S$79,RoadTra_BY!$B$2:$B$79,'Road transport'!$C33,RoadTra_BY!$C$2:$C$79,'Road transport'!$AK33),3) -> *0.139 | ... AF33: ="*"&ROUND(SUMIFS(RoadTra_BY!AN$2:AN$79,RoadTra_BY!$B$2:$B$79,'Road transport'!$C33,RoadTra_BY!$C$2:$C$79,'Road transport'!$AK33),3) -> *0.139 | AH33: =SUBSTITUTE(SUBSTITUTE(AK33,"gsl",""),"dsl","")&"*" -> Trd_hdt_* | AJ33: =IFERROR(IF(FIND("gsl",AK33)>0,1,0),2) -> 2 | AK33: Trd_hdt_dsl
C34: EFF | D34: ="*"&ROUND(SUMIFS(RoadTra_BY!L$2:L$79,RoadTra_BY!$B$2:$B$79,'Road transport'!$C34,RoadTra_BY!$C$2:$C$79,'Road transport'!$AK34),3) -> *0.38 | E34: ="*"&ROUND(SUMIFS(RoadTra_BY!M$2:M$79,RoadTra_BY!$B$2:$B$79,'Road transport'!$C34,RoadTra_BY!$C$2:$C$79,'Road transport'!$AK34),3) -> *0.38 | F34: ="*"&ROUND(SUMIFS(RoadTra_BY!N$2:N$79,RoadTra_BY!$B$2:$B$79,'Road transport'!$C34,RoadTra_BY!$C$2:$C$79,'Road transport'!$AK34),3) -> *0.38 | G34: ="*"&ROUND(SUMIFS(RoadTra_BY!O$2:O$79,RoadTra_BY!$B$2:$B$79,'Road transport'!$C34,RoadTra_BY!$C$2:$C$79,'Road transport'!$AK34),3) -> *0.38 | H34: ="*"&ROUND(SUMIFS(RoadTra_BY!P$2:P$79,RoadTra_BY!$B$2:$B$79,'Road transport'!$C34,RoadTra_BY!$C$2:$C$79,'Road transport'!$AK34),3) -> *0.38 | I34: ="*"&ROUND(SUMIFS(RoadTra_BY!Q$2:Q$79,RoadTra_BY!$B$2:$B$79,'Road transport'!$C34,RoadTra_BY!$C$2:$C$79,'Road transport'!$AK34),3) -> *0.38 | J34: ="*"&ROUND(SUMIFS(RoadTra_BY!R$2:R$79,RoadTra_BY!$B$2:$B$79,'Road transport'!$C34,RoadTra_BY!$C$2:$C$79,'Road transport'!$AK34),3) -> *0.38 | K34: ="*"&ROUND(SUMIFS(RoadTra_BY!S$2:S$79,RoadTra_BY!$B$2:$B$79,'Road transport'!$C34,RoadTra_BY!$C$2:$C$79,'Road transport'!$AK34),3) -> *0.38 | ... AF34: ="*"&ROUND(SUMIFS(RoadTra_BY!AN$2:AN$79,RoadTra_BY!$B$2:$B$79,'Road transport'!$C34,RoadTra_BY!$C$2:$C$79,'Road transport'!$AK34),3) -> *0.38 | AH34: =SUBSTITUTE(SUBSTITUTE(AK34,"gsl",""),"dsl","")&"*" -> Trd_lcv_* | AJ34: =IFERROR(IF(FIND("gsl",AK34)>0,1,0),2) -> 2 | AK34: Trd_lcv_dsl

Sheet RoadTra_BY
A1: scenario | B1: attribute | C1: process | D1: commodity | E1: lim_type | F1: time_slice | G1: year | H1: commodity_group | I1: currency | J1: stage | K1: sow | L1: Africa_north | M1: Africa_other | N1: Arg-Chi | O1: Asia_central | P1: Asia_east | Q1: Asia_other | R1: Australia_NZ | S1: Brazil | T1: Canada | U1: China | V1: EU_north | W1: EU_northeast | X1: EU_northwest | Y1: EU_south | Z1: EU_southeast | AA1: EU_southwest | AB1: Europe_other | AC1: France | AD1: Germany | AE1: India | AF1: LatAm_other | AG1: Mexico | AH1: MidEast_other | AI1: Nor-Ice | AJ1: Russia | AK1: SaudiArabia | AL1: SouthAfrica | AM1: UK | AN1: USA | AO1: year2
A2: BASE | B2: AF | C2: Trd_2w_eth | D2: - | E2: UP | F2: ANNUAL | G2: 2019 | H2: - | I2: - | J2: - | K2: - | L2: 7 | M2: 7 | N2: 7 | O2: 7 | P2: 7 | Q2: 7 | R2: 7 | S2: 7 | T2: 7 | U2: 7 | V2: 7 | W2: 7 | X2: 7 | Y2: 7 | Z2: 7 | AA2: 7 | AB2: 7 | AC2: 7 | AD2: 7 | AE2: 7 | AF2: 7 | AG2: 7 | AH2: 7 | AI2: 7 | AJ2: 7 | AK2: 7 | AL2: 7 | AM2: 7 | AN2: 7 | AO2: -
A3: BASE | B3: AF | C3: Trd_2w_gsl | D3: - | E3: UP | F3: ANNUAL | G3: 2019 | H3: - | I3: - | J3: - | K3: - | L3: 7 | M3: 7 | N3: 7 | O3: 7 | P3: 7 | Q3: 7 | R3: 7 | S3: 7 | T3: 7 | U3: 7 | V3: 7 | W3: 7 | X3: 7 | Y3: 7 | Z3: 7 | AA3: 7 | AB3: 7 | AC3: 7 | AD3: 7 | AE3: 7 | AF3: 7 | AG3: 7 | AH3: 7 | AI3: 7 | AJ3: 7 | AK3: 7 | AL3: 7 | AM3: 7 | AN3: 7 | AO3: -
A4: BASE | B4: AF | C4: Trd_3w_bdl | D4: - | E4: UP | F4: ANNUAL | G4: 2019 | H4: - | I4: - | J4: - | K4: - | L4: 15 | M4: 15 | N4: 15 | O4: 15 | P4: 15 | Q4: 15 | R4: 15 | S4: 15 | T4: 15 | U4: 15 | V4: 15 | W4: 15 | X4: 15 | Y4: 15 | Z4: 15 | AA4: 15 | AB4: 15 | AC4: 15 | AD4: 15 | AE4: 15 | AF4: 15 | AG4: 15 | AH4: 15 | AI4: 15 | AJ4: 15 | AK4: 15 | AL4: 15 | AM4: 15 | AN4: 15 | AO4: -
A5: BASE | B5: AF | C5: Trd_3w_dsl | D5: - | E5: UP | F5: ANNUAL | G5: 2019 | H5: - | I5: - | J5: - | K5: - | L5: 15 | M5: 15 | N5: 15 | O5: 15 | P5: 15 | Q5: 15 | R5: 15 | S5: 15 | T5: 15 | U5: 15 | V5: 15 | W5: 15 | X5: 15 | Y5: 15 | Z5: 15 | AA5: 15 | AB5: 15 | AC5: 15 | AD5: 15 | AE5: 15 | AF5: 15 | AG5: 15 | AH5: 15 | AI5: 15 | AJ5: 15 | AK5: 15 | AL5: 15 | AM5: 15 | AN5: 15 | AO5: -
A6: BASE | B6: AF | C6: Trd_3w_eth | D6: - | E6: UP | F6: ANNUAL | G6: 2019 | H6: - | I6: - | J6: - | K6: - | L6: 15 | M6: 15 | N6: 15 | O6: 15 | P6: 15 | Q6: 15 | R6: 15 | S6: 15 | T6: 15 | U6: 15 | V6: 15 | W6: 15 | X6: 15 | Y6: 15 | Z6: 15 | AA6: 15 | AB6: 15 | AC6: 15 | AD6: 15 | AE6: 15 | AF6: 15 | AG6: 15 | AH6: 15 | AI6: 15 | AJ6: 15 | AK6: 15 | AL6: 15 | AM6: 15 | AN6: 15 | AO6: -
A7: BASE | B7: AF | C7: Trd_3w_gsl | D7: - | E7: UP | F7: ANNUAL | G7: 2019 | H7: - | I7: - | J7: - | K7: - | L7: 15 | M7: 15 | N7: 15 | O7: 15 | P7: 15 | Q7: 15 | R7: 15 | S7: 15 | T7: 15 | U7: 15 | V7: 15 | W7: 15 | X7: 15 | Y7: 15 | Z7: 15 | AA7: 15 | AB7: 15 | AC7: 15 | AD7: 15 | AE7: 15 | AF7: 15 | AG7: 15 | AH7: 15 | AI7: 15 | AJ7: 15 | AK7: 15 | AL7: 15 | AM7: 15 | AN7: 15 | AO7: -
A8: BASE | B8: AF | C8: Trd_bus_bdl | D8: - | E8: UP | F8: ANNUAL | G8: 2019 | H8: - | I8: - | J8: - | K8: - | L8: 35 | M8: 35 | N8: 35 | O8: 35 | P8: 35 | Q8: 35 | R8: 35 | S8: 35 | T8: 35 | U8: 35 | V8: 35 | W8: 35 | X8: 35 | Y8: 35 | Z8: 35 | AA8: 35 | AB8: 35 | AC8: 35 | AD8: 35 | AE8: 35 | AF8: 35 | AG8: 35 | AH8: 35 | AI8: 35 | AJ8: 35 | AK8: 35 | AL8: 35 | AM8: 35 | AN8: 35 | AO8: -
A9: BASE | B9: AF | C9: Trd_bus_dsl | D9: - | E9: UP | F9: ANNUAL | G9: 2019 | H9: - | I9: - | J9: - | K9: - | L9: 35 | M9: 35 | N9: 35 | O9: 35 | P9: 35 | Q9: 35 | R9: 35 | S9: 35 | T9: 35 | U9: 35 | V9: 35 | W9: 35 | X9: 35 | Y9: 35 | Z9: 35 | AA9: 35 | AB9: 35 | AC9: 35 | AD9: 35 | AE9: 35 | AF9: 35 | AG9: 35 | AH9: 35 | AI9: 35 | AJ9: 35 | AK9: 35 | AL9: 35 | AM9: 35 | AN9: 35 | AO9: -
A10: BASE | B10: AF | C10: Trd_bus_elc | D10: - | E10: UP | F10: ANNUAL | G10: 2019 | H10: - | I10: - | J10: - | K10: - | L10: 35 | M10: 35 | N10: 35 | O10: 35 | P10: 35 | Q10: 35 | R10: 35 | S10: 35 | T10: 35 | U10: 35 | V10: 35 | W10: 35 | X10: 35 | Y10: 35 | Z10: 35 | AA10: 35 | AB10: 35 | AC10: 35 | AD10: 35 | AE10: 35 | AF10: 35 | AG10: 35 | AH10: 35 | AI10: 35 | AJ10: 35 | AK10: 35 | AL10: 35 | AM10: 35 | AN10: 35 | AO10: -
A11: BASE | B11: AF | C11: Trd_bus_eth | D11: - | E11: UP | F11: ANNUAL | G11: 2019 | H11: - | I11: - | J11: - | K11: - | L11: 35 | M11: 35 | N11: 35 | O11: 35 | P11: 35 | Q11: 35 | R11: 35 | S11: 35 | T11: 35 | U11: 35 | V11: 35 | W11: 35 | X11: 35 | Y11: 35 | Z11: 35 | AA11: 35 | AB11: 35 | AC11: 35 | AD11: 35 | AE11: 35 | AF11: 35 | AG11: 35 | AH11: 35 | AI11: 35 | AJ11: 35 | AK11: 35 | AL11: 35 | AM11: 35 | AN11: 35 | AO11: -
A12: BASE | B12: AF | C12: Trd_bus_gsl | D12: - | E12: UP | F12: ANNUAL | G12: 2019 | H12: - | I12: - | J12: - | K12: - | L12: 35 | M12: 35 | N12: 35 | O12: 35 | P12: 35 | Q12: 35 | R12: 35 | S12: 35 | T12: 35 | U12: 35 | V12: 35 | W12: 35 | X12: 35 | Y12: 35 | Z12: 35 | AA12: 35 | AB12: 35 | AC12: 35 | AD12: 35 | AE12: 35 | AF12: 35 | AG12: 35 | AH12: 35 | AI12: 35 | AJ12: 35 | AK12: 35 | AL12: 35 | AM12: 35 | AN12: 35 | AO12: -
A13: BASE | B13: AF | C13: Trd_bus_lpg | D13: - | E13: UP | F13: ANNUAL | G13: 2019 | H13: - | I13: - | J13: - | K13: - | L13: 35 | M13: 35 | N13: 35 | O13: 35 | P13: 35 | Q13: 35 | R13: 35 | S13: 35 | T13: 35 | U13: 35 | V13: 35 | W13: 35 | X13: 35 | Y13: 35 | Z13: 35 | AA13: 35 | AB13: 35 | AC13: 35 | AD13: 35 | AE13: 35 | AF13: 35 | AG13: 35 | AH13: 35 | AI13: 35 | AJ13: 35 | AK13: 35 | AL13: 35 | AM13: 35 | AN13: 35 | AO13: -
... A63: BASE | B63: EFF | C63: Trd_lcv_nga | D63: - | E63: - | F63: ANNUAL | G63: 2019 | H63: - | I63: - | J63: - | K63: - | L63: 0.32948443 | M63: 0.32948443 | N63: 0.32948443 | O63: 0.32948443 | P63: 0.32948443 | Q63: 0.32948443 | R63: 0.32948443 | S63: 0.32948443 | T63: 0.32948443 | U63: 0.32948443 | V63: 0.32948443 | W63: 0.32948443 | X63: 0.32948443 | Y63: 0.32948443 | Z63: 0.32948443 | AA63: 0.32948443 | AB63: 0.32948443 | AC63: 0.32948443 | AD63: 0.32948443 | AE63: 0.32948443 | AF63: 0.32948443 | AG63: 0.32948443 | AH63: 0.32948443 | AI63: 0.32948443 | AJ63: 0.32948443 | AK63: 0.32948443 | AL63: 0.32948443 | AM63: 0.32948443 | AN63: 0.32948443 | AO63: -
