Workbook
Name IQ_CH: 110000
Name IQ_CQ: 5000
Name IQ_CY: 10000
Name IQ_DAILY: 500000
Name IQ_FH: 100000
Name IQ_FQ: 500
Name IQ_FY: 1000
Name IQ_LTM: 2000
Name IQ_MONTH: 15000
Name IQ_NTM: 6000
Name IQ_WEEK: 50000
Name IQ_YTD: 3000

Sheet RE costs
C3: ~TFM_INS: curr=USD22 | R3: ~TFM_MIG: attribute=NCAP_COST
C4: pset_ci | D4: pset_co | E4: attribute | F4: year | G4: ieapg_africa | H4: ieapg_brazil | I4: ieapg_china | J4: ieapg_india | K4: ieapg_japan | L4: ieapg_russia | M4: ieapg_european_union | N4: ieapg_united_states | O4: ieapg_middle_east | R4: currency | S4: year2 | T4: pset_ci | U4: value
C5: elcspv | E5: invcost | F5: 2022 | G5: 1420 | H5: 750 | I5: 720 | J5: 640 | K5: 1910 | L5: 1710 | M5: 990 | N5: 1120 | O5: 620 | R5: USD21_alt | S5: 2022,2030,2050 | T5: elcspv,elcwin,elchyd | U5: *1
C6: elcspv | E6: fixom | F6: 2022 | G6: 22 | H6: 12 | I6: 12 | J6: 10 | K6: 28 | L6: 26 | M6: 14 | N6: 16 | O6: 10
D7: elc_won_* | E7: invcost | F7: 2022 | G7: 1950 | H7: 1050 | I7: 1100 | J7: 1120 | K7: 3520 | L7: 1640 | M7: 1750 | N7: 1220 | O7: 1950
D8: elc_won_* | E8: fixom | F8: 2022 | G8: 48 | H8: 26 | I8: 28 | J8: 28 | K8: 88 | L8: 40 | M8: 46 | N8: 30 | O8: 48
D9: elc_wof_* | E9: invcost | F9: 2022 | G9: 4260 | H9: 4440 | I9: 2820 | J9: 3060 | K9: 6640 | L9: 4600 | M9: 3420 | N9: 4060 | O9: 4400
D10: elc_wof_* | E10: fixom | F10: 2022 | G10: 105 | H10: 110 | I10: 70 | J10: 75 | K10: 165 | L10: 115 | M10: 70 | N10: 120 | O10: 110
C11: elchyd | E11: invcost | F11: 2022 | G11: 3300 | H11: 3350 | I11: 2000 | J11: 3050 | K11: 3550 | L11: 3500 | M11: 3900 | N11: 4050 | O11: 3400
C12: elchyd | E12: fixom | F12: 2022 | G12: 65 | H12: 65 | I12: 40 | J12: 60 | K12: 70 | L12: 70 | M12: 80 | N12: 80 | O12: 70
C13: elcspv | E13: invcost | F13: 2030 | G13: 850 | H13: 460 | I13: 430 | J13: 390 | K13: 1250 | L13: 1090 | M13: 620 | N13: 690 | O13: 360
C14: elcspv | E14: fixom | F14: 2030 | G14: 20 | H14: 10 | I14: 10 | J14: 8 | K14: 26 | L14: 24 | M14: 14 | N14: 16 | O14: 8
D15: elc_won_* | E15: invcost | F15: 2030 | G15: 1830 | H15: 1000 | I15: 1040 | J15: 1060 | K15: 3320 | L15: 1550 | M15: 1670 | N15: 1160 | O15: 1830
D16: elc_won_* | E16: fixom | F16: 2030 | G16: 46 | H16: 26 | I16: 26 | J16: 26 | K16: 84 | L16: 40 | M16: 42 | N16: 30 | O16: 46
D17: elc_wof_* | E17: invcost | F17: 2030 | G17: 2880 | H17: 3000 | I17: 1880 | J17: 2060 | K17: 4180 | L17: 3120 | M17: 2280 | N17: 2520 | O17: 3000
D18: elc_wof_* | E18: fixom | F18: 2030 | G18: 80 | H18: 80 | I18: 50 | J18: 55 | K18: 115 | L18: 85 | M18: 50 | N18: 90 | O18: 80
C19: elchyd | E19: invcost | F19: 2030 | G19: 3300 | H19: 3350 | I19: 2000 | J19: 3050 | K19: 3550 | L19: 3500 | M19: 3900 | N19: 4050 | O19: 3400
C20: elchyd | E20: fixom | F20: 2030 | G20: 65 | H20: 65 | I20: 40 | J20: 60 | K20: 70 | L20: 70 | M20: 80 | N20: 80 | O20: 70
C21: elcspv | E21: invcost | F21: 2050 | G21: 580 | H21: 330 | I21: 300 | J21: 270 | K21: 940 | L21: 770 | M21: 450 | N21: 480 | O21: 250
C22: elcspv | E22: fixom | F22: 2050 | G22: 18 | H22: 10 | I22: 10 | J22: 8 | K22: 24 | L22: 22 | M22: 12 | N22: 16 | O22: 8
D23: elc_won_* | E23: invcost | F23: 2050 | G23: 1740 | H23: 950 | I23: 1000 | J23: 1010 | K23: 3170 | L23: 1470 | M23: 1610 | N23: 1110 | O23: 1710
D24: elc_won_* | E24: fixom | F24: 2050 | G24: 44 | H24: 24 | I24: 26 | J24: 26 | K24: 82 | L24: 38 | M24: 42 | N24: 30 | O24: 44
D25: elc_wof_* | E25: invcost | F25: 2050 | G25: 2080 | H25: 2160 | I25: 1420 | J25: 1500 | K25: 3160 | L25: 2280 | M25: 1740 | N25: 1900 | O25: 2180
D26: elc_wof_* | E26: fixom | F26: 2050 | G26: 65 | H26: 65 | I26: 45 | J26: 45 | K26: 95 | L26: 70 | M26: 45 | N26: 70 | O26: 65
C27: elchyd | E27: invcost | F27: 2050 | G27: 3250 | H27: 3350 | I27: 2000 | J27: 3050 | K27: 3550 | L27: 3500 | M27: 3900 | N27: 4050 | O27: 3400
C28: elchyd | E28: fixom | F28: 2050 | G28: 65 | H28: 65 | I28: 40 | J28: 60 | K28: 70 | L28: 70 | M28: 80 | N28: 80 | O28: 70

Sheet Elec_materials
A1: Technology_Agg | B1: Technology | C1: Material | D1: Unit | E1: 1990 | F1: 2010 | G1: 2012 | H1: 2021
A2: Grid | B2: grid - high voltage lines (above ground) | C2: aluminium | D2: kt/000km | H2: 26.6667 | J2: 1 | K2: aluminium
A3: Grid | B3: grid - high voltage lines (above ground) | C3: asphalt | D3: kt/000km | G3: 37.85 | J3: 2 | K3: cement
A4: Grid | B4: grid - high voltage lines (above ground) | C4: concrete | D4: kt/000km | H4: 135.333 | J4: 3 | K4: concrete
A5: Grid | B5: grid - high voltage lines (above ground) | C5: copper | D5: kt/000km | G5: 11.65 | H5: 8e-05 | J5: 4 | K5: copper
A6: Grid | B6: grid - high voltage lines (above ground) | C6: lead | D6: kt/000km | G6: 14.05 | J6: 5 | K6: fiberglass
A7: Grid | B7: grid - high voltage lines (above ground) | C7: plastics | D7: kt/000km | G7: 2.3 | J7: 6 | K7: glass
A8: Grid | B8: grid - high voltage lines (above ground) | C8: steel | D8: kt/000km | H8: 30.75 | J8: 7 | K8: manganese
A9: Grid | B9: grid - high voltage lines (below ground) | C9: aluminium | D9: kt/000km | G9: 12.883 | H9: 8.63333 | J9: 8 | K9: nickel
A10: Grid | B10: grid - high voltage lines (below ground) | C10: concrete | D10: kt/000km | G10: 209.137 | J10: 9 | K10: silicon
A11: Grid | B11: grid - high voltage lines (below ground) | C11: copper | D11: kt/000km | H11: 18.4667 | J11: 10 | K11: silver
A12: Grid | B12: grid - high voltage lines (below ground) | C12: glass | D12: kt/000km | G12: 1.0965 | J12: 11 | K12: steel
A13: Grid | B13: grid - high voltage lines (below ground) | C13: steel | D13: kt/000km | G13: 52.266
A14: Grid | B14: grid - high voltage lines (below ground) | C14: zinc | D14: kt/000km | G14: 0.9
A15: Grid | B15: grid - low voltage lines (above ground) | C15: copper | D15: kt/000km | H15: 4
A16: Grid | B16: grid - medium voltage lines (above ground) | C16: aluminium | D16: kt/000km | H16: 3 | K16: bioenergy
A17: Grid | B17: grid - medium voltage lines (above ground) | C17: concrete | D17: kt/000km | H17: 26 | K17: biomass + CCS | L17: E_Bio-S
A18: Grid | B18: grid - medium voltage lines (above ground) | C18: copper | D18: kt/000km | F18: 1.48767 | H18: 8e-05 | K18: biomass | L18: E_Bio
A19: Grid | B19: grid - medium voltage lines (above ground) | C19: plastics | D19: kt/000km | F19: 0.01933 | K19: coal + CCS | L19: E_Coal-S
A20: Grid | B20: grid - medium voltage lines (above ground) | C20: steel | D20: kt/000km | F20: 0.80233 | H20: 11.025 | K20: coal | L20: E_Coal
A21: Grid | B21: grid - medium voltage lines (above ground) | C21: wood | D21: kt/000km | F21: 4.111 | K21: CSP | L21: E_CSP
A22: Grid | B22: grid - medium voltage lines (below ground) | C22: aluminium | D22: kt/000km | F22: 1.0845 | H22: 3.15 | K22: gas + CCS | L22: E_Gas-S
A23: Grid | B23: grid - medium voltage lines (below ground) | C23: copper | D23: kt/000km | F23: 0.9615 | H23: 5.95 | K23: gas | L23: E_Gas
A24: Grid | B24: grid - medium voltage lines (below ground) | C24: plastics | D24: kt/000km | F24: 1.4915 | K24: geothermal | L24: E_Geothermal
A25: Other | B25: bioenergy | C25: aluminium | D25: kt/GW | E25: 2.3 | K25: hydro (run-of-river)
A26: Other | B26: bioenergy | C26: concrete | D26: kt/GW | E26: 540 | K26: hydro | L26: E_Hydro
A27: Other | B27: bioenergy | C27: copper | D27: kt/GW | E27: 2.5 | K27: nuclear | L27: E_Nuclear
A28: Other | B28: bioenergy | C28: steel | D28: kt/GW | E28: 198 | K28: oil | L28: E_Oil
A29: Other | B29: biomass + CCS | C29: aluminium | D29: kt/GW | E29: 1.3 | K29: solar PV (rooftop)
A30: Other | B30: biomass + CCS | C30: cement | D30: kt/GW | E30: 32.005 | K30: solar PV (ground-mounted) | L30: E_SPV
A31: Other | B31: biomass + CCS | C31: copper | D31: kt/GW | E31: 0.596667 | K31: solar PV
A32: Other | B32: biomass + CCS | C32: steel | D32: kt/GW | E32: 79.56 | K32: storage - pumped hydro storage
A33: Other | B33: biomass | C33: aluminium | D33: kt/GW | E33: 1.3 | K33: wind offshore | L33: E_WOF
A34: Other | B34: biomass | C34: cement | D34: kt/GW | E34: 20.9185 | K34: wind onshore | L34: E_WON
A35: Other | B35: biomass | C35: copper | D35: kt/GW | E35: 0.49075 | P35: ~TFM_INS-AT
A36: Other | B36: biomass | C36: steel | D36: kt/GW | E36: 52 | P36: pset_set | Q36: commodity | R36: NCAP_ICOM
A37: Other | B37: coal + CCS | C37: aluminium | D37: kt/GW | E37: 0.39475 | J37: 1 | K37: E_Bio | M37: 1 | N37: =J37 -> 1 | P37: =VLOOKUP(N37,$J$37:$K$50,2,FALSE) -> E_Bio | Q37: ="m_"&VLOOKUP(M37,$J$2:$K$12,2,FALSE) -> m_aluminium | R37: =IF(SUMIFS($E$25:$E$114,$C$25:$C$114,MID(Q37,3,100),$B$25:$B$114,_xlfn.XLOOKUP(P37,$L$17:$L$34,$K$17:$K$34,,0)) = 0,"",SUMIFS($E$25:$E$114,$C$25:$C$114,MID(Q37,3,100),$B$25:$B$114,_xlfn.XLOOKUP(P37,$L$17:$L$34,$K$17:$K$34,,0))) -> 1.3
A38: Other | B38: coal + CCS | C38: cement | D38: kt/GW | E38: 20.6965 | J38: 2 | K38: E_Bio-S | M38: 1 | N38: =J38 -> 2 | P38: =VLOOKUP(N38,$J$37:$K$50,2,FALSE) -> E_Bio-S | Q38: ="m_"&VLOOKUP(M38,$J$2:$K$12,2,FALSE) -> m_aluminium | R38: =IF(SUMIFS($E$25:$E$114,$C$25:$C$114,MID(Q38,3,100),$B$25:$B$114,_xlfn.XLOOKUP(P38,$L$17:$L$34,$K$17:$K$34,,0)) = 0,"",SUMIFS($E$25:$E$114,$C$25:$C$114,MID(Q38,3,100),$B$25:$B$114,_xlfn.XLOOKUP(P38,$L$17:$L$34,$K$17:$K$34,,0))) -> 1.3
A39: Other | B39: coal + CCS | C39: copper | D39: kt/GW | E39: 0.58875 | J39: 3 | K39: E_Coal | M39: 1 | N39: =J39 -> 3 | P39: =VLOOKUP(N39,$J$37:$K$50,2,FALSE) -> E_Coal | Q39: ="m_"&VLOOKUP(M39,$J$2:$K$12,2,FALSE) -> m_aluminium | R39: =IF(SUMIFS($E$25:$E$114,$C$25:$C$114,MID(Q39,3,100),$B$25:$B$114,_xlfn.XLOOKUP(P39,$L$17:$L$34,$K$17:$K$34,,0)) = 0,"",SUMIFS($E$25:$E$114,$C$25:$C$114,MID(Q39,3,100),$B$25:$B$114,_xlfn.XLOOKUP(P39,$L$17:$L$34,$K$17:$K$34,,0))) -> 1.99475
A40: Other | B40: coal + CCS | C40: steel | D40: kt/GW | E40: 75.7648 | J40: 4 | K40: E_Coal-S | M40: 1 | N40: =J40 -> 4 | P40: =VLOOKUP(N40,$J$37:$K$50,2,FALSE) -> E_Coal-S | Q40: ="m_"&VLOOKUP(M40,$J$2:$K$12,2,FALSE) -> m_aluminium | R40: =IF(SUMIFS($E$25:$E$114,$C$25:$C$114,MID(Q40,3,100),$B$25:$B$114,_xlfn.XLOOKUP(P40,$L$17:$L$34,$K$17:$K$34,,0)) = 0,"",SUMIFS($E$25:$E$114,$C$25:$C$114,MID(Q40,3,100),$B$25:$B$114,_xlfn.XLOOKUP(P40,$L$17:$L$34,$K$17:$K$34,,0))) -> 0.39475
A41: Other | B41: coal | C41: aluminium | D41: kt/GW | E41: 1.99475 | J41: 5 | K41: E_CSP | M41: 1 | N41: =J41 -> 5 | P41: =VLOOKUP(N41,$J$37:$K$50,2,FALSE) -> E_CSP | Q41: ="m_"&VLOOKUP(M41,$J$2:$K$12,2,FALSE) -> m_aluminium | R41: =IF(SUMIFS($E$25:$E$114,$C$25:$C$114,MID(Q41,3,100),$B$25:$B$114,_xlfn.XLOOKUP(P41,$L$17:$L$34,$K$17:$K$34,,0)) = 0,"",SUMIFS($E$25:$E$114,$C$25:$C$114,MID(Q41,3,100),$B$25:$B$114,_xlfn.XLOOKUP(P41,$L$17:$L$34,$K$17:$K$34,,0))) -> 18.8
A42: Other | B42: coal | C42: cement | D42: kt/GW | E42: 14.525 | J42: 6 | K42: E_Gas | M42: 1 | N42: =J42 -> 6 | P42: =VLOOKUP(N42,$J$37:$K$50,2,FALSE) -> E_Gas | Q42: ="m_"&VLOOKUP(M42,$J$2:$K$12,2,FALSE) -> m_aluminium | R42: =IF(SUMIFS($E$25:$E$114,$C$25:$C$114,MID(Q42,3,100),$B$25:$B$114,_xlfn.XLOOKUP(P42,$L$17:$L$34,$K$17:$K$34,,0)) = 0,"",SUMIFS($E$25:$E$114,$C$25:$C$114,MID(Q42,3,100),$B$25:$B$114,_xlfn.XLOOKUP(P42,$L$17:$L$34,$K$17:$K$34,,0))) -> 1.117
A43: Other | B43: coal | C43: concrete | D43: kt/GW | E43: 275 | J43: 7 | K43: E_Gas-S | M43: 1 | N43: =J43 -> 7 | P43: =VLOOKUP(N43,$J$37:$K$50,2,FALSE) -> E_Gas-S | Q43: ="m_"&VLOOKUP(M43,$J$2:$K$12,2,FALSE) -> m_aluminium | R43: =IF(SUMIFS($E$25:$E$114,$C$25:$C$114,MID(Q43,3,100),$B$25:$B$114,_xlfn.XLOOKUP(P43,$L$17:$L$34,$K$17:$K$34,,0)) = 0,"",SUMIFS($E$25:$E$114,$C$25:$C$114,MID(Q43,3,100),$B$25:$B$114,_xlfn.XLOOKUP(P43,$L$17:$L$34,$K$17:$K$34,,0))) -> 0.217
A44: Other | B44: coal | C44: copper | D44: kt/GW | E44: 2.49075 | J44: 8 | K44: E_Geothermal | M44: 1 | N44: =J44 -> 8 | P44: =VLOOKUP(N44,$J$37:$K$50,2,FALSE) -> E_Geothermal | Q44: ="m_"&VLOOKUP(M44,$J$2:$K$12,2,FALSE) -> m_aluminium | R44: =IF(SUMIFS($E$25:$E$114,$C$25:$C$114,MID(Q44,3,100),$B$25:$B$114,_xlfn.XLOOKUP(P44,$L$17:$L$34,$K$17:$K$34,,0)) = 0,"",SUMIFS($E$25:$E$114,$C$25:$C$114,MID(Q44,3,100),$B$25:$B$114,_xlfn.XLOOKUP(P44,$L$17:$L$34,$K$17:$K$34,,0))) -> 21.4659
A45: Other | B45: coal | C45: steel | D45: kt/GW | E45: 117.655 | J45: 9 | K45: E_Hydro | M45: 1 | N45: =J45 -> 9 | P45: =VLOOKUP(N45,$J$37:$K$50,2,FALSE) -> E_Hydro | Q45: ="m_"&VLOOKUP(M45,$J$2:$K$12,2,FALSE) -> m_aluminium | R45: =IF(SUMIFS($E$25:$E$114,$C$25:$C$114,MID(Q45,3,100),$B$25:$B$114,_xlfn.XLOOKUP(P45,$L$17:$L$34,$K$17:$K$34,,0)) = 0,"",SUMIFS($E$25:$E$114,$C$25:$C$114,MID(Q45,3,100),$B$25:$B$114,_xlfn.XLOOKUP(P45,$L$17:$L$34,$K$17:$K$34,,0))) -> 0.052
A46: Other | B46: CSP | C46: aluminium | D46: kt/GW | E46: 18.8 | J46: 10 | K46: E_Nuclear | M46: 1 | N46: =J46 -> 10 | P46: =VLOOKUP(N46,$J$37:$K$50,2,FALSE) -> E_Nuclear | Q46: ="m_"&VLOOKUP(M46,$J$2:$K$12,2,FALSE) -> m_aluminium | R46: =IF(SUMIFS($E$25:$E$114,$C$25:$C$114,MID(Q46,3,100),$B$25:$B$114,_xlfn.XLOOKUP(P46,$L$17:$L$34,$K$17:$K$34,,0)) = 0,"",SUMIFS($E$25:$E$114,$C$25:$C$114,MID(Q46,3,100),$B$25:$B$114,_xlfn.XLOOKUP(P46,$L$17:$L$34,$K$17:$K$34,,0))) -> 0.6375
A47: Other | B47: CSP | C47: cement | D47: kt/GW | E47: 161 | J47: 11 | K47: E_Oil | M47: 1 | N47: =J47 -> 11 | P47: =VLOOKUP(N47,$J$37:$K$50,2,FALSE) -> E_Oil | Q47: ="m_"&VLOOKUP(M47,$J$2:$K$12,2,FALSE) -> m_aluminium | R47: =IF(SUMIFS($E$25:$E$114,$C$25:$C$114,MID(Q47,3,100),$B$25:$B$114,_xlfn.XLOOKUP(P47,$L$17:$L$34,$K$17:$K$34,,0)) = 0,"",SUMIFS($E$25:$E$114,$C$25:$C$114,MID(Q47,3,100),$B$25:$B$114,_xlfn.XLOOKUP(P47,$L$17:$L$34,$K$17:$K$34,,0))) -> 1
A48: Other | B48: CSP | C48: concrete | D48: kt/GW | E48: 465 | J48: 12 | K48: E_SPV | M48: 1 | N48: =J48 -> 12 | P48: =VLOOKUP(N48,$J$37:$K$50,2,FALSE) -> E_SPV | Q48: ="m_"&VLOOKUP(M48,$J$2:$K$12,2,FALSE) -> m_aluminium | R48: =IF(SUMIFS($E$25:$E$114,$C$25:$C$114,MID(Q48,3,100),$B$25:$B$114,_xlfn.XLOOKUP(P48,$L$17:$L$34,$K$17:$K$34,,0)) = 0,"",SUMIFS($E$25:$E$114,$C$25:$C$114,MID(Q48,3,100),$B$25:$B$114,_xlfn.XLOOKUP(P48,$L$17:$L$34,$K$17:$K$34,,0))) -> 31.5
... A50: Other | B50: CSP | C50: glass | D50: kt/GW | E50: 120 | J50: 14 | K50: E_WON | M50: 1 | N50: =J50 -> 14 | P50: =VLOOKUP(N50,$J$37:$K$50,2,FALSE) -> E_WON | Q50: ="m_"&VLOOKUP(M50,$J$2:$K$12,2,FALSE) -> m_aluminium | R50: =IF(SUMIFS($E$25:$E$114,$C$25:$C$114,MID(Q50,3,100),$B$25:$B$114,_xlfn.XLOOKUP(P50,$L$17:$L$34,$K$17:$K$34,,0)) = 0,"",SUMIFS($E$25:$E$114,$C$25:$C$114,MID(Q50,3,100),$B$25:$B$114,_xlfn.XLOOKUP(P50,$L$17:$L$34,$K$17:$K$34,,0))) -> 10.42667
A51: Other | B51: CSP | C51: manganese | D51: kt/GW | E51: 3.85 | M51: =M37+1 -> 2 | N51: =N37 -> 1 | P51: =VLOOKUP(N51,$J$37:$K$50,2,FALSE) -> E_Bio | Q51: ="m_"&VLOOKUP(M51,$J$2:$K$12,2,FALSE) -> m_cement | R51: =IF(SUMIFS($E$25:$E$114,$C$25:$C$114,MID(Q51,3,100),$B$25:$B$114,_xlfn.XLOOKUP(P51,$L$17:$L$34,$K$17:$K$34,,0)) = 0,"",SUMIFS($E$25:$E$114,$C$25:$C$114,MID(Q51,3,100),$B$25:$B$114,_xlfn.XLOOKUP(P51,$L$17:$L$34,$K$17:$K$34,,0))) -> 20.9185
A52: Other | B52: CSP | C52: nickel | D52: kt/GW | E52: 1.42 | M52: =M38+1 -> 2 | N52: =N38 -> 2 | P52: =VLOOKUP(N52,$J$37:$K$50,2,FALSE) -> E_Bio-S | Q52: ="m_"&VLOOKUP(M52,$J$2:$K$12,2,FALSE) -> m_cement | R52: =IF(SUMIFS($E$25:$E$114,$C$25:$C$114,MID(Q52,3,100),$B$25:$B$114,_xlfn.XLOOKUP(P52,$L$17:$L$34,$K$17:$K$34,,0)) = 0,"",SUMIFS($E$25:$E$114,$C$25:$C$114,MID(Q52,3,100),$B$25:$B$114,_xlfn.XLOOKUP(P52,$L$17:$L$34,$K$17:$K$34,,0))) -> 32.005
A53: Other | B53: CSP | C53: silver | D53: kt/GW | E53: 0.0145 | M53: =M39+1 -> 2 | N53: =N39 -> 3 | P53: =VLOOKUP(N53,$J$37:$K$50,2,FALSE) -> E_Coal | Q53: ="m_"&VLOOKUP(M53,$J$2:$K$12,2,FALSE) -> m_cement | R53: =IF(SUMIFS($E$25:$E$114,$C$25:$C$114,MID(Q53,3,100),$B$25:$B$114,_xlfn.XLOOKUP(P53,$L$17:$L$34,$K$17:$K$34,,0)) = 0,"",SUMIFS($E$25:$E$114,$C$25:$C$114,MID(Q53,3,100),$B$25:$B$114,_xlfn.XLOOKUP(P53,$L$17:$L$34,$K$17:$K$34,,0))) -> 14.525
A54: Other | B54: CSP | C54: steel | D54: kt/GW | E54: 830 | M54: =M40+1 -> 2 | N54: =N40 -> 4 | P54: =VLOOKUP(N54,$J$37:$K$50,2,FALSE) -> E_Coal-S | Q54: ="m_"&VLOOKUP(M54,$J$2:$K$12,2,FALSE) -> m_cement | R54: =IF(SUMIFS($E$25:$E$114,$C$25:$C$114,MID(Q54,3,100),$B$25:$B$114,_xlfn.XLOOKUP(P54,$L$17:$L$34,$K$17:$K$34,,0)) = 0,"",SUMIFS($E$25:$E$114,$C$25:$C$114,MID(Q54,3,100),$B$25:$B$114,_xlfn.XLOOKUP(P54,$L$17:$L$34,$K$17:$K$34,,0))) -> 20.6965
A55: Other | B55: gas + CCS | C55: aluminium | D55: kt/GW | E55: 0.217 | M55: =M41+1 -> 2 | N55: =N41 -> 5 | P55: =VLOOKUP(N55,$J$37:$K$50,2,FALSE) -> E_CSP | Q55: ="m_"&VLOOKUP(M55,$J$2:$K$12,2,FALSE) -> m_cement | R55: =IF(SUMIFS($E$25:$E$114,$C$25:$C$114,MID(Q55,3,100),$B$25:$B$114,_xlfn.XLOOKUP(P55,$L$17:$L$34,$K$17:$K$34,,0)) = 0,"",SUMIFS($E$25:$E$114,$C$25:$C$114,MID(Q55,3,100),$B$25:$B$114,_xlfn.XLOOKUP(P55,$L$17:$L$34,$K$17:$K$34,,0))) -> 161
A56: Other | B56: gas + CCS | C56: cement | D56: kt/GW | E56: 16.2165 | M56: =M42+1 -> 2 | N56: =N42 -> 6 | P56: =VLOOKUP(N56,$J$37:$K$50,2,FALSE) -> E_Gas | Q56: ="m_"&VLOOKUP(M56,$J$2:$K$12,2,FALSE) -> m_cement | R56: =IF(SUMIFS($E$25:$E$114,$C$25:$C$114,MID(Q56,3,100),$B$25:$B$114,_xlfn.XLOOKUP(P56,$L$17:$L$34,$K$17:$K$34,,0)) = 0,"",SUMIFS($E$25:$E$114,$C$25:$C$114,MID(Q56,3,100),$B$25:$B$114,_xlfn.XLOOKUP(P56,$L$17:$L$34,$K$17:$K$34,,0))) -> 11.1183
A57: Other | B57: gas + CCS | C57: copper | D57: kt/GW | E57: 0.58875 | M57: =M43+1 -> 2 | N57: =N43 -> 7 | P57: =VLOOKUP(N57,$J$37:$K$50,2,FALSE) -> E_Gas-S | Q57: ="m_"&VLOOKUP(M57,$J$2:$K$12,2,FALSE) -> m_cement | R57: =IF(SUMIFS($E$25:$E$114,$C$25:$C$114,MID(Q57,3,100),$B$25:$B$114,_xlfn.XLOOKUP(P57,$L$17:$L$34,$K$17:$K$34,,0)) = 0,"",SUMIFS($E$25:$E$114,$C$25:$C$114,MID(Q57,3,100),$B$25:$B$114,_xlfn.XLOOKUP(P57,$L$17:$L$34,$K$17:$K$34,,0))) -> 16.2165
A58: Other | B58: gas + CCS | C58: steel | D58: kt/GW | E58: 62.8525 | M58: =M44+1 -> 2 | N58: =N44 -> 8 | P58: =VLOOKUP(N58,$J$37:$K$50,2,FALSE) -> E_Geothermal | Q58: ="m_"&VLOOKUP(M58,$J$2:$K$12,2,FALSE) -> m_cement | R58: =IF(SUMIFS($E$25:$E$114,$C$25:$C$114,MID(Q58,3,100),$B$25:$B$114,_xlfn.XLOOKUP(P58,$L$17:$L$34,$K$17:$K$34,,0)) = 0,"",SUMIFS($E$25:$E$114,$C$25:$C$114,MID(Q58,3,100),$B$25:$B$114,_xlfn.XLOOKUP(P58,$L$17:$L$34,$K$17:$K$34,,0))) -> 393.825
A59: Other | B59: gas | C59: aluminium | D59: kt/GW | E59: 1.117 | M59: =M45+1 -> 2 | N59: =N45 -> 9 | P59: =VLOOKUP(N59,$J$37:$K$50,2,FALSE) -> E_Hydro | Q59: ="m_"&VLOOKUP(M59,$J$2:$K$12,2,FALSE) -> m_cement | R59: =IF(SUMIFS($E$25:$E$114,$C$25:$C$114,MID(Q59,3,100),$B$25:$B$114,_xlfn.XLOOKUP(P59,$L$17:$L$34,$K$17:$K$34,,0)) = 0,"",SUMIFS($E$25:$E$114,$C$25:$C$114,MID(Q59,3,100),$B$25:$B$114,_xlfn.XLOOKUP(P59,$L$17:$L$34,$K$17:$K$34,,0))) -> 1007.21
A60: Other | B60: gas | C60: cement | D60: kt/GW | E60: 11.1183 | M60: =M46+1 -> 2 | N60: =N46 -> 10 | P60: =VLOOKUP(N60,$J$37:$K$50,2,FALSE) -> E_Nuclear | Q60: ="m_"&VLOOKUP(M60,$J$2:$K$12,2,FALSE) -> m_cement | R60: =IF(SUMIFS($E$25:$E$114,$C$25:$C$114,MID(Q60,3,100),$B$25:$B$114,_xlfn.XLOOKUP(P60,$L$17:$L$34,$K$17:$K$34,,0)) = 0,"",SUMIFS($E$25:$E$114,$C$25:$C$114,MID(Q60,3,100),$B$25:$B$114,_xlfn.XLOOKUP(P60,$L$17:$L$34,$K$17:$K$34,,0))) -> 36.8529
A61: Other | B61: gas | C61: concrete | D61: kt/GW | E61: 60 | M61: =M47+1 -> 2 | N61: =N47 -> 11 | P61: =VLOOKUP(N61,$J$37:$K$50,2,FALSE) -> E_Oil | Q61: ="m_"&VLOOKUP(M61,$J$2:$K$12,2,FALSE) -> m_cement | R61: =IF(SUMIFS($E$25:$E$114,$C$25:$C$114,MID(Q61,3,100),$B$25:$B$114,_xlfn.XLOOKUP(P61,$L$17:$L$34,$K$17:$K$34,,0)) = 0,"",SUMIFS($E$25:$E$114,$C$25:$C$114,MID(Q61,3,100),$B$25:$B$114,_xlfn.XLOOKUP(P61,$L$17:$L$34,$K$17:$K$34,,0)))
A62: Other | B62: gas | C62: copper | D62: kt/GW | E62: 1.59075 | M62: =M48+1 -> 2 | N62: =N48 -> 12 | P62: =VLOOKUP(N62,$J$37:$K$50,2,FALSE) -> E_SPV | Q62: ="m_"&VLOOKUP(M62,$J$2:$K$12,2,FALSE) -> m_cement | R62: =IF(SUMIFS($E$25:$E$114,$C$25:$C$114,MID(Q62,3,100),$B$25:$B$114,_xlfn.XLOOKUP(P62,$L$17:$L$34,$K$17:$K$34,,0)) = 0,"",SUMIFS($E$25:$E$114,$C$25:$C$114,MID(Q62,3,100),$B$25:$B$114,_xlfn.XLOOKUP(P62,$L$17:$L$34,$K$17:$K$34,,0)))
... A114: Wind Onshore | B114: wind onshore | C114: steel | D114: kt/GW | E114: 265.948 | M114: =M100+1 -> 6 | N114: =N100 -> 8 | P114: =VLOOKUP(N114,$J$37:$K$50,2,FALSE) -> E_Geothermal | Q114: ="m_"&VLOOKUP(M114,$J$2:$K$12,2,FALSE) -> m_glass | R114: =IF(SUMIFS($E$25:$E$114,$C$25:$C$114,MID(Q114,3,100),$B$25:$B$114,_xlfn.XLOOKUP(P114,$L$17:$L$34,$K$17:$K$34,,0)) = 0,"",SUMIFS($E$25:$E$114,$C$25:$C$114,MID(Q114,3,100),$B$25:$B$114,_xlfn.XLOOKUP(P114,$L$17:$L$34,$K$17:$K$34,,0)))
M115: =M101+1 -> 6 | N115: =N101 -> 9 | P115: =VLOOKUP(N115,$J$37:$K$50,2,FALSE) -> E_Hydro | Q115: ="m_"&VLOOKUP(M115,$J$2:$K$12,2,FALSE) -> m_glass | R115: =IF(SUMIFS($E$25:$E$114,$C$25:$C$114,MID(Q115,3,100),$B$25:$B$114,_xlfn.XLOOKUP(P115,$L$17:$L$34,$K$17:$K$34,,0)) = 0,"",SUMIFS($E$25:$E$114,$C$25:$C$114,MID(Q115,3,100),$B$25:$B$114,_xlfn.XLOOKUP(P115,$L$17:$L$34,$K$17:$K$34,,0)))
M116: =M102+1 -> 6 | N116: =N102 -> 10 | P116: =VLOOKUP(N116,$J$37:$K$50,2,FALSE) -> E_Nuclear | Q116: ="m_"&VLOOKUP(M116,$J$2:$K$12,2,FALSE) -> m_glass | R116: =IF(SUMIFS($E$25:$E$114,$C$25:$C$114,MID(Q116,3,100),$B$25:$B$114,_xlfn.XLOOKUP(P116,$L$17:$L$34,$K$17:$K$34,,0)) = 0,"",SUMIFS($E$25:$E$114,$C$25:$C$114,MID(Q116,3,100),$B$25:$B$114,_xlfn.XLOOKUP(P116,$L$17:$L$34,$K$17:$K$34,,0)))
M117: =M103+1 -> 6 | N117: =N103 -> 11 | P117: =VLOOKUP(N117,$J$37:$K$50,2,FALSE) -> E_Oil | Q117: ="m_"&VLOOKUP(M117,$J$2:$K$12,2,FALSE) -> m_glass | R117: =IF(SUMIFS($E$25:$E$114,$C$25:$C$114,MID(Q117,3,100),$B$25:$B$114,_xlfn.XLOOKUP(P117,$L$17:$L$34,$K$17:$K$34,,0)) = 0,"",SUMIFS($E$25:$E$114,$C$25:$C$114,MID(Q117,3,100),$B$25:$B$114,_xlfn.XLOOKUP(P117,$L$17:$L$34,$K$17:$K$34,,0)))
M118: =M104+1 -> 6 | N118: =N104 -> 12 | P118: =VLOOKUP(N118,$J$37:$K$50,2,FALSE) -> E_SPV | Q118: ="m_"&VLOOKUP(M118,$J$2:$K$12,2,FALSE) -> m_glass | R118: =IF(SUMIFS($E$25:$E$114,$C$25:$C$114,MID(Q118,3,100),$B$25:$B$114,_xlfn.XLOOKUP(P118,$L$17:$L$34,$K$17:$K$34,,0)) = 0,"",SUMIFS($E$25:$E$114,$C$25:$C$114,MID(Q118,3,100),$B$25:$B$114,_xlfn.XLOOKUP(P118,$L$17:$L$34,$K$17:$K$34,,0)))
M119: =M105+1 -> 6 | N119: =N105 -> 13 | P119: =VLOOKUP(N119,$J$37:$K$50,2,FALSE) -> E_WOF | Q119: ="m_"&VLOOKUP(M119,$J$2:$K$12,2,FALSE) -> m_glass | R119: =IF(SUMIFS($E$25:$E$114,$C$25:$C$114,MID(Q119,3,100),$B$25:$B$114,_xlfn.XLOOKUP(P119,$L$17:$L$34,$K$17:$K$34,,0)) = 0,"",SUMIFS($E$25:$E$114,$C$25:$C$114,MID(Q119,3,100),$B$25:$B$114,_xlfn.XLOOKUP(P119,$L$17:$L$34,$K$17:$K$34,,0)))
M120: =M106+1 -> 6 | N120: =N106 -> 14 | P120: =VLOOKUP(N120,$J$37:$K$50,2,FALSE) -> E_WON | Q120: ="m_"&VLOOKUP(M120,$J$2:$K$12,2,FALSE) -> m_glass | R120: =IF(SUMIFS($E$25:$E$114,$C$25:$C$114,MID(Q120,3,100),$B$25:$B$114,_xlfn.XLOOKUP(P120,$L$17:$L$34,$K$17:$K$34,,0)) = 0,"",SUMIFS($E$25:$E$114,$C$25:$C$114,MID(Q120,3,100),$B$25:$B$114,_xlfn.XLOOKUP(P120,$L$17:$L$34,$K$17:$K$34,,0)))
M121: =M107+1 -> 7 | N121: =N107 -> 1 | P121: =VLOOKUP(N121,$J$37:$K$50,2,FALSE) -> E_Bio | Q121: ="m_"&VLOOKUP(M121,$J$2:$K$12,2,FALSE) -> m_manganese | R121: =IF(SUMIFS($E$25:$E$114,$C$25:$C$114,MID(Q121,3,100),$B$25:$B$114,_xlfn.XLOOKUP(P121,$L$17:$L$34,$K$17:$K$34,,0)) = 0,"",SUMIFS($E$25:$E$114,$C$25:$C$114,MID(Q121,3,100),$B$25:$B$114,_xlfn.XLOOKUP(P121,$L$17:$L$34,$K$17:$K$34,,0)))
M122: =M108+1 -> 7 | N122: =N108 -> 2 | P122: =VLOOKUP(N122,$J$37:$K$50,2,FALSE) -> E_Bio-S | Q122: ="m_"&VLOOKUP(M122,$J$2:$K$12,2,FALSE) -> m_manganese | R122: =IF(SUMIFS($E$25:$E$114,$C$25:$C$114,MID(Q122,3,100),$B$25:$B$114,_xlfn.XLOOKUP(P122,$L$17:$L$34,$K$17:$K$34,,0)) = 0,"",SUMIFS($E$25:$E$114,$C$25:$C$114,MID(Q122,3,100),$B$25:$B$114,_xlfn.XLOOKUP(P122,$L$17:$L$34,$K$17:$K$34,,0)))
M123: =M109+1 -> 7 | N123: =N109 -> 3 | P123: =VLOOKUP(N123,$J$37:$K$50,2,FALSE) -> E_Coal | Q123: ="m_"&VLOOKUP(M123,$J$2:$K$12,2,FALSE) -> m_manganese | R123: =IF(SUMIFS($E$25:$E$114,$C$25:$C$114,MID(Q123,3,100),$B$25:$B$114,_xlfn.XLOOKUP(P123,$L$17:$L$34,$K$17:$K$34,,0)) = 0,"",SUMIFS($E$25:$E$114,$C$25:$C$114,MID(Q123,3,100),$B$25:$B$114,_xlfn.XLOOKUP(P123,$L$17:$L$34,$K$17:$K$34,,0)))
M124: =M110+1 -> 7 | N124: =N110 -> 4 | P124: =VLOOKUP(N124,$J$37:$K$50,2,FALSE) -> E_Coal-S | Q124: ="m_"&VLOOKUP(M124,$J$2:$K$12,2,FALSE) -> m_manganese | R124: =IF(SUMIFS($E$25:$E$114,$C$25:$C$114,MID(Q124,3,100),$B$25:$B$114,_xlfn.XLOOKUP(P124,$L$17:$L$34,$K$17:$K$34,,0)) = 0,"",SUMIFS($E$25:$E$114,$C$25:$C$114,MID(Q124,3,100),$B$25:$B$114,_xlfn.XLOOKUP(P124,$L$17:$L$34,$K$17:$K$34,,0)))
M125: =M111+1 -> 7 | N125: =N111 -> 5 | P125: =VLOOKUP(N125,$J$37:$K$50,2,FALSE) -> E_CSP | Q125: ="m_"&VLOOKUP(M125,$J$2:$K$12,2,FALSE) -> m_manganese | R125: =IF(SUMIFS($E$25:$E$114,$C$25:$C$114,MID(Q125,3,100),$B$25:$B$114,_xlfn.XLOOKUP(P125,$L$17:$L$34,$K$17:$K$34,,0)) = 0,"",SUMIFS($E$25:$E$114,$C$25:$C$114,MID(Q125,3,100),$B$25:$B$114,_xlfn.XLOOKUP(P125,$L$17:$L$34,$K$17:$K$34,,0))) -> 3.85
M126: =M112+1 -> 7 | N126: =N112 -> 6 | P126: =VLOOKUP(N126,$J$37:$K$50,2,FALSE) -> E_Gas | Q126: ="m_"&VLOOKUP(M126,$J$2:$K$12,2,FALSE) -> m_manganese | R126: =IF(SUMIFS($E$25:$E$114,$C$25:$C$114,MID(Q126,3,100),$B$25:$B$114,_xlfn.XLOOKUP(P126,$L$17:$L$34,$K$17:$K$34,,0)) = 0,"",SUMIFS($E$25:$E$114,$C$25:$C$114,MID(Q126,3,100),$B$25:$B$114,_xlfn.XLOOKUP(P126,$L$17:$L$34,$K$17:$K$34,,0)))
... M190: =M176+1 -> 11 | N190: =N176 -> 14 | P190: =VLOOKUP(N190,$J$37:$K$50,2,FALSE) -> E_WON | Q190: ="m_"&VLOOKUP(M190,$J$2:$K$12,2,FALSE) -> m_steel | R190: =IF(SUMIFS($E$25:$E$114,$C$25:$C$114,MID(Q190,3,100),$B$25:$B$114,_xlfn.XLOOKUP(P190,$L$17:$L$34,$K$17:$K$34,,0)) = 0,"",SUMIFS($E$25:$E$114,$C$25:$C$114,MID(Q190,3,100),$B$25:$B$114,_xlfn.XLOOKUP(P190,$L$17:$L$34,$K$17:$K$34,,0))) -> 265.948

Sheet INS
A1: Trans - Insert
B2: ~TFM_INS
B3: TimeSlice | C3: LimType | D3: Attribute | E3: Year | F3: Curr | G3: Val_Cond | H3: AllRegions | I3: Pset_Set | J3: Pset_PN | K3: Pset_PD | L3: Pset_CI | M3: Pset_CO | N3: Cset_Set | O3: Cset_CN | P3: Cset_CD | U3: ~TFM_INS
D4: FLO_COST | F4: USD15 | H4: 2.7 | J4: *REFINE* | O4: OILDST | U4: attribute | V4: process | W4: value | X4: pset_ci | Y4: pset_co
D5: FLO_COST | F5: USD15 | H5: 1.83 | J5: *REFINE* | O5: OILGSL | U5: END | V5: EN_GeoThermal* | W5: 2025
D6: FLO_COST | F6: USD15 | H6: -2.35 | J6: *REFINE* | O6: OILHFO | U6: START | W6: 2150 | X6: *NGA | Y6: CSC,RSC
D7: FLO_COST | F7: USD15 | H7: 2.66 | J7: *REFINE* | O7: OILJTK
D8: FLO_COST | F8: USD15 | H8: -1.35 | J8: *REFINE* | O8: OILKER
D9: FLO_COST | F9: USD15 | H9: =H6 -> -2.35 | J9: *REFINE* | O9: OILLPG | U9: ~TFM_INS-TS
D10: START | H10: 2150 | J10: Trd*GH2_10 | U10: Curr | V10: Attribute | W10: 2020 | X10: 2040 | Y10: Pset_CI | Z10: Pset_CO | AA10: Pset_PN | AB10: Cset_Set | AC10: Cset_CN | AD10: PSET_SET | AE10: Top_Check | AI10: ~TFM_INS
D11: START | H11: 2150 | J11: Trd_Hdt_gsl_01 | U11: USD15 | V11: DELIV | W11: 19.44 | Y11: ELC | Z11: ___ELC | AC11: =Y11 -> ELC | AE11: IN | AI11: attribute | AJ11: pset_pn | AK11: allregions | AL11: year
U12: USD15 | V12: DELIV | W12: 15.28 | Y12: ELC | Z12: COMELC | AC12: =Y12 -> ELC | AE12: IN | AI12: NCAP_CPX | AJ12: Trd[_]* | AK12: 15
B13: ~TFM_INS | U13: USD15 | V13: DELIV | W13: 6.94 | Y13: ELC | Z13: INDELC | AC13: =Y13 -> ELC | AE13: IN | AI13: NCAP_CPX | AJ13: Trd[_]* | AK13: 2 | AL13: 0
B14: TimeSlice | C14: LimType | D14: Attribute | E14: Year | F14: Curr | G14: Val_Cond | H14: AllRegions | I14: Pset_Set | J14: Pset_PN | K14: Pset_PD | L14: Pset_CI | M14: Pset_CO | N14: Cset_Set | O14: Cset_CN | U14: USD15 | V14: DELIV | W14: 3.5 | Y14: GASNGA | Z14: ___NGA,-ELCNGA | AC14: GASNGA | AD14: PRE | AE14: IN | AI14: ELIFE | AJ14: Trd[_]* | AK14: 7
D15: START | H15: 2120 | J15: I*GEO* | U15: USD15 | V15: DELIV | W15: 0.8 | Y15: GASNGA | Z15: INDNGA,*methane | AC15: GASNGA | AD15: PRE | AE15: IN
D16: INVCOST | H16: 25 | J16: SUP_TREFINER | U16: USD15 | V16: DELIV | W16: 3.6 | Y16: GASNGA | Z16: RESNGA,COMNGA | AC16: GASNGA | AE16: IN
D17: LIFE | H17: 60 | J17: SUP_TREFINER | U17: USD15 | V17: DELIV | W17: 4.7 | Y17: GASNGA | Z17: TRANGA | AC17: GASNGA | AE17: IN
D18: DELIV | H18: 10 | I18: DMD | M18: TAD,TAI | O18: TRAELC | U18: USD15 | V18: DELIV | W18: 4 | Y18: GASNGA | Z18: GASLNG | AC18: GASNGA | AD18: PRE | AE18: IN
U19: USD15 | V19: DELIV | W19: 3.5 | Z19: ___NGAHH2,-ELCNGAHH2 | AC19: GASNGA | AE19: IN
B20: ~TFM_MIG | U20: USD15 | V20: DELIV | W20: 0.8 | Z20: INDNGAHH2 | AC20: GASNGA | AE20: IN
B21: LimType | C21: LimType2 | D21: Attribute | E21: Year2 | F21: attribute2 | G21: Val_Cond | H21: AllRegions | I21: Pset_PN | J21: CSET_SET | K21: CSET_CN | L21: top_check | U21: USD15 | V21: DELIV | W21: 3.6 | Z21: RESNGAHH2,COMNGAHH2 | AC21: GASNGA | AE21: IN
C22: UP | D22: ACT_BND | E22: 2020 | H22: *1 | I22: SUP_TRANSFER,SUP_TCOALLIQ,SUP_TGTL,SUP_TNONSPEC,SUP_TBLENDGAS | U22: USD15 | V22: DELIV | W22: 4.7 | Z22: TRANGAHH2 | AC22: GASNGA | AE22: IN
C23: UP | D23: ACT_BND | E23: 2030 | H23: 0 | I23: SUP_TCOALLIQ,SUP_TGTL,SUP_TNONSPEC,SUP_TBLENDGAS | U23: USD15 | V23: DELIV | W23: 3.04 | Y23: *LPG | Z23: RESLPG,COMLPG | AC23: *LPG | AE23: IN
C24: UP | D24: ACT_BND | E24: 2020 | H24: *1 | I24: SUP_TGASWKS | U24: USD15 | V24: DELIV | W24: 1.52 | Y24: *HFO,*KER,*DST | Z24: COMHFO,COMDST,COMKER,RESHFO,RESDST,RESKER | AC24: *HFO,*KER,*DST | AE24: IN
C25: UP | D25: ACT_BND | E25: 2050 | H25: *2 | I25: SUP_TGASWKS | U25: USD15 | V25: DELIV | W25: 23.328 | Y25: HH2 | Z25: *H2 | AC25: HH2 | AD25: -IRE,-STG | AE25: IN
D26: FLO_SHAR | E26: 2020 | H26: +.25 | I26: *REFINE* | J26: NRG | L26: OUT | U26: USD15 | V26: DELIV | W26: 45.84 | Y26: HH2 | Z26: COM* | AC26: HH2 | AE26: IN
D27: FLO_SHAR | E27: 2050 | H27: +.5 | I27: *REFINE* | J27: NRG | L27: OUT | U27: USD15 | V27: DELIV | W27: 1 | Y27: HH2 | Z27: IND* | AC27: HH2 | AE27: IN | AH27: 8.328
D28: FLO_SHAR | E28: 2020 | H28: 1 | I28: *REFINE* | J28: NRG | K28: OILCRD | U28: USD15 | V28: DELIV | W28: 1 | Y28: HH2 | Z28: ELC* | AC28: HH2 | AE28: IN | AH28: 8.328
C29: LO | D29: ACT_BND | E29: 2020 | H29: *1 | I29: SUP_TREFINER | U29: USD15 | V29: DELIV | W29: 5 | Y29: OIL*, BIO* | Z29: TRA* | AC29: OIL*, BIO* | AD29: -IRE | AE29: IN
C30: LO | D30: ACT_BND | E30: 2040 | H30: 0 | I30: =I29 -> SUP_TREFINER | U30: USD15 | V30: DELIV | W30: 45.84 | Y30: HH2 | Z30: TRA* | AC30: HH2 | AE30: IN
C31: LO | D31: ACT_BND | E31: 0 | H31: 1 | I31: =I30 -> SUP_TREFINER
B32: FX | D32: ACT_BND | E32: 2000 | F32: PASTI | H32: *.5 | I32: =I31 -> SUP_TREFINER
B33: FX | D33: ACT_BND | E33: 2010 | F33: PASTI | H33: *.5 | I33: =I32 -> SUP_TREFINER
C34: FX | D34: FLO_SHAR | H34: *1 | I34: =I33 -> SUP_TREFINER | K34: GASRFG
C35: FX | D35: FLO_SHAR | E35: 0 | H35: 3 | I35: =I34 -> SUP_TREFINER | K35: GASRFG
D36: FLO_SHAR | E36: 2020 | H36: +.25 | I36: *REFINE* | J36: NRG | K36: OILNGL | W36: ~TFM_INS: limtype=FX; PSET_SET=CHP
W37: attribute | X37: Africa_north | Y37: Africa_other | Z37: Arg-Chi | AA37: Asia_central | AB37: Asia_east | AC37: Asia_other | AD37: Australia_NZ | AE37: Brazil | AF37: Canada | AG37: China | AH37: EU_north | AI37: EU_northeast | AJ37: EU_northwest | AK37: EU_south | AL37: EU_southeast | AM37: EU_southwest | AN37: Europe_other | AO37: France | AP37: Germany | AQ37: India | AR37: LatAm_other | AS37: Mexico | AT37: MidEast_other | AU37: Nor-Ice | AV37: Russia | AW37: SaudiArabia | AX37: SouthAfrica | AY37: UK | AZ37: USA | BA37: \I: | BB37: *WORLD | BC37: year | BD37: allregions
W38: CHPR | X38: 0.5 | Y38: 0.5 | Z38: 0.5 | AA38: 0.7853622 | AB38: 0.88598513 | AC38: 0.93816871 | AD38: 0.01773276 | AE38: 0.5 | AF38: 0.51784156 | AG38: 0.68859434 | AH38: 1.9069225 | AI38: 0.60710833 | AJ38: 0.50471052 | AK38: 0.52497815 | AL38: 1.1058538 | AM38: 0.14198837 | AN38: 1.6943788 | AO38: 1.2633356 | AP38: 0.81146351 | AQ38: 0.5 | AR38: 0.5 | AS38: 0.5 | AT38: 0.5 | AU38: 0.78320258 | AV38: 1.1637896 | AW38: 0.5 | AX38: 0.5 | AY38: 0.5 | AZ38: 0.41864325 | BA38: 0.5 | BB38: 0.7497967
B39: ~TFM_TOPINS | J39: ~TFM_UPD: sourcescen=BASE | W39: CHPR | BC39: 0 | BD39: 3
B40: pset_set | C40: PSET_CO | D40: value | E40: cset_cn | F40: pset_pn | J40: attribute | K40: process | L40: commodity | M40: value
B41: DMD | C41: TAD | D41: IN | E41: TRAELC,TRABJT | J41: share | K41: FT_INDOIL,FT_ELCOIL | L41: OILHFO | M41: +.03
B42: DMD | C42: TAI | D42: IN | E42: TRABJT,TRAGH2 | J42: share | K42: SUP_TREF* | L42: OILNAP | M42: +.05
B43: DMD | C43: TW? | D43: IN | E43: TRAGH2 | J43: share | K43: SUP_TREF* | L43: OILHFO,OILGSL,OILPTC | M43: +.05
B44: DMD | C44: TWD | D44: IN | E44: TRAELC
C45: TRAJTK | D45: IN | E45: OILJTKs
B49: ~TFM_INS
B50: Attribute | C50: pset_set | D50: PSET_CO | E50: pset_pn | F50: cset_cn | G50: value | H50: Other_Indexes
B51: CEFF | C51: DMD | D51: TAD | F51: TRAELC | G51: 1.25
B53: ~TFM_TOPINS
B54: pset_set | C54: PSET_CI | D54: value | E54: cset_cn | F54: pset_pn
B55: DMD,PRE | C55: COMNGA | D55: IN | E55: COMHH2 | F55: CSH*,-CSH*000
B56: DMD,PRE | C56: COMNGA | D56: IN | E56: COMHH2 | F56: CWH*,-CWH*000
B57: DMD,PRE | C57: INDNGA | D57: IN | E57: INDHH2 | F57: -imfe*,-imstl*
B58: DMD,PRE | C58: RESNGA | D58: IN | E58: RESHH2 | F58: RSH*,-RSH*000
B59: DMD,PRE | C59: RESNGA | D59: IN | E59: RESHH2 | F59: RWH*,-RWH*000
B60: *
B61: DMD,PRE | C61: COMNGA | D61: IN | E61: COMSNG
B62: DMD,PRE | C62: INDNGA | D62: IN | E62: INDSNG | F62: -imfe*,-imstl*
B63: DMD,PRE | C63: RESNGA | D63: IN | E63: RESSNG
B64: *
B65: \I: ELE | C65: ELCNGA | D65: IN | E65: ELCHH2
B66: *
B67: DMD,PRE | C67: COMNGA | D67: IN | E67: COMNGAHH2
B68: DMD,PRE | C68: INDNGA | D68: IN | E68: INDNGAHH2 | F68: -NH3prd*,-imfe*,-imstl*
B69: DMD,PRE | C69: RESNGA | D69: IN | E69: RESNGAHH2
B70: DMD,PRE | C70: AGRNGA | D70: IN | E70: AGRNGAHH2
B71: *
B72: ELE | C72: ELCNGA | D72: IN | E72: ELCNGAHH2
B73: *

Sheet misc
B2: ~TFM_UPD: attribute=NCAP_COST
B3: process | C3: AllRegions
B4: RSHEHP* | C4: *3
B5: CSHAHP* | C5: *2
B8: ~TFM_INS-AT
B9: process | C9: START | D9: Share | E9: commodity | F9: region | G9: LimType
B10: H2prd_Gas_ATR_CCS | C10: 2022 | H10: late start
B11: HETHPU | C11: 2030 | H11: late start
B14: ~TFM_INS-TS: limtype=UP
B15: attribute | C15: pset_ci | D15: process | E15: Region | F15: 2024 | G15: 0
B16: ACT_BND | C16: ELCNUC | E16: Germany | F16: 0 | G16: 5 | I16: phase-out of NUC in Germany

Sheet Bldgs AFA
A1: year | B1: attribute | C1: Africa_north | D1: Africa_other | E1: Arg-Chi | F1: Asia_central | G1: Asia_east | H1: Asia_other | I1: Australia_NZ | J1: Brazil | K1: Canada | L1: China | M1: EU_north | N1: EU_northeast | O1: EU_northwest | P1: EU_south | Q1: EU_southeast | R1: EU_southwest | S1: Europe_other | T1: France | U1: Germany | V1: India | W1: LatAm_other | X1: Mexico | Y1: MidEast_other | Z1: Nor-Ice | AA1: Russia | AB1: SaudiArabia | AC1: SouthAfrica | AD1: UK | AE1: USA
A2: 2019 | B2: CDD | C2: 5999 | D2: 13019 | E2: 3440 | F2: 2020 | G2: 5384 | H2: 18766 | I2: 3695 | J2: 13340 | K2: 1255 | L2: 6485 | M2: 493 | N2: 1331 | O2: 629 | P2: 2966 | Q2: 2283 | R2: 2440 | S2: 2330 | T2: 1359 | U2: 999 | V2: 15706 | W2: 12457 | X2: 7004 | Y2: 7012 | Z2: 42 | AA2: 1627 | AB2: 9806 | AC2: 3595 | AD2: 248 | AE2: 5351
A3: 2019 | B3: HDD | C3: 6664 | D3: 1062 | E3: 13152 | F3: 22269 | G3: 12550 | H3: 1829 | I3: 6394 | J3: 819 | K3: 26043 | L3: 14399 | M3: 22121 | N3: 21518 | O3: 15787 | P3: 13725 | Q3: 17815 | R3: 12326 | S3: 17939 | T3: 15798 | U3: 20080 | V3: 2485 | W3: 2139 | X3: 3360 | Y3: 9457 | Z3: 29653 | AA3: 27031 | AB3: 4111 | AC3: 7792 | AD3: 15962 | AE3: 14715
A4: 2019 | B4: GDP | C4: 2018 | D4: 2784 | E4: 1015 | F4: 1002 | G4: 6335 | H4: 10499 | I4: 1112 | J4: 2725 | K4: 1586 | L4: 21699 | M4: 819 | N4: 1872 | O4: 1518 | P4: 2017 | Q4: 806 | R4: 1656 | S4: 2703 | T4: 2313 | U4: 3219 | V4: 8348 | W4: 2671 | X4: 1783 | Y4: 3898 | Z4: 281 | AA4: 2311 | AB4: 1713 | AC4: 626 | AD4: 2365 | AE4: 16690
A5: 2019 | B5: GDPPCAP | C5: 10174 | D5: 2678 | E5: 15890 | F5: 11067 | G5: 35593 | H5: 8773 | I5: 36630 | J5: 12911 | K5: 42200 | L5: 15441 | M5: 37898 | N5: 27125 | O5: 44141 | P5: 27939 | Q5: 19061 | R5: 28834 | S5: 16402 | T5: 33803 | U5: 38737 | V5: 6109 | W5: 10894 | X5: 13973 | Y5: 17512 | Z5: 49279 | AA5: 16001 | AB5: 49984 | AC5: 10687 | AD5: 35365 | AE5: 50833
A6: 2019 | B6: POP | C6: 198.385 | D6: 1039.486 | E6: 63.891 | F6: 90.516 | G6: 177.974 | H6: 1196.678 | I6: 30.345 | J6: 211.05 | K6: 37.593 | L6: 1405.227 | M6: 21.615 | N6: 69.006 | O6: 34.388 | P6: 72.185 | Q6: 42.272 | R6: 57.42 | S6: 164.818 | T6: 68.441 | U6: 83.093 | V6: 1366.42 | W6: 245.145 | X6: 127.576 | Y6: 222.578 | Z6: 5.708 | AA6: 144.406 | AB6: 34.269 | AC6: 58.558 | AD6: 66.878 | AE6: 328.33
A7: 2050 | B7: GDP | C7: 6067 | D7: 13490 | E7: 2490 | F7: 2356 | G7: 8794 | H7: 26893 | I7: 2116 | J7: 5225 | K7: 2531 | L7: 53306 | M7: 1323 | N7: 3082 | O7: 2380 | P7: 2797 | Q7: 1246 | R7: 2208 | S7: 5589 | T7: 3774 | U7: 4523 | V7: 27800 | W7: 6626 | X7: 4169 | Y7: 8543 | Z7: 439 | AA7: 4902 | AB7: 2584 | AC7: 1699 | AD7: 3867 | AE7: 26241
A8: 2050 | B8: GDPPCAP | C8: 23111 | D8: 7094 | E8: 33402 | F8: 21913 | G8: 56834 | H8: 17918 | I8: 54003 | J8: 22860 | K8: 55970 | L8: 41279 | M8: 55063 | N8: 48761 | O8: 63540 | P8: 41362 | Q8: 36629 | R8: 38866 | S8: 33214 | T8: 49439 | U8: 55730 | V8: 16949 | W8: 22416 | X8: 26995 | Y8: 26110 | Z8: 64101 | AA8: 36220 | AB8: 54793 | AC8: 23407 | AD8: 51926 | AE8: 67715
A9: 2050 | B9: POP | C9: 262.498 | D9: 1901.494 | E9: 74.558 | F9: 107.525 | G9: 154.724 | H9: 1500.905 | I9: 39.187 | J9: 228.559 | K9: 45.217 | L9: 1291.362 | M9: 24.02 | N9: 63.215 | O9: 37.455 | P9: 67.628 | Q9: 34.004 | R9: 56.819 | S9: 168.271 | T9: 76.329 | U9: 81.159 | V9: 1640.26 | W9: 295.594 | X9: 154.439 | Y9: 327.186 | Z9: 6.855 | AA9: 135.353 | AB9: 47.151 | AC9: 72.602 | AD9: 74.474 | AE9: 387.522
A10: 2100 | B10: GDP | C10: 17071 | D10: 110456 | E10: 6000 | F10: 4540 | G10: 11577 | H10: 73692 | I10: 5157 | J10: 9825 | K10: 5534 | L10: 62666 | M10: 2984 | N10: 5216 | O10: 4574 | P10: 5624 | Q10: 1825 | R10: 4594 | S10: 11573 | T10: 8119 | U10: 8985 | V10: 74723 | W10: 17750 | X10: 10405 | Y10: 21491 | Z10: 963 | AA10: 10246 | AB10: 3767 | AC10: 4360 | AD10: 8575 | AE10: 43396
A11: 2100 | B11: GDPPCAP | C11: 66074 | D11: 43563 | E11: 83323 | F11: 48747 | G11: 105223 | H11: 51750 | I11: 100098 | J11: 54732 | K11: 96208 | L11: 77591 | M11: 102746 | N11: 97894 | O11: 110192 | P11: 89438 | Q11: 78818 | R11: 80876 | S11: 77216 | T11: 90702 | U11: 105612 | V11: 51149 | W11: 67772 | X11: 78473 | Y11: 59071 | Z11: 113298 | AA11: 75972 | AB11: 72232 | AC11: 63460 | AD11: 100335 | AE11: 90160
A12: 2100 | B12: POP | C12: 258.364 | D12: 2535.526 | E12: 72.009 | F12: 93.143 | G12: 110.023 | H12: 1423.986 | I12: 51.518 | J12: 179.517 | K12: 57.524 | L12: 807.647 | M12: 29.04 | N12: 53.279 | O12: 41.511 | P12: 62.88 | Q12: 23.157 | R12: 56.799 | S12: 149.875 | T12: 89.518 | U12: 85.077 | V12: 1460.88 | W12: 261.912 | X12: 132.598 | Y12: 363.809 | Z12: 8.499 | AA12: 134.865 | AB12: 52.155 | AC12: 68.711 | AD12: 85.465 | AE12: 481.327
B14: MIN | C14: AVG | D14: MAX
A15: =B2 -> CDD | B15: =MIN($C2:$AC2) -> 42 | C15: =AVERAGE($C2:$AC2) -> 5388.2222 | D15: =MAX($C2:$AC2) -> 18766
A16: =B3 -> HDD | B16: =MIN($C3:$AC3) -> 819 | C16: =AVERAGE($C3:$AC3) -> 12900.667 | D16: =MAX($C3:$AC3) -> 29653
A18: RSH | B18: =1/12 -> 0.083333333 | C18: =3/12 -> 0.25 | D18: =5/12 -> 0.41666667 | E18: AFA
A19: RSC | B19: =1/12/2 -> 0.041666667 | C19: =4/12/2 -> 0.16666667 | D19: =8/12/2 -> 0.33333333
A20: RHW | B20: =2/12 -> 0.16666667 | C20: =4/12 -> 0.33333333 | D20: =D18 -> 0.41666667
A21: RLI | B21: =4/12/2 -> 0.16666667 | C21: =AVERAGE(B21,D21) -> 0.20833333 | D21: =6/12/2 -> 0.25
A22: CSH | B22: =B18-0.05 -> 0.033333333 | C22: =C18-0.05 -> 0.2 | D22: =D18-0.05 -> 0.36666667
A23: CSC | B23: =B19+0.2 -> 0.24166667 | C23: =C19+0.2 -> 0.36666667 | D23: =D19+0.2 -> 0.53333333
A24: CHW | B24: =B20+0.05 -> 0.21666667 | C24: =C20+0.05 -> 0.38333333 | D24: =D20+0.05 -> 0.46666667
A25: CLA | B25: =B21+0.3 -> 0.46666667 | C25: =C21+0.3 -> 0.50833333 | D25: =D21+0.3 -> 0.55
A26: RSH | B26: 0 | C26: 0.1 | D26: 0.2 | E26: HP share
B29: ~TFM_INS: attribute=AFA;PSET_SET=DMD,PRE; attrib_cond=-RESID
B30: pset_co | C30: pset_pn | D30: =IF(C$1="","\:"&COLUMN(),C$1) -> Africa_north | E30: =IF(D$1="","\:"&COLUMN(),D$1) -> Africa_other | F30: =IF(E$1="","\:"&COLUMN(),E$1) -> Arg-Chi | G30: =IF(F$1="","\:"&COLUMN(),F$1) -> Asia_central | H30: =IF(G$1="","\:"&COLUMN(),G$1) -> Asia_east | I30: =IF(H$1="","\:"&COLUMN(),H$1) -> Asia_other | J30: =IF(I$1="","\:"&COLUMN(),I$1) -> Australia_NZ | K30: =IF(J$1="","\:"&COLUMN(),J$1) -> Brazil | ... AK30: =IF(AJ$1="","\:"&COLUMN(),AJ$1) -> \:37
B31: =A18 -> RSH | D31: {=IFERROR(TREND($B18:$D18,$B$16:$D$16,C$3),"")} -> 0.16068436 | E31: {=IFERROR(TREND($B18:$D18,$B$16:$D$16,D$3),"")} -> 0.096484368 | F31: {=IFERROR(TREND($B18:$D18,$B$16:$D$16,E$3),"")} -> 0.23503808 | G31: {=IFERROR(TREND($B18:$D18,$B$16:$D$16,F$3),"")} -> 0.33952065 | H31: {=IFERROR(TREND($B18:$D18,$B$16:$D$16,G$3),"")} -> 0.22813905 | I31: {=IFERROR(TREND($B18:$D18,$B$16:$D$16,H$3),"")} -> 0.10527433 | J31: {=IFERROR(TREND($B18:$D18,$B$16:$D$16,I$3),"")} -> 0.15759011 | K31: {=IFERROR(TREND($B18:$D18,$B$16:$D$16,J$3),"")} -> 0.093699541 | ... AK31: {=IFERROR(TREND($B18:$D18,$B$16:$D$16,AJ$3),"")}
B32: =A19 -> RSC | D32: {=IFERROR(TREND($B19:$D19,$B$15:$D$15,C$2),"")} -> 0.1496074 | E32: {=IFERROR(TREND($B19:$D19,$B$15:$D$15,D$2),"")} -> 0.25474447 | F32: {=IFERROR(TREND($B19:$D19,$B$15:$D$15,E$2),"")} -> 0.1112818 | G32: {=IFERROR(TREND($B19:$D19,$B$15:$D$15,F$2),"")} -> 0.090014755 | H32: {=IFERROR(TREND($B19:$D19,$B$15:$D$15,G$2),"")} -> 0.14039668 | I32: {=IFERROR(TREND($B19:$D19,$B$15:$D$15,H$2),"")} -> 0.34081609 | J32: {=IFERROR(TREND($B19:$D19,$B$15:$D$15,I$2),"")} -> 0.11510088 | K32: {=IFERROR(TREND($B19:$D19,$B$15:$D$15,J$2),"")} -> 0.25955202 | ... AK32: {=IFERROR(TREND($B19:$D19,$B$15:$D$15,AJ$2),"")}
B33: =A20 -> RHW | D33: {=IFERROR(TREND($B20:$D20,$B$16:$D$16,C$3),"")} -> 0.23977447 | E33: {=IFERROR(TREND($B20:$D20,$B$16:$D$16,D$3),"")} -> 0.1924911 | F33: {=IFERROR(TREND($B20:$D20,$B$16:$D$16,E$3),"")} -> 0.29453608 | G33: {=IFERROR(TREND($B20:$D20,$B$16:$D$16,F$3),"")} -> 0.37148763 | H33: {=IFERROR(TREND($B20:$D20,$B$16:$D$16,G$3),"")} -> 0.28945494 | I33: {=IFERROR(TREND($B20:$D20,$B$16:$D$16,H$3),"")} -> 0.19896492 | J33: {=IFERROR(TREND($B20:$D20,$B$16:$D$16,I$3),"")} -> 0.23749555 | K33: {=IFERROR(TREND($B20:$D20,$B$16:$D$16,J$3),"")} -> 0.19044007 | ... AK33: {=IFERROR(TREND($B20:$D20,$B$16:$D$16,AJ$3),"")}
B34: =A21 -> RLI | D34: {=IFERROR(TREND($B21:$D21,$B$16:$D$16,C$3),"")} -> 0.18600442 | E34: {=IFERROR(TREND($B21:$D21,$B$16:$D$16,D$3),"")} -> 0.16995443 | F34: {=IFERROR(TREND($B21:$D21,$B$16:$D$16,E$3),"")} -> 0.20459285 | G34: {=IFERROR(TREND($B21:$D21,$B$16:$D$16,F$3),"")} -> 0.2307135 | H34: {=IFERROR(TREND($B21:$D21,$B$16:$D$16,G$3),"")} -> 0.2028681 | I34: {=IFERROR(TREND($B21:$D21,$B$16:$D$16,H$3),"")} -> 0.17215192 | J34: {=IFERROR(TREND($B21:$D21,$B$16:$D$16,I$3),"")} -> 0.18523086 | K34: {=IFERROR(TREND($B21:$D21,$B$16:$D$16,J$3),"")} -> 0.16925822 | ... AK34: {=IFERROR(TREND($B21:$D21,$B$16:$D$16,AJ$3),"")}
B35: =A22 -> CSH | D35: {=IFERROR(TREND($B22:$D22,$B$16:$D$16,C$3),"")} -> 0.11068436 | E35: {=IFERROR(TREND($B22:$D22,$B$16:$D$16,D$3),"")} -> 0.046484368 | F35: {=IFERROR(TREND($B22:$D22,$B$16:$D$16,E$3),"")} -> 0.18503808 | G35: {=IFERROR(TREND($B22:$D22,$B$16:$D$16,F$3),"")} -> 0.28952065 | H35: {=IFERROR(TREND($B22:$D22,$B$16:$D$16,G$3),"")} -> 0.17813905 | I35: {=IFERROR(TREND($B22:$D22,$B$16:$D$16,H$3),"")} -> 0.055274335 | J35: {=IFERROR(TREND($B22:$D22,$B$16:$D$16,I$3),"")} -> 0.10759011 | K35: {=IFERROR(TREND($B22:$D22,$B$16:$D$16,J$3),"")} -> 0.043699541 | ... AK35: {=IFERROR(TREND($B22:$D22,$B$16:$D$16,AJ$3),"")}
B36: =A23 -> CSC | D36: {=IFERROR(TREND($B23:$D23,$B$15:$D$15,C$2),"")} -> 0.3496074 | E36: {=IFERROR(TREND($B23:$D23,$B$15:$D$15,D$2),"")} -> 0.45474447 | F36: {=IFERROR(TREND($B23:$D23,$B$15:$D$15,E$2),"")} -> 0.3112818 | G36: {=IFERROR(TREND($B23:$D23,$B$15:$D$15,F$2),"")} -> 0.29001476 | H36: {=IFERROR(TREND($B23:$D23,$B$15:$D$15,G$2),"")} -> 0.34039668 | I36: {=IFERROR(TREND($B23:$D23,$B$15:$D$15,H$2),"")} -> 0.54081609 | J36: {=IFERROR(TREND($B23:$D23,$B$15:$D$15,I$2),"")} -> 0.31510088 | K36: {=IFERROR(TREND($B23:$D23,$B$15:$D$15,J$2),"")} -> 0.45955202 | ... AK36: {=IFERROR(TREND($B23:$D23,$B$15:$D$15,AJ$2),"")}
B37: =A24 -> CHW | D37: {=IFERROR(TREND($B24:$D24,$B$16:$D$16,C$3),"")} -> 0.28977447 | E37: {=IFERROR(TREND($B24:$D24,$B$16:$D$16,D$3),"")} -> 0.2424911 | F37: {=IFERROR(TREND($B24:$D24,$B$16:$D$16,E$3),"")} -> 0.34453608 | G37: {=IFERROR(TREND($B24:$D24,$B$16:$D$16,F$3),"")} -> 0.42148763 | H37: {=IFERROR(TREND($B24:$D24,$B$16:$D$16,G$3),"")} -> 0.33945494 | I37: {=IFERROR(TREND($B24:$D24,$B$16:$D$16,H$3),"")} -> 0.24896492 | J37: {=IFERROR(TREND($B24:$D24,$B$16:$D$16,I$3),"")} -> 0.28749555 | K37: {=IFERROR(TREND($B24:$D24,$B$16:$D$16,J$3),"")} -> 0.24044007 | ... AK37: {=IFERROR(TREND($B24:$D24,$B$16:$D$16,AJ$3),"")}
B38: =A25 -> CLA | D38: {=IFERROR(TREND($B25:$D25,$B$16:$D$16,C$3),"")} -> 0.48600442 | E38: {=IFERROR(TREND($B25:$D25,$B$16:$D$16,D$3),"")} -> 0.46995443 | F38: {=IFERROR(TREND($B25:$D25,$B$16:$D$16,E$3),"")} -> 0.50459285 | G38: {=IFERROR(TREND($B25:$D25,$B$16:$D$16,F$3),"")} -> 0.5307135 | H38: {=IFERROR(TREND($B25:$D25,$B$16:$D$16,G$3),"")} -> 0.5028681 | I38: {=IFERROR(TREND($B25:$D25,$B$16:$D$16,H$3),"")} -> 0.47215192 | J38: {=IFERROR(TREND($B25:$D25,$B$16:$D$16,I$3),"")} -> 0.48523086 | K38: {=IFERROR(TREND($B25:$D25,$B$16:$D$16,J$3),"")} -> 0.46925822 | ... AK38: {=IFERROR(TREND($B25:$D25,$B$16:$D$16,AJ$3),"")}
C39: FT_RESHH2_RSH | D39: =D31 -> 0.16068436 | E39: =E31 -> 0.096484368 | F39: =F31 -> 0.23503808 | G39: =G31 -> 0.33952065 | H39: =H31 -> 0.22813905 | I39: =I31 -> 0.10527433 | J39: =J31 -> 0.15759011 | K39: =K31 -> 0.093699541 | ... AF39: =AF31 -> 0.25295036
C40: FT_RESHH2_RWH | D40: =D33 -> 0.23977447 | E40: =E33 -> 0.1924911 | F40: =F33 -> 0.29453608 | G40: =G33 -> 0.37148763 | H40: =H33 -> 0.28945494 | I40: =I33 -> 0.19896492 | J40: =J33 -> 0.23749555 | K40: =K33 -> 0.19044007 | ... AF40: =AF33 -> 0.3077285
C41: FT_COMHH2_CSH | D41: =D35 -> 0.11068436 | E41: =E35 -> 0.046484368 | F41: =F35 -> 0.18503808 | G41: =G35 -> 0.28952065 | H41: =H35 -> 0.17813905 | I41: =I35 -> 0.055274335 | J41: =J35 -> 0.10759011 | K41: =K35 -> 0.043699541 | ... AF41: =AF35 -> 0.20295036
C42: FT_COMHH2_CWH | D42: =D37 -> 0.28977447 | E42: =E37 -> 0.2424911 | F42: =F37 -> 0.34453608 | G42: =G37 -> 0.42148763 | H42: =H37 -> 0.33945494 | I42: =I37 -> 0.24896492 | J42: =J37 -> 0.28749555 | K42: =K37 -> 0.24044007 | ... AF42: =AF37 -> 0.3577285
A46: DeACT TFM_INS: attribute=prc_mark;PSET_SET=DMD,PRE;limtype=UP
A47: other_indexes | B47: pset_co | C47: =IF(C$1="","\:"&COLUMN(),C$1) -> Africa_north | D47: =IF(D$1="","\:"&COLUMN(),D$1) -> Africa_other | E47: =IF(E$1="","\:"&COLUMN(),E$1) -> Arg-Chi | F47: =IF(F$1="","\:"&COLUMN(),F$1) -> Asia_central | G47: =IF(G$1="","\:"&COLUMN(),G$1) -> Asia_east | H47: =IF(H$1="","\:"&COLUMN(),H$1) -> Asia_other | I47: =IF(I$1="","\:"&COLUMN(),I$1) -> Australia_NZ | J47: =IF(J$1="","\:"&COLUMN(),J$1) -> Brazil | ... AJ47: =IF(AJ$1="","\:"&COLUMN(),AJ$1) -> \:36 | AK47: cset_cn | AL47: attrib_cond | AM47: val_cond | AN47: pset_pn | AO47: year
A48: HP | B48: RSH | C48: {=IFERROR(TREND($B26:$D26,$B$16:$D$16,C$3),"")} -> 0.046410616 | D48: {=IFERROR(TREND($B26:$D26,$B$16:$D$16,D$3),"")} -> 0.0078906206 | E48: {=IFERROR(TREND($B26:$D26,$B$16:$D$16,E$3),"")} -> 0.09102285 | F48: {=IFERROR(TREND($B26:$D26,$B$16:$D$16,F$3),"")} -> 0.15371239 | G48: {=IFERROR(TREND($B26:$D26,$B$16:$D$16,G$3),"")} -> 0.086883429 | H48: {=IFERROR(TREND($B26:$D26,$B$16:$D$16,H$3),"")} -> 0.013164601 | I48: {=IFERROR(TREND($B26:$D26,$B$16:$D$16,I$3),"")} -> 0.044554065 | J48: {=IFERROR(TREND($B26:$D26,$B$16:$D$16,J$3),"")} -> 0.0062197246 | ... AJ48: {=IFERROR(TREND($B26:$D26,$B$16:$D$16,AJ$3),"")} | AK48: RSH | AL48: EFF | AM48: >2.5 | AN48: -*000
A49: HP | B49: RSH | C49: =IF(C48="","",5) -> 5 | D49: =IF(D48="","",5) -> 5 | E49: =IF(E48="","",5) -> 5 | F49: =IF(F48="","",5) -> 5 | G49: =IF(G48="","",5) -> 5 | H49: =IF(H48="","",5) -> 5 | I49: =IF(I48="","",5) -> 5 | J49: =IF(J48="","",5) -> 5 | ... AJ49: =IF(AJ48="","",5) | AK49: RSH | AL49: EFF | AM49: >2.5 | AN49: -*000 | AO49: 0

Sheet Cap decay limits
A2: ~UC_Sets: R_E: AllRegions
D4: ="~UC_T: 2022" -> ~UC_T: 2022
A5: UC_N | B5: PSET_SET | C5: PSET_CI | D5: LimType | E5: UC_CAP | F5: UC_CAP~RHS | G5: UC_RHSRT~0 | H5: UC_Desc | I5: UC_DYNBND
A6: UC_Capdecay-OIL | B6: ELE,CHP | C6: ELCOIL* | D6: LO | E6: 0.88 | F6: -0.5 | G6: 5 | H6: =RIGHT(A6,3)&" capacity annual decay limit - "&TEXT(1-E6,"0.0%") -> OIL capacity annual decay limit - 12.0% | I6: 1 | K6: =E6^30 -> 0.021601314
A7: UC_Capdecay-Coa | B7: ELE,CHP | C7: ELCCOA, ELCCOB | D7: LO | E7: 0.88 | F7: -1 | G7: 5 | H7: =RIGHT(A7,3)&" capacity annual decay limit - "&TEXT(1-E7,"0.0%") -> Coa capacity annual decay limit - 12.0% | I7: 1 | K7: =E7^30 -> 0.021601314
A8: UC_Capdecay-Gas | B8: ELE,CHP | C8: ELCNGA | D8: LO | E8: 0.9 | F8: -1 | G8: 5 | H8: =RIGHT(A8,3)&" capacity annual decay limit - "&TEXT(1-E8,"0.0%") -> Gas capacity annual decay limit - 10.0% | I8: 1 | K8: =E8^30 -> 0.042391158

Sheet Trade costs
B2: ~TFM_INS
B3: TimeSlice | C3: Attribute | D3: Curr | E3: AllRegions | F3: MidEast_Naf | G3: Pset_Set | H3: Pset_PN | I3: Pset_CI | J3: Pset_CO
C4: ACT_COST | D4: USD18 | E4: 25 | G4: IRE | H4: Glb*
C5: ACT_COST | D5: USD18 | E5: =E6*3 -> 1.5 | G5: IRE | H5: Glb* | I5: BIO*
C6: ACT_COST | D6: USD18 | E6: =(0.1+0.9)/2 -> 0.5 | G6: IRE | H6: Glb* | I6: COA* | L6: $10/t
C7: ACT_COST | D7: USD18 | E7: =3/1.1/2 -> 1.3636364 | G7: IRE | H7: Glb* | I7: GAS* | L7: $3/1000 cf
C8: ACT_COST | D8: USD18 | E8: =5/5.8/2 -> 0.43103448 | G8: IRE | H8: Glb* | I8: OIL* | L8: $5/bbl
C9: ACT_COST | D9: USD18 | E9: =E8 -> 0.43103448 | G9: IRE | H9: Glb* | I9: BIODST,BIOGSL,BIOJTK
B10: \I: | C10: ACT_COST | D10: USD18 | E10: =O11/2 -> 6.25 | G10: IRE | H10: Glb* | I10: HH2 | O10: 1 | P10: Euro/kg | Q10: ammonia shipping
C11: ACT_COST | D11: USD18 | E11: =10/(3.6)*1.11/2 -> 1.5416667 | G11: IRE | H11: Glb* | I11: NH3 | O11: =1/120*1000*1.5 -> 12.5 | P11: m$/PJ
C12: ACT_COST | D12: USD18 | E12: =E7*0.95 -> 1.2954545 | G12: IRE | H12: TU_LNG*
C13: ACT_COST | D13: USD18 | E13: =0.15/2 -> 0.075 | F13: =E13/2 -> 0.0375 | G13: IRE | H13: Glb* | I13: *CO2* | L13: CO2 shipping at $150/t
C14: ACT_COST | D14: USD18 | E14: =100/2 -> 50 | G14: IRE | H14: Glb* | I14: im[_]*
B16: ~UC_SETS: R_E: AllRegions
P17: ~TFM_INS: attribute=START
E18: DeACT UC_T: UC_RHSRT~UP | P18: process | Q18: attrib_cond | R18: value
B19: UC_N | C19: cset_set | D19: pset_pn | E19: pset_set | F19: UC_IRE-E | G19: UC_IRE-I | H19: 2020 | I19: 0 | J19: commodity | K19: top_check | L19: region | P19: TU[_]ELC[_]* | Q19: -CAP_BND | R19: 2150 | T19: disabling unbounded trade links
B20: UCS_oil prod export lim | C20: ALLOILcrd,ALLOILprd | E20: IRE | F20: 1 | H20: 0 | I20: 3 | J20: -SUP* | K20: IN
C21: ALLOILcrd | D21: SUP[_]*,WB_Sup* | G21: -1 | J21: -SUP* | K21: OUT
C22: =C20 -> ALLOILcrd,ALLOILprd | E22: =E20 -> IRE | F22: -1 | L22: GBL
B23: UCS_coal prod export lim | C23: AllCOAL,AllCoalind | E23: IRE | F23: 1 | H23: 0 | I23: 3 | J23: -SUP* | K23: IN
C24: AllCoal | D24: MIN*,-IMPNRGZ | E24: IRE | G24: -1 | J24: -SUP* | K24: OUT | R24: 2018 | S24: Décembre | T24: 0.88 | V24: =AVERAGE(T24:T35) -> 0.84833333
C25: AllCOAL,AllCoalind | E25: IRE | F25: -1 | L25: GBL | R25: 2018 | S25: Novembre | T25: 0.88
R26: 2018 | S26: Octobre | T26: 0.87
R27: 2018 | S27: Septembre | T27: 0.86
R28: 2018 | S28: Août | T28: 0.87
E29: ~UC_T: UC_RHSRT~UP | R29: 2018 | S29: Juillet | T29: 0.86
B30: UC_N | C30: pset_pn | D30: pset_co | E30: pset_set | F30: UC_FLO | G30: UC_ACT | H30: 2035 | I30: 0 | J30: commodity | K30: top_check | R30: 2018 | S30: Juin | T30: 0.86
B31: UC_BECCS only from dom bio | D31: CO2Cap* | F31: 1 | H31: 50 | I31: 5 | J31: *BSL* | K31: IN | R31: 2018 | S31: Mai | T31: 0.85
C32: MINBIO* | G32: -1 | R32: 2018 | S32: Avril | T32: 0.81
R33: 2018 | S33: Mars | T33: 0.81
R34: 2018 | S34: Février | T34: 0.81
R35: 2018 | S35: Janvier | T35: 0.82
C36: DeactUC_T: UC_RHSRT~N
B37: UC_N | C37: pset_pn | D37: uc_act | E37: 2035 | F37: 0
B38: UC_H2 export only from elec | C38: Glb*HH2 | D38: 1 | E38: 0 | F38: 5
C39: H2prd_Elc* | D39: -1

Sheet Buildrates
A2: Transport sector | G2: Road transport | H2: Year | I2: fuel | J2: Africa_north | K2: Africa_other | L2: Arg-Chi | M2: Asia_central | N2: Asia_east | O2: Asia_other | P2: Australia_NZ | Q2: Brazil | R2: Canada | S2: China | T2: EU_north | U2: EU_northeast | V2: EU_northwest | W2: EU_south | X2: EU_southeast | Y2: EU_southwest | Z2: Europe_other | AA2: France | AB2: Germany | AC2: India | AD2: LatAm_other | AE2: Mexico | AF2: MidEast_other | AG2: Nor-Ice | AH2: Russia | AI2: SaudiArabia | AJ2: SouthAfrica | AK2: UK | AL2: USA | AM2: \I:
G3: 2019 PJ | H3: 2019 | I3: OBI | Q3: 496.38605 | V3: 0.0008 | AB3: 0.0538506
A4: ~TFM_INS-TS: limtype=FX;pset_set=PRE | H4: 2019 | I4: NON | J4: 1827.6908 | K4: 2230.9798 | L4: 884.22634 | M4: 606.9714 | N4: 3732.6134 | O4: 6390.0862 | P4: 1349.7912 | Q4: 2334.1735 | R4: 2004.2857 | S4: 9984.4677 | T4: 512.62599 | U4: 1611.9483 | V4: 971.72154 | W4: 1451.8878 | X4: 699.79049 | Y4: 1345.321 | Z4: 1759.8616 | AA4: 1615.5034 | AB4: 2111.8832 | AC4: 3776.5389 | AD4: 2297.9322 | AE4: 2014.3127 | AF4: 3857.3898 | AG4: 129.42536 | AH4: 2109.5665 | AI4: 1871.1694 | AJ4: 663.70264 | AK4: 1537.3774 | AL4: 20628.797
A5: attribute | B5: pset_co | C5: pset_pn | D5: 2020 | E5: 0 | H5: 2019 | I5: BIO | K5: 1.9221429 | L5: 64.911063 | M5: 0.0096045 | N5: 44.007304 | O5: 311.06761 | P5: 5.6731723 | Q5: 390.59743 | R5: 88.233519 | S5: 123.93562 | T5: 85.160876 | U5: 89.585484 | V5: 59.366566 | W5: 62.103475 | X5: 39.855055 | Y5: 79.38233 | Z5: 23.4148 | AA5: 133.05519 | AB5: 111.51554 | AC5: 38.457755 | AD5: 62.441997 | AG5: 21.235321 | AK5: 68.90072 | AL5: 1551.2082
A6: ncap_cost | B6: TRAB??,TRA?H2 | C6: -TRAGH2*,-TRALH2* | D6: 0.01
A7: AF | B7: TRAB??,TRA?H2 | C7: -TRAGH2*,-TRALH2* | D7: 1 | E7: 3
A8: LIFE | B8: TRAB??,TRA?H2 | C8: -TRAGH2*,-TRALH2* | D8: 100
H10: ~UC_T: UC_RHSRT~N
E11: UC_N | F11: Pset_CO | G11: pset_pn | H11: UC_ATTR | I11: Year | J11: UC_NCAP | K11: =J$2 -> Africa_north | L11: =K$2 -> Africa_other | M11: =L$2 -> Arg-Chi | N11: =M$2 -> Asia_central | O11: =N$2 -> Asia_east | P11: =O$2 -> Asia_other | Q11: =P$2 -> Australia_NZ | R11: =Q$2 -> Brazil | ... AN11: =AM$2 -> \I: | AO11: 0
A12: 0.01 | E12: UC_Bld_Tra biofuels | F12: TRAB?? | G12: IMPNRGZ | H12: NCAP,BUILDUP | I12: 2019 | J12: 1 | K12: =J$4*$A12+J$5+J$3 -> 18.276908 | L12: =K$4*$A12+K$5+K$3 -> 24.231941 | M12: =L$4*$A12+L$5+L$3 -> 73.753326 | N12: =M$4*$A12+M$5+M$3 -> 6.0793185 | O12: =N$4*$A12+N$5+N$3 -> 81.333438 | P12: =O$4*$A12+O$5+O$3 -> 374.96847 | Q12: =P$4*$A12+P$5+P$3 -> 19.171085 | R12: =Q$4*$A12+Q$5+Q$3 -> 910.32521 | ... AN12: =AM$4*$A12+AM$5+AM$3 -> 0 | AO12: 3
A13: 0.03 | I13: 2030 | K13: =J$4*$A13+J$5+J$3 -> 54.830725 | L13: =K$4*$A13+K$5+K$3 -> 68.851537 | M13: =L$4*$A13+L$5+L$3 -> 91.437853 | N13: =M$4*$A13+M$5+M$3 -> 18.218746 | O13: =N$4*$A13+N$5+N$3 -> 155.98571 | P13: =O$4*$A13+O$5+O$3 -> 502.77019 | Q13: =P$4*$A13+P$5+P$3 -> 46.166909 | R13: =Q$4*$A13+Q$5+Q$3 -> 957.00868 | ... AN13: =AM$4*$A13+AM$5+AM$3 -> 0
A14: 0.06 | I14: 2050 | K14: =J$4*$A14+J$5+J$3 -> 109.66145 | L14: =K$4*$A14+K$5+K$3 -> 135.78093 | M14: =L$4*$A14+L$5+L$3 -> 117.96464 | N14: =M$4*$A14+M$5+M$3 -> 36.427888 | O14: =N$4*$A14+N$5+N$3 -> 267.96411 | P14: =O$4*$A14+O$5+O$3 -> 694.47278 | Q14: =P$4*$A14+P$5+P$3 -> 86.660647 | R14: =Q$4*$A14+Q$5+Q$3 -> 1027.0339 | ... AN14: =AM$4*$A14+AM$5+AM$3 -> 0
H16: ~UC_T: UC_RHSRT~N
E17: UC_N | F17: Pset_CO | G17: pset_pn | H17: UC_ATTR | I17: Year | J17: UC_NCAP | K17: =J$2 -> Africa_north | L17: =K$2 -> Africa_other | M17: =L$2 -> Arg-Chi | N17: =M$2 -> Asia_central | O17: =N$2 -> Asia_east | P17: =O$2 -> Asia_other | Q17: =P$2 -> Australia_NZ | R17: =Q$2 -> Brazil | ... AN17: =AM$2 -> \I: | AO17: 0
A18: 0.02 | E18: UC_Bld_Tra H2 | F18: TRA?H2 | G18: IMPNRGZ | H18: NCAP,BUILDUP | I18: 2019 | J18: 1 | K18: =J$4*$A18 -> 36.553817 | L18: =K$4*$A18 -> 44.619596 | M18: =L$4*$A18 -> 17.684527 | N18: =M$4*$A18 -> 12.139428 | O18: =N$4*$A18 -> 74.652268 | P18: =O$4*$A18 -> 127.80172 | Q18: =P$4*$A18 -> 26.995825 | R18: =Q$4*$A18 -> 46.683469 | ... AN18: =AM$4*$A18 -> 0 | AO18: 3
A19: 0.05 | I19: 2030 | K19: =J$4*$A19 -> 91.384542 | L19: =K$4*$A19 -> 111.54899 | M19: =L$4*$A19 -> 44.211317 | N19: =M$4*$A19 -> 30.34857 | O19: =N$4*$A19 -> 186.63067 | P19: =O$4*$A19 -> 319.50431 | Q19: =P$4*$A19 -> 67.489562 | R19: =Q$4*$A19 -> 116.70867 | ... AN19: =AM$4*$A19 -> 0
A20: 0.075 | I20: 2050 | K20: =J$4*$A20 -> 137.07681 | L20: =K$4*$A20 -> 167.32349 | M20: =L$4*$A20 -> 66.316975 | N20: =M$4*$A20 -> 45.522855 | O20: =N$4*$A20 -> 279.94601 | P20: =O$4*$A20 -> 479.25646 | Q20: =P$4*$A20 -> 101.23434 | R20: =Q$4*$A20 -> 175.06301 | ... AN20: =AM$4*$A20 -> 0

Sheet demelast and reporting
H1: ~UC_SETS: R_E: AllRegions
B2: ~tfm_topins | O2: ~UC_T: N
B3: process | C3: commodity | D3: value | K3: UC_N | L3: pset_set | M3: pset_pn | N3: cset_set | O3: commodity | P3: uc_flo | Q3: uc_ire-e | R3: uc_comprd | S3: uc_comnet | T3: uc_rhsrt~0 | U3: UC_ATTR
B4: agr000 | C4: repuc_unity | D4: out | K4: rep_tra_road_pass | O4: Trd_Car,Trd_2w,Trd_3w,Trd_bus | R4: 1 | T4: 2
B5: dummy_source | C5: NETCO2[_]* | D5: out | K5: rep_tra_road_frt | O5: Trd_Hdt,Trd_Lcv | R5: 1 | T5: 2
B6: dummy_sink | C6: NETCO2[_]* | D6: in | K6: rep_totco2 | O6: TOTCO2 | S6: 1 | T6: 2
K7: *
B8: ~tfm_ins-ts | K8: rep_com_cookhw | O8: CCK | R8: 1 | T8: 2
B9: attribute | C9: commodity | D9: 2020 | E9: 0 | F9: limtype | K9: rep_com_cookhw | O9: CHW | R9: 1 | T9: 2
B10: com_bndnet | C10: repuc_unity | D10: 1 | E10: 3 | F10: FX | K10: rep_com_lightappl | O10: CLA | R10: 1 | T10: 2
K11: rep_com_lightappl | O11: COE,COT,CRF | R11: 1 | T11: 2
K12: rep_com_spcool | O12: CSC | R12: 1 | T12: 2
B13: ~tfm_ins-ts: limtype=LO | K13: rep_com_spht | O13: CSH | R13: 1 | T13: 2
B14: attribute | C14: cset_set | D14: 2025 | E14: 2035 | F14: 2050 | G14: commodity | H14: c_pos_andor_forsets | K14: *
B15: COM_ELAST | C15: DEM | D15: -0.3 | G15: im_stlslabs | H15: OR | K15: rep_res_cookhw | O15: RCK | R15: 1 | T15: 2
B16: COM_VOC | C16: DEM | D16: 0 | E16: 0.3 | F16: 0.5 | G16: im_stlslabs | H16: OR | K16: rep_res_cookhw | O16: RHW | R16: 1 | T16: 2
B17: COM_STEP | C17: DEM | D17: 10 | G17: im_stlslabs | H17: OR | K17: rep_res_lightappl | O17: RCD,RCW,RDW,REA,ROT,RRF | R17: 1 | T17: 2
B18: COM_ELAST | C18: DEM | D18: -0.1 | G18: RSH,RCK,RWH,RSC,CSH,CCK,CSC,CHW | K18: rep_res_lightappl | O18: RLI | R18: 1 | T18: 2
B19: COM_VOC | C19: DEM | D19: 0 | E19: =F19/2 -> 0.025 | F19: 0.05 | K19: rep_res_spcool | O19: RSC | R19: 1 | T19: 2
K20: rep_res_spht | O20: RSH | R20: 1 | T20: 2
K21: *
K22: rep_period_length | M22: agr000 | O22: repuc_unity | P22: 1 | T22: 2 | U22: FLO,PERIOD
L26: ~UC_T: N
K27: UC_N | L27: process | M27: uc_cumact | N27: uc_dynbnd | O27: year
K28: rep_CumFlows | N28: 1
L29: mingas_rs*,minoil_rs* | M29: 1 | O29: 2019-2030
L30: mingas_rs*,minoil_rs* | M30: 1 | O30: 2019-2035
L31: mingas_rs*,minoil_rs* | M31: 1 | O31: 2019-2040
L32: mingas_rs*,minoil_rs* | M32: 1 | O32: 2019-2045

Sheet Thermal elec op costs
A1: Fixom and Varom computation for NEEDS units.sql | AC1: ~TFM_INS-TS: attribute=SHAPE
A2: Plant Type | B2: SO2 Control | C2: NOx Control | D2: Hg Control | E2: Age of Unit | F2: FOM (2019$ /kW-Yr) | G2: Age2 | H2: FOM2 | I2: SHAPE | J2: 1 | K2: 39 | L2: 40 | M2: 41 | N2: 79 | O2: 80 | P2: 81 | Q2: 119 | R2: 120 | S2: 121 | T2: 159 | U2: 160 | V2: 161 | W2: 199 | X2: 200 | AC2: other_indexes | AD2: =J2 -> 1 | AE2: =K2 -> 39 | AF2: =L2 -> 40 | AG2: =M2 -> 41 | AH2: =N2 -> 79 | AI2: =O2 -> 80 | AJ2: =P2 -> 81 | AK2: =Q2 -> 119 | ... AR2: =X2 -> 200
A3: Coal Steam | B3: Dry FGD | C3: None | D3: None | E3: 0 to 40 Years | F3: 39.18 | G3: 40 to 50 Years | H3: 43.5 | I3: 81 | J3: 1 | K3: 1.11 | L3: 6.18 | M3: 1 | N3: 1.11 | O3: 6.18 | P3: 1 | Q3: 1.11 | R3: 6.18 | S3: 1 | T3: 1.11 | U3: 6.18 | V3: 1 | W3: 1.11 | X3: 6.18 | AC3: =I3 -> 81 | AD3: =J3 -> 1 | AE3: =K3 -> 1.11 | AF3: =L3 -> 6.18 | AG3: =M3 -> 1 | AH3: =N3 -> 1.11 | AI3: =O3 -> 6.18 | AJ3: =P3 -> 1 | ... AR3: =X3 -> 6.18
A4: O/G Steam | B4: None | C4: SCR | D4: None | E4: 0 to 40 Years | F4: 19.34 | G4: 40 to 50 Years | H4: 28.67 | I4: 82 | J4: 1 | K4: 1.48 | L4: 10 | M4: 1 | N4: 1.48 | O4: 10 | P4: 1 | Q4: 1.48 | R4: 10 | S4: 1 | T4: 1.48 | U4: 10 | V4: 1 | W4: 1.48 | X4: 10 | AC4: =I4 -> 82 | AD4: =J4 -> 1 | AE4: =K4 -> 1.48 | AF4: =L4 -> 10 | AG4: =M4 -> 1 | AH4: =N4 -> 1.48 | AI4: =O4 -> 10 | AJ4: =P4 -> 1 | ... AR4: =X4 -> 10
AC6: ~TFM_INS-TS: attribute=SHAPE
A7: Plant Type | B7: SO2 Control | C7: NOx Control | D7: Hg Control | E7: Age of Unit | F7: FOM (2019$ /kW-Yr) | G7: SHAPE | H7: 1 | I7: 29 | J7: 30 | K7: 31 | L7: 59 | M7: 60 | N7: 61 | O7: 89 | P7: 90 | Q7: 91 | R7: 119 | S7: 120 | T7: 121 | U7: 149 | V7: 150 | W7: 151 | X7: 179 | Y7: 180 | Z7: 181 | AA7: 200 | AC7: other_indexes | AD7: =H7 -> 1 | AE7: =I7 -> 29 | AF7: =J7 -> 30 | AG7: =K7 -> 31 | AH7: =L7 -> 59 | AI7: =M7 -> 60 | AJ7: =N7 -> 61 | AK7: =O7 -> 89 | ... AW7: =AA7 -> 200
A8: Combined Cycle | B8: None | C8: None | D8: None | E8: All Years | F8: 30.18 | G8: 83 | H8: 1 | I8: 1 | J8: 3.72 | K8: 1 | L8: 1 | M8: 3.72 | N8: 1 | O8: 1 | P8: 3.72 | Q8: 1 | R8: 1 | S8: 3.72 | T8: 1 | U8: 1 | V8: 3.72 | W8: 1 | X8: 1 | Y8: 3.72 | Z8: 1 | AA8: 3.72 | AC8: =G8 -> 83 | AD8: =H8 -> 1 | AE8: =I8 -> 1 | AF8: =J8 -> 3.72 | AG8: =K8 -> 1 | AH8: =L8 -> 1 | AI8: =M8 -> 3.72 | AJ8: =N8 -> 1 | ... AW8: =AA8 -> 3.72
A9: Combustion Turbine | B9: None | C9: None | D9: None | E9: All Years | F9: 19.73 | G9: 84 | H9: 1 | I9: 1 | J9: 13.27 | K9: 1 | L9: 1 | M9: 13.27 | N9: 1 | O9: 1 | P9: 13.27 | Q9: 1 | R9: 1 | S9: 13.27 | T9: 1 | U9: 1 | V9: 13.27 | W9: 1 | X9: 1 | Y9: 13.27 | Z9: 1 | AA9: 13.27 | AC9: =G9 -> 84 | AD9: =H9 -> 1 | AE9: =I9 -> 1 | AF9: =J9 -> 13.27 | AG9: =K9 -> 1 | AH9: =L9 -> 1 | AI9: =M9 -> 13.27 | AJ9: =N9 -> 1 | ... AW9: =AA9 -> 13.27
A12: IPM Table 4-10 Life Extension Cost Assumptions Used in v6
A13: The life extension costs were added once the unit reaches its assumed lifespan.
A14: However, if the unit reaches its lifespan before the first run year, then the life extension cost was applied when the unit reaches twice its lifespan age.
A15: The assumption implies if the unit has reached its lifespan before the first run year, it has already incurred the necessary life extension related investment costs and is considered sunk.
A17: Type, Lifespan | B17: Lifespan | C17: Life Extension Cost (2019$/kW)
A18: Biomass 40 | B18: 40 | C18: 253
A19: Coal Steam 40 | B19: 40 | C19: 203 | G19: ~TFM_INS-TS
A20: Combined Cycle 30 | B20: 30 | C20: 82 | G20: attribute | H20: PSET_SET | I20: other_indexes | J20: CSET_CN | K20: PSET_CI | L20: 2019 | M20: 0
A21: Combustion Turbine 30 | B21: 30 | C21: 242 | G21: NCAP_FOMX | H21: E_Coal,DMD_AUTOP | K21: *CO? | L21: =AC3 -> 81 | M21: 2
A22: IC Engine 30 | B22: 30 | C22: 226 | G22: NCAP_FOMX | H22: E_Gas-ST | L22: =AC4 -> 82 | M22: 2
A23: Oil/Gas Steam 40 | B23: 40 | C23: 174 | G23: NCAP_FOMX | H23: E_Gas-CC | L23: =AC8 -> 83 | M23: 2
A24: IGCC 40 | B24: 40 | C24: 258 | G24: NCAP_FOMX | H24: E_Gas-CT | L24: =AC9 -> 84 | M24: 2
A25: Landfill Gas 20 | B25: 20 | C25: 135
A30: ~TFM_INS
A31: Attribute | B31: Other_Indexes | C31: Year | D31: AllRegions
A32: SHAPE | B32: 85 | C32: 1 | D32: 1 | F32: coal var
A33: SHAPE | B33: =B32 -> 85 | C33: 100 | D33: 1.5
A34: SHAPE | B34: 86 | C34: 1 | D34: 1 | F34: gas var
A35: SHAPE | B35: =B34 -> 86 | C35: 100 | D35: 1.25

Sheet emissions
D1: fuel | E1: kg/GJ | F1: source | R1: ~TFM_DINS | X1: ~TFM_INS | AF1: ~TFM_TOPINS
A2: AGRCOA | B2: =MID(A2,4,7) -> COA | D2: BFG | E2: =N12 -> 55.99 | F2: c | G2: Carbon Dioxide Emissions Coefficients by Fuel | R2: attribute | S2: commodity | T2: other_indexes | U2: value | X2: attribute | Y2: pset_set | Z2: commodity | AA2: other_indexes | AB2: value | AF2: process | AG2: io | AH2: commodity
A3: AGRKER | B3: =MID(A3,4,7) -> KER | D3: BIO | E3: =E5 -> 98.43 | F3: b | H3: Pounds CO2 | J3: Kilograms CO2 | L3: Pounds CO2 | M3: Kilograms CO2 | N3: Kilograms CO2 | R3: VDA_EMCB | S3: =A2 -> AGRCOA | T3: =LEFT(S3,3)&"CO2N"&VLOOKUP(MID(S3,4,7),$D$2:$F$27,3,FALSE) -> AGRCO2Nc | U3: =VLOOKUP(MID(S3,4,7),$D$2:$F$27,2,FALSE) -> 98.43 | X3: COM_AGG | Z3: ???CO2??,-*b,INDCO2P | AA3: TOTCO2 | AB3: 0.001 | AF3: Pipeline-CO2 | AG3: in | AH3: CO2Captured[_]*
A4: AGRLPG | B4: =MID(A4,4,7) -> LPG | D4: BSL | E4: =E3 -> 98.43 | F4: =F3 -> b | G4: Carbon Dioxide (CO2) Factors: | H4: Per Unit of Volume or Mass | J4: Per Unit of Volume or Mass | L4: Per Million Btu | M4: Per Million Btu | N4: Per GJ | R4: VDA_EMCB | S4: =A3 -> AGRKER | T4: =LEFT(S4,3)&"CO2N"&VLOOKUP(MID(S4,4,7),$D$2:$F$27,3,FALSE) -> AGRCO2No | U4: =VLOOKUP(MID(S4,4,7),$D$2:$F$27,2,FALSE) -> 76.28 | X4: COM_AGG | Z4: CO2Captured* | AA4: TOTCO2 | AB4: -0.001
A5: AGRNGA | B5: =MID(A5,4,7) -> NGA | D5: COA | E5: =N30 -> 98.43 | F5: c | G5: For homes and businesses | R5: VDA_EMCB | S5: =A4 -> AGRLPG | T5: =LEFT(S5,3)&"CO2N"&VLOOKUP(MID(S5,4,7),$D$2:$F$27,3,FALSE) -> AGRCO2No | U5: =VLOOKUP(MID(S5,4,7),$D$2:$F$27,2,FALSE) -> 67.53
A6: AGROIL | B6: =MID(A6,4,7) -> OIL | D6: CoaG | E6: =E5 -> 98.43 | F6: c | G6: Propane | H6: 12.7 | I6: gallon | J6: 5.76 | K6: gallon | L6: 139.05 | M6: 63.07 | N6: 66.54 | R6: VDA_EMCB | S6: =A5 -> AGRNGA | T6: =LEFT(S6,3)&"CO2N"&VLOOKUP(MID(S6,4,7),$D$2:$F$27,3,FALSE) -> AGRCO2Ng | U6: =VLOOKUP(MID(S6,4,7),$D$2:$F$27,2,FALSE) -> 55.99
A7: COMCOA | B7: =MID(A7,4,7) -> COA | D7: COB | E7: =N32 -> 103.08 | F7: c | G7: Butane | H7: 14.8 | I7: gallon | J7: 6.71 | K7: gallon | L7: 143.2 | M7: 64.95 | N7: 68.53 | R7: VDA_EMCB | S7: =A6 -> AGROIL | T7: =LEFT(S7,3)&"CO2N"&VLOOKUP(MID(S7,4,7),$D$2:$F$27,3,FALSE) -> AGRCO2No | U7: =VLOOKUP(MID(S7,4,7),$D$2:$F$27,2,FALSE) -> 83.12
A8: COMHFO | B8: =MID(A8,4,7) -> HFO | D8: COG | E8: =E2 -> 55.99 | F8: c | G8: Butane/Propane Mix | H8: 13.7 | I8: gallon | J8: 6.21 | K8: gallon | L8: 141.12 | M8: 64.01 | N8: 67.53 | R8: VDA_EMCB | S8: =A7 -> COMCOA | T8: =LEFT(S8,3)&"CO2N"&VLOOKUP(MID(S8,4,7),$D$2:$F$27,3,FALSE) -> COMCO2Nc | U8: =VLOOKUP(MID(S8,4,7),$D$2:$F$27,2,FALSE) -> 98.43
A9: COMKER | B9: =MID(A9,4,7) -> KER | D9: COK | E9: =N33 -> 120.4 | F9: c | G9: Home Heating and Diesel Fuel (Distillate) | H9: 22.4 | I9: gallon | J9: 10.16 | K9: gallon | L9: 161.3 | M9: 73.16 | N9: 77.19 | R9: VDA_EMCB | S9: =A8 -> COMHFO | T9: =LEFT(S9,3)&"CO2N"&VLOOKUP(MID(S9,4,7),$D$2:$F$27,3,FALSE) -> COMCO2No | U9: =VLOOKUP(MID(S9,4,7),$D$2:$F$27,2,FALSE) -> 83.12 | X9: ~TFM_INS
A10: COMLPG | B10: =MID(A10,4,7) -> LPG | D10: DST | E10: =N9 -> 77.19 | F10: o | G10: Kerosene | H10: 21.5 | I10: gallon | J10: 9.75 | K10: gallon | L10: 159.4 | M10: 72.3 | N10: 76.28 | R10: VDA_EMCB | S10: =A9 -> COMKER | T10: =LEFT(S10,3)&"CO2N"&VLOOKUP(MID(S10,4,7),$D$2:$F$27,3,FALSE) -> COMCO2No | U10: =VLOOKUP(MID(S10,4,7),$D$2:$F$27,2,FALSE) -> 76.28 | X10: attribute | Y10: pset_co | Z10: commodity | AA10: other_indexes | AB10: value | AC10: pset_ci | AD10: pset_set | AF10: main non-energy use emissions
A11: COMNGA | B11: =MID(A11,4,7) -> NGA | D11: ETH | E11: =N6 -> 66.54 | F11: g | G11: Coal (All types) | H11: 4631.5 | I11: short ton | J11: 2100.82 | K11: short ton | L11: 210.2 | M11: 95.35 | N11: 100.59 | R11: VDA_EMCB | S11: =A10 -> COMLPG | T11: =LEFT(S11,3)&"CO2N"&VLOOKUP(MID(S11,4,7),$D$2:$F$27,3,FALSE) -> COMCO2No | U11: =VLOOKUP(MID(S11,4,7),$D$2:$F$27,2,FALSE) -> 67.53 | X11: FLO_EMIS | Y11: ICH_feedstock | Z11: ="INDCO2N"&VLOOKUP(MID(AA11,4,7),$D$2:$F$27,3,FALSE) -> INDCO2No | AA11: OILNAP | AB11: =VLOOKUP(MID(AA11,4,7),$D$2:$F$27,2,FALSE)*AF11 -> 15.362 | AC11: =AA11 -> OILNAP | AD11: -IRE | AF11: 0.2
A12: COMOIL | B12: =MID(A12,4,7) -> OIL | D12: GAS | E12: =N12 -> 55.99 | F12: g | G12: Natural Gas | H12: 117.1 | I12: thousand cubic feet | J12: 53.12 | K12: thousand cubic feet | L12: 117 | M12: 53.07 | N12: 55.99 | R12: VDA_EMCB | S12: =A11 -> COMNGA | T12: =LEFT(S12,3)&"CO2N"&VLOOKUP(MID(S12,4,7),$D$2:$F$27,3,FALSE) -> COMCO2Ng | U12: =VLOOKUP(MID(S12,4,7),$D$2:$F$27,2,FALSE) -> 55.99 | X12: FLO_EMIS | Y12: ICH_feedstock | Z12: ="INDCO2N"&VLOOKUP(MID(AA12,4,7),$D$2:$F$27,3,FALSE) -> INDCO2No | AA12: OILLPG | AB12: =VLOOKUP(MID(AA12,4,7),$D$2:$F$27,2,FALSE)*AF12 -> 13.506 | AC12: =AA12 -> OILLPG | AD12: -IRE | AF12: 0.2
A13: ELCCOA | B13: =MID(A13,4,7) -> COA | D13: GSL | E13: =N13 -> 75.22 | F13: o | G13: Gasoline | H13: 19.6 | I13: gallon | J13: 8.89 | K13: gallon | L13: 157.2 | M13: 71.3 | N13: 75.22 | R13: VDA_EMCB | S13: =A12 -> COMOIL | T13: =LEFT(S13,3)&"CO2N"&VLOOKUP(MID(S13,4,7),$D$2:$F$27,3,FALSE) -> COMCO2No | U13: =VLOOKUP(MID(S13,4,7),$D$2:$F$27,2,FALSE) -> 83.12 | X13: FLO_EMIS | Y13: ICH_feedstock | Z13: ="INDCO2N"&VLOOKUP(MID(AA13,1,3),$D$2:$F$27,3,FALSE) -> INDCO2Ng | AA13: GASNGA | AB13: =VLOOKUP(MID(AA13,4,7),$D$2:$F$27,2,FALSE)*AF13 -> 33.594 | AC13: =AA13 -> GASNGA | AD13: -IRE | AF13: 0.6
A14: ELCCoaG | B14: =MID(A14,4,7) -> CoaG | D14: NAP | E14: =N26 -> 76.81 | F14: o | G14: Residual Heating Fuel (Businesses only) | H14: 26 | I14: gallon | J14: 11.79 | K14: gallon | L14: 173.7 | M14: 78.79 | N14: 83.12 | R14: VDA_EMCB | S14: =A13 -> ELCCOA | T14: =LEFT(S14,3)&"CO2N"&VLOOKUP(MID(S14,4,7),$D$2:$F$27,3,FALSE) -> ELCCO2Nc | U14: =VLOOKUP(MID(S14,4,7),$D$2:$F$27,2,FALSE) -> 98.43 | X14: FLO_EMIS | Y14: ICH_feedstock | Z14: ="INDCO2N"&VLOOKUP(MID(AA14,1,3),$D$2:$F$27,3,FALSE) -> INDCO2Ng | AA14: GASETH | AB14: =VLOOKUP(MID(AA14,4,7),$D$2:$F$27,2,FALSE)*AF14 -> 5.3232 | AC14: =AA14 -> GASETH | AD14: -IRE | AF14: 0.08
A15: ELCCOB | B15: =MID(A15,4,7) -> COB | D15: HFO | E15: =N14 -> 83.12 | F15: o | G15: Other transportation fuels | N15: 0 | R15: VDA_EMCB | S15: =A14 -> ELCCoaG | T15: =LEFT(S15,3)&"CO2N"&VLOOKUP(MID(S15,4,7),$D$2:$F$27,3,FALSE) -> ELCCO2Nc | U15: =VLOOKUP(MID(S15,4,7),$D$2:$F$27,2,FALSE) -> 98.43
A16: ELCGAS | B16: =MID(A16,4,7) -> GAS | D16: JTK | E16: =N16 -> 74.8 | F16: o | G16: Jet Fuel | H16: 21.1 | I16: gallon | J16: 9.57 | K16: gallon | L16: 156.3 | M16: 70.9 | N16: 74.8 | R16: VDA_EMCB | S16: =A15 -> ELCCOB | T16: =LEFT(S16,3)&"CO2N"&VLOOKUP(MID(S16,4,7),$D$2:$F$27,3,FALSE) -> ELCCO2Nc | U16: =VLOOKUP(MID(S16,4,7),$D$2:$F$27,2,FALSE) -> 103.08
A17: ELCNGA | B17: =MID(A17,4,7) -> NGA | D17: KER | E17: =N10 -> 76.28 | F17: o | G17: Aviation Gas | H17: 18.4 | I17: gallon | J17: 8.35 | K17: gallon | L17: 152.6 | M17: 69.2 | N17: 73.01 | R17: VDA_EMCB | S17: =A16 -> ELCGAS | T17: =LEFT(S17,3)&"CO2N"&VLOOKUP(MID(S17,4,7),$D$2:$F$27,3,FALSE) -> ELCCO2Ng | U17: =VLOOKUP(MID(S17,4,7),$D$2:$F$27,2,FALSE) -> 55.99
A18: ELCOIL | B18: =MID(A18,4,7) -> OIL | D18: LPG | E18: =N8 -> 67.53 | F18: o | G18: Industrial fuels and others not listed above | N18: 0 | R18: VDA_EMCB | S18: =A17 -> ELCNGA | T18: =LEFT(S18,3)&"CO2N"&VLOOKUP(MID(S18,4,7),$D$2:$F$27,3,FALSE) -> ELCCO2Ng | U18: =VLOOKUP(MID(S18,4,7),$D$2:$F$27,2,FALSE) -> 55.99 | X18: ~TFM_INS
A19: ELCOIL_CRD | B19: =MID(A19,4,7) -> OIL_CRD | D19: NGA | E19: =N12 -> 55.99 | F19: g | G19: Flared natural gas | H19: 120.7 | I19: thousand cubic feet | J19: 54.75 | K19: thousand cubic feet | L19: 120.6 | M19: 54.7 | N19: 57.71 | R19: VDA_EMCB | S19: =A18 -> ELCOIL | T19: =LEFT(S19,3)&"CO2N"&VLOOKUP(MID(S19,4,7),$D$2:$F$27,3,FALSE) -> ELCCO2No | U19: =VLOOKUP(MID(S19,4,7),$D$2:$F$27,2,FALSE) -> 83.12 | X19: attribute | Y19: pset_ci | Z19: pset_pn | AA19: commodity | AB19: other_indexes | AC19: value | AD19: pset_co | AE19: pset_set
A20: ELCOIL_DST | B20: =MID(A20,4,7) -> OIL_DST | D20: OIL | E20: =N14 -> 83.12 | F20: o | G20: Petroleum coke | H20: 32.4 | I20: gallon | J20: 14.7 | K20: gallon | L20: 225.1 | M20: 102.1 | N20: 107.72 | R20: VDA_EMCB | S20: =A19 -> ELCOIL_CRD | T20: =LEFT(S20,3)&"CO2N"&VLOOKUP(MID(S20,4,7),$D$2:$F$27,3,FALSE) -> ELCCO2No | U20: =VLOOKUP(MID(S20,4,7),$D$2:$F$27,2,FALSE) -> 83.12 | X20: FLO_EMIS | Y20: BIOBSL | AA20: HH2CO2Nb | AB20: BIOBSL | AC20: =VLOOKUP(MID(AB20,1,3),$D$2:$F$27,2,FALSE) -> 98.43 | AD20: HH2 | AE20: PRE
A21: ELCWAS | B21: =MID(A21,4,7) -> WAS | D21: OIL_CRD | E21: =N14 -> 83.12 | F21: o | G21: Other petroleum & miscellaneous | H21: 22.09 | I21: gallon | J21: 10.02 | K21: gallon | L21: 160.1 | M21: 72.62 | N21: 76.61 | R21: VDA_EMCB | S21: =A20 -> ELCOIL_DST | T21: =LEFT(S21,3)&"CO2N"&VLOOKUP(MID(S21,4,7),$D$2:$F$27,3,FALSE) -> ELCCO2No | U21: =VLOOKUP(MID(S21,4,7),$D$2:$F$27,2,FALSE) -> 77.19 | X21: FLO_EMIS | Y21: COAHCO | AA21: HH2CO2Nc | AB21: COAHCO | AC21: =VLOOKUP(MID(AB21,1,3),$D$2:$F$27,2,FALSE) -> 98.43 | AD21: HH2 | AE21: PRE
A22: INDBFG | B22: =MID(A22,4,7) -> BFG | D22: OIL_DST | E22: =E10 -> 77.19 | F22: o | G22: Nonfuel uses | N22: 0 | R22: VDA_EMCB | S22: =A21 -> ELCWAS | T22: =LEFT(S22,3)&"CO2N"&VLOOKUP(MID(S22,4,7),$D$2:$F$27,3,FALSE) -> ELCCO2Nw | U22: =VLOOKUP(MID(S22,4,7),$D$2:$F$27,2,FALSE) -> 43.98 | X22: FLO_EMIS | Y22: GASNGA | AA22: HH2CO2Ng | AB22: GASNGA | AC22: =VLOOKUP(MID(AB22,1,3),$D$2:$F$27,2,FALSE) -> 55.99 | AD22: HH2 | AE22: PRE
A23: ELCBSL | B23: =MID(A23,4,7) -> BSL | D23: OVC | E23: =N33 -> 120.4 | F23: c | G23: Asphalt and Road Oil | H23: 26.34 | I23: gallon | J23: 11.95 | K23: gallon | L23: 166.7 | M23: 75.61 | N23: 79.77 | R23: VDA_EMCB | S23: =A22 -> INDBFG | T23: =LEFT(S23,3)&"CO2N"&VLOOKUP(MID(S23,4,7),$D$2:$F$27,3,FALSE) -> INDCO2Nc | U23: =VLOOKUP(MID(S23,4,7),$D$2:$F$27,2,FALSE) -> 55.99
A24: INDCOA | B24: =MID(A24,4,7) -> COA | D24: PTC | E24: =N20 -> 107.72 | F24: o | G24: Lubricants | H24: 23.62 | I24: gallon | J24: 10.72 | K24: gallon | L24: 163.6 | M24: 74.21 | N24: 78.29 | R24: VDA_EMCB | S24: =A23 -> ELCBSL | T24: =LEFT(S24,3)&"CO2N"&VLOOKUP(MID(S24,4,7),$D$2:$F$27,3,FALSE) -> ELCCO2Nb | U24: =VLOOKUP(MID(S24,4,7),$D$2:$F$27,2,FALSE) -> 98.43
A25: INDCOG | B25: =MID(A25,4,7) -> COG | D25: RFG | E25: =E2 -> 55.99 | F25: o | G25: Petrochemical Feedstocks | H25: 24.74 | I25: gallon | J25: 11.22 | K25: gallon | L25: 156.6 | M25: 71.03 | N25: 74.94 | R25: VDA_EMCB | S25: =A24 -> INDCOA | T25: =LEFT(S25,3)&"CO2N"&VLOOKUP(MID(S25,4,7),$D$2:$F$27,3,FALSE) -> INDCO2Nc | U25: =VLOOKUP(MID(S25,4,7),$D$2:$F$27,2,FALSE) -> 98.43
A26: INDCOK | B26: =MID(A26,4,7) -> COK | D26: RPP | E26: =N9 -> 77.19 | F26: o | G26: Special Naphthas (solvents) | H26: 20.05 | I26: gallon | J26: 9.1 | K26: gallon | L26: 160.5 | M26: 72.8 | N26: 76.81 | R26: VDA_EMCB | S26: =A25 -> INDCOG | T26: =LEFT(S26,3)&"CO2N"&VLOOKUP(MID(S26,4,7),$D$2:$F$27,3,FALSE) -> INDCO2Nc | U26: =VLOOKUP(MID(S26,4,7),$D$2:$F$27,2,FALSE) -> 55.99
A27: INDHFO | B27: =MID(A27,4,7) -> HFO | D27: WAS | E27: =N36 -> 43.98 | F27: w | G27: Waxes | H27: 21.11 | I27: gallon | J27: 9.57 | K27: gallon | L27: 160.1 | M27: 72.62 | N27: 76.61 | R27: VDA_EMCB | S27: =A26 -> INDCOK | T27: =LEFT(S27,3)&"CO2N"&VLOOKUP(MID(S27,4,7),$D$2:$F$27,3,FALSE) -> INDCO2Nc | U27: =VLOOKUP(MID(S27,4,7),$D$2:$F$27,2,FALSE) -> 120.4
A28: INDLPG | B28: =MID(A28,4,7) -> LPG | G28: Coals by type | R28: VDA_EMCB | S28: =A27 -> INDHFO | T28: =LEFT(S28,3)&"CO2N"&VLOOKUP(MID(S28,4,7),$D$2:$F$27,3,FALSE) -> INDCO2No | U28: =VLOOKUP(MID(S28,4,7),$D$2:$F$27,2,FALSE) -> 83.12 | X28: ~TFM_INS
A29: INDNGA | B29: =MID(A29,4,7) -> NGA | G29: Anthractie | H29: 5685 | I29: short ton | J29: 2578.68 | K29: short ton | L29: 228.6 | M29: 103.7 | N29: 109.4 | R29: VDA_EMCB | S29: =A28 -> INDLPG | T29: =LEFT(S29,3)&"CO2N"&VLOOKUP(MID(S29,4,7),$D$2:$F$27,3,FALSE) -> INDCO2No | U29: =VLOOKUP(MID(S29,4,7),$D$2:$F$27,2,FALSE) -> 67.53 | X29: attribute | Y29: commodity | Z29: other_indexes | AA29: value
A30: INDOIL | B30: =MID(A30,4,7) -> OIL | G30: Bituminous | H30: 4931.3 | I30: short ton | J30: 2236.8 | K30: short ton | L30: 205.7 | M30: 93.3 | N30: 98.43 | R30: VDA_EMCB | S30: =A29 -> INDNGA | T30: =LEFT(S30,3)&"CO2N"&VLOOKUP(MID(S30,4,7),$D$2:$F$27,3,FALSE) -> INDCO2Ng | U30: =VLOOKUP(MID(S30,4,7),$D$2:$F$27,2,FALSE) -> 55.99 | X30: COM_AGG | Y30: ELCCO2??,-*b | Z30: NetCO2_ELC | AA30: 0.001
A31: INDOVC | B31: =MID(A31,4,7) -> OVC | G31: Subbituminous | H31: 3715.9 | I31: short ton | J31: 1685.51 | K31: short ton | L31: 214.3 | M31: 97.2 | N31: 102.55 | R31: VDA_EMCB | S31: =A30 -> INDOIL | T31: =LEFT(S31,3)&"CO2N"&VLOOKUP(MID(S31,4,7),$D$2:$F$27,3,FALSE) -> INDCO2No | U31: =VLOOKUP(MID(S31,4,7),$D$2:$F$27,2,FALSE) -> 83.12 | X31: COM_AGG | Y31: CO2Captured_elc | Z31: NetCO2_ELC | AA31: -0.001
A32: INDPTC | B32: =MID(A32,4,7) -> PTC | G32: Lignite | H32: 2791.6 | I32: short ton | J32: 1266.25 | K32: short ton | L32: 215.4 | M32: 97.7 | N32: 103.08 | R32: VDA_EMCB | S32: =A31 -> INDOVC | T32: =LEFT(S32,3)&"CO2N"&VLOOKUP(MID(S32,4,7),$D$2:$F$27,3,FALSE) -> INDCO2Nc | U32: =VLOOKUP(MID(S32,4,7),$D$2:$F$27,2,FALSE) -> 120.4 | X32: *
A33: RESCOA | B33: =MID(A33,4,7) -> COA | G33: Coke | H33: 6239.68 | I33: short ton | J33: 2830.27 | K33: short ton | L33: 251.6 | M33: 114.12 | N33: 120.4 | R33: VDA_EMCB | S33: =A32 -> INDPTC | T33: =LEFT(S33,3)&"CO2N"&VLOOKUP(MID(S33,4,7),$D$2:$F$27,3,FALSE) -> INDCO2No | U33: =VLOOKUP(MID(S33,4,7),$D$2:$F$27,2,FALSE) -> 107.72 | X33: COM_AGG | Y33: INDCO2??,-*b,INDCO2P | Z33: NetCO2_IND | AA33: 0.001
A34: RESHFO | B34: =MID(A34,4,7) -> HFO | G34: Other fuels | R34: VDA_EMCB | S34: =A33 -> RESCOA | T34: =LEFT(S34,3)&"CO2N"&VLOOKUP(MID(S34,4,7),$D$2:$F$27,3,FALSE) -> RESCO2Nc | U34: =VLOOKUP(MID(S34,4,7),$D$2:$F$27,2,FALSE) -> 98.43 | X34: COM_AGG | Y34: CO2Captured_ind | Z34: NetCO2_IND | AA34: -0.001
A35: RESKER | B35: =MID(A35,4,7) -> KER | G35: Geothermal (average all generation) | H35: NA | J35: NA | L35: 16.99 | M35: 7.71 | N35: 8.13 | R35: VDA_EMCB | S35: =A34 -> RESHFO | T35: =LEFT(S35,3)&"CO2N"&VLOOKUP(MID(S35,4,7),$D$2:$F$27,3,FALSE) -> RESCO2No | U35: =VLOOKUP(MID(S35,4,7),$D$2:$F$27,2,FALSE) -> 83.12 | X35: *
A36: RESLPG | B36: =MID(A36,4,7) -> LPG | G36: Municiple Solid Waste | H36: 5771 | I36: short ton | J36: 2617.68 | K36: short ton | L36: 91.9 | M36: 41.69 | N36: 43.98 | R36: VDA_EMCB | S36: =A35 -> RESKER | T36: =LEFT(S36,3)&"CO2N"&VLOOKUP(MID(S36,4,7),$D$2:$F$27,3,FALSE) -> RESCO2No | U36: =VLOOKUP(MID(S36,4,7),$D$2:$F$27,2,FALSE) -> 76.28 | X36: COM_AGG | Y36: SUPCO2??,HH2CO2??,-*b | Z36: NetCO2_SUP | AA36: 0.001
A37: RESNGA | B37: =MID(A37,4,7) -> NGA | G37: Tire-derived fuel | H37: 6160 | I37: short ton | J37: 2794.13 | K37: short ton | L37: 189.54 | M37: 85.97 | N37: 90.7 | R37: VDA_EMCB | S37: =A36 -> RESLPG | T37: =LEFT(S37,3)&"CO2N"&VLOOKUP(MID(S37,4,7),$D$2:$F$27,3,FALSE) -> RESCO2No | U37: =VLOOKUP(MID(S37,4,7),$D$2:$F$27,2,FALSE) -> 67.53 | X37: COM_AGG | Y37: CO2Captured_sup | Z37: NetCO2_SUP | AA37: -0.001
A38: RESOIL | B38: =MID(A38,4,7) -> OIL | G38: Waste oil | H38: 924 | I38: barrel | J38: 419.12 | K38: barrel | L38: 210 | M38: 95.25 | N38: 100.49 | R38: VDA_EMCB | S38: =A37 -> RESNGA | T38: =LEFT(S38,3)&"CO2N"&VLOOKUP(MID(S38,4,7),$D$2:$F$27,3,FALSE) -> RESCO2Ng | U38: =VLOOKUP(MID(S38,4,7),$D$2:$F$27,2,FALSE) -> 55.99 | X38: COM_AGG | Y38: CO2Captured_ccu | Z38: NetCO2_SUP | AA38: -0.001
A39: SUPBFG | B39: =MID(A39,4,7) -> BFG | G39: Source: U.S. Energy Information Administration estimates. | R39: VDA_EMCB | S39: =A38 -> RESOIL | T39: =LEFT(S39,3)&"CO2N"&VLOOKUP(MID(S39,4,7),$D$2:$F$27,3,FALSE) -> RESCO2No | U39: =VLOOKUP(MID(S39,4,7),$D$2:$F$27,2,FALSE) -> 83.12 | X39: *
A40: SUPBIO | B40: =MID(A40,4,7) -> BIO | G40: Note: To convert to carbon equivalents multiply by 12/44. | R40: VDA_EMCB | S40: =A39 -> SUPBFG | T40: =LEFT(S40,3)&"CO2N"&VLOOKUP(MID(S40,4,7),$D$2:$F$27,3,FALSE) -> SUPCO2Nc | U40: =VLOOKUP(MID(S40,4,7),$D$2:$F$27,2,FALSE) -> 55.99 | X40: COM_AGG | Y40: COMCO2N?,RESCO2N? | Z40: NetCO2_Bldg | AA40: 0.001
A41: SUPCOA | B41: =MID(A41,4,7) -> COA | G41: Coefficients may vary slightly with estimation method and across time. | R41: VDA_EMCB | S41: =A40 -> SUPBIO | T41: =LEFT(S41,3)&"CO2N"&VLOOKUP(MID(S41,4,7),$D$2:$F$27,3,FALSE) -> SUPCO2Nb | U41: =VLOOKUP(MID(S41,4,7),$D$2:$F$27,2,FALSE) -> 98.43 | X41: COM_AGG | Y41: TRACO2N? | Z41: NetCO2_TRA | AA41: 0.001
A42: SUPCOG | B42: =MID(A42,4,7) -> COG | R42: VDA_EMCB | S42: =A41 -> SUPCOA | T42: =LEFT(S42,3)&"CO2N"&VLOOKUP(MID(S42,4,7),$D$2:$F$27,3,FALSE) -> SUPCO2Nc | U42: =VLOOKUP(MID(S42,4,7),$D$2:$F$27,2,FALSE) -> 98.43
A43: SUPNGA | B43: =MID(A43,4,7) -> NGA | R43: VDA_EMCB | S43: =A42 -> SUPCOG | T43: =LEFT(S43,3)&"CO2N"&VLOOKUP(MID(S43,4,7),$D$2:$F$27,3,FALSE) -> SUPCO2Nc | U43: =VLOOKUP(MID(S43,4,7),$D$2:$F$27,2,FALSE) -> 55.99
A44: SUPOIL | B44: =MID(A44,4,7) -> OIL | R44: VDA_EMCB | S44: =A43 -> SUPNGA | T44: =LEFT(S44,3)&"CO2N"&VLOOKUP(MID(S44,4,7),$D$2:$F$27,3,FALSE) -> SUPCO2Ng | U44: =VLOOKUP(MID(S44,4,7),$D$2:$F$27,2,FALSE) -> 55.99
A45: SUPRFG | B45: =MID(A45,4,7) -> RFG | R45: VDA_EMCB | S45: =A44 -> SUPOIL | T45: =LEFT(S45,3)&"CO2N"&VLOOKUP(MID(S45,4,7),$D$2:$F$27,3,FALSE) -> SUPCO2No | U45: =VLOOKUP(MID(S45,4,7),$D$2:$F$27,2,FALSE) -> 83.12 | X45: ~TFM_INS-TS
A46: SUPRPP | B46: =MID(A46,4,7) -> RPP | R46: VDA_EMCB | S46: =A45 -> SUPRFG | T46: =LEFT(S46,3)&"CO2N"&VLOOKUP(MID(S46,4,7),$D$2:$F$27,3,FALSE) -> SUPCO2No | U46: =VLOOKUP(MID(S46,4,7),$D$2:$F$27,2,FALSE) -> 55.99 | X46: Attribute | Y46: Other_Indexes | Z46: PSET_CI | AA46: CSET_CN | AB46: 2020 | AC46: 2050 | AD46: PSET_CO
A47: TRACOA | B47: =MID(A47,4,7) -> COA | R47: VDA_EMCB | S47: =A46 -> SUPRPP | T47: =LEFT(S47,3)&"CO2N"&VLOOKUP(MID(S47,4,7),$D$2:$F$27,3,FALSE) -> SUPCO2No | U47: =VLOOKUP(MID(S47,4,7),$D$2:$F$27,2,FALSE) -> 77.19 | X47: FLO_EMIS | Y47: ELCCO2Nc | Z47: ELCCOA | AA47: CO2Captured_elc | AB47: 0.9 | AD47: CO2Captured_elc
A48: TRADST | B48: =MID(A48,4,7) -> DST | R48: VDA_EMCB | S48: =A47 -> TRACOA | T48: =LEFT(S48,3)&"CO2N"&VLOOKUP(MID(S48,4,7),$D$2:$F$27,3,FALSE) -> TRACO2Nc | U48: =VLOOKUP(MID(S48,4,7),$D$2:$F$27,2,FALSE) -> 98.43 | X48: FLO_EMIS | Y48: ELCCO2Nb | Z48: ELCBSL | AA48: CO2Captured_elc | AB48: 0.8 | AD48: CO2Captured_elc
A49: TRAGSL | B49: =MID(A49,4,7) -> GSL | R49: VDA_EMCB | S49: =A48 -> TRADST | T49: =LEFT(S49,3)&"CO2N"&VLOOKUP(MID(S49,4,7),$D$2:$F$27,3,FALSE) -> TRACO2No | U49: =VLOOKUP(MID(S49,4,7),$D$2:$F$27,2,FALSE) -> 77.19 | X49: FLO_EMIS | Y49: ELCCO2Ng | Z49: ELCNGA | AA49: CO2Captured_elc | AB49: 0.95 | AC49: 0.98 | AD49: CO2Captured_elc
A50: TRAHFO | B50: =MID(A50,4,7) -> HFO | R50: VDA_EMCB | S50: =A49 -> TRAGSL | T50: =LEFT(S50,3)&"CO2N"&VLOOKUP(MID(S50,4,7),$D$2:$F$27,3,FALSE) -> TRACO2No | U50: =VLOOKUP(MID(S50,4,7),$D$2:$F$27,2,FALSE) -> 75.22
A51: TRAJTK | B51: =MID(A51,4,7) -> JTK | R51: VDA_EMCB | S51: =A50 -> TRAHFO | T51: =LEFT(S51,3)&"CO2N"&VLOOKUP(MID(S51,4,7),$D$2:$F$27,3,FALSE) -> TRACO2No | U51: =VLOOKUP(MID(S51,4,7),$D$2:$F$27,2,FALSE) -> 83.12
A52: TRALPG | B52: =MID(A52,4,7) -> LPG | R52: VDA_EMCB | S52: =A51 -> TRAJTK | T52: =LEFT(S52,3)&"CO2N"&VLOOKUP(MID(S52,4,7),$D$2:$F$27,3,FALSE) -> TRACO2No | U52: =VLOOKUP(MID(S52,4,7),$D$2:$F$27,2,FALSE) -> 74.8 | X52: ~TFM_INS-TS
A53: TRANGA | B53: =MID(A53,4,7) -> NGA | R53: VDA_EMCB | S53: =A52 -> TRALPG | T53: =LEFT(S53,3)&"CO2N"&VLOOKUP(MID(S53,4,7),$D$2:$F$27,3,FALSE) -> TRACO2No | U53: =VLOOKUP(MID(S53,4,7),$D$2:$F$27,2,FALSE) -> 67.53 | X53: pset_ci | Y53: oth_ind | Z53: pset_pn | AA53: attribute | AB53: pset_co | AC53: 2020 | AD53: 2030 | AE53: commodity
A54: INDBIO | B54: =MID(A54,4,7) -> BIO | R54: VDA_EMCB | S54: =A53 -> TRANGA | T54: =LEFT(S54,3)&"CO2N"&VLOOKUP(MID(S54,4,7),$D$2:$F$27,3,FALSE) -> TRACO2Ng | U54: =VLOOKUP(MID(S54,4,7),$D$2:$F$27,2,FALSE) -> 55.99 | X54: GASNGA | Y54: HH2CO2Ng | Z54: *CCS* | AA54: FLO_EMIS | AB54: HH2 | AC54: 0.9 | AD54: 0.95 | AE54: CO2Captured_sup
R55: VDA_EMCB | S55: =A54 -> INDBIO | T55: =LEFT(S55,3)&"CO2N"&VLOOKUP(MID(S55,4,7),$D$2:$F$27,3,FALSE) -> INDCO2Nb | U55: =VLOOKUP(MID(S55,4,7),$D$2:$F$27,2,FALSE) -> 98.43 | X55: BIOBSL | Y55: HH2CO2Nb | Z55: *CCS* | AA55: FLO_EMIS | AB55: HH2 | AC55: 0.9 | AD55: 0.95 | AE55: CO2Captured_sup
R56: VDA_EMCB | S56: AGRNGAHH2 | T56: =LEFT(S56,3)&"CO2Ng" -> AGRCO2Ng | U56: =$U$54*0.946210660729553 -> 52.978335
R57: VDA_EMCB | S57: TRANGAHH2 | T57: =LEFT(S57,3)&"CO2Ng" -> TRACO2Ng | U57: =$U$54*0.946210660729553 -> 52.978335
R58: VDA_EMCB | S58: COMNGAHH2 | T58: =LEFT(S58,3)&"CO2Ng" -> COMCO2Ng | U58: =$U$54*0.946210660729553 -> 52.978335
R59: VDA_EMCB | S59: RESNGAHH2 | T59: =LEFT(S59,3)&"CO2Ng" -> RESCO2Ng | U59: =$U$54*0.946210660729553 -> 52.978335
R60: VDA_EMCB | S60: INDNGAHH2 | T60: =LEFT(S60,3)&"CO2Ng" -> INDCO2Ng | U60: =$U$54*0.946210660729553 -> 52.978335
R61: VDA_EMCB | S61: ELCNGAHH2 | T61: =LEFT(S61,3)&"CO2Ng" -> ELCCO2Ng | U61: =$U$54*0.946210660729553 -> 52.978335
R62: VDA_EMCB | S62: SUPNGAHH2 | T62: =LEFT(S62,3)&"CO2Ng" -> SUPCO2Ng | U62: =$U$54*0.946210660729553 -> 52.978335

Sheet CO2 transp and sto
M1: ~TFM_INS-TS: limtype=LO;cset_set=ENV | S1: ~TFM_INS-TS: limtype=LO;cset_set=ENV
B2: ~TFM_INS-AT | H2: year | I2: ActiveReg | J2: * | K2: kt CO2 | M2: region | N2: attribute | O2: 2020 | P2: 0 | Q2: commodity | S2: region | T2: attribute | U2: 2020 | V2: 0 | W2: commodity
B3: Region | C3: Process | D3: ACT_COST | E3: Curr | H3: 2019 | I3: Africa_north | K3: 578810 | M3: =$I3 -> Africa_north | N3: COM_BNDNET | O3: =-K3/1000 -> -578.81 | P3: 3 | Q3: TOTCO2 | S3: =$I3 -> Africa_north | T3: COM_BNDNET | U3: =-K3/1000*2/3 -> -385.87333 | V3: 3 | W3: *net*
B4: USA | C4: Pipeline-CO2 | D4: 0.025 | E4: USD20 | H4: 2019 | I4: Africa_other | K4: 384550 | M4: =$I4 -> Africa_other | N4: COM_BNDNET | O4: =-K4/1000 -> -384.55 | P4: 3 | Q4: TOTCO2 | S4: =$I4 -> Africa_other | T4: COM_BNDNET | U4: =-K4/1000*2/3 -> -256.36667 | V4: 3 | W4: *net*
B5: UK | C5: Pipeline-CO2 | D5: 0.08 | E5: USD20 | H5: 2019 | I5: Arg-Chi | K5: 259470.01 | M5: =$I5 -> Arg-Chi | N5: COM_BNDNET | O5: =-K5/1000 -> -259.47001 | P5: 3 | Q5: TOTCO2 | S5: =$I5 -> Arg-Chi | T5: COM_BNDNET | U5: =-K5/1000*2/3 -> -172.98001 | V5: 3 | W5: *net*
B6: SouthAfrica | C6: Pipeline-CO2 | D6: 0.08 | E6: USD20 | H6: 2019 | I6: Asia_central | K6: 472950 | M6: =$I6 -> Asia_central | N6: COM_BNDNET | O6: =-K6/1000 -> -472.95 | P6: 3 | Q6: TOTCO2 | S6: =$I6 -> Asia_central | T6: COM_BNDNET | U6: =-K6/1000*2/3 -> -315.3 | V6: 3 | W6: *net*
B7: SaudiArabia | C7: Pipeline-CO2 | D7: 0.01 | E7: USD20 | H7: 2019 | I7: Asia_east | K7: 1692359.9 | M7: =$I7 -> Asia_east | N7: COM_BNDNET | O7: =-K7/1000 -> -1692.3599 | P7: 3 | Q7: TOTCO2 | S7: =$I7 -> Asia_east | T7: COM_BNDNET | U7: =-K7/1000*2/3 -> -1128.2399 | V7: 3 | W7: *net*
B8: Russia | C8: Pipeline-CO2 | D8: 0.05 | E8: USD20 | H8: 2019 | I8: Asia_other | K8: 2166610 | M8: =$I8 -> Asia_other | N8: COM_BNDNET | O8: =-K8/1000 -> -2166.61 | P8: 3 | Q8: TOTCO2 | S8: =$I8 -> Asia_other | T8: COM_BNDNET | U8: =-K8/1000*2/3 -> -1444.4067 | V8: 3 | W8: *net*
B9: Nor-Ice | C9: Pipeline-CO2 | D9: 0.08 | E9: USD20 | H9: 2019 | I9: Australia_NZ | K9: 420540 | M9: =$I9 -> Australia_NZ | N9: COM_BNDNET | O9: =-K9/1000 -> -420.54 | P9: 3 | Q9: TOTCO2 | S9: =$I9 -> Australia_NZ | T9: COM_BNDNET | U9: =-K9/1000*2/3 -> -280.36 | V9: 3 | W9: *net*
B10: MidEast_other | C10: Pipeline-CO2 | D10: 0.01 | E10: USD20 | H10: 2019 | I10: Brazil | K10: 434299.99 | M10: =$I10 -> Brazil | N10: COM_BNDNET | O10: =-K10/1000 -> -434.29999 | P10: 3 | Q10: TOTCO2 | S10: =$I10 -> Brazil | T10: COM_BNDNET | U10: =-K10/1000*2/3 -> -289.53333 | V10: 3 | W10: *net*
B11: Mexico | C11: Pipeline-CO2 | D11: 0.035 | E11: USD20 | H11: 2019 | I11: Canada | K11: 580210.02 | M11: =$I11 -> Canada | N11: COM_BNDNET | O11: =-K11/1000 -> -580.21002 | P11: 3 | Q11: TOTCO2 | S11: =$I11 -> Canada | T11: COM_BNDNET | U11: =-K11/1000*2/3 -> -386.80668 | V11: 3 | W11: *net*
B12: LatAm_other | C12: Pipeline-CO2 | D12: 0.0375 | E12: USD20 | H12: 2019 | I12: China | K12: 10707220 | M12: =$I12 -> China | N12: COM_BNDNET | O12: =-K12/1000 -> -10707.22 | P12: 3 | Q12: TOTCO2 | S12: =$I12 -> China | T12: COM_BNDNET | U12: =-K12/1000*2/3 -> -7138.1465 | V12: 3 | W12: *net*
B13: India | C13: Pipeline-CO2 | D13: 0.08 | E13: USD20 | H13: 2019 | I13: EU_north | K13: 105410 | M13: =$I13 -> EU_north | N13: COM_BNDNET | O13: =-K13/1000 -> -105.41 | P13: 3 | Q13: TOTCO2 | S13: =$I13 -> EU_north | T13: COM_BNDNET | U13: =-K13/1000*2/3 -> -70.273333 | V13: 3 | W13: *net*
B14: Germany | C14: Pipeline-CO2 | D14: 0.08 | E14: USD20 | H14: 2019 | I14: EU_northeast | K14: 516750 | M14: =$I14 -> EU_northeast | N14: COM_BNDNET | O14: =-K14/1000 -> -516.75 | P14: 3 | Q14: TOTCO2 | S14: =$I14 -> EU_northeast | T14: COM_BNDNET | U14: =-K14/1000*2/3 -> -344.5 | V14: 3 | W14: *net*
B15: France | C15: Pipeline-CO2 | D15: 0.08 | E15: USD20 | H15: 2019 | I15: EU_northwest | K15: 284590 | M15: =$I15 -> EU_northwest | N15: COM_BNDNET | O15: =-K15/1000 -> -284.59 | P15: 3 | Q15: TOTCO2 | S15: =$I15 -> EU_northwest | T15: COM_BNDNET | U15: =-K15/1000*2/3 -> -189.72667 | V15: 3 | W15: *net*
... B31: Africa_other | C31: Pipeline-CO2 | D31: 0.08 | E31: USD20 | H31: 2019 | I31: USA | K31: 4817720.2 | M31: =$I31 -> USA | N31: COM_BNDNET | O31: =-K31/1000 -> -4817.7202 | P31: 3 | Q31: TOTCO2 | S31: =$I31 -> USA | T31: COM_BNDNET | U31: =-K31/1000*2/3 -> -3211.8135 | V31: 3 | W31: *net*
B32: Africa_north | C32: Pipeline-CO2 | D32: 0.08 | E32: USD20

Sheet mining aux flows
B2: ~TFM_INS
B3: Attribute | C3: PSET_PN | D3: CSET_CN | E3: =E$61 -> Africa_north | F3: =F$61 -> Africa_other | G3: =G$61 -> Arg-Chi | H3: =H$61 -> Asia_central | I3: =I$61 -> Asia_east | J3: =J$61 -> Asia_other | K3: =K$61 -> Australia_NZ | L3: =L$61 -> Brazil | ... AH3: =AH$61 -> \I: | AJ3: Attribute | AK3: PSET_PN | AL3: CSET_CN | AM3: =E3 -> Africa_north | AN3: =F3 -> Africa_other | AO3: =G3 -> Arg-Chi | AP3: =H3 -> Asia_central | AQ3: =I3 -> Asia_east | AR3: =J3 -> Asia_other | AS3: =K3 -> Australia_NZ | AT3: =L3 -> Brazil | ... BP3: =AH3 -> \I:
B4: Input | C4: MINOIL*,MINGAS* | D4: SUPBDS | E4: =IFERROR(IF(ROUND(SUMIFS(E$62:E$85,$D$62:$D$85,$D4,$C$62:$C$85,$C4)/SUM(E$40:E$41),3)=0,"",-SUMIFS(E$62:E$85,$D$62:$D$85,$D4,$C$62:$C$85,$C4)/SUM(E$40:E$41)),"") | F4: =IFERROR(IF(ROUND(SUMIFS(F$62:F$85,$D$62:$D$85,$D4,$C$62:$C$85,$C4)/SUM(F$40:F$41),3)=0,"",-SUMIFS(F$62:F$85,$D$62:$D$85,$D4,$C$62:$C$85,$C4)/SUM(F$40:F$41)),"") | G4: =IFERROR(IF(ROUND(SUMIFS(G$62:G$85,$D$62:$D$85,$D4,$C$62:$C$85,$C4)/SUM(G$40:G$41),3)=0,"",-SUMIFS(G$62:G$85,$D$62:$D$85,$D4,$C$62:$C$85,$C4)/SUM(G$40:G$41)),"") | H4: =IFERROR(IF(ROUND(SUMIFS(H$62:H$85,$D$62:$D$85,$D4,$C$62:$C$85,$C4)/SUM(H$40:H$41),3)=0,"",-SUMIFS(H$62:H$85,$D$62:$D$85,$D4,$C$62:$C$85,$C4)/SUM(H$40:H$41)),"") | I4: =IFERROR(IF(ROUND(SUMIFS(I$62:I$85,$D$62:$D$85,$D4,$C$62:$C$85,$C4)/SUM(I$40:I$41),3)=0,"",-SUMIFS(I$62:I$85,$D$62:$D$85,$D4,$C$62:$C$85,$C4)/SUM(I$40:I$41)),"") | J4: =IFERROR(IF(ROUND(SUMIFS(J$62:J$85,$D$62:$D$85,$D4,$C$62:$C$85,$C4)/SUM(J$40:J$41),3)=0,"",-SUMIFS(J$62:J$85,$D$62:$D$85,$D4,$C$62:$C$85,$C4)/SUM(J$40:J$41)),"") | K4: =IFERROR(IF(ROUND(SUMIFS(K$62:K$85,$D$62:$D$85,$D4,$C$62:$C$85,$C4)/SUM(K$40:K$41),3)=0,"",-SUMIFS(K$62:K$85,$D$62:$D$85,$D4,$C$62:$C$85,$C4)/SUM(K$40:K$41)),"") | L4: =IFERROR(IF(ROUND(SUMIFS(L$62:L$85,$D$62:$D$85,$D4,$C$62:$C$85,$C4)/SUM(L$40:L$41),3)=0,"",-SUMIFS(L$62:L$85,$D$62:$D$85,$D4,$C$62:$C$85,$C4)/SUM(L$40:L$41)),"") | ... AH4: =IFERROR(IF(ROUND(SUMIFS(AH$62:AH$85,$D$62:$D$85,$D4,$C$62:$C$85,$C4)/SUM(AH$40:AH$41),3)=0,"",-SUMIFS(AH$62:AH$85,$D$62:$D$85,$D4,$C$62:$C$85,$C4)/SUM(AH$40:AH$41)),"") | AJ4: * | AK4: MinGas*,Minoil* | AL4: SUPBDS
B5: Input | C5: MINOIL*,MINGAS* | D5: SUPELC | E5: =IFERROR(IF(ROUND(SUMIFS(E$62:E$85,$D$62:$D$85,$D5,$C$62:$C$85,$C5)/SUM(E$40:E$41),3)=0,"",-SUMIFS(E$62:E$85,$D$62:$D$85,$D5,$C$62:$C$85,$C5)/SUM(E$40:E$41)),"") | F5: =IFERROR(IF(ROUND(SUMIFS(F$62:F$85,$D$62:$D$85,$D5,$C$62:$C$85,$C5)/SUM(F$40:F$41),3)=0,"",-SUMIFS(F$62:F$85,$D$62:$D$85,$D5,$C$62:$C$85,$C5)/SUM(F$40:F$41)),"") | G5: =IFERROR(IF(ROUND(SUMIFS(G$62:G$85,$D$62:$D$85,$D5,$C$62:$C$85,$C5)/SUM(G$40:G$41),3)=0,"",-SUMIFS(G$62:G$85,$D$62:$D$85,$D5,$C$62:$C$85,$C5)/SUM(G$40:G$41)),"") | H5: =IFERROR(IF(ROUND(SUMIFS(H$62:H$85,$D$62:$D$85,$D5,$C$62:$C$85,$C5)/SUM(H$40:H$41),3)=0,"",-SUMIFS(H$62:H$85,$D$62:$D$85,$D5,$C$62:$C$85,$C5)/SUM(H$40:H$41)),"") -> 0.0034776881 | I5: =IFERROR(IF(ROUND(SUMIFS(I$62:I$85,$D$62:$D$85,$D5,$C$62:$C$85,$C5)/SUM(I$40:I$41),3)=0,"",-SUMIFS(I$62:I$85,$D$62:$D$85,$D5,$C$62:$C$85,$C5)/SUM(I$40:I$41)),"") | J5: =IFERROR(IF(ROUND(SUMIFS(J$62:J$85,$D$62:$D$85,$D5,$C$62:$C$85,$C5)/SUM(J$40:J$41),3)=0,"",-SUMIFS(J$62:J$85,$D$62:$D$85,$D5,$C$62:$C$85,$C5)/SUM(J$40:J$41)),"") | K5: =IFERROR(IF(ROUND(SUMIFS(K$62:K$85,$D$62:$D$85,$D5,$C$62:$C$85,$C5)/SUM(K$40:K$41),3)=0,"",-SUMIFS(K$62:K$85,$D$62:$D$85,$D5,$C$62:$C$85,$C5)/SUM(K$40:K$41)),"") -> 0.0049096018 | L5: =IFERROR(IF(ROUND(SUMIFS(L$62:L$85,$D$62:$D$85,$D5,$C$62:$C$85,$C5)/SUM(L$40:L$41),3)=0,"",-SUMIFS(L$62:L$85,$D$62:$D$85,$D5,$C$62:$C$85,$C5)/SUM(L$40:L$41)),"") -> 0.0089391194 | ... AH5: =IFERROR(IF(ROUND(SUMIFS(AH$62:AH$85,$D$62:$D$85,$D5,$C$62:$C$85,$C5)/SUM(AH$40:AH$41),3)=0,"",-SUMIFS(AH$62:AH$85,$D$62:$D$85,$D5,$C$62:$C$85,$C5)/SUM(AH$40:AH$41)),"") | AJ5: * | AK5: MinGas*,Minoil* | AL5: SUPELC
B6: Input | C6: MINOIL*,MINGAS* | D6: SUPHET | E6: =IFERROR(IF(ROUND(SUMIFS(E$62:E$85,$D$62:$D$85,$D6,$C$62:$C$85,$C6)/SUM(E$40:E$41),3)=0,"",-SUMIFS(E$62:E$85,$D$62:$D$85,$D6,$C$62:$C$85,$C6)/SUM(E$40:E$41)),"") | F6: =IFERROR(IF(ROUND(SUMIFS(F$62:F$85,$D$62:$D$85,$D6,$C$62:$C$85,$C6)/SUM(F$40:F$41),3)=0,"",-SUMIFS(F$62:F$85,$D$62:$D$85,$D6,$C$62:$C$85,$C6)/SUM(F$40:F$41)),"") | G6: =IFERROR(IF(ROUND(SUMIFS(G$62:G$85,$D$62:$D$85,$D6,$C$62:$C$85,$C6)/SUM(G$40:G$41),3)=0,"",-SUMIFS(G$62:G$85,$D$62:$D$85,$D6,$C$62:$C$85,$C6)/SUM(G$40:G$41)),"") | H6: =IFERROR(IF(ROUND(SUMIFS(H$62:H$85,$D$62:$D$85,$D6,$C$62:$C$85,$C6)/SUM(H$40:H$41),3)=0,"",-SUMIFS(H$62:H$85,$D$62:$D$85,$D6,$C$62:$C$85,$C6)/SUM(H$40:H$41)),"") -> 0.0021567993 | I6: =IFERROR(IF(ROUND(SUMIFS(I$62:I$85,$D$62:$D$85,$D6,$C$62:$C$85,$C6)/SUM(I$40:I$41),3)=0,"",-SUMIFS(I$62:I$85,$D$62:$D$85,$D6,$C$62:$C$85,$C6)/SUM(I$40:I$41)),"") | J6: =IFERROR(IF(ROUND(SUMIFS(J$62:J$85,$D$62:$D$85,$D6,$C$62:$C$85,$C6)/SUM(J$40:J$41),3)=0,"",-SUMIFS(J$62:J$85,$D$62:$D$85,$D6,$C$62:$C$85,$C6)/SUM(J$40:J$41)),"") | K6: =IFERROR(IF(ROUND(SUMIFS(K$62:K$85,$D$62:$D$85,$D6,$C$62:$C$85,$C6)/SUM(K$40:K$41),3)=0,"",-SUMIFS(K$62:K$85,$D$62:$D$85,$D6,$C$62:$C$85,$C6)/SUM(K$40:K$41)),"") | L6: =IFERROR(IF(ROUND(SUMIFS(L$62:L$85,$D$62:$D$85,$D6,$C$62:$C$85,$C6)/SUM(L$40:L$41),3)=0,"",-SUMIFS(L$62:L$85,$D$62:$D$85,$D6,$C$62:$C$85,$C6)/SUM(L$40:L$41)),"") | ... AH6: =IFERROR(IF(ROUND(SUMIFS(AH$62:AH$85,$D$62:$D$85,$D6,$C$62:$C$85,$C6)/SUM(AH$40:AH$41),3)=0,"",-SUMIFS(AH$62:AH$85,$D$62:$D$85,$D6,$C$62:$C$85,$C6)/SUM(AH$40:AH$41)),"") | AJ6: * | AK6: MinGas*,Minoil* | AL6: SUPHET
B7: Input | C7: MINOIL*,MINGAS* | D7: SUPNGA | E7: =IFERROR(IF(ROUND(SUMIFS(E$62:E$85,$D$62:$D$85,$D7,$C$62:$C$85,$C7)/SUM(E$40:E$41),3)=0,"",-SUMIFS(E$62:E$85,$D$62:$D$85,$D7,$C$62:$C$85,$C7)/SUM(E$40:E$41)),"") -> 0.021311274 | F7: =IFERROR(IF(ROUND(SUMIFS(F$62:F$85,$D$62:$D$85,$D7,$C$62:$C$85,$C7)/SUM(F$40:F$41),3)=0,"",-SUMIFS(F$62:F$85,$D$62:$D$85,$D7,$C$62:$C$85,$C7)/SUM(F$40:F$41)),"") -> 0.012018987 | G7: =IFERROR(IF(ROUND(SUMIFS(G$62:G$85,$D$62:$D$85,$D7,$C$62:$C$85,$C7)/SUM(G$40:G$41),3)=0,"",-SUMIFS(G$62:G$85,$D$62:$D$85,$D7,$C$62:$C$85,$C7)/SUM(G$40:G$41)),"") -> 0.066634834 | H7: =IFERROR(IF(ROUND(SUMIFS(H$62:H$85,$D$62:$D$85,$D7,$C$62:$C$85,$C7)/SUM(H$40:H$41),3)=0,"",-SUMIFS(H$62:H$85,$D$62:$D$85,$D7,$C$62:$C$85,$C7)/SUM(H$40:H$41)),"") -> 0.013383259 | I7: =IFERROR(IF(ROUND(SUMIFS(I$62:I$85,$D$62:$D$85,$D7,$C$62:$C$85,$C7)/SUM(I$40:I$41),3)=0,"",-SUMIFS(I$62:I$85,$D$62:$D$85,$D7,$C$62:$C$85,$C7)/SUM(I$40:I$41)),"") -> 0.031169551 | J7: =IFERROR(IF(ROUND(SUMIFS(J$62:J$85,$D$62:$D$85,$D7,$C$62:$C$85,$C7)/SUM(J$40:J$41),3)=0,"",-SUMIFS(J$62:J$85,$D$62:$D$85,$D7,$C$62:$C$85,$C7)/SUM(J$40:J$41)),"") -> 0.039806799 | K7: =IFERROR(IF(ROUND(SUMIFS(K$62:K$85,$D$62:$D$85,$D7,$C$62:$C$85,$C7)/SUM(K$40:K$41),3)=0,"",-SUMIFS(K$62:K$85,$D$62:$D$85,$D7,$C$62:$C$85,$C7)/SUM(K$40:K$41)),"") -> 0.01043254 | L7: =IFERROR(IF(ROUND(SUMIFS(L$62:L$85,$D$62:$D$85,$D7,$C$62:$C$85,$C7)/SUM(L$40:L$41),3)=0,"",-SUMIFS(L$62:L$85,$D$62:$D$85,$D7,$C$62:$C$85,$C7)/SUM(L$40:L$41)),"") -> 0.0095744825 | ... AH7: =IFERROR(IF(ROUND(SUMIFS(AH$62:AH$85,$D$62:$D$85,$D7,$C$62:$C$85,$C7)/SUM(AH$40:AH$41),3)=0,"",-SUMIFS(AH$62:AH$85,$D$62:$D$85,$D7,$C$62:$C$85,$C7)/SUM(AH$40:AH$41)),"") | AJ7: Output | AK7: MinGas*,Minoil* | AL7: ="SUPCO2N"&VLOOKUP(MID($D7,4,3),emissions!$D$2:$F$27,3,FALSE) -> SUPCO2Ng | AM7: =IFERROR(VLOOKUP(MID($D7,4,3),emissions!$D$2:$F$27,2,FALSE)*E7,"") -> 1.1932182 | AN7: =IFERROR(VLOOKUP(MID($D7,4,3),emissions!$D$2:$F$27,2,FALSE)*F7,"") -> 0.67294307 | AO7: =IFERROR(VLOOKUP(MID($D7,4,3),emissions!$D$2:$F$27,2,FALSE)*G7,"") -> 3.7308843 | AP7: =IFERROR(VLOOKUP(MID($D7,4,3),emissions!$D$2:$F$27,2,FALSE)*H7,"") -> 0.74932868 | AQ7: =IFERROR(VLOOKUP(MID($D7,4,3),emissions!$D$2:$F$27,2,FALSE)*I7,"") -> 1.7451832 | AR7: =IFERROR(VLOOKUP(MID($D7,4,3),emissions!$D$2:$F$27,2,FALSE)*J7,"") -> 2.2287827 | AS7: =IFERROR(VLOOKUP(MID($D7,4,3),emissions!$D$2:$F$27,2,FALSE)*K7,"") -> 0.5841179 | AT7: =IFERROR(VLOOKUP(MID($D7,4,3),emissions!$D$2:$F$27,2,FALSE)*L7,"") -> 0.53607527 | ... BP7: =IFERROR(VLOOKUP(MID($D7,4,3),emissions!$D$2:$F$27,2,FALSE)*AH7,"")
B8: Input | C8: MINOIL*,MINGAS* | D8: SUPOIL | E8: =IFERROR(IF(ROUND(SUMIFS(E$62:E$85,$D$62:$D$85,$D8,$C$62:$C$85,$C8)/SUM(E$40:E$41),3)=0,"",-SUMIFS(E$62:E$85,$D$62:$D$85,$D8,$C$62:$C$85,$C8)/SUM(E$40:E$41)),"") | F8: =IFERROR(IF(ROUND(SUMIFS(F$62:F$85,$D$62:$D$85,$D8,$C$62:$C$85,$C8)/SUM(F$40:F$41),3)=0,"",-SUMIFS(F$62:F$85,$D$62:$D$85,$D8,$C$62:$C$85,$C8)/SUM(F$40:F$41)),"") | G8: =IFERROR(IF(ROUND(SUMIFS(G$62:G$85,$D$62:$D$85,$D8,$C$62:$C$85,$C8)/SUM(G$40:G$41),3)=0,"",-SUMIFS(G$62:G$85,$D$62:$D$85,$D8,$C$62:$C$85,$C8)/SUM(G$40:G$41)),"") -> 0.0015208632 | H8: =IFERROR(IF(ROUND(SUMIFS(H$62:H$85,$D$62:$D$85,$D8,$C$62:$C$85,$C8)/SUM(H$40:H$41),3)=0,"",-SUMIFS(H$62:H$85,$D$62:$D$85,$D8,$C$62:$C$85,$C8)/SUM(H$40:H$41)),"") -> 0.0035823681 | I8: =IFERROR(IF(ROUND(SUMIFS(I$62:I$85,$D$62:$D$85,$D8,$C$62:$C$85,$C8)/SUM(I$40:I$41),3)=0,"",-SUMIFS(I$62:I$85,$D$62:$D$85,$D8,$C$62:$C$85,$C8)/SUM(I$40:I$41)),"") -> 0.0076097743 | J8: =IFERROR(IF(ROUND(SUMIFS(J$62:J$85,$D$62:$D$85,$D8,$C$62:$C$85,$C8)/SUM(J$40:J$41),3)=0,"",-SUMIFS(J$62:J$85,$D$62:$D$85,$D8,$C$62:$C$85,$C8)/SUM(J$40:J$41)),"") | K8: =IFERROR(IF(ROUND(SUMIFS(K$62:K$85,$D$62:$D$85,$D8,$C$62:$C$85,$C8)/SUM(K$40:K$41),3)=0,"",-SUMIFS(K$62:K$85,$D$62:$D$85,$D8,$C$62:$C$85,$C8)/SUM(K$40:K$41)),"") | L8: =IFERROR(IF(ROUND(SUMIFS(L$62:L$85,$D$62:$D$85,$D8,$C$62:$C$85,$C8)/SUM(L$40:L$41),3)=0,"",-SUMIFS(L$62:L$85,$D$62:$D$85,$D8,$C$62:$C$85,$C8)/SUM(L$40:L$41)),"") | ... AH8: =IFERROR(IF(ROUND(SUMIFS(AH$62:AH$85,$D$62:$D$85,$D8,$C$62:$C$85,$C8)/SUM(AH$40:AH$41),3)=0,"",-SUMIFS(AH$62:AH$85,$D$62:$D$85,$D8,$C$62:$C$85,$C8)/SUM(AH$40:AH$41)),"") | AJ8: Output | AK8: MinGas*,Minoil* | AL8: ="SUPCO2N"&VLOOKUP(MID($D8,4,3),emissions!$D$2:$F$27,3,FALSE) -> SUPCO2No | AM8: =IFERROR(VLOOKUP(MID($D8,4,3),emissions!$D$2:$F$27,2,FALSE)*E8,"") | AN8: =IFERROR(VLOOKUP(MID($D8,4,3),emissions!$D$2:$F$27,2,FALSE)*F8,"") | AO8: =IFERROR(VLOOKUP(MID($D8,4,3),emissions!$D$2:$F$27,2,FALSE)*G8,"") -> 0.12641415 | AP8: =IFERROR(VLOOKUP(MID($D8,4,3),emissions!$D$2:$F$27,2,FALSE)*H8,"") -> 0.29776644 | AQ8: =IFERROR(VLOOKUP(MID($D8,4,3),emissions!$D$2:$F$27,2,FALSE)*I8,"") -> 0.63252444 | AR8: =IFERROR(VLOOKUP(MID($D8,4,3),emissions!$D$2:$F$27,2,FALSE)*J8,"") | AS8: =IFERROR(VLOOKUP(MID($D8,4,3),emissions!$D$2:$F$27,2,FALSE)*K8,"") | AT8: =IFERROR(VLOOKUP(MID($D8,4,3),emissions!$D$2:$F$27,2,FALSE)*L8,"") | ... BP8: =IFERROR(VLOOKUP(MID($D8,4,3),emissions!$D$2:$F$27,2,FALSE)*AH8,"")
B9: Input | C9: MINOIL*,MINGAS* | D9: SUPRFG | E9: =IFERROR(IF(ROUND(SUMIFS(E$62:E$85,$D$62:$D$85,$D9,$C$62:$C$85,$C9)/SUM(E$40:E$41),3)=0,"",-SUMIFS(E$62:E$85,$D$62:$D$85,$D9,$C$62:$C$85,$C9)/SUM(E$40:E$41)),"") | F9: =IFERROR(IF(ROUND(SUMIFS(F$62:F$85,$D$62:$D$85,$D9,$C$62:$C$85,$C9)/SUM(F$40:F$41),3)=0,"",-SUMIFS(F$62:F$85,$D$62:$D$85,$D9,$C$62:$C$85,$C9)/SUM(F$40:F$41)),"") | G9: =IFERROR(IF(ROUND(SUMIFS(G$62:G$85,$D$62:$D$85,$D9,$C$62:$C$85,$C9)/SUM(G$40:G$41),3)=0,"",-SUMIFS(G$62:G$85,$D$62:$D$85,$D9,$C$62:$C$85,$C9)/SUM(G$40:G$41)),"") | H9: =IFERROR(IF(ROUND(SUMIFS(H$62:H$85,$D$62:$D$85,$D9,$C$62:$C$85,$C9)/SUM(H$40:H$41),3)=0,"",-SUMIFS(H$62:H$85,$D$62:$D$85,$D9,$C$62:$C$85,$C9)/SUM(H$40:H$41)),"") | I9: =IFERROR(IF(ROUND(SUMIFS(I$62:I$85,$D$62:$D$85,$D9,$C$62:$C$85,$C9)/SUM(I$40:I$41),3)=0,"",-SUMIFS(I$62:I$85,$D$62:$D$85,$D9,$C$62:$C$85,$C9)/SUM(I$40:I$41)),"") | J9: =IFERROR(IF(ROUND(SUMIFS(J$62:J$85,$D$62:$D$85,$D9,$C$62:$C$85,$C9)/SUM(J$40:J$41),3)=0,"",-SUMIFS(J$62:J$85,$D$62:$D$85,$D9,$C$62:$C$85,$C9)/SUM(J$40:J$41)),"") | K9: =IFERROR(IF(ROUND(SUMIFS(K$62:K$85,$D$62:$D$85,$D9,$C$62:$C$85,$C9)/SUM(K$40:K$41),3)=0,"",-SUMIFS(K$62:K$85,$D$62:$D$85,$D9,$C$62:$C$85,$C9)/SUM(K$40:K$41)),"") | L9: =IFERROR(IF(ROUND(SUMIFS(L$62:L$85,$D$62:$D$85,$D9,$C$62:$C$85,$C9)/SUM(L$40:L$41),3)=0,"",-SUMIFS(L$62:L$85,$D$62:$D$85,$D9,$C$62:$C$85,$C9)/SUM(L$40:L$41)),"") | ... AH9: =IFERROR(IF(ROUND(SUMIFS(AH$62:AH$85,$D$62:$D$85,$D9,$C$62:$C$85,$C9)/SUM(AH$40:AH$41),3)=0,"",-SUMIFS(AH$62:AH$85,$D$62:$D$85,$D9,$C$62:$C$85,$C9)/SUM(AH$40:AH$41)),"") | AJ9: Output | AK9: MinGas*,Minoil* | AL9: ="SUPCO2N"&VLOOKUP(MID($D9,4,3),emissions!$D$2:$F$27,3,FALSE) -> SUPCO2No | AM9: =IFERROR(VLOOKUP(MID($D9,4,3),emissions!$D$2:$F$27,2,FALSE)*E9,"") | AN9: =IFERROR(VLOOKUP(MID($D9,4,3),emissions!$D$2:$F$27,2,FALSE)*F9,"") | AO9: =IFERROR(VLOOKUP(MID($D9,4,3),emissions!$D$2:$F$27,2,FALSE)*G9,"") | AP9: =IFERROR(VLOOKUP(MID($D9,4,3),emissions!$D$2:$F$27,2,FALSE)*H9,"") | AQ9: =IFERROR(VLOOKUP(MID($D9,4,3),emissions!$D$2:$F$27,2,FALSE)*I9,"") | AR9: =IFERROR(VLOOKUP(MID($D9,4,3),emissions!$D$2:$F$27,2,FALSE)*J9,"") | AS9: =IFERROR(VLOOKUP(MID($D9,4,3),emissions!$D$2:$F$27,2,FALSE)*K9,"") | AT9: =IFERROR(VLOOKUP(MID($D9,4,3),emissions!$D$2:$F$27,2,FALSE)*L9,"") | ... BP9: =IFERROR(VLOOKUP(MID($D9,4,3),emissions!$D$2:$F$27,2,FALSE)*AH9,"")
B10: Input | C10: MINOIL*,MINGAS* | D10: SUPRPP | E10: =IFERROR(IF(ROUND(SUMIFS(E$62:E$85,$D$62:$D$85,$D10,$C$62:$C$85,$C10)/SUM(E$40:E$41),3)=0,"",-SUMIFS(E$62:E$85,$D$62:$D$85,$D10,$C$62:$C$85,$C10)/SUM(E$40:E$41)),"") -> 0.0028846469 | F10: =IFERROR(IF(ROUND(SUMIFS(F$62:F$85,$D$62:$D$85,$D10,$C$62:$C$85,$C10)/SUM(F$40:F$41),3)=0,"",-SUMIFS(F$62:F$85,$D$62:$D$85,$D10,$C$62:$C$85,$C10)/SUM(F$40:F$41)),"") | G10: =IFERROR(IF(ROUND(SUMIFS(G$62:G$85,$D$62:$D$85,$D10,$C$62:$C$85,$C10)/SUM(G$40:G$41),3)=0,"",-SUMIFS(G$62:G$85,$D$62:$D$85,$D10,$C$62:$C$85,$C10)/SUM(G$40:G$41)),"") | H10: =IFERROR(IF(ROUND(SUMIFS(H$62:H$85,$D$62:$D$85,$D10,$C$62:$C$85,$C10)/SUM(H$40:H$41),3)=0,"",-SUMIFS(H$62:H$85,$D$62:$D$85,$D10,$C$62:$C$85,$C10)/SUM(H$40:H$41)),"") | I10: =IFERROR(IF(ROUND(SUMIFS(I$62:I$85,$D$62:$D$85,$D10,$C$62:$C$85,$C10)/SUM(I$40:I$41),3)=0,"",-SUMIFS(I$62:I$85,$D$62:$D$85,$D10,$C$62:$C$85,$C10)/SUM(I$40:I$41)),"") -> 0.030105056 | J10: =IFERROR(IF(ROUND(SUMIFS(J$62:J$85,$D$62:$D$85,$D10,$C$62:$C$85,$C10)/SUM(J$40:J$41),3)=0,"",-SUMIFS(J$62:J$85,$D$62:$D$85,$D10,$C$62:$C$85,$C10)/SUM(J$40:J$41)),"") | K10: =IFERROR(IF(ROUND(SUMIFS(K$62:K$85,$D$62:$D$85,$D10,$C$62:$C$85,$C10)/SUM(K$40:K$41),3)=0,"",-SUMIFS(K$62:K$85,$D$62:$D$85,$D10,$C$62:$C$85,$C10)/SUM(K$40:K$41)),"") -> 0.00076855269 | L10: =IFERROR(IF(ROUND(SUMIFS(L$62:L$85,$D$62:$D$85,$D10,$C$62:$C$85,$C10)/SUM(L$40:L$41),3)=0,"",-SUMIFS(L$62:L$85,$D$62:$D$85,$D10,$C$62:$C$85,$C10)/SUM(L$40:L$41)),"") -> 0.0032923288 | ... AH10: =IFERROR(IF(ROUND(SUMIFS(AH$62:AH$85,$D$62:$D$85,$D10,$C$62:$C$85,$C10)/SUM(AH$40:AH$41),3)=0,"",-SUMIFS(AH$62:AH$85,$D$62:$D$85,$D10,$C$62:$C$85,$C10)/SUM(AH$40:AH$41)),"") | AJ10: Output | AK10: MinGas*,Minoil* | AL10: ="SUPCO2N"&VLOOKUP(MID($D10,4,3),emissions!$D$2:$F$27,3,FALSE) -> SUPCO2No | AM10: =IFERROR(VLOOKUP(MID($D10,4,3),emissions!$D$2:$F$27,2,FALSE)*E10,"") -> 0.22266589 | AN10: =IFERROR(VLOOKUP(MID($D10,4,3),emissions!$D$2:$F$27,2,FALSE)*F10,"") | AO10: =IFERROR(VLOOKUP(MID($D10,4,3),emissions!$D$2:$F$27,2,FALSE)*G10,"") | AP10: =IFERROR(VLOOKUP(MID($D10,4,3),emissions!$D$2:$F$27,2,FALSE)*H10,"") | AQ10: =IFERROR(VLOOKUP(MID($D10,4,3),emissions!$D$2:$F$27,2,FALSE)*I10,"") -> 2.3238093 | AR10: =IFERROR(VLOOKUP(MID($D10,4,3),emissions!$D$2:$F$27,2,FALSE)*J10,"") | AS10: =IFERROR(VLOOKUP(MID($D10,4,3),emissions!$D$2:$F$27,2,FALSE)*K10,"") -> 0.059324582 | AT10: =IFERROR(VLOOKUP(MID($D10,4,3),emissions!$D$2:$F$27,2,FALSE)*L10,"") -> 0.25413486 | ... BP10: =IFERROR(VLOOKUP(MID($D10,4,3),emissions!$D$2:$F$27,2,FALSE)*AH10,"")
B11: Input | C11: MinCoa* | D11: SUPBDS | E11: =IFERROR(IF(ROUND(SUMIFS(E$62:E$85,$D$62:$D$85,$D11,$C$62:$C$85,$C11)/SUM(E$39),3)=0,"",-SUMIFS(E$62:E$85,$D$62:$D$85,$D11,$C$62:$C$85,$C11)/SUM(E$39)),"") | F11: =IFERROR(IF(ROUND(SUMIFS(F$62:F$85,$D$62:$D$85,$D11,$C$62:$C$85,$C11)/SUM(F$39),3)=0,"",-SUMIFS(F$62:F$85,$D$62:$D$85,$D11,$C$62:$C$85,$C11)/SUM(F$39)),"") | G11: =IFERROR(IF(ROUND(SUMIFS(G$62:G$85,$D$62:$D$85,$D11,$C$62:$C$85,$C11)/SUM(G$39),3)=0,"",-SUMIFS(G$62:G$85,$D$62:$D$85,$D11,$C$62:$C$85,$C11)/SUM(G$39)),"") | H11: =IFERROR(IF(ROUND(SUMIFS(H$62:H$85,$D$62:$D$85,$D11,$C$62:$C$85,$C11)/SUM(H$39),3)=0,"",-SUMIFS(H$62:H$85,$D$62:$D$85,$D11,$C$62:$C$85,$C11)/SUM(H$39)),"") | I11: =IFERROR(IF(ROUND(SUMIFS(I$62:I$85,$D$62:$D$85,$D11,$C$62:$C$85,$C11)/SUM(I$39),3)=0,"",-SUMIFS(I$62:I$85,$D$62:$D$85,$D11,$C$62:$C$85,$C11)/SUM(I$39)),"") | J11: =IFERROR(IF(ROUND(SUMIFS(J$62:J$85,$D$62:$D$85,$D11,$C$62:$C$85,$C11)/SUM(J$39),3)=0,"",-SUMIFS(J$62:J$85,$D$62:$D$85,$D11,$C$62:$C$85,$C11)/SUM(J$39)),"") | K11: =IFERROR(IF(ROUND(SUMIFS(K$62:K$85,$D$62:$D$85,$D11,$C$62:$C$85,$C11)/SUM(K$39),3)=0,"",-SUMIFS(K$62:K$85,$D$62:$D$85,$D11,$C$62:$C$85,$C11)/SUM(K$39)),"") | L11: =IFERROR(IF(ROUND(SUMIFS(L$62:L$85,$D$62:$D$85,$D11,$C$62:$C$85,$C11)/SUM(L$39),3)=0,"",-SUMIFS(L$62:L$85,$D$62:$D$85,$D11,$C$62:$C$85,$C11)/SUM(L$39)),"") | ... AH11: =IFERROR(IF(ROUND(SUMIFS(AH$62:AH$85,$D$62:$D$85,$D11,$C$62:$C$85,$C11)/SUM(AH$39),3)=0,"",-SUMIFS(AH$62:AH$85,$D$62:$D$85,$D11,$C$62:$C$85,$C11)/SUM(AH$39)),"") | AJ11: * | AK11: MinCoa* | AL11: SUPBDS | AM11: =IFERROR(VLOOKUP(MID($D11,4,3),emissions!$D$2:$F$27,2,FALSE)*E11,"") | AN11: =IFERROR(VLOOKUP(MID($D11,4,3),emissions!$D$2:$F$27,2,FALSE)*F11,"") | AO11: =IFERROR(VLOOKUP(MID($D11,4,3),emissions!$D$2:$F$27,2,FALSE)*G11,"") | AP11: =IFERROR(VLOOKUP(MID($D11,4,3),emissions!$D$2:$F$27,2,FALSE)*H11,"") | AQ11: =IFERROR(VLOOKUP(MID($D11,4,3),emissions!$D$2:$F$27,2,FALSE)*I11,"") | AR11: =IFERROR(VLOOKUP(MID($D11,4,3),emissions!$D$2:$F$27,2,FALSE)*J11,"") | AS11: =IFERROR(VLOOKUP(MID($D11,4,3),emissions!$D$2:$F$27,2,FALSE)*K11,"") | AT11: =IFERROR(VLOOKUP(MID($D11,4,3),emissions!$D$2:$F$27,2,FALSE)*L11,"") | ... BP11: =IFERROR(VLOOKUP(MID($D11,4,3),emissions!$D$2:$F$27,2,FALSE)*AH11,"")
B12: Input | C12: MinCoa* | D12: SUPBFG | E12: =IFERROR(IF(ROUND(SUMIFS(E$62:E$85,$D$62:$D$85,$D12,$C$62:$C$85,$C12)/SUM(E$39),3)=0,"",-SUMIFS(E$62:E$85,$D$62:$D$85,$D12,$C$62:$C$85,$C12)/SUM(E$39)),"") | F12: =IFERROR(IF(ROUND(SUMIFS(F$62:F$85,$D$62:$D$85,$D12,$C$62:$C$85,$C12)/SUM(F$39),3)=0,"",-SUMIFS(F$62:F$85,$D$62:$D$85,$D12,$C$62:$C$85,$C12)/SUM(F$39)),"") | G12: =IFERROR(IF(ROUND(SUMIFS(G$62:G$85,$D$62:$D$85,$D12,$C$62:$C$85,$C12)/SUM(G$39),3)=0,"",-SUMIFS(G$62:G$85,$D$62:$D$85,$D12,$C$62:$C$85,$C12)/SUM(G$39)),"") | H12: =IFERROR(IF(ROUND(SUMIFS(H$62:H$85,$D$62:$D$85,$D12,$C$62:$C$85,$C12)/SUM(H$39),3)=0,"",-SUMIFS(H$62:H$85,$D$62:$D$85,$D12,$C$62:$C$85,$C12)/SUM(H$39)),"") | I12: =IFERROR(IF(ROUND(SUMIFS(I$62:I$85,$D$62:$D$85,$D12,$C$62:$C$85,$C12)/SUM(I$39),3)=0,"",-SUMIFS(I$62:I$85,$D$62:$D$85,$D12,$C$62:$C$85,$C12)/SUM(I$39)),"") | J12: =IFERROR(IF(ROUND(SUMIFS(J$62:J$85,$D$62:$D$85,$D12,$C$62:$C$85,$C12)/SUM(J$39),3)=0,"",-SUMIFS(J$62:J$85,$D$62:$D$85,$D12,$C$62:$C$85,$C12)/SUM(J$39)),"") | K12: =IFERROR(IF(ROUND(SUMIFS(K$62:K$85,$D$62:$D$85,$D12,$C$62:$C$85,$C12)/SUM(K$39),3)=0,"",-SUMIFS(K$62:K$85,$D$62:$D$85,$D12,$C$62:$C$85,$C12)/SUM(K$39)),"") | L12: =IFERROR(IF(ROUND(SUMIFS(L$62:L$85,$D$62:$D$85,$D12,$C$62:$C$85,$C12)/SUM(L$39),3)=0,"",-SUMIFS(L$62:L$85,$D$62:$D$85,$D12,$C$62:$C$85,$C12)/SUM(L$39)),"") | ... AH12: =IFERROR(IF(ROUND(SUMIFS(AH$62:AH$85,$D$62:$D$85,$D12,$C$62:$C$85,$C12)/SUM(AH$39),3)=0,"",-SUMIFS(AH$62:AH$85,$D$62:$D$85,$D12,$C$62:$C$85,$C12)/SUM(AH$39)),"") | AJ12: Output | AK12: MinCoa* | AL12: ="SUPCO2N"&VLOOKUP(MID($D12,4,3),emissions!$D$2:$F$27,3,FALSE) -> SUPCO2Nc | AM12: =IFERROR(VLOOKUP(MID($D12,4,3),emissions!$D$2:$F$27,2,FALSE)*E12,"") | AN12: =IFERROR(VLOOKUP(MID($D12,4,3),emissions!$D$2:$F$27,2,FALSE)*F12,"") | AO12: =IFERROR(VLOOKUP(MID($D12,4,3),emissions!$D$2:$F$27,2,FALSE)*G12,"") | AP12: =IFERROR(VLOOKUP(MID($D12,4,3),emissions!$D$2:$F$27,2,FALSE)*H12,"") | AQ12: =IFERROR(VLOOKUP(MID($D12,4,3),emissions!$D$2:$F$27,2,FALSE)*I12,"") | AR12: =IFERROR(VLOOKUP(MID($D12,4,3),emissions!$D$2:$F$27,2,FALSE)*J12,"") | AS12: =IFERROR(VLOOKUP(MID($D12,4,3),emissions!$D$2:$F$27,2,FALSE)*K12,"") | AT12: =IFERROR(VLOOKUP(MID($D12,4,3),emissions!$D$2:$F$27,2,FALSE)*L12,"") | ... BP12: =IFERROR(VLOOKUP(MID($D12,4,3),emissions!$D$2:$F$27,2,FALSE)*AH12,"")
B13: Input | C13: MinCoa* | D13: SUPBIO | E13: =IFERROR(IF(ROUND(SUMIFS(E$62:E$85,$D$62:$D$85,$D13,$C$62:$C$85,$C13)/SUM(E$39),3)=0,"",-SUMIFS(E$62:E$85,$D$62:$D$85,$D13,$C$62:$C$85,$C13)/SUM(E$39)),"") | F13: =IFERROR(IF(ROUND(SUMIFS(F$62:F$85,$D$62:$D$85,$D13,$C$62:$C$85,$C13)/SUM(F$39),3)=0,"",-SUMIFS(F$62:F$85,$D$62:$D$85,$D13,$C$62:$C$85,$C13)/SUM(F$39)),"") | G13: =IFERROR(IF(ROUND(SUMIFS(G$62:G$85,$D$62:$D$85,$D13,$C$62:$C$85,$C13)/SUM(G$39),3)=0,"",-SUMIFS(G$62:G$85,$D$62:$D$85,$D13,$C$62:$C$85,$C13)/SUM(G$39)),"") | H13: =IFERROR(IF(ROUND(SUMIFS(H$62:H$85,$D$62:$D$85,$D13,$C$62:$C$85,$C13)/SUM(H$39),3)=0,"",-SUMIFS(H$62:H$85,$D$62:$D$85,$D13,$C$62:$C$85,$C13)/SUM(H$39)),"") | I13: =IFERROR(IF(ROUND(SUMIFS(I$62:I$85,$D$62:$D$85,$D13,$C$62:$C$85,$C13)/SUM(I$39),3)=0,"",-SUMIFS(I$62:I$85,$D$62:$D$85,$D13,$C$62:$C$85,$C13)/SUM(I$39)),"") | J13: =IFERROR(IF(ROUND(SUMIFS(J$62:J$85,$D$62:$D$85,$D13,$C$62:$C$85,$C13)/SUM(J$39),3)=0,"",-SUMIFS(J$62:J$85,$D$62:$D$85,$D13,$C$62:$C$85,$C13)/SUM(J$39)),"") | K13: =IFERROR(IF(ROUND(SUMIFS(K$62:K$85,$D$62:$D$85,$D13,$C$62:$C$85,$C13)/SUM(K$39),3)=0,"",-SUMIFS(K$62:K$85,$D$62:$D$85,$D13,$C$62:$C$85,$C13)/SUM(K$39)),"") | L13: =IFERROR(IF(ROUND(SUMIFS(L$62:L$85,$D$62:$D$85,$D13,$C$62:$C$85,$C13)/SUM(L$39),3)=0,"",-SUMIFS(L$62:L$85,$D$62:$D$85,$D13,$C$62:$C$85,$C13)/SUM(L$39)),"") | ... AH13: =IFERROR(IF(ROUND(SUMIFS(AH$62:AH$85,$D$62:$D$85,$D13,$C$62:$C$85,$C13)/SUM(AH$39),3)=0,"",-SUMIFS(AH$62:AH$85,$D$62:$D$85,$D13,$C$62:$C$85,$C13)/SUM(AH$39)),"") | AJ13: * | AK13: MinCoa* | AL13: SUPBIO | AM13: =IFERROR(VLOOKUP(MID($D13,4,3),emissions!$D$2:$F$27,2,FALSE)*E13,"") | AN13: =IFERROR(VLOOKUP(MID($D13,4,3),emissions!$D$2:$F$27,2,FALSE)*F13,"") | AO13: =IFERROR(VLOOKUP(MID($D13,4,3),emissions!$D$2:$F$27,2,FALSE)*G13,"") | AP13: =IFERROR(VLOOKUP(MID($D13,4,3),emissions!$D$2:$F$27,2,FALSE)*H13,"") | AQ13: =IFERROR(VLOOKUP(MID($D13,4,3),emissions!$D$2:$F$27,2,FALSE)*I13,"") | AR13: =IFERROR(VLOOKUP(MID($D13,4,3),emissions!$D$2:$F$27,2,FALSE)*J13,"") | AS13: =IFERROR(VLOOKUP(MID($D13,4,3),emissions!$D$2:$F$27,2,FALSE)*K13,"") | AT13: =IFERROR(VLOOKUP(MID($D13,4,3),emissions!$D$2:$F$27,2,FALSE)*L13,"") | ... BP13: =IFERROR(VLOOKUP(MID($D13,4,3),emissions!$D$2:$F$27,2,FALSE)*AH13,"")
B14: Input | C14: MinCoa* | D14: SUPCOA | E14: =IFERROR(IF(ROUND(SUMIFS(E$62:E$85,$D$62:$D$85,$D14,$C$62:$C$85,$C14)/SUM(E$39),3)=0,"",-SUMIFS(E$62:E$85,$D$62:$D$85,$D14,$C$62:$C$85,$C14)/SUM(E$39)),"") | F14: =IFERROR(IF(ROUND(SUMIFS(F$62:F$85,$D$62:$D$85,$D14,$C$62:$C$85,$C14)/SUM(F$39),3)=0,"",-SUMIFS(F$62:F$85,$D$62:$D$85,$D14,$C$62:$C$85,$C14)/SUM(F$39)),"") -> 0.00088586277 | G14: =IFERROR(IF(ROUND(SUMIFS(G$62:G$85,$D$62:$D$85,$D14,$C$62:$C$85,$C14)/SUM(G$39),3)=0,"",-SUMIFS(G$62:G$85,$D$62:$D$85,$D14,$C$62:$C$85,$C14)/SUM(G$39)),"") | H14: =IFERROR(IF(ROUND(SUMIFS(H$62:H$85,$D$62:$D$85,$D14,$C$62:$C$85,$C14)/SUM(H$39),3)=0,"",-SUMIFS(H$62:H$85,$D$62:$D$85,$D14,$C$62:$C$85,$C14)/SUM(H$39)),"") -> 0.0040364509 | I14: =IFERROR(IF(ROUND(SUMIFS(I$62:I$85,$D$62:$D$85,$D14,$C$62:$C$85,$C14)/SUM(I$39),3)=0,"",-SUMIFS(I$62:I$85,$D$62:$D$85,$D14,$C$62:$C$85,$C14)/SUM(I$39)),"") | J14: =IFERROR(IF(ROUND(SUMIFS(J$62:J$85,$D$62:$D$85,$D14,$C$62:$C$85,$C14)/SUM(J$39),3)=0,"",-SUMIFS(J$62:J$85,$D$62:$D$85,$D14,$C$62:$C$85,$C14)/SUM(J$39)),"") | K14: =IFERROR(IF(ROUND(SUMIFS(K$62:K$85,$D$62:$D$85,$D14,$C$62:$C$85,$C14)/SUM(K$39),3)=0,"",-SUMIFS(K$62:K$85,$D$62:$D$85,$D14,$C$62:$C$85,$C14)/SUM(K$39)),"") | L14: =IFERROR(IF(ROUND(SUMIFS(L$62:L$85,$D$62:$D$85,$D14,$C$62:$C$85,$C14)/SUM(L$39),3)=0,"",-SUMIFS(L$62:L$85,$D$62:$D$85,$D14,$C$62:$C$85,$C14)/SUM(L$39)),"") | ... AH14: =IFERROR(IF(ROUND(SUMIFS(AH$62:AH$85,$D$62:$D$85,$D14,$C$62:$C$85,$C14)/SUM(AH$39),3)=0,"",-SUMIFS(AH$62:AH$85,$D$62:$D$85,$D14,$C$62:$C$85,$C14)/SUM(AH$39)),"") | AJ14: Output | AK14: MinCoa* | AL14: ="SUPCO2N"&VLOOKUP(MID($D14,4,3),emissions!$D$2:$F$27,3,FALSE) -> SUPCO2Nc | AM14: =IFERROR(VLOOKUP(MID($D14,4,3),emissions!$D$2:$F$27,2,FALSE)*E14,"") | AN14: =IFERROR(VLOOKUP(MID($D14,4,3),emissions!$D$2:$F$27,2,FALSE)*F14,"") -> 0.087195473 | AO14: =IFERROR(VLOOKUP(MID($D14,4,3),emissions!$D$2:$F$27,2,FALSE)*G14,"") | AP14: =IFERROR(VLOOKUP(MID($D14,4,3),emissions!$D$2:$F$27,2,FALSE)*H14,"") -> 0.39730786 | AQ14: =IFERROR(VLOOKUP(MID($D14,4,3),emissions!$D$2:$F$27,2,FALSE)*I14,"") | AR14: =IFERROR(VLOOKUP(MID($D14,4,3),emissions!$D$2:$F$27,2,FALSE)*J14,"") | AS14: =IFERROR(VLOOKUP(MID($D14,4,3),emissions!$D$2:$F$27,2,FALSE)*K14,"") | AT14: =IFERROR(VLOOKUP(MID($D14,4,3),emissions!$D$2:$F$27,2,FALSE)*L14,"") | ... BP14: =IFERROR(VLOOKUP(MID($D14,4,3),emissions!$D$2:$F$27,2,FALSE)*AH14,"")
B15: Input | C15: MinCoa* | D15: SUPCOG | E15: =IFERROR(IF(ROUND(SUMIFS(E$62:E$85,$D$62:$D$85,$D15,$C$62:$C$85,$C15)/SUM(E$39),3)=0,"",-SUMIFS(E$62:E$85,$D$62:$D$85,$D15,$C$62:$C$85,$C15)/SUM(E$39)),"") | F15: =IFERROR(IF(ROUND(SUMIFS(F$62:F$85,$D$62:$D$85,$D15,$C$62:$C$85,$C15)/SUM(F$39),3)=0,"",-SUMIFS(F$62:F$85,$D$62:$D$85,$D15,$C$62:$C$85,$C15)/SUM(F$39)),"") | G15: =IFERROR(IF(ROUND(SUMIFS(G$62:G$85,$D$62:$D$85,$D15,$C$62:$C$85,$C15)/SUM(G$39),3)=0,"",-SUMIFS(G$62:G$85,$D$62:$D$85,$D15,$C$62:$C$85,$C15)/SUM(G$39)),"") | H15: =IFERROR(IF(ROUND(SUMIFS(H$62:H$85,$D$62:$D$85,$D15,$C$62:$C$85,$C15)/SUM(H$39),3)=0,"",-SUMIFS(H$62:H$85,$D$62:$D$85,$D15,$C$62:$C$85,$C15)/SUM(H$39)),"") | I15: =IFERROR(IF(ROUND(SUMIFS(I$62:I$85,$D$62:$D$85,$D15,$C$62:$C$85,$C15)/SUM(I$39),3)=0,"",-SUMIFS(I$62:I$85,$D$62:$D$85,$D15,$C$62:$C$85,$C15)/SUM(I$39)),"") | J15: =IFERROR(IF(ROUND(SUMIFS(J$62:J$85,$D$62:$D$85,$D15,$C$62:$C$85,$C15)/SUM(J$39),3)=0,"",-SUMIFS(J$62:J$85,$D$62:$D$85,$D15,$C$62:$C$85,$C15)/SUM(J$39)),"") | K15: =IFERROR(IF(ROUND(SUMIFS(K$62:K$85,$D$62:$D$85,$D15,$C$62:$C$85,$C15)/SUM(K$39),3)=0,"",-SUMIFS(K$62:K$85,$D$62:$D$85,$D15,$C$62:$C$85,$C15)/SUM(K$39)),"") | L15: =IFERROR(IF(ROUND(SUMIFS(L$62:L$85,$D$62:$D$85,$D15,$C$62:$C$85,$C15)/SUM(L$39),3)=0,"",-SUMIFS(L$62:L$85,$D$62:$D$85,$D15,$C$62:$C$85,$C15)/SUM(L$39)),"") | ... AH15: =IFERROR(IF(ROUND(SUMIFS(AH$62:AH$85,$D$62:$D$85,$D15,$C$62:$C$85,$C15)/SUM(AH$39),3)=0,"",-SUMIFS(AH$62:AH$85,$D$62:$D$85,$D15,$C$62:$C$85,$C15)/SUM(AH$39)),"") | AJ15: Output | AK15: MinCoa* | AL15: ="SUPCO2N"&VLOOKUP(MID($D15,4,3),emissions!$D$2:$F$27,3,FALSE) -> SUPCO2Nc | AM15: =IFERROR(VLOOKUP(MID($D15,4,3),emissions!$D$2:$F$27,2,FALSE)*E15,"") | AN15: =IFERROR(VLOOKUP(MID($D15,4,3),emissions!$D$2:$F$27,2,FALSE)*F15,"") | AO15: =IFERROR(VLOOKUP(MID($D15,4,3),emissions!$D$2:$F$27,2,FALSE)*G15,"") | AP15: =IFERROR(VLOOKUP(MID($D15,4,3),emissions!$D$2:$F$27,2,FALSE)*H15,"") | AQ15: =IFERROR(VLOOKUP(MID($D15,4,3),emissions!$D$2:$F$27,2,FALSE)*I15,"") | AR15: =IFERROR(VLOOKUP(MID($D15,4,3),emissions!$D$2:$F$27,2,FALSE)*J15,"") | AS15: =IFERROR(VLOOKUP(MID($D15,4,3),emissions!$D$2:$F$27,2,FALSE)*K15,"") | AT15: =IFERROR(VLOOKUP(MID($D15,4,3),emissions!$D$2:$F$27,2,FALSE)*L15,"") | ... BP15: =IFERROR(VLOOKUP(MID($D15,4,3),emissions!$D$2:$F$27,2,FALSE)*AH15,"")
B16: Input | C16: MinCoa* | D16: SUPELC | E16: =IFERROR(IF(ROUND(SUMIFS(E$62:E$85,$D$62:$D$85,$D16,$C$62:$C$85,$C16)/SUM(E$39),3)=0,"",-SUMIFS(E$62:E$85,$D$62:$D$85,$D16,$C$62:$C$85,$C16)/SUM(E$39)),"") | F16: =IFERROR(IF(ROUND(SUMIFS(F$62:F$85,$D$62:$D$85,$D16,$C$62:$C$85,$C16)/SUM(F$39),3)=0,"",-SUMIFS(F$62:F$85,$D$62:$D$85,$D16,$C$62:$C$85,$C16)/SUM(F$39)),"") | G16: =IFERROR(IF(ROUND(SUMIFS(G$62:G$85,$D$62:$D$85,$D16,$C$62:$C$85,$C16)/SUM(G$39),3)=0,"",-SUMIFS(G$62:G$85,$D$62:$D$85,$D16,$C$62:$C$85,$C16)/SUM(G$39)),"") | H16: =IFERROR(IF(ROUND(SUMIFS(H$62:H$85,$D$62:$D$85,$D16,$C$62:$C$85,$C16)/SUM(H$39),3)=0,"",-SUMIFS(H$62:H$85,$D$62:$D$85,$D16,$C$62:$C$85,$C16)/SUM(H$39)),"") -> 0.00094812879 | I16: =IFERROR(IF(ROUND(SUMIFS(I$62:I$85,$D$62:$D$85,$D16,$C$62:$C$85,$C16)/SUM(I$39),3)=0,"",-SUMIFS(I$62:I$85,$D$62:$D$85,$D16,$C$62:$C$85,$C16)/SUM(I$39)),"") | J16: =IFERROR(IF(ROUND(SUMIFS(J$62:J$85,$D$62:$D$85,$D16,$C$62:$C$85,$C16)/SUM(J$39),3)=0,"",-SUMIFS(J$62:J$85,$D$62:$D$85,$D16,$C$62:$C$85,$C16)/SUM(J$39)),"") | K16: =IFERROR(IF(ROUND(SUMIFS(K$62:K$85,$D$62:$D$85,$D16,$C$62:$C$85,$C16)/SUM(K$39),3)=0,"",-SUMIFS(K$62:K$85,$D$62:$D$85,$D16,$C$62:$C$85,$C16)/SUM(K$39)),"") -> 0.0018160482 | L16: =IFERROR(IF(ROUND(SUMIFS(L$62:L$85,$D$62:$D$85,$D16,$C$62:$C$85,$C16)/SUM(L$39),3)=0,"",-SUMIFS(L$62:L$85,$D$62:$D$85,$D16,$C$62:$C$85,$C16)/SUM(L$39)),"") -> 0.018299754 | ... AH16: =IFERROR(IF(ROUND(SUMIFS(AH$62:AH$85,$D$62:$D$85,$D16,$C$62:$C$85,$C16)/SUM(AH$39),3)=0,"",-SUMIFS(AH$62:AH$85,$D$62:$D$85,$D16,$C$62:$C$85,$C16)/SUM(AH$39)),"") | AJ16: * | AK16: MinCoa* | AL16: SUPELC | AM16: =IFERROR(VLOOKUP(MID($D16,4,3),emissions!$D$2:$F$27,2,FALSE)*E16,"") | AN16: =IFERROR(VLOOKUP(MID($D16,4,3),emissions!$D$2:$F$27,2,FALSE)*F16,"") | AO16: =IFERROR(VLOOKUP(MID($D16,4,3),emissions!$D$2:$F$27,2,FALSE)*G16,"") | AP16: =IFERROR(VLOOKUP(MID($D16,4,3),emissions!$D$2:$F$27,2,FALSE)*H16,"") | AQ16: =IFERROR(VLOOKUP(MID($D16,4,3),emissions!$D$2:$F$27,2,FALSE)*I16,"") | AR16: =IFERROR(VLOOKUP(MID($D16,4,3),emissions!$D$2:$F$27,2,FALSE)*J16,"") | AS16: =IFERROR(VLOOKUP(MID($D16,4,3),emissions!$D$2:$F$27,2,FALSE)*K16,"") | AT16: =IFERROR(VLOOKUP(MID($D16,4,3),emissions!$D$2:$F$27,2,FALSE)*L16,"") | ... BP16: =IFERROR(VLOOKUP(MID($D16,4,3),emissions!$D$2:$F$27,2,FALSE)*AH16,"")
B17: Input | C17: MinCoa* | D17: SUPHET | E17: =IFERROR(IF(ROUND(SUMIFS(E$62:E$85,$D$62:$D$85,$D17,$C$62:$C$85,$C17)/SUM(E$39),3)=0,"",-SUMIFS(E$62:E$85,$D$62:$D$85,$D17,$C$62:$C$85,$C17)/SUM(E$39)),"") | F17: =IFERROR(IF(ROUND(SUMIFS(F$62:F$85,$D$62:$D$85,$D17,$C$62:$C$85,$C17)/SUM(F$39),3)=0,"",-SUMIFS(F$62:F$85,$D$62:$D$85,$D17,$C$62:$C$85,$C17)/SUM(F$39)),"") | G17: =IFERROR(IF(ROUND(SUMIFS(G$62:G$85,$D$62:$D$85,$D17,$C$62:$C$85,$C17)/SUM(G$39),3)=0,"",-SUMIFS(G$62:G$85,$D$62:$D$85,$D17,$C$62:$C$85,$C17)/SUM(G$39)),"") | H17: =IFERROR(IF(ROUND(SUMIFS(H$62:H$85,$D$62:$D$85,$D17,$C$62:$C$85,$C17)/SUM(H$39),3)=0,"",-SUMIFS(H$62:H$85,$D$62:$D$85,$D17,$C$62:$C$85,$C17)/SUM(H$39)),"") | I17: =IFERROR(IF(ROUND(SUMIFS(I$62:I$85,$D$62:$D$85,$D17,$C$62:$C$85,$C17)/SUM(I$39),3)=0,"",-SUMIFS(I$62:I$85,$D$62:$D$85,$D17,$C$62:$C$85,$C17)/SUM(I$39)),"") | J17: =IFERROR(IF(ROUND(SUMIFS(J$62:J$85,$D$62:$D$85,$D17,$C$62:$C$85,$C17)/SUM(J$39),3)=0,"",-SUMIFS(J$62:J$85,$D$62:$D$85,$D17,$C$62:$C$85,$C17)/SUM(J$39)),"") | K17: =IFERROR(IF(ROUND(SUMIFS(K$62:K$85,$D$62:$D$85,$D17,$C$62:$C$85,$C17)/SUM(K$39),3)=0,"",-SUMIFS(K$62:K$85,$D$62:$D$85,$D17,$C$62:$C$85,$C17)/SUM(K$39)),"") | L17: =IFERROR(IF(ROUND(SUMIFS(L$62:L$85,$D$62:$D$85,$D17,$C$62:$C$85,$C17)/SUM(L$39),3)=0,"",-SUMIFS(L$62:L$85,$D$62:$D$85,$D17,$C$62:$C$85,$C17)/SUM(L$39)),"") | ... AH17: =IFERROR(IF(ROUND(SUMIFS(AH$62:AH$85,$D$62:$D$85,$D17,$C$62:$C$85,$C17)/SUM(AH$39),3)=0,"",-SUMIFS(AH$62:AH$85,$D$62:$D$85,$D17,$C$62:$C$85,$C17)/SUM(AH$39)),"") | AJ17: * | AK17: MinCoa* | AL17: SUPHET | AM17: =IFERROR(VLOOKUP(MID($D17,4,3),emissions!$D$2:$F$27,2,FALSE)*E17,"") | AN17: =IFERROR(VLOOKUP(MID($D17,4,3),emissions!$D$2:$F$27,2,FALSE)*F17,"") | AO17: =IFERROR(VLOOKUP(MID($D17,4,3),emissions!$D$2:$F$27,2,FALSE)*G17,"") | AP17: =IFERROR(VLOOKUP(MID($D17,4,3),emissions!$D$2:$F$27,2,FALSE)*H17,"") | AQ17: =IFERROR(VLOOKUP(MID($D17,4,3),emissions!$D$2:$F$27,2,FALSE)*I17,"") | AR17: =IFERROR(VLOOKUP(MID($D17,4,3),emissions!$D$2:$F$27,2,FALSE)*J17,"") | AS17: =IFERROR(VLOOKUP(MID($D17,4,3),emissions!$D$2:$F$27,2,FALSE)*K17,"") | AT17: =IFERROR(VLOOKUP(MID($D17,4,3),emissions!$D$2:$F$27,2,FALSE)*L17,"") | ... BP17: =IFERROR(VLOOKUP(MID($D17,4,3),emissions!$D$2:$F$27,2,FALSE)*AH17,"")
B18: Input | C18: MinCoa* | D18: SUPNGA | E18: =IFERROR(IF(ROUND(SUMIFS(E$62:E$85,$D$62:$D$85,$D18,$C$62:$C$85,$C18)/SUM(E$39),3)=0,"",-SUMIFS(E$62:E$85,$D$62:$D$85,$D18,$C$62:$C$85,$C18)/SUM(E$39)),"") | F18: =IFERROR(IF(ROUND(SUMIFS(F$62:F$85,$D$62:$D$85,$D18,$C$62:$C$85,$C18)/SUM(F$39),3)=0,"",-SUMIFS(F$62:F$85,$D$62:$D$85,$D18,$C$62:$C$85,$C18)/SUM(F$39)),"") | G18: =IFERROR(IF(ROUND(SUMIFS(G$62:G$85,$D$62:$D$85,$D18,$C$62:$C$85,$C18)/SUM(G$39),3)=0,"",-SUMIFS(G$62:G$85,$D$62:$D$85,$D18,$C$62:$C$85,$C18)/SUM(G$39)),"") | H18: =IFERROR(IF(ROUND(SUMIFS(H$62:H$85,$D$62:$D$85,$D18,$C$62:$C$85,$C18)/SUM(H$39),3)=0,"",-SUMIFS(H$62:H$85,$D$62:$D$85,$D18,$C$62:$C$85,$C18)/SUM(H$39)),"") | I18: =IFERROR(IF(ROUND(SUMIFS(I$62:I$85,$D$62:$D$85,$D18,$C$62:$C$85,$C18)/SUM(I$39),3)=0,"",-SUMIFS(I$62:I$85,$D$62:$D$85,$D18,$C$62:$C$85,$C18)/SUM(I$39)),"") | J18: =IFERROR(IF(ROUND(SUMIFS(J$62:J$85,$D$62:$D$85,$D18,$C$62:$C$85,$C18)/SUM(J$39),3)=0,"",-SUMIFS(J$62:J$85,$D$62:$D$85,$D18,$C$62:$C$85,$C18)/SUM(J$39)),"") | K18: =IFERROR(IF(ROUND(SUMIFS(K$62:K$85,$D$62:$D$85,$D18,$C$62:$C$85,$C18)/SUM(K$39),3)=0,"",-SUMIFS(K$62:K$85,$D$62:$D$85,$D18,$C$62:$C$85,$C18)/SUM(K$39)),"") | L18: =IFERROR(IF(ROUND(SUMIFS(L$62:L$85,$D$62:$D$85,$D18,$C$62:$C$85,$C18)/SUM(L$39),3)=0,"",-SUMIFS(L$62:L$85,$D$62:$D$85,$D18,$C$62:$C$85,$C18)/SUM(L$39)),"") | ... AH18: =IFERROR(IF(ROUND(SUMIFS(AH$62:AH$85,$D$62:$D$85,$D18,$C$62:$C$85,$C18)/SUM(AH$39),3)=0,"",-SUMIFS(AH$62:AH$85,$D$62:$D$85,$D18,$C$62:$C$85,$C18)/SUM(AH$39)),"") | AJ18: Output | AK18: MinCoa* | AL18: ="SUPCO2N"&VLOOKUP(MID($D18,4,3),emissions!$D$2:$F$27,3,FALSE) -> SUPCO2Ng | AM18: =IFERROR(VLOOKUP(MID($D18,4,3),emissions!$D$2:$F$27,2,FALSE)*E18,"") | AN18: =IFERROR(VLOOKUP(MID($D18,4,3),emissions!$D$2:$F$27,2,FALSE)*F18,"") | AO18: =IFERROR(VLOOKUP(MID($D18,4,3),emissions!$D$2:$F$27,2,FALSE)*G18,"") | AP18: =IFERROR(VLOOKUP(MID($D18,4,3),emissions!$D$2:$F$27,2,FALSE)*H18,"") | AQ18: =IFERROR(VLOOKUP(MID($D18,4,3),emissions!$D$2:$F$27,2,FALSE)*I18,"") | AR18: =IFERROR(VLOOKUP(MID($D18,4,3),emissions!$D$2:$F$27,2,FALSE)*J18,"") | AS18: =IFERROR(VLOOKUP(MID($D18,4,3),emissions!$D$2:$F$27,2,FALSE)*K18,"") | AT18: =IFERROR(VLOOKUP(MID($D18,4,3),emissions!$D$2:$F$27,2,FALSE)*L18,"") | ... BP18: =IFERROR(VLOOKUP(MID($D18,4,3),emissions!$D$2:$F$27,2,FALSE)*AH18,"")
B19: Input | C19: MinCoa* | D19: SUPOIL | E19: =IFERROR(IF(ROUND(SUMIFS(E$62:E$85,$D$62:$D$85,$D19,$C$62:$C$85,$C19)/SUM(E$39),3)=0,"",-SUMIFS(E$62:E$85,$D$62:$D$85,$D19,$C$62:$C$85,$C19)/SUM(E$39)),"") | F19: =IFERROR(IF(ROUND(SUMIFS(F$62:F$85,$D$62:$D$85,$D19,$C$62:$C$85,$C19)/SUM(F$39),3)=0,"",-SUMIFS(F$62:F$85,$D$62:$D$85,$D19,$C$62:$C$85,$C19)/SUM(F$39)),"") | G19: =IFERROR(IF(ROUND(SUMIFS(G$62:G$85,$D$62:$D$85,$D19,$C$62:$C$85,$C19)/SUM(G$39),3)=0,"",-SUMIFS(G$62:G$85,$D$62:$D$85,$D19,$C$62:$C$85,$C19)/SUM(G$39)),"") | H19: =IFERROR(IF(ROUND(SUMIFS(H$62:H$85,$D$62:$D$85,$D19,$C$62:$C$85,$C19)/SUM(H$39),3)=0,"",-SUMIFS(H$62:H$85,$D$62:$D$85,$D19,$C$62:$C$85,$C19)/SUM(H$39)),"") | I19: =IFERROR(IF(ROUND(SUMIFS(I$62:I$85,$D$62:$D$85,$D19,$C$62:$C$85,$C19)/SUM(I$39),3)=0,"",-SUMIFS(I$62:I$85,$D$62:$D$85,$D19,$C$62:$C$85,$C19)/SUM(I$39)),"") | J19: =IFERROR(IF(ROUND(SUMIFS(J$62:J$85,$D$62:$D$85,$D19,$C$62:$C$85,$C19)/SUM(J$39),3)=0,"",-SUMIFS(J$62:J$85,$D$62:$D$85,$D19,$C$62:$C$85,$C19)/SUM(J$39)),"") | K19: =IFERROR(IF(ROUND(SUMIFS(K$62:K$85,$D$62:$D$85,$D19,$C$62:$C$85,$C19)/SUM(K$39),3)=0,"",-SUMIFS(K$62:K$85,$D$62:$D$85,$D19,$C$62:$C$85,$C19)/SUM(K$39)),"") | L19: =IFERROR(IF(ROUND(SUMIFS(L$62:L$85,$D$62:$D$85,$D19,$C$62:$C$85,$C19)/SUM(L$39),3)=0,"",-SUMIFS(L$62:L$85,$D$62:$D$85,$D19,$C$62:$C$85,$C19)/SUM(L$39)),"") | ... AH19: =IFERROR(IF(ROUND(SUMIFS(AH$62:AH$85,$D$62:$D$85,$D19,$C$62:$C$85,$C19)/SUM(AH$39),3)=0,"",-SUMIFS(AH$62:AH$85,$D$62:$D$85,$D19,$C$62:$C$85,$C19)/SUM(AH$39)),"") | AJ19: Output | AK19: MinCoa* | AL19: ="SUPCO2N"&VLOOKUP(MID($D19,4,3),emissions!$D$2:$F$27,3,FALSE) -> SUPCO2No | AM19: =IFERROR(VLOOKUP(MID($D19,4,3),emissions!$D$2:$F$27,2,FALSE)*E19,"") | AN19: =IFERROR(VLOOKUP(MID($D19,4,3),emissions!$D$2:$F$27,2,FALSE)*F19,"") | AO19: =IFERROR(VLOOKUP(MID($D19,4,3),emissions!$D$2:$F$27,2,FALSE)*G19,"") | AP19: =IFERROR(VLOOKUP(MID($D19,4,3),emissions!$D$2:$F$27,2,FALSE)*H19,"") | AQ19: =IFERROR(VLOOKUP(MID($D19,4,3),emissions!$D$2:$F$27,2,FALSE)*I19,"") | AR19: =IFERROR(VLOOKUP(MID($D19,4,3),emissions!$D$2:$F$27,2,FALSE)*J19,"") | AS19: =IFERROR(VLOOKUP(MID($D19,4,3),emissions!$D$2:$F$27,2,FALSE)*K19,"") | AT19: =IFERROR(VLOOKUP(MID($D19,4,3),emissions!$D$2:$F$27,2,FALSE)*L19,"") | ... BP19: =IFERROR(VLOOKUP(MID($D19,4,3),emissions!$D$2:$F$27,2,FALSE)*AH19,"")
B20: Input | C20: MinCoa* | D20: SUPRPP | E20: =IFERROR(IF(ROUND(SUMIFS(E$62:E$85,$D$62:$D$85,$D20,$C$62:$C$85,$C20)/SUM(E$39),3)=0,"",-SUMIFS(E$62:E$85,$D$62:$D$85,$D20,$C$62:$C$85,$C20)/SUM(E$39)),"") | F20: =IFERROR(IF(ROUND(SUMIFS(F$62:F$85,$D$62:$D$85,$D20,$C$62:$C$85,$C20)/SUM(F$39),3)=0,"",-SUMIFS(F$62:F$85,$D$62:$D$85,$D20,$C$62:$C$85,$C20)/SUM(F$39)),"") | G20: =IFERROR(IF(ROUND(SUMIFS(G$62:G$85,$D$62:$D$85,$D20,$C$62:$C$85,$C20)/SUM(G$39),3)=0,"",-SUMIFS(G$62:G$85,$D$62:$D$85,$D20,$C$62:$C$85,$C20)/SUM(G$39)),"") | H20: =IFERROR(IF(ROUND(SUMIFS(H$62:H$85,$D$62:$D$85,$D20,$C$62:$C$85,$C20)/SUM(H$39),3)=0,"",-SUMIFS(H$62:H$85,$D$62:$D$85,$D20,$C$62:$C$85,$C20)/SUM(H$39)),"") | I20: =IFERROR(IF(ROUND(SUMIFS(I$62:I$85,$D$62:$D$85,$D20,$C$62:$C$85,$C20)/SUM(I$39),3)=0,"",-SUMIFS(I$62:I$85,$D$62:$D$85,$D20,$C$62:$C$85,$C20)/SUM(I$39)),"") | J20: =IFERROR(IF(ROUND(SUMIFS(J$62:J$85,$D$62:$D$85,$D20,$C$62:$C$85,$C20)/SUM(J$39),3)=0,"",-SUMIFS(J$62:J$85,$D$62:$D$85,$D20,$C$62:$C$85,$C20)/SUM(J$39)),"") | K20: =IFERROR(IF(ROUND(SUMIFS(K$62:K$85,$D$62:$D$85,$D20,$C$62:$C$85,$C20)/SUM(K$39),3)=0,"",-SUMIFS(K$62:K$85,$D$62:$D$85,$D20,$C$62:$C$85,$C20)/SUM(K$39)),"") -> 0.0096253357 | L20: =IFERROR(IF(ROUND(SUMIFS(L$62:L$85,$D$62:$D$85,$D20,$C$62:$C$85,$C20)/SUM(L$39),3)=0,"",-SUMIFS(L$62:L$85,$D$62:$D$85,$D20,$C$62:$C$85,$C20)/SUM(L$39)),"") | ... AH20: =IFERROR(IF(ROUND(SUMIFS(AH$62:AH$85,$D$62:$D$85,$D20,$C$62:$C$85,$C20)/SUM(AH$39),3)=0,"",-SUMIFS(AH$62:AH$85,$D$62:$D$85,$D20,$C$62:$C$85,$C20)/SUM(AH$39)),"") | AJ20: Output | AK20: MinCoa* | AL20: ="SUPCO2N"&VLOOKUP(MID($D20,4,3),emissions!$D$2:$F$27,3,FALSE) -> SUPCO2No | AM20: =IFERROR(VLOOKUP(MID($D20,4,3),emissions!$D$2:$F$27,2,FALSE)*E20,"") | AN20: =IFERROR(VLOOKUP(MID($D20,4,3),emissions!$D$2:$F$27,2,FALSE)*F20,"") | AO20: =IFERROR(VLOOKUP(MID($D20,4,3),emissions!$D$2:$F$27,2,FALSE)*G20,"") | AP20: =IFERROR(VLOOKUP(MID($D20,4,3),emissions!$D$2:$F$27,2,FALSE)*H20,"") | AQ20: =IFERROR(VLOOKUP(MID($D20,4,3),emissions!$D$2:$F$27,2,FALSE)*I20,"") | AR20: =IFERROR(VLOOKUP(MID($D20,4,3),emissions!$D$2:$F$27,2,FALSE)*J20,"") | AS20: =IFERROR(VLOOKUP(MID($D20,4,3),emissions!$D$2:$F$27,2,FALSE)*K20,"") -> 0.74297966 | AT20: =IFERROR(VLOOKUP(MID($D20,4,3),emissions!$D$2:$F$27,2,FALSE)*L20,"") | ... BP20: =IFERROR(VLOOKUP(MID($D20,4,3),emissions!$D$2:$F$27,2,FALSE)*AH20,"")
B23: UCSup_calib_MIN-GAS
B24: UCSup_calib_MIN---OIL
AJ26: ~TFM_INS
AJ27: Attribute | AK27: PSET_PN | AL27: CSET_CN | AM27: =AM3 -> Africa_north | AN27: =AN3 -> Africa_other | AO27: =AO3 -> Arg-Chi | AP27: =AP3 -> Asia_central | AQ27: =AQ3 -> Asia_east | AR27: =AR3 -> Asia_other | AS27: =AS3 -> Australia_NZ | AT27: =AT3 -> Brazil | ... BP27: =BP3 -> \I:
AJ28: Output | AK28: MinGas*,Minoil* | AL28: SUPCO2Ng | AM28: =SUMIFS(AM$4:AM$20,$AK$4:$AK$20,$AK28,$AL$4:$AL$20,$AL28) -> 1.1932182 | AN28: =SUMIFS(AN$4:AN$20,$AK$4:$AK$20,$AK28,$AL$4:$AL$20,$AL28) -> 0.67294307 | AO28: =SUMIFS(AO$4:AO$20,$AK$4:$AK$20,$AK28,$AL$4:$AL$20,$AL28) -> 3.7308843 | AP28: =SUMIFS(AP$4:AP$20,$AK$4:$AK$20,$AK28,$AL$4:$AL$20,$AL28) -> 0.74932868 | AQ28: =SUMIFS(AQ$4:AQ$20,$AK$4:$AK$20,$AK28,$AL$4:$AL$20,$AL28) -> 1.7451832 | AR28: =SUMIFS(AR$4:AR$20,$AK$4:$AK$20,$AK28,$AL$4:$AL$20,$AL28) -> 2.2287827 | AS28: =SUMIFS(AS$4:AS$20,$AK$4:$AK$20,$AK28,$AL$4:$AL$20,$AL28) -> 0.5841179 | AT28: =SUMIFS(AT$4:AT$20,$AK$4:$AK$20,$AK28,$AL$4:$AL$20,$AL28) -> 0.53607527 | ... BP28: =SUMIFS(BP$4:BP$20,$AK$4:$AK$20,$AK28,$AL$4:$AL$20,$AL28) -> 0
AJ29: Output | AK29: MinGas*,Minoil* | AL29: SUPCO2No | AM29: =SUMIFS(AM$4:AM$20,$AK$4:$AK$20,$AK29,$AL$4:$AL$20,$AL29) -> 0.22266589 | AN29: =SUMIFS(AN$4:AN$20,$AK$4:$AK$20,$AK29,$AL$4:$AL$20,$AL29) -> 0 | AO29: =SUMIFS(AO$4:AO$20,$AK$4:$AK$20,$AK29,$AL$4:$AL$20,$AL29) -> 0.12641415 | AP29: =SUMIFS(AP$4:AP$20,$AK$4:$AK$20,$AK29,$AL$4:$AL$20,$AL29) -> 0.29776644 | AQ29: =SUMIFS(AQ$4:AQ$20,$AK$4:$AK$20,$AK29,$AL$4:$AL$20,$AL29) -> 2.9563337 | AR29: =SUMIFS(AR$4:AR$20,$AK$4:$AK$20,$AK29,$AL$4:$AL$20,$AL29) -> 0 | AS29: =SUMIFS(AS$4:AS$20,$AK$4:$AK$20,$AK29,$AL$4:$AL$20,$AL29) -> 0.059324582 | AT29: =SUMIFS(AT$4:AT$20,$AK$4:$AK$20,$AK29,$AL$4:$AL$20,$AL29) -> 0.25413486 | ... BP29: =SUMIFS(BP$4:BP$20,$AK$4:$AK$20,$AK29,$AL$4:$AL$20,$AL29) -> 0
AJ30: Output | AK30: MinCoa* | AL30: SUPCO2Nc | AM30: =SUMIFS(AM$4:AM$20,$AK$4:$AK$20,$AK30,$AL$4:$AL$20,$AL30) -> 0 | AN30: =SUMIFS(AN$4:AN$20,$AK$4:$AK$20,$AK30,$AL$4:$AL$20,$AL30) -> 0.087195473 | AO30: =SUMIFS(AO$4:AO$20,$AK$4:$AK$20,$AK30,$AL$4:$AL$20,$AL30) -> 0 | AP30: =SUMIFS(AP$4:AP$20,$AK$4:$AK$20,$AK30,$AL$4:$AL$20,$AL30) -> 0.39730786 | AQ30: =SUMIFS(AQ$4:AQ$20,$AK$4:$AK$20,$AK30,$AL$4:$AL$20,$AL30) -> 0 | AR30: =SUMIFS(AR$4:AR$20,$AK$4:$AK$20,$AK30,$AL$4:$AL$20,$AL30) -> 0 | AS30: =SUMIFS(AS$4:AS$20,$AK$4:$AK$20,$AK30,$AL$4:$AL$20,$AL30) -> 0 | AT30: =SUMIFS(AT$4:AT$20,$AK$4:$AK$20,$AK30,$AL$4:$AL$20,$AL30) -> 0 | ... BP30: =SUMIFS(BP$4:BP$20,$AK$4:$AK$20,$AK30,$AL$4:$AL$20,$AL30) -> 0
AJ31: Output | AK31: MinCoa* | AL31: SUPCO2Ng | AM31: =SUMIFS(AM$4:AM$20,$AK$4:$AK$20,$AK31,$AL$4:$AL$20,$AL31) -> 0 | AN31: =SUMIFS(AN$4:AN$20,$AK$4:$AK$20,$AK31,$AL$4:$AL$20,$AL31) -> 0 | AO31: =SUMIFS(AO$4:AO$20,$AK$4:$AK$20,$AK31,$AL$4:$AL$20,$AL31) -> 0 | AP31: =SUMIFS(AP$4:AP$20,$AK$4:$AK$20,$AK31,$AL$4:$AL$20,$AL31) -> 0 | AQ31: =SUMIFS(AQ$4:AQ$20,$AK$4:$AK$20,$AK31,$AL$4:$AL$20,$AL31) -> 0 | AR31: =SUMIFS(AR$4:AR$20,$AK$4:$AK$20,$AK31,$AL$4:$AL$20,$AL31) -> 0 | AS31: =SUMIFS(AS$4:AS$20,$AK$4:$AK$20,$AK31,$AL$4:$AL$20,$AL31) -> 0 | AT31: =SUMIFS(AT$4:AT$20,$AK$4:$AK$20,$AK31,$AL$4:$AL$20,$AL31) -> 0 | ... BP31: =SUMIFS(BP$4:BP$20,$AK$4:$AK$20,$AK31,$AL$4:$AL$20,$AL31) -> 0
AJ32: Output | AK32: MinCoa* | AL32: SUPCO2No | AM32: =SUMIFS(AM$4:AM$20,$AK$4:$AK$20,$AK32,$AL$4:$AL$20,$AL32) -> 0 | AN32: =SUMIFS(AN$4:AN$20,$AK$4:$AK$20,$AK32,$AL$4:$AL$20,$AL32) -> 0 | AO32: =SUMIFS(AO$4:AO$20,$AK$4:$AK$20,$AK32,$AL$4:$AL$20,$AL32) -> 0 | AP32: =SUMIFS(AP$4:AP$20,$AK$4:$AK$20,$AK32,$AL$4:$AL$20,$AL32) -> 0 | AQ32: =SUMIFS(AQ$4:AQ$20,$AK$4:$AK$20,$AK32,$AL$4:$AL$20,$AL32) -> 0 | AR32: =SUMIFS(AR$4:AR$20,$AK$4:$AK$20,$AK32,$AL$4:$AL$20,$AL32) -> 0 | AS32: =SUMIFS(AS$4:AS$20,$AK$4:$AK$20,$AK32,$AL$4:$AL$20,$AL32) -> 0.74297966 | AT32: =SUMIFS(AT$4:AT$20,$AK$4:$AK$20,$AK32,$AL$4:$AL$20,$AL32) -> 0 | ... BP32: =SUMIFS(BP$4:BP$20,$AK$4:$AK$20,$AK32,$AL$4:$AL$20,$AL32) -> 0
B34: ~UC_SETS: R_E: AllRegions
AK35: ~TFM_TOPINS
C36: ~UC_T: UC_RHSRT~2019~LO | AK36: PSET_PN | AL36: AllRegions | AM36: CSET_CN
A37: timeslice | B37: UC_N | C37: process | D37: UC_ACT | E37: =E61 -> Africa_north | F37: =F61 -> Africa_other | G37: =G61 -> Arg-Chi | H37: =H61 -> Asia_central | I37: =I61 -> Asia_east | J37: =J61 -> Asia_other | K37: =K61 -> Australia_NZ | L37: =L61 -> Brazil | ... AH37: =AH61 -> \I: | AI37: 0 | AK37: MinGas*,Minoil* | AL37: OUT | AM37: SUPCO2No,SUPCO2Ng
B38: UCSup_calib_MIN-BIO | C38: MINBIO* | D38: 1 | E38: =SUMIFS(E$62:E$85,$B$62:$B$85,$B38) -> 268.6273 | F38: =SUMIFS(F$62:F$85,$B$62:$B$85,$B38) -> 13832.57 | G38: =SUMIFS(G$62:G$85,$B$62:$B$85,$B38) -> 543.78449 | H38: =SUMIFS(H$62:H$85,$B$62:$B$85,$B38) -> 20.822267 | I38: =SUMIFS(I$62:I$85,$B$62:$B$85,$B38) -> 868.51027 | J38: =SUMIFS(J$62:J$85,$B$62:$B$85,$B38) -> 6915.4886 | K38: =SUMIFS(K$62:K$85,$B$62:$B$85,$B38) -> 246.59168 | L38: =SUMIFS(L$62:L$85,$B$62:$B$85,$B38) -> 3945.4913 | ... AH38: =SUMIFS(AH$62:AH$85,$B$62:$B$85,$B38) -> 0 | AI38: 0 | AK38: MinCoa* | AL38: OUT | AM38: SUPCO2No,SUPCO2Ng,SUPCO2Nc
B39: UCSup_calib_MIN-COA | C39: MINCOA* | D39: 1 | E39: =SUMIFS(E$62:E$85,$B$62:$B$85,$B39) -> 0 | F39: =SUMIFS(F$62:F$85,$B$62:$B$85,$B39) -> 532.14153 | G39: =SUMIFS(G$62:G$85,$B$62:$B$85,$B39) -> 26.429422 | H39: =SUMIFS(H$62:H$85,$B$62:$B$85,$B39) -> 2018.1918 | I39: =SUMIFS(I$62:I$85,$B$62:$B$85,$B39) -> 47.41474 | J39: =SUMIFS(J$62:J$85,$B$62:$B$85,$B39) -> 16987.26 | K39: =SUMIFS(K$62:K$85,$B$62:$B$85,$B39) -> 12668.852 | L39: =SUMIFS(L$62:L$85,$B$62:$B$85,$B39) -> 90.538821 | ... AH39: =SUMIFS(AH$62:AH$85,$B$62:$B$85,$B39) -> 0 | AI39: 0
A40: \I: | B40: UCSup_calib_MIN-GAS | C40: MINGAS* | D40: 1 | E40: =SUMIFS(E$62:E$85,$B$62:$B$85,$B40) -> 6242.8642 | F40: =SUMIFS(F$62:F$85,$B$62:$B$85,$B40) -> 2525.3895 | G40: =SUMIFS(G$62:G$85,$B$62:$B$85,$B40) -> 1613.5712 | H40: =SUMIFS(H$62:H$85,$B$62:$B$85,$B40) -> 7089.6371 | I40: =SUMIFS(I$62:I$85,$B$62:$B$85,$B40) -> 96.583623 | J40: =SUMIFS(J$62:J$85,$B$62:$B$85,$B40) -> 10055.298 | K40: =SUMIFS(K$62:K$85,$B$62:$B$85,$B40) -> 5106.8204 | L40: =SUMIFS(L$62:L$85,$B$62:$B$85,$B40) -> 972.16001 | ... AH40: =SUMIFS(AH$62:AH$85,$B$62:$B$85,$B40) -> 0 | AI40: 0
A41: \I: | B41: UCSup_calib_MIN-OIL | C41: MINOIL* | D41: 1 | E41: =E84-E85 -> 6136.8447 | F41: =F84-F85 -> 9856.1607 | G41: =G84-G85 -> 1123.8952 | H41: =H84-H85 -> 5775.7234 | I41: =I84-I85 -> 42.366141 | J41: =J84-J85 -> 4351.9937 | K41: =K84-K85 -> 674.17383 | L41: =L84-L85 -> 6041.618 | ... AH41: =AH84-AH85 -> 0 | AI41: 0
B45: DeACT TFM_INS: attribute=PRC_MARK; LimType=UP
A46: timeslice | B46: pset_set | C46: process | D46: commodity | E46: Africa_north | F46: Africa_other | G46: Arg-Chi | H46: Asia_central | I46: Asia_east | J46: Asia_other | K46: Australia_NZ | L46: Brazil | M46: Canada | N46: China | O46: EU_north | P46: EU_northeast | Q46: EU_northwest | R46: EU_south | S46: EU_southeast | T46: EU_southwest | U46: Europe_other | V46: France | W46: Germany | X46: India | Y46: LatAm_other | Z46: Mexico | AA46: MidEast_other | AB46: Nor-Ice | AC46: Russia | AD46: SaudiArabia | AE46: SouthAfrica | AF46: UK | AG46: USA | AH46: \I: | AI46: year | AJ46: Other_indexes | AK46: top_check | AL46: limtype
B47: IRE | C47: -Min* | D47: COABCO | I47: 0.95805679 | K47: 0.019596296 | L47: 0.085945946 | M47: 0.044200036 | O47: 0.018852345 | P47: 0.0033416115 | Q47: 0.27847756 | R47: 0.0001190147 | S47: 0.065027372 | U47: 0.0032413687 | V47: % | X47: 0.83558818 | Z47: 0.14226972 | AA47: % | AI47: 2020 | AJ47: DomProd | AK47: O
B48: IRE | C48: -Min* | D48: COACOK | E48: % | G48: % | I48: % | L48: % | N48: 0.11972749 | O48: % | P48: 0.30862382 | Q48: % | R48: % | S48: % | T48: % | U48: 0.72898294 | V48: % | W48: % | X48: 0.62761373 | Z48: 0.14134461 | AA48: 0.62604324 | AF48: 0.74232549 | AI48: 2020 | AJ48: DomProd | AK48: O
B49: IRE | C49: -Min* | D49: COAHCO | E49: % | G49: 0.91860756 | I49: 0.99300924 | J49: 0.31073052 | L49: 0.98520485 | M49: 0.27908097 | N49: 0.068941102 | O49: % | P49: 0.21873808 | Q49: 0.99873196 | R49: % | S49: 0.9399914 | T49: % | U49: 0.72027849 | V49: % | W49: % | X49: 0.13993138 | Z49: 0.99634783 | AA49: 0.97959049 | AB49: 0.87696267 | AF49: 0.63379376 | AI49: 2020 | AJ49: DomProd | AK49: O
A50: \I: | B50: IRE | C50: -Min* | D50: GASNGA | G50: 0.19769725 | I50: 0.98357782 | L50: 0.27091677 | N50: 0.41235793 | O50: 0.51357658 | P50: 0.89853651 | Q50: 0.50960136 | R50: 0.94086388 | S50: 0.61541113 | T50: 0.9968414 | U50: 0.80158407 | V50: 0.99963425 | W50: 0.9453612 | X50: 0.54286925 | Z50: 0.59928895 | AE50: 0.77592473 | AF50: 0.4914415 | AI50: 2020 | AJ50: DomProd | AK50: O
A51: \I: | B51: IRE | C51: -Min* | D51: OILCRD | G51: 0.19254686 | I51: 0.99653558 | J51: 0.6231765 | K51: 0.3822382 | N51: 0.72550717 | O51: 0.85921871 | P51: 0.966167 | Q51: 0.9899047 | R51: 0.94615828 | S51: 0.82603035 | T51: 0.99948566 | U51: 0.86571991 | V51: 0.98115332 | W51: 0.96445712 | X51: 0.87585142 | AE51: 0.99830028 | AF51: 0.059986538 | AG51: 0.24304798 | AI51: 2020 | AJ51: DomProd | AK51: O
B52: IRE | C52: -Min* | D52: COABCO | I52: 0.9790284 | K52: 0.039192591 | L52: 0.17189189 | M52: 0.088400072 | O52: 0.037704689 | P52: 0.0066832231 | Q52: 0.55695512 | R52: 0.0002380294 | S52: 0.13005474 | U52: 0.0064827373 | V52: % | X52: 0.91779409 | Z52: 0.28453944 | AA52: % | AI52: 2050 | AJ52: DomProd | AK52: O
B53: IRE | C53: -Min* | D53: COACOK | E53: % | G53: % | I53: % | L53: % | N53: 0.23945498 | O53: % | P53: 0.61724765 | Q53: % | R53: % | S53: % | T53: % | U53: 0.86449147 | V53: % | W53: % | X53: 0.81380686 | Z53: 0.28268922 | AA53: 0.81302162 | AF53: 0.87116275 | AI53: 2050 | AJ53: DomProd | AK53: O
B54: IRE | C54: -Min* | D54: COAHCO | E54: % | G54: 0.95930378 | I54: 0.99650462 | J54: 0.62146104 | L54: 0.99260243 | M54: 0.55816194 | N54: 0.1378822 | O54: % | P54: 0.43747615 | Q54: 0.99936598 | R54: % | S54: 0.9699957 | T54: % | U54: 0.86013925 | V54: % | W54: % | X54: 0.27986276 | Z54: 0.99817392 | AA54: 0.98979525 | AB54: 0.93848134 | AF54: 0.81689688 | AI54: 2050 | AJ54: DomProd | AK54: O
A55: \I: | B55: IRE | C55: -Min* | D55: GASNGA | G55: 0.39539449 | I55: 0.99178891 | L55: 0.54183355 | N55: 0.82471586 | O55: 0.75678829 | P55: 0.94926825 | Q55: 0.75480068 | R55: 0.97043194 | S55: 0.80770556 | T55: 0.9984207 | U55: 0.90079203 | V55: 0.99981712 | W55: 0.9726806 | X55: 0.77143462 | Z55: 0.79964447 | AE55: 0.88796237 | AF55: 0.982883 | AI55: 2050 | AJ55: DomProd | AK55: O
A56: \I: | B56: IRE | C56: -Min* | D56: OILCRD | G56: 0.38509372 | I56: 0.99826779 | J56: 0.81158825 | K56: 0.76447639 | N56: 0.86275358 | O56: 0.92960936 | P56: 0.9830835 | Q56: 0.99495235 | R56: 0.97307914 | S56: 0.91301517 | T56: 0.99974283 | U56: 0.93285996 | V56: 0.99057666 | W56: 0.98222856 | X56: 0.93792571 | AE56: 0.99915014 | AF56: 0.11997308 | AG56: 0.48609596 | AI56: 2050 | AJ56: DomProd | AK56: O
A57: \I: | B57: IRE | C57: -Min* | D57: COABCO,COACOK,COAHCO,GASNGA,OILCRD | E57: 3 | F57: 3 | G57: 3 | H57: 3 | I57: 3 | J57: 3 | K57: 3 | L57: 3 | M57: 3 | N57: 3 | O57: 3 | P57: 3 | Q57: 3 | R57: 3 | S57: 3 | T57: 3 | U57: 3 | V57: 3 | W57: 3 | X57: 3 | Y57: 3 | Z57: 3 | AA57: 3 | AB57: 3 | AC57: 3 | AD57: 3 | AE57: 3 | AF57: 3 | AG57: 3 | AH57: 3 | AI57: 0 | AJ57: DomProd | AK57: O
B61: attribute | C61: process | D61: SectFuel | E61: Africa_north | F61: Africa_other | G61: Arg-Chi | H61: Asia_central | I61: Asia_east | J61: Asia_other | K61: Australia_NZ | L61: Brazil | M61: Canada | N61: China | O61: EU_north | P61: EU_northeast | Q61: EU_northwest | R61: EU_south | S61: EU_southeast | T61: EU_southwest | U61: Europe_other | V61: France | W61: Germany | X61: India | Y61: LatAm_other | Z61: Mexico | AA61: MidEast_other | AB61: Nor-Ice | AC61: Russia | AD61: SaudiArabia | AE61: SouthAfrica | AF61: UK | AG61: USA | AH61: \I:
B62: input_mincoa | C62: MINCOA* | G62: 26.429422 | I62: 47.41474 | J62: 16987.26 | O62: 69.747081 | Q62: 19.842627 | Z62: 254.85776 | AA62: 43.796834
B63: input_mincoa | C63: MINCOA* | D63: SUPBDS | AG63: -1.2653682
B64: input_mincoa | C64: MINCOA* | D64: SUPBFG | P64: -1.136151
B65: input_mincoa | C65: MINCOA* | D65: SUPBIO | P65: -0.021063791 | S65: -0.0033996816 | U65: -0.0010006452
B66: input_mincoa | C66: MINCOA* | D66: SUPCOA | F66: -0.47140437 | H66: -8.1463321 | K66: -0.58845893 | N66: -638.60781 | P66: -12.373778 | S66: -0.013167486 | U66: -0.23330524 | W66: -0.019606784 | X66: -4.259822 | AC66: -9.3393859 | AG66: -0.45798149
B67: input_mincoa | C67: MINCOA* | D67: SUPCOG | N67: -1.7260795
B68: input_mincoa | C68: MINCOA* | D68: SUPELC | F68: -0.18145173 | H68: -1.9135058 | K68: -23.007245 | L68: -1.6568382 | M68: -5.9219983 | N68: -369.6336 | P68: -22.905108 | R68: -2.7470893 | S68: -5.8142385 | T68: -1.2023987 | U68: -14.413507 | V68: -0.10607258 | W68: -0.20519925 | AB68: -0.017961372 | AC68: -31.590361 | AE68: -11.744753 | AF68: -1.3921068 | AG68: -28.408434
B69: input_mincoa | C69: MINCOA* | D69: SUPHET | H69: -0.49789844 | N69: -7.0550008 | P69: -3.76915 | S69: -0.7940978 | U69: -2.7369991 | AC69: -18.988775
B70: input_mincoa | C70: MINCOA* | D70: SUPNGA | K70: -0.013837374 | M70: -2.9924986 | P70: -0.54417514 | S70: -0.12728709 | T70: -0.035998106 | V70: -0.0030228696 | W70: -0.20844821 | Y70: -3.434633 | AF70: -0.26100093 | AG70: -1.2318026
B71: input_mincoa | C71: MINCOA* | D71: SUPOIL | K71: -0.095869346 | N71: -0.3133443 | P71: -0.037400684 | AC71: -0.0063095076 | AG71: -0.48239891
B72: input_mincoa | C72: MINCOA* | D72: SUPRPP | K72: -121.94195 | N72: -86.467297 | P72: -1.9630063 | S72: -0.91042803 | T72: -0.46859922 | U72: -1.4413226 | W72: -0.08520138 | AB72: -0.0068579784 | AC72: -75.582626 | AG72: -68.881694
B73: input_minoil-gas | C73: MINOIL*,MINGAS* | AE73: 41.655779
B74: input_minoil-gas | C74: MINOIL*,MINGAS* | D74: SUPBDS | AG74: -3.5852155
B75: input_minoil-gas | C75: MINOIL*,MINGAS* | D75: SUPELC | E75: -1.3943216 | F75: -0.60805734 | H75: -44.741711 | J75: -0.36673019 | K75: -28.38238 | L75: -62.696999 | M75: -55.378799 | N75: -156.3984 | P75: -1.9799461 | Q75: -7.7524296 | R75: -0.81230619 | S75: -6.4114101 | T75: -0.86039996 | U75: -6.0498423 | V75: -1.2025243 | W75: -1.9439982 | Y75: -20.069677 | Z75: -9.1147515 | AA75: -12.942111 | AB75: -29.978204 | AC75: -371.70828 | AF75: -2.3225184 | AG75: -187.48764
B76: input_minoil-gas | C76: MINOIL*,MINGAS* | D76: SUPHET | H76: -27.748 | N76: -27.7826 | P76: -0.000125604 | Q76: -0.001339776 | R76: -0.039942072 | S76: -0.0009964584 | U76: -3.6379984 | W76: -0.029001964 | AC76: -105.50152
B77: input_minoil-gas | C77: MINOIL*,MINGAS* | D77: SUPNGA | E77: -263.82736 | F77: -148.81369 | G77: -182.41062 | H77: -172.18045 | I77: -4.3310018 | J77: -573.50817 | K77: -60.310452 | L77: -67.153295 | M77: -1382.8608 | N77: -465.80516 | O77: -19.762035 | P77: -19.181887 | Q77: -21.793743 | R77: -12.680243 | S77: -9.8653192 | T77: -0.43649902 | U77: -31.731824 | V77: -0.0026125632 | W77: -7.3076658 | X77: -30.966766 | Y77: -242.41883 | Z77: -464.4324 | AA77: -928.58935 | AB77: -182.17613 | AC77: -449.79376 | AD77: -134.309 | AF77: -177.8022 | AG77: -1819.9049
B78: input_minoil-gas | C78: MINOIL*,MINGAS* | D78: SUPOIL | E78: -1.320948 | F78: -3.3625782 | G78: -4.1633121 | H78: -46.088458 | I78: -1.0573763 | J78: -0.79864047 | K78: -0.95835015 | L78: -0.49064691 | M78: -131.57747 | N78: -119.49101 | P78: -0.0024785856 | S78: -0.084732458 | U78: -0.12623202 | Y78: -7.6182385 | AA78: -137.18383 | AC78: -3.8420505 | AF78: -0.28559838 | AG78: -1.9698015
B79: input_minoil-gas | C79: MINOIL*,MINGAS* | D79: SUPRFG | M79: -207.64688 | S79: -0.056036131
B80: input_minoil-gas | C80: MINOIL*,MINGAS* | D80: SUPRPP | E80: -35.711089 | F80: -1.0975278 | G80: -0.37262939 | H80: -5.2304101 | I80: -4.1830905 | K80: -4.4429987 | L80: -23.091663 | M80: -98.783217 | N80: -17.386462 | P80: -0.065774628 | S80: -0.30531402 | T80: -0.12780207 | U80: -0.76879278 | Y80: -30.121815 | AA80: -0.12734571 | AB80: -14.749598 | AC80: -47.980665 | AD80: -43.897518 | AF80: -23.530536 | AG80: -129.815
B81: UCSup_calib_MIN-BIO | C81: MINBIO* | E81: 268.6273 | F81: 13832.57 | G81: 543.78449 | H81: 20.822267 | I81: 868.51027 | J81: 6915.4886 | K81: 246.59168 | L81: 3945.4913 | M81: 556.973 | N81: 5304.9534 | O81: 1015.6996 | P81: 1261.8406 | Q81: 368.47415 | R81: 567.50084 | S81: 453.72131 | T81: 490.43248 | U81: 662.58267 | V81: 704.36384 | W81: 1309.4742 | X81: 8060.7376 | Y81: 1481.5961 | Z81: 365.034 | AA81: 47.608249 | AB81: 65.781205 | AC81: 432.42096 | AE81: 238.2052 | AF81: 373.25122 | AG81: 4464.6606
B82: UCSup_calib_MIN-COA | C82: MINCOA* | F82: 532.14153 | G82: 26.429422 | H82: 2018.1918 | I82: 47.41474 | J82: 16987.26 | K82: 12668.852 | L82: 90.538821 | M82: 1162.807 | N82: 81957.965 | O82: 69.747081 | P82: 2578.1581 | Q82: 19.842627 | R82: 129.26688 | S82: 445.27413 | U82: 1924.5241 | W82: 1189.9 | X82: 11989.833 | Y82: 2443.2572 | Z82: 254.85776 | AA82: 43.796834 | AB82: 3.4006613 | AC82: 10579.027 | AE82: 6127.1256 | AF82: 70.983836 | AG82: 14481.732
B83: UCSup_calib_MIN-GAS | C83: MINGAS* | E83: 6242.8642 | F83: 2525.3895 | G83: 1613.5712 | H83: 7089.6371 | I83: 96.583623 | J83: 10055.298 | K83: 5106.8204 | L83: 972.16001 | M83: 6646.9257 | N83: 6172.767 | O83: 115.74038 | P83: 187.24341 | Q83: 1088.2066 | R83: 164.98939 | S83: 435.79926 | T83: 4.8654007 | U83: 721.89177 | V83: 0.60079743 | W83: 183.11386 | X83: 1062.0112 | Y83: 3509.5922 | Z83: 1148.0796 | AA83: 20016.661 | AB83: 4223.3946 | AC83: 26439.056 | AD83: 3357.7249 | AE83: 40.344478 | AF83: 1413.3123 | AG83: 33491.557
B84: UCSup_calib_MIN-OIL | C84: MINOIL* | E84: 7111.2648 | F84: 10213.758 | G84: 1317.3594 | H84: 6085.3742 | I84: 51.377998 | J84: 4879.736 | K84: 778.28449 | L84: 6202.211 | M84: 11581.07 | N84: 8008.5374 | O84: 215.74106 | P84: 86.214498 | Q84: 46.804488 | R84: 204.00041 | S84: 227.41663 | T84: 1.6919989 | U84: 392.61425 | V84: 39.717031 | W84: 134.53245 | X84: 1581.3216 | Y84: 6536.4477 | Z84: 4109.2591 | AA84: 36076.037 | AB84: 3383.0989 | AC84: 23600.314 | AD84: 23400.544 | AE84: 2.5839297 | AF84: 2282.545 | AG84: 31939.852
B85: UCSup_calib_MIN---OIL | C85: MINOIL* | E85: 974.42009 | F85: 357.59685 | G85: 193.46418 | H85: 309.65078 | I85: 9.0118567 | J85: 527.74231 | K85: 104.11066 | L85: 160.59298 | M85: 840.5022 | N85: 11.159032 | P85: 0.76782981 | Q85: 5.8228716 | S85: 17.006681 | U85: 36.462138 | X85: 204.79947 | Y85: 395.95088 | Z85: 257.40654 | AA85: 5004.1379 | AB85: 396.80503 | AC85: 1401.0844 | AD85: 2605.1958 | AE85: 1.2726281 | AF85: 142.42403 | AG85: 6146.3045
B88: ~TFM_TOPINS-A
B89: pset_set | C89: PSET_PN | D89: CSET_CN | E89: =E3 -> Africa_north | F89: =F3 -> Africa_other | G89: =G3 -> Arg-Chi | H89: =H3 -> Asia_central | I89: =I3 -> Asia_east | J89: =J3 -> Asia_other | K89: =K3 -> Australia_NZ | L89: =L3 -> Brazil | ... AH89: =AH3 -> \I:
B90: =IF(B4="\I:",B4,"") | C90: =C4 -> MINOIL*,MINGAS* | D90: =D4 -> SUPBDS | E90: =IF(ISNUMBER(E4),"IN","") | F90: =IF(ISNUMBER(F4),"IN","") | G90: =IF(ISNUMBER(G4),"IN","") | H90: =IF(ISNUMBER(H4),"IN","") | I90: =IF(ISNUMBER(I4),"IN","") | J90: =IF(ISNUMBER(J4),"IN","") | K90: =IF(ISNUMBER(K4),"IN","") | L90: =IF(ISNUMBER(L4),"IN","") | ... Z90: =IF(ISNUMBER(Z4),"IN","")
B91: =IF(B5="\I:",B5,"") | C91: =C5 -> MINOIL*,MINGAS* | D91: =D5 -> SUPELC | E91: =IF(ISNUMBER(E5),"IN","") | F91: =IF(ISNUMBER(F5),"IN","") | G91: =IF(ISNUMBER(G5),"IN","") | H91: =IF(ISNUMBER(H5),"IN","") -> IN | I91: =IF(ISNUMBER(I5),"IN","") | J91: =IF(ISNUMBER(J5),"IN","") | K91: =IF(ISNUMBER(K5),"IN","") -> IN | L91: =IF(ISNUMBER(L5),"IN","") -> IN | ... Z91: =IF(ISNUMBER(Z5),"IN","") -> IN
B92: =IF(B6="\I:",B6,"") | C92: =C6 -> MINOIL*,MINGAS* | D92: =D6 -> SUPHET | E92: =IF(ISNUMBER(E6),"IN","") | F92: =IF(ISNUMBER(F6),"IN","") | G92: =IF(ISNUMBER(G6),"IN","") | H92: =IF(ISNUMBER(H6),"IN","") -> IN | I92: =IF(ISNUMBER(I6),"IN","") | J92: =IF(ISNUMBER(J6),"IN","") | K92: =IF(ISNUMBER(K6),"IN","") | L92: =IF(ISNUMBER(L6),"IN","") | ... Z92: =IF(ISNUMBER(Z6),"IN","")
B93: =IF(B7="\I:",B7,"") | C93: =C7 -> MINOIL*,MINGAS* | D93: =D7 -> SUPNGA | E93: =IF(ISNUMBER(E7),"IN","") -> IN | F93: =IF(ISNUMBER(F7),"IN","") -> IN | G93: =IF(ISNUMBER(G7),"IN","") -> IN | H93: =IF(ISNUMBER(H7),"IN","") -> IN | I93: =IF(ISNUMBER(I7),"IN","") -> IN | J93: =IF(ISNUMBER(J7),"IN","") -> IN | K93: =IF(ISNUMBER(K7),"IN","") -> IN | L93: =IF(ISNUMBER(L7),"IN","") -> IN | ... Z93: =IF(ISNUMBER(Z7),"IN","") -> IN
B94: =IF(B8="\I:",B8,"") | C94: =C8 -> MINOIL*,MINGAS* | D94: =D8 -> SUPOIL | E94: =IF(ISNUMBER(E8),"IN","") | F94: =IF(ISNUMBER(F8),"IN","") | G94: =IF(ISNUMBER(G8),"IN","") -> IN | H94: =IF(ISNUMBER(H8),"IN","") -> IN | I94: =IF(ISNUMBER(I8),"IN","") -> IN | J94: =IF(ISNUMBER(J8),"IN","") | K94: =IF(ISNUMBER(K8),"IN","") | L94: =IF(ISNUMBER(L8),"IN","") | ... Z94: =IF(ISNUMBER(Z8),"IN","")
B95: =IF(B9="\I:",B9,"") | C95: =C9 -> MINOIL*,MINGAS* | D95: =D9 -> SUPRFG | E95: =IF(ISNUMBER(E9),"IN","") | F95: =IF(ISNUMBER(F9),"IN","") | G95: =IF(ISNUMBER(G9),"IN","") | H95: =IF(ISNUMBER(H9),"IN","") | I95: =IF(ISNUMBER(I9),"IN","") | J95: =IF(ISNUMBER(J9),"IN","") | K95: =IF(ISNUMBER(K9),"IN","") | L95: =IF(ISNUMBER(L9),"IN","") | ... Z95: =IF(ISNUMBER(Z9),"IN","")
B96: =IF(B10="\I:",B10,"") | C96: =C10 -> MINOIL*,MINGAS* | D96: =D10 -> SUPRPP | E96: =IF(ISNUMBER(E10),"IN","") -> IN | F96: =IF(ISNUMBER(F10),"IN","") | G96: =IF(ISNUMBER(G10),"IN","") | H96: =IF(ISNUMBER(H10),"IN","") | I96: =IF(ISNUMBER(I10),"IN","") -> IN | J96: =IF(ISNUMBER(J10),"IN","") | K96: =IF(ISNUMBER(K10),"IN","") -> IN | L96: =IF(ISNUMBER(L10),"IN","") -> IN | ... Z96: =IF(ISNUMBER(Z10),"IN","")
B97: =IF(B11="\I:",B11,"") | C97: =C11 -> MinCoa* | D97: =D11 -> SUPBDS | E97: =IF(ISNUMBER(E11),"IN","") | F97: =IF(ISNUMBER(F11),"IN","") | G97: =IF(ISNUMBER(G11),"IN","") | H97: =IF(ISNUMBER(H11),"IN","") | I97: =IF(ISNUMBER(I11),"IN","") | J97: =IF(ISNUMBER(J11),"IN","") | K97: =IF(ISNUMBER(K11),"IN","") | L97: =IF(ISNUMBER(L11),"IN","") | ... Z97: =IF(ISNUMBER(Z11),"IN","")
B98: =IF(B12="\I:",B12,"") | C98: =C12 -> MinCoa* | D98: =D12 -> SUPBFG | E98: =IF(ISNUMBER(E12),"IN","") | F98: =IF(ISNUMBER(F12),"IN","") | G98: =IF(ISNUMBER(G12),"IN","") | H98: =IF(ISNUMBER(H12),"IN","") | I98: =IF(ISNUMBER(I12),"IN","") | J98: =IF(ISNUMBER(J12),"IN","") | K98: =IF(ISNUMBER(K12),"IN","") | L98: =IF(ISNUMBER(L12),"IN","") | ... Z98: =IF(ISNUMBER(Z12),"IN","")
B99: =IF(B13="\I:",B13,"") | C99: =C13 -> MinCoa* | D99: =D13 -> SUPBIO | E99: =IF(ISNUMBER(E13),"IN","") | F99: =IF(ISNUMBER(F13),"IN","") | G99: =IF(ISNUMBER(G13),"IN","") | H99: =IF(ISNUMBER(H13),"IN","") | I99: =IF(ISNUMBER(I13),"IN","") | J99: =IF(ISNUMBER(J13),"IN","") | K99: =IF(ISNUMBER(K13),"IN","") | L99: =IF(ISNUMBER(L13),"IN","") | ... Z99: =IF(ISNUMBER(Z13),"IN","")
B100: =IF(B14="\I:",B14,"") | C100: =C14 -> MinCoa* | D100: =D14 -> SUPCOA | E100: =IF(ISNUMBER(E14),"IN","") | F100: =IF(ISNUMBER(F14),"IN","") -> IN | G100: =IF(ISNUMBER(G14),"IN","") | H100: =IF(ISNUMBER(H14),"IN","") -> IN | I100: =IF(ISNUMBER(I14),"IN","") | J100: =IF(ISNUMBER(J14),"IN","") | K100: =IF(ISNUMBER(K14),"IN","") | L100: =IF(ISNUMBER(L14),"IN","") | ... Z100: =IF(ISNUMBER(Z14),"IN","")
B101: =IF(B15="\I:",B15,"") | C101: =C15 -> MinCoa* | D101: =D15 -> SUPCOG | E101: =IF(ISNUMBER(E15),"IN","") | F101: =IF(ISNUMBER(F15),"IN","") | G101: =IF(ISNUMBER(G15),"IN","") | H101: =IF(ISNUMBER(H15),"IN","") | I101: =IF(ISNUMBER(I15),"IN","") | J101: =IF(ISNUMBER(J15),"IN","") | K101: =IF(ISNUMBER(K15),"IN","") | L101: =IF(ISNUMBER(L15),"IN","") | ... Z101: =IF(ISNUMBER(Z15),"IN","")
... B106: =IF(B20="\I:",B20,"") | C106: =C20 -> MinCoa* | D106: =D20 -> SUPRPP | E106: =IF(ISNUMBER(E20),"IN","") | F106: =IF(ISNUMBER(F20),"IN","") | G106: =IF(ISNUMBER(G20),"IN","") | H106: =IF(ISNUMBER(H20),"IN","") | I106: =IF(ISNUMBER(I20),"IN","") | J106: =IF(ISNUMBER(J20),"IN","") | K106: =IF(ISNUMBER(K20),"IN","") -> IN | L106: =IF(ISNUMBER(L20),"IN","") | ... Z106: =IF(ISNUMBER(Z20),"IN","")

Sheet oil and gas prod calib
A1: ~UC_SETS: R_S: AllRegions | D1: =SUM(D6:D30) -> 0.89927974 | E1: =SUM(E6:E30) -> 0.86587083 | F1: =SUM(F6:F30) -> 0.87471352 | G1: =SUM(G6:G30) -> 0.85910525 | H1: =SUM(H6:H30) -> 0.85736161 | I1: =SUM(I6:I30) -> 0.8524825 | J1: =SUM(J6:J30) -> 0.85132521 | K1: =SUM(K6:K30) -> 0.85618283 | ... P1: =SUM(P6:P30) -> 0.80190404 | R1: 2019 | S1: 2050 | V1: =SUM(V6:V30) -> -0.89927974 | W1: =SUM(W6:W30) -> -0.98597549 | X1: =SUM(X6:X30) -> -1.0299046 | Y1: =SUM(Y6:Y30) -> -1.0336976 | Z1: =SUM(Z6:Z30) -> -1.0647878 | AA1: =SUM(AA6:AA30) -> -1.0807278 | AB1: =SUM(AB6:AB30) -> -1.1122152 | AC1: =SUM(AC6:AC30) -> -1.1406565 | ... AH1: =SUM(AH6:AH30) -> -1.2028561
D2: =TREND($R$2:$S$2,$R$1:$S$1,D$5) -> 1.1 | E2: =TREND($R$2:$S$2,$R$1:$S$1,E$5) -> 1.1387097 | F2: =TREND($R$2:$S$2,$R$1:$S$1,F$5) -> 1.1774194 | G2: =TREND($R$2:$S$2,$R$1:$S$1,G$5) -> 1.2032258 | H2: =TREND($R$2:$S$2,$R$1:$S$1,H$5) -> 1.2419355 | I2: =TREND($R$2:$S$2,$R$1:$S$1,I$5) -> 1.2677419 | J2: =TREND($R$2:$S$2,$R$1:$S$1,J$5) -> 1.3064516 | K2: =TREND($R$2:$S$2,$R$1:$S$1,K$5) -> 1.3322581 | ... P2: =TREND($R$2:$S$2,$R$1:$S$1,P$5) -> 1.5 | R2: 1.1 | S2: 1.5
U4: ~UC_T: UC_ACT~UP | AN4: deACT TFM_DINS-TS
A5: ISO | B5: rcode | C5: Country | D5: 2019 | E5: 2022 | F5: 2025 | G5: 2027 | H5: 2030 | I5: 2032 | J5: 2035 | K5: 2037 | L5: 2040 | M5: 2042 | N5: 2045 | O5: 2047 | P5: 2050 | R5: UC_N | S5: process | T5: commodity | U5: UC_COMPRD | V5: =D5 -> 2019 | W5: =E5 -> 2022 | X5: =F5 -> 2025 | Y5: =G5 -> 2027 | Z5: =H5 -> 2030 | AA5: =I5 -> 2032 | AB5: =J5 -> 2035 | AC5: =K5 -> 2037 | ... AH5: =P5 -> 2050 | AI5: 2100 | AJ5: UC_RHST~2022 | AK5: UC_RHST~0 | AL5: UC_Desc | AN5: Attribute | AO5: LimType | AP5: Commodity | AQ5: 2019 | AR5: 0 | AS5: Country
A6: USA | B6: 4 | C6: United States | D6: 0.16368308 | E6: 0.16324063 | F6: 0.19263343 | G6: 0.20307727 | H6: 0.22926979 | I6: 0.22426449 | J6: 0.20452013 | K6: 0.18684216 | L6: 0.16541338 | M6: 0.15704119 | N6: 0.14546122 | O6: 0.13368185 | P6: 0.12060355 | R6: ="UCS_OILprodCalib_"&TEXT($B6,"000") -> UCS_OILprodCalib_004 | S6: =IF(SUM(D6:P6)=0,"\I:","SUP_OilSupply") -> SUP_OilSupply | T6: ="OIL_"&TEXT($B6,"000") -> OIL_004 | U6: 1 | V6: =IF(D6="","",-D6) -> -0.16368308 | W6: =IF(E6="","",-E6*E$2) -> -0.18588368 | X6: =IF(F6="","",-F6*F$2) -> -0.22681032 | Y6: =IF(G6="","",-G6*G$2) -> -0.24434781 | Z6: =IF(H6="","",-H6*H$2) -> -0.28473829 | AA6: =IF(I6="","",-I6*I$2) -> -0.2843095 | AB6: =IF(J6="","",-J6*J$2) -> -0.26719565 | AC6: =IF(K6="","",-K6*K$2) -> -0.24892198 | AD6: =IF(L6="","",-L6*L$2) -> -0.22677641 | ... AH6: =IF(P6="","",-P6*P$2) -> -0.18090533 | AI6: -1 | AJ6: 0 | AK6: 5 | AL6: ="Global oil production share of - " & C6 -> Global oil production share of - United States | AN6: COM_BNDPRD | AO6: FX | AP6: OIL_004 | AQ6: 25674.73 | AR6: 0 | AS6: United States
A7: RUS | B7: 7 | C7: Russia | D7: 0.12717193 | E7: 0.12357528 | F7: 0.11326663 | G7: 0.10642465 | H7: 0.093184246 | I7: 0.089681526 | J7: 0.090896214 | K7: 0.090571445 | L7: 0.089830866 | M7: 0.087045679 | N7: 0.083840521 | O7: 0.080853272 | P7: 0.077853297 | R7: ="UCS_OILprodCalib_"&TEXT($B7,"000") -> UCS_OILprodCalib_007 | S7: =IF(SUM(D7:P7)=0,"\I:","SUP_OilSupply") -> SUP_OilSupply | T7: ="OIL_"&TEXT($B7,"000") -> OIL_007 | U7: 1 | V7: =IF(D7="","",-D7) -> -0.12717193 | W7: =IF(E7="","",-E7*E$2) -> -0.14071637 | X7: =IF(F7="","",-F7*F$2) -> -0.13336232 | Y7: =IF(G7="","",-G7*G$2) -> -0.12805288 | Z7: =IF(H7="","",-H7*H$2) -> -0.11572882 | AA7: =IF(I7="","",-I7*I$2) -> -0.11369303 | AB7: =IF(J7="","",-J7*J$2) -> -0.11875151 | AC7: =IF(K7="","",-K7*K$2) -> -0.12066454 | AD7: =IF(L7="","",-L7*L$2) -> -0.12315522 | ... AH7: =IF(P7="","",-P7*P$2) -> -0.11677994 | AI7: -1 | AJ7: 0 | AK7: 5 | AL7: ="Global oil production share of - " & C7 -> Global oil production share of - Russia | AN7: COM_BNDPRD | AO7: FX | AP7: OIL_007 | AQ7: 22199.229 | AR7: 0 | AS7: Russia
A8: SAU | B8: 26 | C8: Saudi Arabia | D8: 0.11619844 | E8: 0.12169275 | F8: 0.11160991 | G8: 0.10622383 | H8: 0.096758208 | I8: 0.098917011 | J8: 0.098813595 | K8: 0.098834391 | L8: 0.10091722 | M8: 0.104883 | N8: 0.10615197 | O8: 0.1068719 | P8: 0.1065863 | R8: ="UCS_OILprodCalib_"&TEXT($B8,"000") -> UCS_OILprodCalib_026 | S8: =IF(SUM(D8:P8)=0,"\I:","SUP_OilSupply") -> SUP_OilSupply | T8: ="OIL_"&TEXT($B8,"000") -> OIL_026 | U8: 1 | V8: =IF(D8="","",-D8) -> -0.11619844 | W8: =IF(E8="","",-E8*E$2) -> -0.13857272 | X8: =IF(F8="","",-F8*F$2) -> -0.13141167 | Y8: =IF(G8="","",-G8*G$2) -> -0.12781126 | Z8: =IF(H8="","",-H8*H$2) -> -0.12016745 | AA8: =IF(I8="","",-I8*I$2) -> -0.12540124 | AB8: =IF(J8="","",-J8*J$2) -> -0.12909518 | AC8: =IF(K8="","",-K8*K$2) -> -0.13167291 | AD8: =IF(L8="","",-L8*L$2) -> -0.13835426 | ... AH8: =IF(P8="","",-P8*P$2) -> -0.15987945 | AI8: -1 | AJ8: 0 | AK8: 5 | AL8: ="Global oil production share of - " & C8 -> Global oil production share of - Saudi Arabia | AN8: COM_BNDPRD | AO8: FX | AP8: OIL_026 | AQ8: 20795.349 | AR8: 0 | AS8: Saudi Arabia
A9: IRQ | B9: 46 | C9: Iraq | D9: 0.054130481 | E9: 0.054160559 | F9: 0.051806153 | G9: 0.054386313 | H9: 0.053924271 | I9: 0.053919986 | J9: 0.055874779 | K9: 0.057611701 | L9: 0.061117573 | M9: 0.061050073 | N9: 0.066915606 | O9: 0.064833613 | P9: 0.059271728 | R9: ="UCS_OILprodCalib_"&TEXT($B9,"000") -> UCS_OILprodCalib_046 | S9: =IF(SUM(D9:P9)=0,"\I:","SUP_OilSupply") -> SUP_OilSupply | T9: ="OIL_"&TEXT($B9,"000") -> OIL_046 | U9: 1 | V9: =IF(D9="","",-D9) -> -0.054130481 | W9: =IF(E9="","",-E9*E$2) -> -0.061673153 | X9: =IF(F9="","",-F9*F$2) -> -0.060997567 | Y9: =IF(G9="","",-G9*G$2) -> -0.065439015 | Z9: =IF(H9="","",-H9*H$2) -> -0.066970465 | AA9: =IF(I9="","",-I9*I$2) -> -0.068356628 | AB9: =IF(J9="","",-J9*J$2) -> -0.072997695 | AC9: =IF(K9="","",-K9*K$2) -> -0.076753653 | AD9: =IF(L9="","",-L9*L$2) -> -0.083790221 | ... AH9: =IF(P9="","",-P9*P$2) -> -0.088907591 | AI9: -1 | AJ9: 0 | AK9: 5 | AL9: ="Global oil production share of - " & C9 -> Global oil production share of - Iraq | AN9: COM_BNDPRD | AO9: FX | AP9: OIL_046 | AQ9: 9914.4254 | AR9: 0 | AS9: Iraq
A10: CAN | B10: 20 | C10: Canada | D10: 0.051122289 | E10: 0.05398098 | F10: 0.055063416 | G10: 0.055956206 | H10: 0.059963664 | I10: 0.062294103 | J10: 0.068259351 | K10: 0.071192586 | L10: 0.081756651 | M10: 0.087234114 | N10: 0.091789509 | O10: 0.093407575 | P10: 0.091853151 | R10: ="UCS_OILprodCalib_"&TEXT($B10,"000") -> UCS_OILprodCalib_020 | S10: =IF(SUM(D10:P10)=0,"\I:","SUP_OilSupply") -> SUP_OilSupply | T10: ="OIL_"&TEXT($B10,"000") -> OIL_020 | U10: 1 | V10: =IF(D10="","",-D10) -> -0.051122289 | W10: =IF(E10="","",-E10*E$2) -> -0.061468664 | X10: =IF(F10="","",-F10*F$2) -> -0.064832732 | Y10: =IF(G10="","",-G10*G$2) -> -0.067327951 | Z10: =IF(H10="","",-H10*H$2) -> -0.074471002 | AA10: =IF(I10="","",-I10*I$2) -> -0.078972847 | AB10: =IF(J10="","",-J10*J$2) -> -0.089177539 | AC10: =IF(K10="","",-K10*K$2) -> -0.094846897 | AD10: =IF(L10="","",-L10*L$2) -> -0.11208573 | ... AH10: =IF(P10="","",-P10*P$2) -> -0.13777973 | AI10: -1 | AJ10: 0 | AK10: 5 | AL10: ="Global oil production share of - " & C10 -> Global oil production share of - Canada | AN10: COM_BNDPRD | AO10: FX | AP10: OIL_020 | AQ10: 8079.3238 | AR10: 0 | AS10: Canada
A11: CHN | B11: 2 | C11: China | D11: 0.049994171 | E11: 0.054605438 | F11: 0.050512948 | G11: 0.047155045 | H11: 0.042661376 | I11: 0.040122797 | J11: 0.039780345 | K11: 0.039672814 | L11: 0.043398439 | M11: 0.043453849 | N11: 0.042671958 | O11: 0.041562197 | P11: 0.039352201 | R11: ="UCS_OILprodCalib_"&TEXT($B11,"000") -> UCS_OILprodCalib_002 | S11: =IF(SUM(D11:P11)=0,"\I:","SUP_OilSupply") -> SUP_OilSupply | T11: ="OIL_"&TEXT($B11,"000") -> OIL_002 | U11: 1 | V11: =IF(D11="","",-D11) -> -0.049994171 | W11: =IF(E11="","",-E11*E$2) -> -0.062179741 | X11: =IF(F11="","",-F11*F$2) -> -0.059474923 | Y11: =IF(G11="","",-G11*G$2) -> -0.056738167 | Z11: =IF(H11="","",-H11*H$2) -> -0.052982677 | AA11: =IF(I11="","",-I11*I$2) -> -0.050865353 | AB11: =IF(J11="","",-J11*J$2) -> -0.051971096 | AC11: =IF(K11="","",-K11*K$2) -> -0.052854426 | AD11: =IF(L11="","",-L11*L$2) -> -0.05949786 | ... AH11: =IF(P11="","",-P11*P$2) -> -0.059028301 | AI11: -1 | AJ11: 0 | AK11: 5 | AL11: ="Global oil production share of - " & C11 -> Global oil production share of - China | AN11: COM_BNDPRD | AO11: FX | AP11: OIL_002 | AQ11: 7997.3783 | AR11: 0 | AS11: China
A12: BRA | B12: 6 | C12: Brazil | D12: 0.040297656 | E12: 0.043751738 | F12: 0.048131608 | G12: 0.052832787 | H12: 0.058638612 | I12: 0.059739122 | J12: 0.05622025 | K12: 0.057040768 | L12: 0.051616976 | M12: 0.047531645 | N12: 0.042439852 | O12: 0.040045248 | P12: 0.039977637 | R12: ="UCS_OILprodCalib_"&TEXT($B12,"000") -> UCS_OILprodCalib_006 | S12: =IF(SUM(D12:P12)=0,"\I:","SUP_OilSupply") -> SUP_OilSupply | T12: ="OIL_"&TEXT($B12,"000") -> OIL_006 | U12: 1 | V12: =IF(D12="","",-D12) -> -0.040297656 | W12: =IF(E12="","",-E12*E$2) -> -0.049820528 | X12: =IF(F12="","",-F12*F$2) -> -0.056671086 | Y12: =IF(G12="","",-G12*G$2) -> -0.063569773 | Z12: =IF(H12="","",-H12*H$2) -> -0.072825373 | AA12: =IF(I12="","",-I12*I$2) -> -0.07573379 | AB12: =IF(J12="","",-J12*J$2) -> -0.073449037 | AC12: =IF(K12="","",-K12*K$2) -> -0.075993024 | AD12: =IF(L12="","",-L12*L$2) -> -0.070765209 | ... AH12: =IF(P12="","",-P12*P$2) -> -0.059966455 | AI12: -1 | AJ12: 0 | AK12: 5 | AL12: ="Global oil production share of - " & C12 -> Global oil production share of - Brazil | AN12: COM_BNDPRD | AO12: FX | AP12: OIL_036 | AQ12: 6490.2316 | AR12: 0 | AS12: United Arab Emirates
A13: ARE | B13: 36 | C13: United Arab Emirates | D13: 0.037916992 | E13: 0.038840866 | F13: 0.041129378 | G13: 0.043685379 | H13: 0.043897512 | I13: 0.043394892 | J13: 0.043597478 | K13: 0.043147259 | L13: 0.043695554 | M13: 0.04373093 | N13: 0.045521387 | O13: 0.046687814 | P13: 0.048602258 | R13: ="UCS_OILprodCalib_"&TEXT($B13,"000") -> UCS_OILprodCalib_036 | S13: =IF(SUM(D13:P13)=0,"\I:","SUP_OilSupply") -> SUP_OilSupply | T13: ="OIL_"&TEXT($B13,"000") -> OIL_036 | U13: 1 | V13: =IF(D13="","",-D13) -> -0.037916992 | W13: =IF(E13="","",-E13*E$2) -> -0.04422847 | X13: =IF(F13="","",-F13*F$2) -> -0.048426526 | Y13: =IF(G13="","",-G13*G$2) -> -0.052563375 | Z13: =IF(H13="","",-H13*H$2) -> -0.054517877 | AA13: =IF(I13="","",-I13*I$2) -> -0.055013525 | AB13: =IF(J13="","",-J13*J$2) -> -0.056957995 | AC13: =IF(K13="","",-K13*K$2) -> -0.057483284 | AD13: =IF(L13="","",-L13*L$2) -> -0.059905195 | ... AH13: =IF(P13="","",-P13*P$2) -> -0.072903387 | AI13: -1 | AJ13: 0 | AK13: 5 | AL13: ="Global oil production share of - " & C13 -> Global oil production share of - United Arab Emirates | AN13: COM_BNDPRD | AO13: FX | AP13: OIL_006 | AQ13: 6041.618 | AR13: 0 | AS13: Brazil
A14: IRN | B14: 23 | C14: Iran | D14: 0.032808195 | E14: 0.035655941 | F14: 0.039450346 | G14: 0.046105761 | H14: 0.040463477 | I14: 0.039193903 | J14: 0.041319755 | K14: 0.04477156 | L14: 0.052743788 | M14: 0.057723065 | N14: 0.054468823 | O14: 0.053937644 | P14: 0.057654524 | R14: ="UCS_OILprodCalib_"&TEXT($B14,"000") -> UCS_OILprodCalib_023 | S14: =IF(SUM(D14:P14)=0,"\I:","SUP_OilSupply") -> SUP_OilSupply | T14: ="OIL_"&TEXT($B14,"000") -> OIL_023 | U14: 1 | V14: =IF(D14="","",-D14) -> -0.032808195 | W14: =IF(E14="","",-E14*E$2) -> -0.040601765 | X14: =IF(F14="","",-F14*F$2) -> -0.046449601 | Y14: =IF(G14="","",-G14*G$2) -> -0.055475641 | Z14: =IF(H14="","",-H14*H$2) -> -0.050253028 | AA14: =IF(I14="","",-I14*I$2) -> -0.049687755 | AB14: =IF(J14="","",-J14*J$2) -> -0.05398226 | AC14: =IF(K14="","",-K14*K$2) -> -0.059647272 | AD14: =IF(L14="","",-L14*L$2) -> -0.072310032 | ... AH14: =IF(P14="","",-P14*P$2) -> -0.086481786 | AI14: -1 | AJ14: 0 | AK14: 5 | AL14: ="Global oil production share of - " & C14 -> Global oil production share of - Iran | AN14: COM_BNDPRD | AO14: FX | AP14: OIL_063 | AQ14: 5774.2026 | AR14: 0 | AS14: Kuwait
A15: KWT | B15: 63 | C15: Kuwait | D15: 0.030582909 | E15: 0.029072247 | F15: 0.02814517 | G15: 0.02930934 | H15: 0.02829401 | I15: 0.029161693 | J15: 0.030847497 | K15: 0.031022866 | L15: 0.03076487 | M15: 0.030483454 | N15: 0.029654674 | O15: 0.028839779 | P15: 0.028001533 | R15: ="UCS_OILprodCalib_"&TEXT($B15,"000") -> UCS_OILprodCalib_063 | S15: =IF(SUM(D15:P15)=0,"\I:","SUP_OilSupply") -> SUP_OilSupply | T15: ="OIL_"&TEXT($B15,"000") -> OIL_063 | U15: 1 | V15: =IF(D15="","",-D15) -> -0.030582909 | W15: =IF(E15="","",-E15*E$2) -> -0.033104849 | X15: =IF(F15="","",-F15*F$2) -> -0.033138668 | Y15: =IF(G15="","",-G15*G$2) -> -0.035265754 | Z15: =IF(H15="","",-H15*H$2) -> -0.035139335 | AA15: =IF(I15="","",-I15*I$2) -> -0.036969501 | AB15: =IF(J15="","",-J15*J$2) -> -0.040300762 | AC15: =IF(K15="","",-K15*K$2) -> -0.041330464 | AD15: =IF(L15="","",-L15*L$2) -> -0.042177645 | ... AH15: =IF(P15="","",-P15*P$2) -> -0.042002299 | AI15: -1 | AJ15: 0 | AK15: 5 | AL15: ="Global oil production share of - " & C15 -> Global oil production share of - Kuwait | AN15: COM_BNDPRD | AO15: FX | AP15: OIL_023 | AQ15: 5005.6002 | AR15: 0 | AS15: Iran
A16: NGA | B16: 136 | C16: Nigeria | D16: 0.022885575 | E16: 0.016513399 | F16: 0.015709878 | G16: 0.012576716 | H16: 0.011008907 | I16: 0.01435918 | J16: 0.015417571 | K16: 0.01521209 | L16: 0.014231814 | M16: 0.012801128 | N16: 0.016502827 | O16: 0.017618903 | P16: 0.019850299 | R16: ="UCS_OILprodCalib_"&TEXT($B16,"000") -> UCS_OILprodCalib_136 | S16: =IF(SUM(D16:P16)=0,"\I:","SUP_OilSupply") -> SUP_OilSupply | T16: ="OIL_"&TEXT($B16,"000") -> OIL_136 | U16: 1 | V16: =IF(D16="","",-D16) -> -0.022885575 | W16: =IF(E16="","",-E16*E$2) -> -0.018803967 | X16: =IF(F16="","",-F16*F$2) -> -0.018497114 | Y16: =IF(G16="","",-G16*G$2) -> -0.015132629 | Z16: =IF(H16="","",-H16*H$2) -> -0.013672352 | AA16: =IF(I16="","",-I16*I$2) -> -0.018203735 | AB16: =IF(J16="","",-J16*J$2) -> -0.02014231 | AC16: =IF(K16="","",-K16*K$2) -> -0.02026643 | AD16: =IF(L16="","",-L16*L$2) -> -0.019511358 | ... AH16: =IF(P16="","",-P16*P$2) -> -0.029775448 | AI16: -1 | AJ16: 0 | AK16: 5 | AL16: ="Global oil production share of - " & C16 -> Global oil production share of - Nigeria | AN16: COM_BNDPRD | AO16: FX | AP16: OIL_136 | AQ16: 4084.1795 | AR16: 0 | AS16: Nigeria
A17: KAZ | B17: 45 | C17: Kazakhstan | D17: 0.021365814 | E17: 0.020224855 | F17: 0.021920096 | G17: 0.02095748 | H17: 0.018566031 | I17: 0.018665503 | J17: 0.019821814 | K17: 0.018430133 | L17: 0.017894186 | M17: 0.018684088 | N17: 0.01755826 | O17: 0.016738449 | P17: 0.017124641 | R17: ="UCS_OILprodCalib_"&TEXT($B17,"000") -> UCS_OILprodCalib_045 | S17: =IF(SUM(D17:P17)=0,"\I:","SUP_OilSupply") -> SUP_OilSupply | T17: ="OIL_"&TEXT($B17,"000") -> OIL_045 | U17: 1 | V17: =IF(D17="","",-D17) -> -0.021365814 | W17: =IF(E17="","",-E17*E$2) -> -0.023030238 | X17: =IF(F17="","",-F17*F$2) -> -0.025809146 | Y17: =IF(G17="","",-G17*G$2) -> -0.025216581 | Z17: =IF(H17="","",-H17*H$2) -> -0.023057813 | AA17: =IF(I17="","",-I17*I$2) -> -0.023663041 | AB17: =IF(J17="","",-J17*J$2) -> -0.025896241 | AC17: =IF(K17="","",-K17*K$2) -> -0.024553693 | AD17: =IF(L17="","",-L17*L$2) -> -0.024532352 | ... AH17: =IF(P17="","",-P17*P$2) -> -0.025686962 | AI17: -1 | AJ17: 0 | AK17: 5 | AL17: ="Global oil production share of - " & C17 -> Global oil production share of - Kazakhstan | AN17: COM_BNDPRD | AO17: FX | AP17: OIL_010 | AQ17: 3845.5865 | AR17: 0 | AS17: Mexico
... A20: NOR | B20: 65 | C20: Norway | D20: 0.016287408 | E20: 0.019772925 | F20: 0.022591369 | G20: 0.020887523 | H20: 0.01797832 | I20: 0.014900688 | J20: 0.011339992 | K20: 0.011680598 | L20: 0.0127219 | M20: 0.012554953 | N20: 0.013024951 | O20: 0.012849184 | P20: 0.011145119 | R20: ="UCS_OILprodCalib_"&TEXT($B20,"000") -> UCS_OILprodCalib_065 | S20: =IF(SUM(D20:P20)=0,"\I:","SUP_OilSupply") -> SUP_OilSupply | T20: ="OIL_"&TEXT($B20,"000") -> OIL_065 | U20: 1 | V20: =IF(D20="","",-D20) -> -0.016287408 | W20: =IF(E20="","",-E20*E$2) -> -0.022515622 | X20: =IF(F20="","",-F20*F$2) -> -0.026599516 | Y20: =IF(G20="","",-G20*G$2) -> -0.025132406 | Z20: =IF(H20="","",-H20*H$2) -> -0.022327914 | AA20: =IF(I20="","",-I20*I$2) -> -0.018890226 | AB20: =IF(J20="","",-J20*J$2) -> -0.014815151 | AC20: =IF(K20="","",-K20*K$2) -> -0.015561571 | AD20: =IF(L20="","",-L20*L$2) -> -0.017441314 | ... AH20: =IF(P20="","",-P20*P$2) -> -0.016717678 | AI20: -1 | AJ20: 0 | AK20: 5 | AL20: ="Global oil production share of - " & C20 -> Global oil production share of - Norway | AN20: COM_BNDPRD | AO20: FX | AP20: OIL_016 | AQ20: 2781.8278 | AR20: 0 | AS20: Angola
A21: AGO | B21: 16 | C21: Angola | D21: 0.015563615 | E21: 0.012987276 | R21: ="UCS_OILprodCalib_"&TEXT($B21,"000") -> UCS_OILprodCalib_016 | S21: =IF(SUM(D21:P21)=0,"\I:","SUP_OilSupply") -> SUP_OilSupply | T21: ="OIL_"&TEXT($B21,"000") -> OIL_016 | U21: 1 | V21: =IF(D21="","",-D21) -> -0.015563615 | W21: =IF(E21="","",-E21*E$2) -> -0.014788737 | X21: =IF(F21="","",-F21*F$2) | Y21: =IF(G21="","",-G21*G$2) | Z21: =IF(H21="","",-H21*H$2) | AA21: =IF(I21="","",-I21*I$2) | AB21: =IF(J21="","",-J21*J$2) | AC21: =IF(K21="","",-K21*K$2) | AD21: =IF(L21="","",-L21*L$2) | ... AH21: =IF(P21="","",-P21*P$2) | AI21: -1 | AJ21: 0 | AK21: 5 | AL21: ="Global oil production share of - " & C21 -> Global oil production share of - Angola | AN21: COM_BNDPRD | AO21: FX | AP21: OIL_103 | AQ21: 2567.3975 | AR21: 0 | AS21: Libya
A22: DZA | B22: 9 | C22: Algeria | D22: 0.013981357 | E22: 0.014220041 | F22: 0.012973136 | G22: 0.011729387 | R22: ="UCS_OILprodCalib_"&TEXT($B22,"000") -> UCS_OILprodCalib_009 | S22: =IF(SUM(D22:P22)=0,"\I:","SUP_OilSupply") -> SUP_OilSupply | T22: ="OIL_"&TEXT($B22,"000") -> OIL_009 | U22: 1 | V22: =IF(D22="","",-D22) -> -0.013981357 | W22: =IF(E22="","",-E22*E$2) -> -0.016192498 | X22: =IF(F22="","",-F22*F$2) -> -0.015274822 | Y22: =IF(G22="","",-G22*G$2) -> -0.014113101 | Z22: =IF(H22="","",-H22*H$2) | AA22: =IF(I22="","",-I22*I$2) | AB22: =IF(J22="","",-J22*J$2) | AC22: =IF(K22="","",-K22*K$2) | AD22: =IF(L22="","",-L22*L$2) | ... AH22: =IF(P22="","",-P22*P$2) | AI22: -1 | AJ22: 0 | AK22: 5 | AL22: ="Global oil production share of - " & C22 -> Global oil production share of - Algeria | AN22: COM_BNDPRD | AO22: FX | AP22: OIL_039 | AQ22: 2372.7015 | AR22: 0 | AS22: Venezuela
A23: LBY | B23: 103 | C23: Libya | D23: 0.013295002 | E23: 0.012249569 | F23: 0.013751385 | G23: 0.014560531 | H23: 0.015176522 | I23: 0.013900119 | J23: 0.011863587 | K23: 0.01183508 | L23: 0.01098875 | M23: 0.01023644 | R23: ="UCS_OILprodCalib_"&TEXT($B23,"000") -> UCS_OILprodCalib_103 | S23: =IF(SUM(D23:P23)=0,"\I:","SUP_OilSupply") -> SUP_OilSupply | T23: ="OIL_"&TEXT($B23,"000") -> OIL_103 | U23: 1 | V23: =IF(D23="","",-D23) -> -0.013295002 | W23: =IF(E23="","",-E23*E$2) -> -0.013948703 | X23: =IF(F23="","",-F23*F$2) -> -0.016191147 | Y23: =IF(G23="","",-G23*G$2) -> -0.017519607 | Z23: =IF(H23="","",-H23*H$2) -> -0.018848261 | AA23: =IF(I23="","",-I23*I$2) -> -0.017621764 | AB23: =IF(J23="","",-J23*J$2) -> -0.015499202 | AC23: =IF(K23="","",-K23*K$2) -> -0.01576738 | AD23: =IF(L23="","",-L23*L$2) -> -0.015065221 | ... AH23: =IF(P23="","",-P23*P$2) | AI23: -1 | AJ23: 0 | AK23: 5 | AL23: ="Global oil production share of - " & C23 -> Global oil production share of - Libya | AN23: COM_BNDPRD | AO23: FX | AP23: OIL_009 | AQ23: 2234.8545 | AR23: 0 | AS23: Algeria
A24: VEN | B24: 39 | C24: Venezuela | D24: 0.012373731 | J24: 0.010089347 | K24: 0.013497072 | L24: 0.017947674 | M24: 0.019357364 | N24: 0.019954605 | O24: 0.020871068 | P24: 0.02188372 | R24: ="UCS_OILprodCalib_"&TEXT($B24,"000") -> UCS_OILprodCalib_039 | S24: =IF(SUM(D24:P24)=0,"\I:","SUP_OilSupply") -> SUP_OilSupply | T24: ="OIL_"&TEXT($B24,"000") -> OIL_039 | U24: 1 | V24: =IF(D24="","",-D24) -> -0.012373731 | W24: =IF(E24="","",-E24*E$2) | X24: =IF(F24="","",-F24*F$2) | Y24: =IF(G24="","",-G24*G$2) | Z24: =IF(H24="","",-H24*H$2) | AA24: =IF(I24="","",-I24*I$2) | AB24: =IF(J24="","",-J24*J$2) -> -0.013181244 | AC24: =IF(K24="","",-K24*K$2) -> -0.017981583 | AD24: =IF(L24="","",-L24*L$2) -> -0.024605682 | ... AH24: =IF(P24="","",-P24*P$2) -> -0.03282558 | AI24: -1 | AJ24: 0 | AK24: 5 | AL24: ="Global oil production share of - " & C24 -> Global oil production share of - Venezuela | AN24: COM_BNDPRD | AO24: FX | AP24: OIL_012 | AQ24: 2140.121 | AR24: 0 | AS24: United Kingdom
A25: GBR | B25: 12 | C25: United Kingdom | D25: 0.012258369 | R25: ="UCS_OILprodCalib_"&TEXT($B25,"000") -> UCS_OILprodCalib_012 | S25: =IF(SUM(D25:P25)=0,"\I:","SUP_OilSupply") -> SUP_OilSupply | T25: ="OIL_"&TEXT($B25,"000") -> OIL_012 | U25: 1 | V25: =IF(D25="","",-D25) -> -0.012258369 | W25: =IF(E25="","",-E25*E$2) | X25: =IF(F25="","",-F25*F$2) | Y25: =IF(G25="","",-G25*G$2) | Z25: =IF(H25="","",-H25*H$2) | AA25: =IF(I25="","",-I25*I$2) | AB25: =IF(J25="","",-J25*J$2) | AC25: =IF(K25="","",-K25*K$2) | AD25: =IF(L25="","",-L25*L$2) | ... AH25: =IF(P25="","",-P25*P$2) | AI25: -1 | AJ25: 0 | AK25: 5 | AL25: ="Global oil production share of - " & C25 -> Global oil production share of - United Kingdom | AN25: COM_BNDPRD | AO25: FX | AP25: OIL_093 | AQ25: 2026.0157 | AR25: 0 | AS25: Oman
A26: OMN | B26: 93 | C26: Oman | D26: 0.010953076 | E26: 0.012423588 | F26: 0.010538857 | R26: ="UCS_OILprodCalib_"&TEXT($B26,"000") -> UCS_OILprodCalib_093 | S26: =IF(SUM(D26:P26)=0,"\I:","SUP_OilSupply") -> SUP_OilSupply | T26: ="OIL_"&TEXT($B26,"000") -> OIL_093 | U26: 1 | V26: =IF(D26="","",-D26) -> -0.010953076 | W26: =IF(E26="","",-E26*E$2) -> -0.01414686 | X26: =IF(F26="","",-F26*F$2) -> -0.012408654 | Y26: =IF(G26="","",-G26*G$2) | Z26: =IF(H26="","",-H26*H$2) | AA26: =IF(I26="","",-I26*I$2) | AB26: =IF(J26="","",-J26*J$2) | AC26: =IF(K26="","",-K26*K$2) | AD26: =IF(L26="","",-L26*L$2) | ... AH26: =IF(P26="","",-P26*P$2) | AI26: -1 | AJ26: 0 | AK26: 5 | AL26: ="Global oil production share of - " & C26 -> Global oil production share of - Oman | AN26: COM_BNDPRD | AO26: FX | AP26: OIL_031 | AQ26: 1968.1529 | AR26: 0 | AS26: Colombia
A27: COL | B27: 31 | C27: Colombia | D27: 0.010312668 | R27: ="UCS_OILprodCalib_"&TEXT($B27,"000") -> UCS_OILprodCalib_031 | S27: =IF(SUM(D27:P27)=0,"\I:","SUP_OilSupply") -> SUP_OilSupply | T27: ="OIL_"&TEXT($B27,"000") -> OIL_031 | U27: 1 | V27: =IF(D27="","",-D27) -> -0.010312668 | W27: =IF(E27="","",-E27*E$2) | X27: =IF(F27="","",-F27*F$2) | Y27: =IF(G27="","",-G27*G$2) | Z27: =IF(H27="","",-H27*H$2) | AA27: =IF(I27="","",-I27*I$2) | AB27: =IF(J27="","",-J27*J$2) | AC27: =IF(K27="","",-K27*K$2) | AD27: =IF(L27="","",-L27*L$2) | ... AH27: =IF(P27="","",-P27*P$2) | AI27: -1 | AJ27: 0 | AK27: 5 | AL27: ="Global oil production share of - " & C27 -> Global oil production share of - Colombia | AN27: COM_BNDPRD | AO27: FX | AP27: OIL_005 | AQ27: 1544.9828 | AR27: 0 | AS27: Indonesia
A28: IDN | B28: 5 | C28: Indonesia | D28: 0.010165836 | N28: 0.010502384 | O28: 0.011075427 | P28: 0.016942525 | R28: ="UCS_OILprodCalib_"&TEXT($B28,"000") -> UCS_OILprodCalib_005 | S28: =IF(SUM(D28:P28)=0,"\I:","SUP_OilSupply") -> SUP_OilSupply | T28: ="OIL_"&TEXT($B28,"000") -> OIL_005 | U28: 1 | V28: =IF(D28="","",-D28) -> -0.010165836 | W28: =IF(E28="","",-E28*E$2) | X28: =IF(F28="","",-F28*F$2) | Y28: =IF(G28="","",-G28*G$2) | Z28: =IF(H28="","",-H28*H$2) | AA28: =IF(I28="","",-I28*I$2) | AB28: =IF(J28="","",-J28*J$2) | AC28: =IF(K28="","",-K28*K$2) | AD28: =IF(L28="","",-L28*L$2) | ... AH28: =IF(P28="","",-P28*P$2) -> -0.025413787 | AI28: -1 | AJ28: 0 | AK28: 5 | AL28: ="Global oil production share of - " & C28 -> Global oil production share of - Indonesia | AN28: COM_BNDPRD | AO28: FX | AP28: OIL_109 | AQ28: 1447.842 | AR28: 0 | AS28: Azerbaijan
A29: IND | B29: 3 | C29: India | F29: 0.010050806 | R29: ="UCS_OILprodCalib_"&TEXT($B29,"000") -> UCS_OILprodCalib_003 | S29: =IF(SUM(D29:P29)=0,"\I:","SUP_OilSupply") -> SUP_OilSupply | T29: ="OIL_"&TEXT($B29,"000") -> OIL_003 | U29: 1 | V29: =IF(D29="","",-D29) | W29: =IF(E29="","",-E29*E$2) | X29: =IF(F29="","",-F29*F$2) -> -0.011834014 | Y29: =IF(G29="","",-G29*G$2) | Z29: =IF(H29="","",-H29*H$2) | AA29: =IF(I29="","",-I29*I$2) | AB29: =IF(J29="","",-J29*J$2) | AC29: =IF(K29="","",-K29*K$2) | AD29: =IF(L29="","",-L29*L$2) | ... AH29: =IF(P29="","",-P29*P$2) | AI29: -1 | AJ29: 0 | AK29: 5 | AL29: ="Global oil production share of - " & C29 -> Global oil production share of - India | AN29: COM_BNDPRD | AO29: FX | AP29: OIL_003 | AQ29: 1376.5221 | AR29: 0 | AS29: India
A30: GUY | B30: 180 | C30: Guyana | H30: 0.012019257 | I30: 0.014905446 | J30: 0.015453789 | K30: 0.024261414 | L30: 0.021953389 | M30: 0.016749848 | N30: 0.011136886 | R30: ="UCS_OILprodCalib_"&TEXT($B30,"000") -> UCS_OILprodCalib_180 | S30: =IF(SUM(D30:P30)=0,"\I:","SUP_OilSupply") -> SUP_OilSupply | T30: ="OIL_"&TEXT($B30,"000") -> OIL_180 | U30: 1 | V30: =IF(D30="","",-D30) | W30: =IF(E30="","",-E30*E$2) | X30: =IF(F30="","",-F30*F$2) | Y30: =IF(G30="","",-G30*G$2) | Z30: =IF(H30="","",-H30*H$2) -> -0.014927142 | AA30: =IF(I30="","",-I30*I$2) -> -0.018896259 | AB30: =IF(J30="","",-J30*J$2) -> -0.020189627 | AC30: =IF(K30="","",-K30*K$2) -> -0.032322464 | AD30: =IF(L30="","",-L30*L$2) -> -0.030097388 | ... AH30: =IF(P30="","",-P30*P$2) | AI30: -1 | AJ30: 0 | AK30: 5 | AL30: ="Global oil production share of - " & C30 -> Global oil production share of - Guyana | AN30: COM_BNDPRD | AO30: FX | AP30: OIL_073 | AQ30: 1356.4245 | AR30: 0 | AS30: Qatar
A31: ARG | B31: 27 | C31: Argentina | H31: 0.013225074 | I31: 0.014492109 | J31: 0.014861775 | K31: 0.014080234 | L31: 0.013419563 | M31: 0.013576312 | N31: 0.013490742 | O31: 0.014080557 | P31: 0.014549837 | S31: \I: | AN31: COM_BNDPRD | AO31: FX | AP31: OIL_068 | AQ31: 1262.1025 | AR31: 0 | AS31: Egypt
AN32: COM_BNDPRD | AO32: FX | AP32: OIL_030 | AQ32: 1250.9345 | AR32: 0 | AS32: Malaysia
AN33: COM_BNDPRD | AO33: FX | AP33: OIL_066 | AQ33: 1160.4021 | AR33: 0 | AS33: Ecuador
U34: DeACTUC_T: UC_ACT~UP | AN34: COM_BNDPRD | AO34: FX | AP34: OIL_027 | AQ34: 1099.8444 | AR34: 0 | AS34: Argentina
A35: ISO | B35: rcode | C35: Country | D35: 2019 | E35: 2022 | F35: 2025 | G35: 2027 | H35: 2030 | I35: 2032 | J35: 2035 | K35: 2037 | L35: 2040 | M35: 2042 | N35: 2045 | O35: 2047 | P35: 2050 | R35: UC_N | S35: process | T35: commodity | U35: UC_COMPRD | V35: =D35 -> 2019 | W35: ="*"&E35 -> *2022 | X35: ="*"&F35 -> *2025 | Y35: ="*"&G35 -> *2027 | Z35: ="*"&H35 -> *2030 | AA35: ="*"&I35 -> *2032 | AB35: ="*"&J35 -> *2035 | AC35: ="*"&K35 -> *2037 | AD35: ="*"&L35 -> *2040 | ... AI35: ="*"&Q35 -> * | AJ35: UC_RHST | AK35: UC_RHST~0 | AL35: UC_Desc | AN35: COM_BNDPRD | AO35: FX | AP35: OIL_141 | AQ35: 726.27235 | AR35: 0 | AS35: Republic of Congo
A36: USA | B36: 4 | C36: United States | D36: 0.24044306 | E36: 0.25047472 | F36: 0.2775924 | G36: 0.28979612 | H36: 0.30916355 | I36: 0.30203218 | J36: 0.2844085 | K36: 0.26694093 | L36: 0.24866116 | M36: 0.23602576 | N36: 0.21578875 | O36: 0.19360154 | P36: 0.1696121 | R36: ="UCS_GasprodCalib_"&TEXT($B36,"000") -> UCS_GasprodCalib_004 | S36: =IF(SUM(D36:P36)=0,"\I:","SUP_GasSupply") -> SUP_GasSupply | T36: ="GAS_"&TEXT($B36,"000") -> GAS_004 | U36: 1 | V36: =IF(D36="","",-D36) -> -0.24044306 | W36: =IF(E36="","",-E36*E$2) -> -0.28521799 | X36: =IF(F36="","",-F36*F$2) -> -0.32684266 | Y36: =IF(G36="","",-G36*G$2) -> -0.34869018 | Z36: =IF(H36="","",-H36*H$2) -> -0.38396118 | AA36: =IF(I36="","",-I36*I$2) -> -0.38289886 | AB36: =IF(J36="","",-J36*J$2) -> -0.37156595 | AC36: =IF(K36="","",-K36*K$2) -> -0.35563421 | AD36: =IF(L36="","",-L36*L$2) -> -0.34090643 | ... AH36: =IF(P36="","",-P36*P$2) -> -0.25441815 | AI36: -1 | AJ36: 0 | AK36: 0 | AL36: ="Global Gas production share of - " & C36 -> Global Gas production share of - United States | AN36: COM_BNDPRD | AO36: FX | AP36: OIL_022 | AQ36: 625.63494 | AR36: 0 | AS36: Australia
A37: RUS | B37: 7 | C37: Russia | D37: 0.17700614 | E37: 0.15565304 | F37: 0.14471439 | G37: 0.13856739 | H37: 0.12785518 | I37: 0.13167482 | J37: 0.1409639 | K37: 0.14640849 | L37: 0.16152572 | M37: 0.16816746 | N37: 0.17470816 | O37: 0.17016868 | P37: 0.15851731 | R37: ="UCS_GasprodCalib_"&TEXT($B37,"000") -> UCS_GasprodCalib_007 | S37: =IF(SUM(D37:P37)=0,"\I:","SUP_GasSupply") -> SUP_GasSupply | T37: ="GAS_"&TEXT($B37,"000") -> GAS_007 | U37: 1 | V37: =IF(D37="","",-D37) -> -0.17700614 | W37: =IF(E37="","",-E37*E$2) -> -0.17724362 | X37: =IF(F37="","",-F37*F$2) -> -0.17038953 | Y37: =IF(G37="","",-G37*G$2) -> -0.16672786 | Z37: =IF(H37="","",-H37*H$2) -> -0.15878788 | AA37: =IF(I37="","",-I37*I$2) -> -0.16692969 | AB37: =IF(J37="","",-J37*J$2) -> -0.18416251 | AC37: =IF(K37="","",-K37*K$2) -> -0.19505389 | AD37: =IF(L37="","",-L37*L$2) -> -0.22144655 | ... AH37: =IF(P37="","",-P37*P$2) -> -0.23777597 | AI37: -1 | AJ37: 0 | AK37: 0 | AL37: ="Global Gas production share of - " & C37 -> Global Gas production share of - Russia | AN37: COM_BNDPRD | AO37: FX | AP37: GAS_004 | AQ37: 33491.557 | AR37: 0 | AS37: United States
A38: IRN | B38: 23 | C38: Iran | D38: 0.061245646 | E38: 0.06560511 | F38: 0.067311351 | G38: 0.064290046 | H38: 0.053941588 | I38: 0.054522158 | J38: 0.05911766 | K38: 0.064876184 | L38: 0.066849478 | M38: 0.068513158 | N38: 0.066379472 | O38: 0.065496083 | P38: 0.067296732 | R38: ="UCS_GasprodCalib_"&TEXT($B38,"000") -> UCS_GasprodCalib_023 | S38: =IF(SUM(D38:P38)=0,"\I:","SUP_GasSupply") -> SUP_GasSupply | T38: ="GAS_"&TEXT($B38,"000") -> GAS_023 | U38: 1 | V38: =IF(D38="","",-D38) -> -0.061245646 | W38: =IF(E38="","",-E38*E$2) -> -0.074705174 | X38: =IF(F38="","",-F38*F$2) -> -0.079253688 | Y38: =IF(G38="","",-G38*G$2) -> -0.077355442 | Z38: =IF(H38="","",-H38*H$2) -> -0.066991972 | AA38: =IF(I38="","",-I38*I$2) -> -0.069120026 | AB38: =IF(J38="","",-J38*J$2) -> -0.077234363 | AC38: =IF(K38="","",-K38*K$2) -> -0.086431819 | AD38: =IF(L38="","",-L38*L$2) -> -0.091648478 | ... AH38: =IF(P38="","",-P38*P$2) -> -0.1009451 | AI38: -1 | AJ38: 0 | AK38: 0 | AL38: ="Global Gas production share of - " & C38 -> Global Gas production share of - Iran | AN38: COM_BNDPRD | AO38: FX | AP38: GAS_007 | AQ38: 26439.056 | AR38: 0 | AS38: Russia
A39: CAN | B39: 20 | C39: Canada | D39: 0.043680068 | E39: 0.046547409 | F39: 0.052095582 | G39: 0.057708284 | H39: 0.067887287 | I39: 0.066460274 | J39: 0.063076146 | K39: 0.060928581 | L39: 0.059108876 | M39: 0.055884462 | N39: 0.051240242 | O39: 0.048150161 | P39: 0.045272218 | R39: ="UCS_GasprodCalib_"&TEXT($B39,"000") -> UCS_GasprodCalib_020 | S39: =IF(SUM(D39:P39)=0,"\I:","SUP_GasSupply") -> SUP_GasSupply | T39: ="GAS_"&TEXT($B39,"000") -> GAS_020 | U39: 1 | V39: =IF(D39="","",-D39) -> -0.043680068 | W39: =IF(E39="","",-E39*E$2) -> -0.053003985 | X39: =IF(F39="","",-F39*F$2) -> -0.061338346 | Y39: =IF(G39="","",-G39*G$2) -> -0.069436097 | Z39: =IF(H39="","",-H39*H$2) -> -0.084311631 | AA39: =IF(I39="","",-I39*I$2) -> -0.084254476 | AB39: =IF(J39="","",-J39*J$2) -> -0.082405932 | AC39: =IF(K39="","",-K39*K$2) -> -0.081172593 | AD39: =IF(L39="","",-L39*L$2) -> -0.081036363 | ... AH39: =IF(P39="","",-P39*P$2) -> -0.067908327 | AI39: -1 | AJ39: 0 | AK39: 0 | AL39: ="Global Gas production share of - " & C39 -> Global Gas production share of - Canada | AN39: COM_BNDPRD | AO39: FX | AP39: GAS_023 | AQ39: 8240.8941 | AR39: 0 | AS39: Iran
A40: CHN | B40: 2 | C40: China | D40: 0.0402446 | E40: 0.049840889 | F40: 0.049778482 | G40: 0.049899789 | H40: 0.049279071 | I40: 0.049763948 | J40: 0.055307742 | K40: 0.05512602 | L40: 0.058590279 | M40: 0.057814205 | N40: 0.057360546 | O40: 0.056355639 | P40: 0.05469063 | R40: ="UCS_GasprodCalib_"&TEXT($B40,"000") -> UCS_GasprodCalib_002 | S40: =IF(SUM(D40:P40)=0,"\I:","SUP_GasSupply") -> SUP_GasSupply | T40: ="GAS_"&TEXT($B40,"000") -> GAS_002 | U40: 1 | V40: =IF(D40="","",-D40) -> -0.0402446 | W40: =IF(E40="","",-E40*E$2) -> -0.056754302 | X40: =IF(F40="","",-F40*F$2) -> -0.058610148 | Y40: =IF(G40="","",-G40*G$2) -> -0.060040714 | Z40: =IF(H40="","",-H40*H$2) -> -0.061201426 | AA40: =IF(I40="","",-I40*I$2) -> -0.063087844 | AB40: =IF(J40="","",-J40*J$2) -> -0.072256888 | AC40: =IF(K40="","",-K40*K$2) -> -0.073442085 | AD40: =IF(L40="","",-L40*L$2) -> -0.080325382 | ... AH40: =IF(P40="","",-P40*P$2) -> -0.082035944 | AI40: -1 | AJ40: 0 | AK40: 0 | AL40: ="Global Gas production share of - " & C40 -> Global Gas production share of - China | AN40: COM_BNDPRD | AO40: FX | AP40: GAS_020 | AQ40: 6646.9239 | AR40: 0 | AS40: Canada
A41: QAT | B41: 73 | C41: Qatar | D41: 0.040235827 | E41: 0.040645807 | F41: 0.0379583 | G41: 0.042282069 | H41: 0.043698845 | I41: 0.042218198 | J41: 0.041722524 | K41: 0.04255384 | L41: 0.044254473 | M41: 0.044293563 | N41: 0.045239419 | O41: 0.044798782 | P41: 0.046736499 | R41: ="UCS_GasprodCalib_"&TEXT($B41,"000") -> UCS_GasprodCalib_073 | S41: =IF(SUM(D41:P41)=0,"\I:","SUP_GasSupply") -> SUP_GasSupply | T41: ="GAS_"&TEXT($B41,"000") -> GAS_073 | U41: 1 | V41: =IF(D41="","",-D41) -> -0.040235827 | W41: =IF(E41="","",-E41*E$2) -> -0.046283774 | X41: =IF(F41="","",-F41*F$2) -> -0.044692837 | Y41: =IF(G41="","",-G41*G$2) -> -0.050874877 | Z41: =IF(H41="","",-H41*H$2) -> -0.054271146 | AA41: =IF(I41="","",-I41*I$2) -> -0.053521781 | AB41: =IF(J41="","",-J41*J$2) -> -0.054508459 | AC41: =IF(K41="","",-K41*K$2) -> -0.056692697 | AD41: =IF(L41="","",-L41*L$2) -> -0.060671455 | ... AH41: =IF(P41="","",-P41*P$2) -> -0.070104749 | AI41: -1 | AJ41: 0 | AK41: 0 | AL41: ="Global Gas production share of - " & C41 -> Global Gas production share of - Qatar | AN41: COM_BNDPRD | AO41: FX | AP41: GAS_073 | AQ41: 6245.1486 | AR41: 0 | AS41: Qatar
A42: AUS | B42: 22 | C42: Australia | D42: 0.036842375 | E42: 0.036962549 | F42: 0.03449535 | G42: 0.036267978 | H42: 0.03267703 | I42: 0.034784263 | J42: 0.036679919 | K42: 0.037039655 | L42: 0.040371559 | M42: 0.039640063 | N42: 0.038538976 | O42: 0.039464589 | P42: 0.038952623 | R42: ="UCS_GasprodCalib_"&TEXT($B42,"000") -> UCS_GasprodCalib_022 | S42: =IF(SUM(D42:P42)=0,"\I:","SUP_GasSupply") -> SUP_GasSupply | T42: ="GAS_"&TEXT($B42,"000") -> GAS_022 | U42: 1 | V42: =IF(D42="","",-D42) -> -0.036842375 | W42: =IF(E42="","",-E42*E$2) -> -0.042089612 | X42: =IF(F42="","",-F42*F$2) -> -0.040615492 | Y42: =IF(G42="","",-G42*G$2) -> -0.043638567 | Z42: =IF(H42="","",-H42*H$2) -> -0.040582763 | AA42: =IF(I42="","",-I42*I$2) -> -0.044097469 | AB42: =IF(J42="","",-J42*J$2) -> -0.04792054 | AC42: =IF(K42="","",-K42*K$2) -> -0.04934638 | AD42: =IF(L42="","",-L42*L$2) -> -0.055348106 | ... AH42: =IF(P42="","",-P42*P$2) -> -0.058428935 | AI42: -1 | AJ42: 0 | AK42: 0 | AL42: ="Global Gas production share of - " & C42 -> Global Gas production share of - Australia | AN42: COM_BNDPRD | AO42: FX | AP42: GAS_002 | AQ42: 6172.767 | AR42: 0 | AS42: China
A43: NOR | B43: 65 | C43: Norway | D43: 0.031050827 | E43: 0.032929861 | F43: 0.029589894 | G43: 0.027110971 | H43: 0.022731453 | I43: 0.018209921 | J43: 0.014656911 | K43: 0.015299767 | L43: 0.016617811 | M43: 0.015571197 | N43: 0.014742925 | O43: 0.014541456 | P43: 0.013511527 | R43: ="UCS_GasprodCalib_"&TEXT($B43,"000") -> UCS_GasprodCalib_065 | S43: =IF(SUM(D43:P43)=0,"\I:","SUP_GasSupply") -> SUP_GasSupply | T43: ="GAS_"&TEXT($B43,"000") -> GAS_065 | U43: 1 | V43: =IF(D43="","",-D43) -> -0.031050827 | W43: =IF(E43="","",-E43*E$2) -> -0.037497552 | X43: =IF(F43="","",-F43*F$2) -> -0.034839714 | Y43: =IF(G43="","",-G43*G$2) -> -0.03262062 | Z43: =IF(H43="","",-H43*H$2) -> -0.028230998 | AA43: =IF(I43="","",-I43*I$2) -> -0.02308548 | AB43: =IF(J43="","",-J43*J$2) -> -0.019148545 | AC43: =IF(K43="","",-K43*K$2) -> -0.020383239 | AD43: =IF(L43="","",-L43*L$2) -> -0.022782483 | ... AH43: =IF(P43="","",-P43*P$2) -> -0.020267291 | AI43: -1 | AJ43: 0 | AK43: 0 | AL43: ="Global Gas production share of - " & C43 -> Global Gas production share of - Norway | AN43: COM_BNDPRD | AO43: FX | AP43: GAS_022 | AQ43: 4938.285 | AR43: 0 | AS43: Australia
A44: DZA | B44: 9 | C44: Algeria | D44: 0.021879261 | E44: 0.024948921 | F44: 0.024932798 | G44: 0.024310789 | H44: 0.021564366 | I44: 0.021916718 | J44: 0.020609948 | K44: 0.020454175 | L44: 0.01999439 | M44: 0.019156696 | N44: 0.01699276 | O44: 0.015501965 | P44: 0.013056783 | R44: ="UCS_GasprodCalib_"&TEXT($B44,"000") -> UCS_GasprodCalib_009 | S44: =IF(SUM(D44:P44)=0,"\I:","SUP_GasSupply") -> SUP_GasSupply | T44: ="GAS_"&TEXT($B44,"000") -> GAS_009 | U44: 1 | V44: =IF(D44="","",-D44) -> -0.021879261 | W44: =IF(E44="","",-E44*E$2) -> -0.028409577 | X44: =IF(F44="","",-F44*F$2) -> -0.029356358 | Y44: =IF(G44="","",-G44*G$2) -> -0.029251369 | Z44: =IF(H44="","",-H44*H$2) -> -0.026781552 | AA44: =IF(I44="","",-I44*I$2) -> -0.027784743 | AB44: =IF(J44="","",-J44*J$2) -> -0.0269259 | AC44: =IF(K44="","",-K44*K$2) -> -0.027250239 | AD44: =IF(L44="","",-L44*L$2) -> -0.027411663 | ... AH44: =IF(P44="","",-P44*P$2) -> -0.019585174 | AI44: -1 | AJ44: 0 | AK44: 0 | AL44: ="Global Gas production share of - " & C44 -> Global Gas production share of - Algeria | AN44: COM_BNDPRD | AO44: FX | AP44: GAS_065 | AQ44: 4223.3946 | AR44: 0 | AS44: Norway
A45: SAU | B45: 26 | C45: Saudi Arabia | D45: 0.019175852 | E45: 0.020480191 | F45: 0.022996331 | G45: 0.023553358 | H45: 0.024844615 | I45: 0.027236978 | J45: 0.027372702 | K45: 0.026745786 | L45: 0.026029444 | M45: 0.026190332 | N45: 0.02607151 | O45: 0.023933411 | P45: 0.022327369 | R45: ="UCS_GasprodCalib_"&TEXT($B45,"000") -> UCS_GasprodCalib_026 | S45: =IF(SUM(D45:P45)=0,"\I:","SUP_GasSupply") -> SUP_GasSupply | T45: ="GAS_"&TEXT($B45,"000") -> GAS_026 | U45: 1 | V45: =IF(D45="","",-D45) -> -0.019175852 | W45: =IF(E45="","",-E45*E$2) -> -0.023320991 | X45: =IF(F45="","",-F45*F$2) -> -0.027076325 | Y45: =IF(G45="","",-G45*G$2) -> -0.028340008 | Z45: =IF(H45="","",-H45*H$2) -> -0.030855409 | AA45: =IF(I45="","",-I45*I$2) -> -0.03452946 | AB45: =IF(J45="","",-J45*J$2) -> -0.035761111 | AC45: =IF(K45="","",-K45*K$2) -> -0.035632289 | AD45: =IF(L45="","",-L45*L$2) -> -0.035685528 | ... AH45: =IF(P45="","",-P45*P$2) -> -0.033491053 | AI45: -1 | AJ45: 0 | AK45: 0 | AL45: ="Global Gas production share of - " & C45 -> Global Gas production share of - Saudi Arabia | AN45: COM_BNDPRD | AO45: FX | AP45: GAS_026 | AQ45: 3357.7249 | AR45: 0 | AS45: Saudi Arabia
A46: MYS | B46: 30 | C46: Malaysia | D46: 0.01708577 | E46: 0.016167599 | F46: 0.01455971 | G46: 0.012946304 | H46: 0.014135756 | I46: 0.012922499 | J46: 0.01254604 | K46: 0.011554255 | R46: ="UCS_GasprodCalib_"&TEXT($B46,"000") -> UCS_GasprodCalib_030 | S46: =IF(SUM(D46:P46)=0,"\I:","SUP_GasSupply") -> SUP_GasSupply | T46: ="GAS_"&TEXT($B46,"000") -> GAS_030 | U46: 1 | V46: =IF(D46="","",-D46) -> -0.01708577 | W46: =IF(E46="","",-E46*E$2) -> -0.018410202 | X46: =IF(F46="","",-F46*F$2) -> -0.017142884 | Y46: =IF(G46="","",-G46*G$2) -> -0.015577327 | Z46: =IF(H46="","",-H46*H$2) -> -0.017555698 | AA46: =IF(I46="","",-I46*I$2) -> -0.016382394 | AB46: =IF(J46="","",-J46*J$2) -> -0.016390794 | AC46: =IF(K46="","",-K46*K$2) -> -0.01539325 | AD46: =IF(L46="","",-L46*L$2) | ... AH46: =IF(P46="","",-P46*P$2) | AI46: -1 | AJ46: 0 | AK46: 0 | AL46: ="Global Gas production share of - " & C46 -> Global Gas production share of - Malaysia | AN46: COM_BNDPRD | AO46: FX | AP46: GAS_009 | AQ46: 3203.4295 | AR46: 0 | AS46: Algeria
A47: EGY | B47: 68 | C47: Egypt | D47: 0.016973173 | E47: 0.017492956 | F47: 0.013111009 | G47: 0.012526158 | H47: 0.010187149 | N47: 0.010340134 | O47: 0.013470719 | P47: 0.012189164 | R47: ="UCS_GasprodCalib_"&TEXT($B47,"000") -> UCS_GasprodCalib_068 | S47: =IF(SUM(D47:P47)=0,"\I:","SUP_GasSupply") -> SUP_GasSupply | T47: ="GAS_"&TEXT($B47,"000") -> GAS_068 | U47: 1 | V47: =IF(D47="","",-D47) -> -0.016973173 | W47: =IF(E47="","",-E47*E$2) -> -0.019919399 | X47: =IF(F47="","",-F47*F$2) -> -0.015437155 | Y47: =IF(G47="","",-G47*G$2) -> -0.015071797 | Z47: =IF(H47="","",-H47*H$2) -> -0.012651782 | AA47: =IF(I47="","",-I47*I$2) | AB47: =IF(J47="","",-J47*J$2) | AC47: =IF(K47="","",-K47*K$2) | AD47: =IF(L47="","",-L47*L$2) | ... AH47: =IF(P47="","",-P47*P$2) -> -0.018283747 | AI47: -1 | AJ47: 0 | AK47: 0 | AL47: ="Global Gas production share of - " & C47 -> Global Gas production share of - Egypt | AN47: COM_BNDPRD | AO47: FX | AP47: GAS_094 | AQ47: 2956.4787 | AR47: 0 | AS47: Turkmenistan
A48: TKM | B48: 94 | C48: Turkmenistan | D48: 0.016453643 | E48: 0.021363129 | F48: 0.021892109 | G48: 0.021799227 | H48: 0.018612758 | I48: 0.0170133 | J48: 0.02005106 | K48: 0.027908549 | L48: 0.031011798 | M48: 0.033023228 | N48: 0.031027654 | O48: 0.036899 | P48: 0.037529109 | R48: ="UCS_GasprodCalib_"&TEXT($B48,"000") -> UCS_GasprodCalib_094 | S48: =IF(SUM(D48:P48)=0,"\I:","SUP_GasSupply") -> SUP_GasSupply | T48: ="GAS_"&TEXT($B48,"000") -> GAS_094 | U48: 1 | V48: =IF(D48="","",-D48) -> -0.016453643 | W48: =IF(E48="","",-E48*E$2) -> -0.024326402 | X48: =IF(F48="","",-F48*F$2) -> -0.025776193 | Y48: =IF(G48="","",-G48*G$2) -> -0.026229392 | Z48: =IF(H48="","",-H48*H$2) -> -0.023115845 | AA48: =IF(I48="","",-I48*I$2) -> -0.021568474 | AB48: =IF(J48="","",-J48*J$2) -> -0.02619574 | AC48: =IF(K48="","",-K48*K$2) -> -0.037181389 | AD48: =IF(L48="","",-L48*L$2) -> -0.042516175 | ... AH48: =IF(P48="","",-P48*P$2) -> -0.056293663 | AI48: -1 | AJ48: 0 | AK48: 0 | AL48: ="Global Gas production share of - " & C48 -> Global Gas production share of - Turkmenistan | AN48: COM_BNDPRD | AO48: FX | AP48: GAS_030 | AQ48: 2572.5963 | AR48: 0 | AS48: Malaysia
A49: ARE | B49: 36 | C49: United Arab Emirates | D49: 0.015532393 | E49: 0.015804311 | F49: 0.015785887 | G49: 0.015606322 | H49: 0.018184703 | I49: 0.018219927 | J49: 0.017674187 | K49: 0.016973741 | L49: 0.016435273 | M49: 0.016670493 | N49: 0.015068455 | O49: 0.014363615 | P49: 0.01504206 | R49: ="UCS_GasprodCalib_"&TEXT($B49,"000") -> UCS_GasprodCalib_036 | S49: =IF(SUM(D49:P49)=0,"\I:","SUP_GasSupply") -> SUP_GasSupply | T49: ="GAS_"&TEXT($B49,"000") -> GAS_036 | U49: 1 | V49: =IF(D49="","",-D49) -> -0.015532393 | W49: =IF(E49="","",-E49*E$2) -> -0.017996522 | X49: =IF(F49="","",-F49*F$2) -> -0.018586609 | Y49: =IF(G49="","",-G49*G$2) -> -0.01877793 | Z49: =IF(H49="","",-H49*H$2) -> -0.022584228 | AA49: =IF(I49="","",-I49*I$2) -> -0.023098166 | AB49: =IF(J49="","",-J49*J$2) -> -0.02309047 | AC49: =IF(K49="","",-K49*K$2) -> -0.022613404 | AD49: =IF(L49="","",-L49*L$2) -> -0.022532229 | ... AH49: =IF(P49="","",-P49*P$2) -> -0.022563091 | AI49: -1 | AJ49: 0 | AK49: 0 | AL49: ="Global Gas production share of - " & C49 -> Global Gas production share of - United Arab Emirates | AN49: COM_BNDPRD | AO49: FX | AP49: GAS_005 | AQ49: 2433.0034 | AR49: 0 | AS49: Indonesia
A50: IDN | B50: 5 | C50: Indonesia | D50: 0.015416322 | E50: 0.014172666 | F50: 0.012308838 | G50: 0.011813646 | H50: 0.010009026 | J50: 0.010542674 | N50: 0.011788889 | O50: 0.014029489 | P50: 0.021863761 | R50: ="UCS_GasprodCalib_"&TEXT($B50,"000") -> UCS_GasprodCalib_005 | S50: =IF(SUM(D50:P50)=0,"\I:","SUP_GasSupply") -> SUP_GasSupply | T50: ="GAS_"&TEXT($B50,"000") -> GAS_005 | U50: 1 | V50: =IF(D50="","",-D50) -> -0.015416322 | W50: =IF(E50="","",-E50*E$2) -> -0.016138552 | X50: =IF(F50="","",-F50*F$2) -> -0.014492665 | Y50: =IF(G50="","",-G50*G$2) -> -0.014214483 | Z50: =IF(H50="","",-H50*H$2) -> -0.012430564 | AA50: =IF(I50="","",-I50*I$2) | AB50: =IF(J50="","",-J50*J$2) -> -0.013773494 | AC50: =IF(K50="","",-K50*K$2) | AD50: =IF(L50="","",-L50*L$2) | ... AH50: =IF(P50="","",-P50*P$2) -> -0.032795641 | AI50: -1 | AJ50: 0 | AK50: 0 | AL50: ="Global Gas production share of - " & C50 -> Global Gas production share of - Indonesia | AN50: COM_BNDPRD | AO50: FX | AP50: GAS_068 | AQ50: 2378.7039 | AR50: 0 | AS50: Egypt
A51: UZB | B51: 56 | C51: Uzbekistan | D51: 0.014481011 | E51: 0.012808874 | F51: 0.012154228 | G51: 0.010968289 | R51: ="UCS_GasprodCalib_"&TEXT($B51,"000") -> UCS_GasprodCalib_056 | S51: =IF(SUM(D51:P51)=0,"\I:","SUP_GasSupply") -> SUP_GasSupply | T51: ="GAS_"&TEXT($B51,"000") -> GAS_056 | U51: 1 | V51: =IF(D51="","",-D51) -> -0.014481011 | W51: =IF(E51="","",-E51*E$2) -> -0.014585589 | X51: =IF(F51="","",-F51*F$2) -> -0.014310623 | Y51: =IF(G51="","",-G51*G$2) -> -0.013197328 | Z51: =IF(H51="","",-H51*H$2) | AA51: =IF(I51="","",-I51*I$2) | AB51: =IF(J51="","",-J51*J$2) | AC51: =IF(K51="","",-K51*K$2) | AD51: =IF(L51="","",-L51*L$2) | ... AH51: =IF(P51="","",-P51*P$2) | AI51: -1 | AJ51: 0 | AK51: 0 | AL51: ="Global Gas production share of - " & C51 -> Global Gas production share of - Uzbekistan | AN51: COM_BNDPRD | AO51: FX | AP51: GAS_056 | AQ51: 2064.3672 | AR51: 0 | AS51: Uzbekistan
A52: NGA | B52: 136 | C52: Nigeria | D52: 0.012374208 | E52: 0.01149969 | F52: 0.012331 | G52: 0.010359762 | H52: 0.010128648 | I52: 0.011118991 | J52: 0.010510069 | K52: 0.011048623 | L52: 0.010146071 | N52: 0.013102956 | O52: 0.013509333 | P52: 0.014939573 | R52: ="UCS_GasprodCalib_"&TEXT($B52,"000") -> UCS_GasprodCalib_136 | S52: =IF(SUM(D52:P52)=0,"\I:","SUP_GasSupply") -> SUP_GasSupply | T52: ="GAS_"&TEXT($B52,"000") -> GAS_136 | U52: 1 | V52: =IF(D52="","",-D52) -> -0.012374208 | W52: =IF(E52="","",-E52*E$2) -> -0.013094808 | X52: =IF(F52="","",-F52*F$2) -> -0.014518758 | Y52: =IF(G52="","",-G52*G$2) -> -0.012465133 | Z52: =IF(H52="","",-H52*H$2) -> -0.012579127 | AA52: =IF(I52="","",-I52*I$2) -> -0.014096012 | AB52: =IF(J52="","",-J52*J$2) -> -0.013730897 | AC52: =IF(K52="","",-K52*K$2) -> -0.014719617 | AD52: =IF(L52="","",-L52*L$2) -> -0.013909936 | ... AH52: =IF(P52="","",-P52*P$2) -> -0.022409359 | AI52: -1 | AJ52: 0 | AK52: 0 | AL52: ="Global Gas production share of - " & C52 -> Global Gas production share of - Nigeria | AN52: COM_BNDPRD | AO52: FX | AP52: GAS_036 | AQ52: 1868.3999 | AR52: 0 | AS52: United Arab Emirates
A53: ARG | B53: 27 | C53: Argentina | D53: 0.0119842 | E53: 0.011795813 | F53: 0.013659635 | G53: 0.014664088 | H53: 0.016973101 | I53: 0.016045452 | J53: 0.015298056 | K53: 0.014698453 | L53: 0.013608108 | M53: 0.013319452 | N53: 0.012854707 | O53: 0.01281017 | P53: 0.013031835 | R53: ="UCS_GasprodCalib_"&TEXT($B53,"000") -> UCS_GasprodCalib_027 | S53: =IF(SUM(D53:P53)=0,"\I:","SUP_GasSupply") -> SUP_GasSupply | T53: ="GAS_"&TEXT($B53,"000") -> GAS_027 | U53: 1 | V53: =IF(D53="","",-D53) -> -0.0119842 | W53: =IF(E53="","",-E53*E$2) -> -0.013432007 | X53: =IF(F53="","",-F53*F$2) -> -0.016083118 | Y53: =IF(G53="","",-G53*G$2) -> -0.017644209 | Z53: =IF(H53="","",-H53*H$2) -> -0.021079496 | AA53: =IF(I53="","",-I53*I$2) -> -0.020341492 | AB53: =IF(J53="","",-J53*J$2) -> -0.01998617 | AC53: =IF(K53="","",-K53*K$2) -> -0.019582133 | AD53: =IF(L53="","",-L53*L$2) -> -0.018656278 | ... AH53: =IF(P53="","",-P53*P$2) -> -0.019547753 | AI53: -1 | AJ53: 0 | AK53: 0 | AL53: ="Global Gas production share of - " & C53 -> Global Gas production share of - Argentina | AN53: COM_BNDPRD | AO53: FX | AP53: GAS_136 | AQ53: 1579.356 | AR53: 0 | AS53: Nigeria
A54: PAK | B54: 17 | C54: Pakistan | D54: 0.010051104 | R54: ="UCS_GasprodCalib_"&TEXT($B54,"000") -> UCS_GasprodCalib_017 | S54: =IF(SUM(D54:P54)=0,"\I:","SUP_GasSupply") -> SUP_GasSupply | T54: ="GAS_"&TEXT($B54,"000") -> GAS_017 | U54: 1 | V54: =IF(D54="","",-D54) -> -0.010051104 | W54: =IF(E54="","",-E54*E$2) | X54: =IF(F54="","",-F54*F$2) | Y54: =IF(G54="","",-G54*G$2) | Z54: =IF(H54="","",-H54*H$2) | AA54: =IF(I54="","",-I54*I$2) | AB54: =IF(J54="","",-J54*J$2) | AC54: =IF(K54="","",-K54*K$2) | AD54: =IF(L54="","",-L54*L$2) | ... AH54: =IF(P54="","",-P54*P$2) | AI54: -1 | AJ54: 0 | AK54: 0 | AL54: ="Global Gas production share of - " & C54 -> Global Gas production share of - Pakistan | AN54: COM_BNDPRD | AO54: FX | AP54: GAS_027 | AQ54: 1559.8486 | AR54: 0 | AS54: Argentina
A55: KAZ | B55: 45 | C55: Kazakhstan | O55: 0.010281593 | P55: 0.01023777 | R55: ="UCS_GasprodCalib_"&TEXT($B55,"000") -> UCS_GasprodCalib_045 | S55: =IF(SUM(D55:P55)=0,"\I:","SUP_GasSupply") -> SUP_GasSupply | T55: ="GAS_"&TEXT($B55,"000") -> GAS_045 | U55: 1 | V55: =IF(D55="","",-D55) | W55: =IF(E55="","",-E55*E$2) | X55: =IF(F55="","",-F55*F$2) | Y55: =IF(G55="","",-G55*G$2) | Z55: =IF(H55="","",-H55*H$2) | AA55: =IF(I55="","",-I55*I$2) | AB55: =IF(J55="","",-J55*J$2) | AC55: =IF(K55="","",-K55*K$2) | AD55: =IF(L55="","",-L55*L$2) | ... AH55: =IF(P55="","",-P55*P$2) -> -0.015356654 | AI55: -1 | AJ55: 0 | AK55: 0 | AL55: ="Global Gas production share of - " & C55 -> Global Gas production share of - Kazakhstan | AN55: COM_BNDPRD | AO55: FX | AP55: GAS_012 | AQ55: 1408.6953 | AR55: 0 | AS55: United Kingdom
