Workbook

Sheet drate
F2: ~TFM_INS-TS | N2: ~TFM_INS-TS
B3: ActiveReg | C3: Status | D3: ElastClass | F3: region | G3: attribute | H3: pset_set | I3: pset_co | J3: pset_pn | K3: 2020 | L3: 2050 | N3: region | O3: attribute | P3: pset_set | Q3: pset_co | R3: pset_pn | S3: 2020 | T3: 2050
A4: 1 | B4: Africa_other | C4: Eme | D4: =C4 -> Eme | F4: =B4 -> Africa_other | G4: NCAP_DRATE | H4: DMD | I4: C?? | J4: -CSHIN* | K4: =L4+0.1 -> 0.3 | L4: 0.2 | N4: =F4 -> Africa_other | O4: NCAP_DRATE | P4: DMD | Q4: R?? | R4: -RSHIN* | S4: =T4+0.1 -> 0.4 | T4: =L4+0.1 -> 0.3
A5: =A4+1 -> 2 | B5: India | C5: Eme | D5: =C5 -> Eme | F5: =B5 -> India | G5: NCAP_DRATE | H5: DMD | I5: C?? | J5: -CSHIN* | K5: =L5+0.1 -> 0.3 | L5: =L4 -> 0.2 | N5: =F5 -> India | O5: NCAP_DRATE | P5: DMD | Q5: R?? | R5: -RSHIN* | S5: =T5+0.1 -> 0.4 | T5: =L5+0.1 -> 0.3
A6: =A5+1 -> 3 | B6: Asia_other | C6: Eme | D6: =C6 -> Eme | F6: =B6 -> Asia_other | G6: NCAP_DRATE | H6: DMD | I6: C?? | J6: -CSHIN* | K6: =L6+0.1 -> 0.3 | L6: =L5 -> 0.2 | N6: =F6 -> Asia_other | O6: NCAP_DRATE | P6: DMD | Q6: R?? | R6: -RSHIN* | S6: =T6+0.1 -> 0.4 | T6: =L6+0.1 -> 0.3
A7: =A6+1 -> 4 | B7: Asia_central | C7: Eme | D7: =C7 -> Eme | F7: =B7 -> Asia_central | G7: NCAP_DRATE | H7: DMD | I7: C?? | J7: -CSHIN* | K7: =L7+0.1 -> 0.3 | L7: =L6 -> 0.2 | N7: =F7 -> Asia_central | O7: NCAP_DRATE | P7: DMD | Q7: R?? | R7: -RSHIN* | S7: =T7+0.1 -> 0.4 | T7: =L7+0.1 -> 0.3
A8: =A7+1 -> 5 | B8: LatAm_other | C8: Eme | D8: =C8 -> Eme | F8: =B8 -> LatAm_other | G8: NCAP_DRATE | H8: DMD | I8: C?? | J8: -CSHIN* | K8: =L8+0.1 -> 0.3 | L8: =L7 -> 0.2 | N8: =F8 -> LatAm_other | O8: NCAP_DRATE | P8: DMD | Q8: R?? | R8: -RSHIN* | S8: =T8+0.1 -> 0.4 | T8: =L8+0.1 -> 0.3
A9: =A8+1 -> 6 | B9: Brazil | C9: Eme | D9: =C9 -> Eme | F9: =B9 -> Brazil | G9: NCAP_DRATE | H9: DMD | I9: C?? | J9: -CSHIN* | K9: =L9+0.1 -> 0.3 | L9: =L8 -> 0.2 | N9: =F9 -> Brazil | O9: NCAP_DRATE | P9: DMD | Q9: R?? | R9: -RSHIN* | S9: =T9+0.1 -> 0.4 | T9: =L9+0.1 -> 0.3
A10: =A9+1 -> 7 | B10: Africa_north | C10: Eme | D10: =C10 -> Eme | F10: =B10 -> Africa_north | G10: NCAP_DRATE | H10: DMD | I10: C?? | J10: -CSHIN* | K10: =L10+0.1 -> 0.3 | L10: =L9 -> 0.2 | N10: =F10 -> Africa_north | O10: NCAP_DRATE | P10: DMD | Q10: R?? | R10: -RSHIN* | S10: =T10+0.1 -> 0.4 | T10: =L10+0.1 -> 0.3
A11: =A10+1 -> 8 | B11: SouthAfrica | C11: Eme | D11: Eme | F11: =B11 -> SouthAfrica | G11: NCAP_DRATE | H11: DMD | I11: C?? | J11: -CSHIN* | K11: =L11+0.1 -> 0.3 | L11: =L10 -> 0.2 | N11: =F11 -> SouthAfrica | O11: NCAP_DRATE | P11: DMD | Q11: R?? | R11: -RSHIN* | S11: =T11+0.1 -> 0.4 | T11: =L11+0.1 -> 0.3
A12: =A11+1 -> 9 | B12: MidEast_other | C12: Eme | D12: =C12 -> Eme | F12: =B12 -> MidEast_other | G12: NCAP_DRATE | H12: DMD | I12: C?? | J12: -CSHIN* | K12: =L12+0.1 -> 0.3 | L12: =L11 -> 0.2 | N12: =F12 -> MidEast_other | O12: NCAP_DRATE | P12: DMD | Q12: R?? | R12: -RSHIN* | S12: =T12+0.1 -> 0.4 | T12: =L12+0.1 -> 0.3
A13: =A12+1 -> 10 | B13: Mexico | C13: Eme | D13: =C13 -> Eme | F13: =B13 -> Mexico | G13: NCAP_DRATE | H13: DMD | I13: C?? | J13: -CSHIN* | K13: =L13+0.1 -> 0.3 | L13: =L12 -> 0.2 | N13: =F13 -> Mexico | O13: NCAP_DRATE | P13: DMD | Q13: R?? | R13: -RSHIN* | S13: =T13+0.1 -> 0.4 | T13: =L13+0.1 -> 0.3
A14: =A13+1 -> 11 | B14: Europe_other | C14: Dev | D14: =C14 -> Dev | F14: =B14 -> Europe_other | G14: NCAP_DRATE | H14: DMD | I14: C?? | J14: -CSHIN* | K14: =L14+0.1 -> 0.2 | L14: =L13-0.1 -> 0.1 | N14: =F14 -> Europe_other | O14: NCAP_DRATE | P14: DMD | Q14: R?? | R14: -RSHIN* | S14: =T14+0.1 -> 0.3 | T14: =L14+0.1 -> 0.2
A15: =A14+1 -> 12 | B15: Arg-Chi | C15: Dev | D15: =C15 -> Dev | F15: =B15 -> Arg-Chi | G15: NCAP_DRATE | H15: DMD | I15: C?? | J15: -CSHIN* | K15: =L15+0.1 -> 0.2 | L15: =L14 -> 0.1 | N15: =F15 -> Arg-Chi | O15: NCAP_DRATE | P15: DMD | Q15: R?? | R15: -RSHIN* | S15: =T15+0.1 -> 0.3 | T15: =L15+0.1 -> 0.2
A16: =A15+1 -> 13 | B16: Russia | C16: Dev | D16: =C16 -> Dev | F16: =B16 -> Russia | G16: NCAP_DRATE | H16: DMD | I16: C?? | J16: -CSHIN* | K16: =L16+0.1 -> 0.2 | L16: =L15 -> 0.1 | N16: =F16 -> Russia | O16: NCAP_DRATE | P16: DMD | Q16: R?? | R16: -RSHIN* | S16: =T16+0.1 -> 0.3 | T16: =L16+0.1 -> 0.2
A17: =A16+1 -> 14 | B17: EU_southeast | C17: Dev | D17: =C17 -> Dev | F17: =B17 -> EU_southeast | G17: NCAP_DRATE | H17: DMD | I17: C?? | J17: -CSHIN* | K17: =L17+0.1 -> 0.2 | L17: =L16 -> 0.1 | N17: =F17 -> EU_southeast | O17: NCAP_DRATE | P17: DMD | Q17: R?? | R17: -RSHIN* | S17: =T17+0.1 -> 0.3 | T17: =L17+0.1 -> 0.2
A18: =A17+1 -> 15 | B18: EU_southwest | C18: Dev | D18: =C18 -> Dev | F18: =B18 -> EU_southwest | G18: NCAP_DRATE | H18: DMD | I18: C?? | J18: -CSHIN* | K18: =L18+0.1 -> 0.2 | L18: =L17 -> 0.1 | N18: =F18 -> EU_southwest | O18: NCAP_DRATE | P18: DMD | Q18: R?? | R18: -RSHIN* | S18: =T18+0.1 -> 0.3 | T18: =L18+0.1 -> 0.2
A19: =A18+1 -> 16 | B19: China | C19: Dev | D19: Chi | F19: =B19 -> China | G19: NCAP_DRATE | H19: DMD | I19: C?? | J19: -CSHIN* | K19: =L19+0.1 -> 0.2 | L19: =L18 -> 0.1 | N19: =F19 -> China | O19: NCAP_DRATE | P19: DMD | Q19: R?? | R19: -RSHIN* | S19: =T19+0.1 -> 0.3 | T19: =L19+0.1 -> 0.2
A20: =A19+1 -> 17 | B20: EU_south | C20: Dev | D20: =C20 -> Dev | F20: =B20 -> EU_south | G20: NCAP_DRATE | H20: DMD | I20: C?? | J20: -CSHIN* | K20: =L20+0.1 -> 0.2 | L20: =L19 -> 0.1 | N20: =F20 -> EU_south | O20: NCAP_DRATE | P20: DMD | Q20: R?? | R20: -RSHIN* | S20: =T20+0.1 -> 0.3 | T20: =L20+0.1 -> 0.2
A21: =A20+1 -> 18 | B21: EU_northeast | C21: Dev | D21: =C21 -> Dev | F21: =B21 -> EU_northeast | G21: NCAP_DRATE | H21: DMD | I21: C?? | J21: -CSHIN* | K21: =L21+0.1 -> 0.2 | L21: =L20 -> 0.1 | N21: =F21 -> EU_northeast | O21: NCAP_DRATE | P21: DMD | Q21: R?? | R21: -RSHIN* | S21: =T21+0.1 -> 0.3 | T21: =L21+0.1 -> 0.2
A22: =A21+1 -> 19 | B22: France | C22: Dev | D22: =C22 -> Dev | F22: =B22 -> France | G22: NCAP_DRATE | H22: DMD | I22: C?? | J22: -CSHIN* | K22: =L22+0.1 -> 0.2 | L22: =L21 -> 0.1 | N22: =F22 -> France | O22: NCAP_DRATE | P22: DMD | Q22: R?? | R22: -RSHIN* | S22: =T22+0.1 -> 0.3 | T22: =L22+0.1 -> 0.2
A23: =A22+1 -> 20 | B23: UK | C23: Dev | D23: =C23 -> Dev | F23: =B23 -> UK | G23: NCAP_DRATE | H23: DMD | I23: C?? | J23: -CSHIN* | K23: =L23+0.1 -> 0.2 | L23: =L22 -> 0.1 | N23: =F23 -> UK | O23: NCAP_DRATE | P23: DMD | Q23: R?? | R23: -RSHIN* | S23: =T23+0.1 -> 0.3 | T23: =L23+0.1 -> 0.2
A24: =A23+1 -> 21 | B24: Australia_NZ | C24: Dev | D24: =C24 -> Dev | F24: =B24 -> Australia_NZ | G24: NCAP_DRATE | H24: DMD | I24: C?? | J24: -CSHIN* | K24: =L24+0.1 -> 0.2 | L24: =L23 -> 0.1 | N24: =F24 -> Australia_NZ | O24: NCAP_DRATE | P24: DMD | Q24: R?? | R24: -RSHIN* | S24: =T24+0.1 -> 0.3 | T24: =L24+0.1 -> 0.2
A25: =A24+1 -> 22 | B25: SaudiArabia | C25: Dev | D25: =C25 -> Dev | F25: =B25 -> SaudiArabia | G25: NCAP_DRATE | H25: DMD | I25: C?? | J25: -CSHIN* | K25: =L25+0.1 -> 0.2 | L25: =L24 -> 0.1 | N25: =F25 -> SaudiArabia | O25: NCAP_DRATE | P25: DMD | Q25: R?? | R25: -RSHIN* | S25: =T25+0.1 -> 0.3 | T25: =L25+0.1 -> 0.2
A26: =A25+1 -> 23 | B26: EU_north | C26: Dev | D26: =C26 -> Dev | F26: =B26 -> EU_north | G26: NCAP_DRATE | H26: DMD | I26: C?? | J26: -CSHIN* | K26: =L26+0.1 -> 0.2 | L26: =L25 -> 0.1 | N26: =F26 -> EU_north | O26: NCAP_DRATE | P26: DMD | Q26: R?? | R26: -RSHIN* | S26: =T26+0.1 -> 0.3 | T26: =L26+0.1 -> 0.2
A27: =A26+1 -> 24 | B27: Germany | C27: Dev | D27: =C27 -> Dev | F27: =B27 -> Germany | G27: NCAP_DRATE | H27: DMD | I27: C?? | J27: -CSHIN* | K27: =L27+0.1 -> 0.2 | L27: =L26 -> 0.1 | N27: =F27 -> Germany | O27: NCAP_DRATE | P27: DMD | Q27: R?? | R27: -RSHIN* | S27: =T27+0.1 -> 0.3 | T27: =L27+0.1 -> 0.2
A28: =A27+1 -> 25 | B28: Canada | C28: Dev | D28: =C28 -> Dev | F28: =B28 -> Canada | G28: NCAP_DRATE | H28: DMD | I28: C?? | J28: -CSHIN* | K28: =L28+0.1 -> 0.2 | L28: =L27 -> 0.1 | N28: =F28 -> Canada | O28: NCAP_DRATE | P28: DMD | Q28: R?? | R28: -RSHIN* | S28: =T28+0.1 -> 0.3 | T28: =L28+0.1 -> 0.2
A29: =A28+1 -> 26 | B29: Asia_east | C29: Dev | D29: =C29 -> Dev | F29: =B29 -> Asia_east | G29: NCAP_DRATE | H29: DMD | I29: C?? | J29: -CSHIN* | K29: =L29+0.1 -> 0.2 | L29: =L28 -> 0.1 | N29: =F29 -> Asia_east | O29: NCAP_DRATE | P29: DMD | Q29: R?? | R29: -RSHIN* | S29: =T29+0.1 -> 0.3 | T29: =L29+0.1 -> 0.2
A30: =A29+1 -> 27 | B30: EU_northwest | C30: Dev | D30: =C30 -> Dev | F30: =B30 -> EU_northwest | G30: NCAP_DRATE | H30: DMD | I30: C?? | J30: -CSHIN* | K30: =L30+0.1 -> 0.2 | L30: =L29 -> 0.1 | N30: =F30 -> EU_northwest | O30: NCAP_DRATE | P30: DMD | Q30: R?? | R30: -RSHIN* | S30: =T30+0.1 -> 0.3 | T30: =L30+0.1 -> 0.2
A31: =A30+1 -> 28 | B31: Nor-Ice | C31: Dev | D31: =C31 -> Dev | F31: =B31 -> Nor-Ice | G31: NCAP_DRATE | H31: DMD | I31: C?? | J31: -CSHIN* | K31: =L31+0.1 -> 0.2 | L31: =L30 -> 0.1 | N31: =F31 -> Nor-Ice | O31: NCAP_DRATE | P31: DMD | Q31: R?? | R31: -RSHIN* | S31: =T31+0.1 -> 0.3 | T31: =L31+0.1 -> 0.2
A32: =A31+1 -> 29 | B32: USA | C32: Dev | D32: =C32 -> Dev | F32: =B32 -> USA | G32: NCAP_DRATE | H32: DMD | I32: C?? | J32: -CSHIN* | K32: =L32+0.1 -> 0.2 | L32: =L31 -> 0.1 | N32: =F32 -> USA | O32: NCAP_DRATE | P32: DMD | Q32: R?? | R32: -RSHIN* | S32: =T32+0.1 -> 0.3 | T32: =L32+0.1 -> 0.2

Sheet BY_RESCOM
A1: scenario | B1: attribute | C1: process | D1: commodity | E1: lim_type | F1: time_slice | G1: year | H1: commodity_group | I1: currency | J1: stage | K1: sow | L1: Africa_north | M1: Africa_other | N1: Arg-Chi | O1: Asia_central | P1: Asia_east | Q1: Asia_other | R1: Australia_NZ | S1: Brazil | T1: Canada | U1: China | V1: EU_north | W1: EU_northeast | X1: EU_northwest | Y1: EU_south | Z1: EU_southeast | AA1: EU_southwest | AB1: Europe_other | AC1: France | AD1: Germany | AE1: India | AF1: LatAm_other | AG1: Mexico | AH1: MidEast_other | AI1: Nor-Ice | AJ1: Russia | AK1: SaudiArabia | AL1: SouthAfrica | AM1: UK | AN1: USA | AO1: year2 | AX1: Dem | AY1: Fuel
A2: BASE | B2: Stock | C2: CCKBIO000 | D2: - | E2: - | F2: - | G2: 2019 | H2: - | I2: - | J2: - | K2: - | L2: 3.3811994 | M2: 38.545149 | N2: 0.73020237 | O2: 0 | P2: 0 | Q2: 5.1697344 | R2: 0 | S2: 0.72475248 | T2: 0 | U2: 0.0052520685 | V2: 0.27662887 | W2: 0 | X2: 0.30212786 | Y2: 0.10389197 | Z2: 0 | AA2: 0.19224722 | AB2: 0 | AC2: 0.51884161 | AD2: 1.9664001 | AE2: 11.52312 | AF2: 2.6367986 | AG2: 0 | AH2: 0 | AI2: 0.059347262 | AJ2: 0 | AK2: 0 | AL2: 0 | AM2: 0.27629991 | AN2: 0 | AO2: - | AX2: =LEFT(C2,3) -> CCK | AY2: =IF(LEFT(MID(C2,4,3),1)="E","ELC",IF(LEFT(MID(C2,4,3),1)="N","NGA",MID(C2,4,3))) -> BIO
A3: BASE | B3: Stock | C3: CCKCOA000 | D3: - | E3: - | F3: - | G3: 2019 | H3: - | I3: - | J3: - | K3: - | L3: 0 | M3: 0.010866128 | N3: 0 | O3: 0 | P3: 0.2147065 | Q3: 1.596736 | R3: 0 | S3: 0 | T3: 0 | U3: 27.692079 | V3: 0 | W3: 0 | X3: 0 | Y3: 0 | Z3: 0 | AA3: 0 | AB3: 0 | AC3: 0 | AD3: 0 | AE3: 18.116145 | AF3: 0 | AG3: 0 | AH3: 0 | AI3: 0 | AJ3: 0 | AK3: 0 | AL3: 4.7838808 | AM3: 0 | AN3: 0 | AO3: - | AX3: =LEFT(C3,3) -> CCK | AY3: =IF(LEFT(MID(C3,4,3),1)="E","ELC",IF(LEFT(MID(C3,4,3),1)="N","NGA",MID(C3,4,3))) -> COA
A4: BASE | B4: Stock | C4: CCKDST000 | D4: - | E4: - | F4: - | G4: 2019 | H4: - | I4: - | J4: - | K4: - | L4: 0 | M4: 0 | N4: 6.2009711 | O4: 0 | P4: 0 | Q4: 22.477068 | R4: 0 | S4: 0.54368947 | T4: 0 | U4: 109.12656 | V4: 0 | W4: 0 | X4: 0 | Y4: 0 | Z4: 0 | AA4: 0 | AB4: 15.747953 | AC4: 0 | AD4: 0 | AE4: 0 | AF4: 7.4514029 | AG4: 0.40049966 | AH4: 12.546955 | AI4: 0 | AJ4: 0 | AK4: 0 | AL4: 0 | AM4: 0 | AN4: 0 | AO4: - | AX4: =LEFT(C4,3) -> CCK | AY4: =IF(LEFT(MID(C4,4,3),1)="E","ELC",IF(LEFT(MID(C4,4,3),1)="N","NGA",MID(C4,4,3))) -> DST
A5: BASE | B5: Stock | C5: CCKELC000 | D5: - | E5: - | F5: - | G5: 2019 | H5: - | I5: - | J5: - | K5: - | L5: 6.6993242 | M5: 4.129998 | N5: 2.188084 | O5: 2.0507424 | P5: 0 | Q5: 8.1627637 | R5: 10.182163 | S5: 7.1085267 | T5: 15.255677 | U5: 61.402911 | V5: 5.57696 | W5: 7.0898345 | X5: 7.3767031 | Y5: 11.127384 | Z5: 2.6893995 | AA5: 9.1798287 | AB5: 10.301247 | AC5: 13.770195 | AD5: 13.101379 | AE5: 8.5926575 | AF5: 4.5034691 | AG5: 1.4473116 | AH5: 11.709283 | AI5: 2.7776497 | AJ5: 11.556889 | AK5: 9.2530281 | AL5: 4.6755581 | AM5: 9.0841599 | AN5: 35.452379 | AO5: - | AX5: =LEFT(C5,3) -> CCK | AY5: =IF(LEFT(MID(C5,4,3),1)="E","ELC",IF(LEFT(MID(C5,4,3),1)="N","NGA",MID(C5,4,3))) -> ELC
A6: BASE | B6: Stock | C6: CCKKER000 | D6: - | E6: - | F6: - | G6: 2019 | H6: - | I6: - | J6: - | K6: - | L6: 0 | M6: 0.028837108 | N6: 0.0011248885 | O6: 0.010917081 | P6: 0 | Q6: 2.4624696 | R6: 0.00030898584 | S6: 0 | T6: 6.5524791 | U6: 12.741378 | V6: 0.0085358385 | W6: 0.0003548313 | X6: 0.8898855 | Y6: 0.025209769 | Z6: 0.0031955751 | AA6: 2.19807e-05 | AB6: 0 | AC6: 0 | AD6: 0 | AE6: 0 | AF6: 0.00761872 | AG6: 0 | AH6: 0.15156111 | AI6: 0.0001716588 | AJ6: 0 | AK6: 0 | AL6: 0.075838858 | AM6: 8.5355004 | AN6: 0 | AO6: - | AX6: =LEFT(C6,3) -> CCK | AY6: =IF(LEFT(MID(C6,4,3),1)="E","ELC",IF(LEFT(MID(C6,4,3),1)="N","NGA",MID(C6,4,3))) -> KER
A7: BASE | B7: Stock | C7: CCKLPG000 | D7: - | E7: - | F7: - | G7: 2019 | H7: - | I7: - | J7: - | K7: - | L7: 3.1517338 | M7: 7.6781135 | N7: 8.6678652 | O7: 0.073074942 | P7: 0 | Q7: 53.149924 | R7: 0.49972498 | S7: 13.520611 | T7: 13.858191 | U7: 23.378426 | V7: 0.24873737 | W7: 0.18258623 | X7: 2.3324453 | Y7: 6.139159 | Z7: 0.10933439 | AA7: 3.1497235 | AB7: 13.616384 | AC7: 3.7877517 | AD7: 2.2896501 | AE7: 61.212254 | AF7: 13.42147 | AG7: 29.955185 | AH7: 5.2055263 | AI7: 0.33894375 | AJ7: 0.038981386 | AK7: 0 | AL7: 0.74585979 | AM7: 4.4874611 | AN7: 2.7414358 | AO7: - | AX7: =LEFT(C7,3) -> CCK | AY7: =IF(LEFT(MID(C7,4,3),1)="E","ELC",IF(LEFT(MID(C7,4,3),1)="N","NGA",MID(C7,4,3))) -> LPG
A8: BASE | B8: Stock | C8: CCKNGA000 | D8: - | E8: - | F8: - | G8: 2019 | H8: - | I8: - | J8: - | K8: - | L8: 8.2131365 | M8: 0.02582615 | N8: 22.03105 | O8: 41.108654 | P8: 130.67408 | Q8: 16.622345 | R8: 3.398479 | S8: 2.3700498 | T8: 32.592874 | U8: 161.09949 | V8: 1.614148 | W8: 15.937795 | X8: 24.261911 | Y8: 33.531664 | Z8: 9.6605502 | AA8: 10.341178 | AB8: 101.98353 | AC8: 28.127932 | AD8: 45.458431 | AE8: 37.458826 | AF8: 13.976016 | AG8: 3.7983332 | AH8: 234.97801 | AI8: 0.31901561 | AJ8: 24.669805 | AK8: 0 | AL8: 0.42758059 | AM8: 29.374873 | AN8: 190.61431 | AO8: - | AX8: =LEFT(C8,3) -> CCK | AY8: =IF(LEFT(MID(C8,4,3),1)="E","ELC",IF(LEFT(MID(C8,4,3),1)="N","NGA",MID(C8,4,3))) -> NGA
A9: BASE | B9: Stock | C9: CCKSTH000 | D9: - | E9: - | F9: - | G9: 2019 | H9: - | I9: - | J9: - | K9: - | L9: 0 | M9: 0 | N9: 0 | O9: 0 | P9: 0 | Q9: 0 | R9: 0 | S9: 0 | T9: 0 | U9: 0 | V9: 0 | W9: 0 | X9: 0 | Y9: 0 | Z9: 0 | AA9: 0 | AB9: 0 | AC9: 0 | AD9: 0 | AE9: 0.20821291 | AF9: 0 | AG9: 0 | AH9: 0 | AI9: 0 | AJ9: 0 | AK9: 0 | AL9: 0 | AM9: 0 | AN9: 0 | AO9: - | AX9: =LEFT(C9,3) -> CCK | AY9: =IF(LEFT(MID(C9,4,3),1)="E","ELC",IF(LEFT(MID(C9,4,3),1)="N","NGA",MID(C9,4,3))) -> STH
A10: BASE | B10: Stock | C10: CHWBIO000 | D10: - | E10: - | F10: - | G10: 2019 | H10: - | I10: - | J10: - | K10: - | L10: 14.088331 | M10: 160.60479 | N10: 3.4771541 | O10: 0 | P10: 0 | Q10: 51.697344 | R10: 0.058124821 | S10: 3.4512023 | T10: 0 | U10: 0.087534474 | V10: 0 | W10: 0 | X10: 0 | Y10: 0 | Z10: 0 | AA10: 0 | AB10: 0 | AC10: 0 | AD10: 0 | AE10: 54.872 | AF10: 12.556184 | AG10: 0 | AH10: 0 | AI10: 0 | AJ10: 0 | AK10: 0 | AL10: 0 | AM10: 0 | AN10: 0 | AO10: - | AX10: =LEFT(C10,3) -> CHW | AY10: =IF(LEFT(MID(C10,4,3),1)="E","ELC",IF(LEFT(MID(C10,4,3),1)="N","NGA",MID(C10,4,3))) -> BIO
A11: BASE | B11: Stock | C11: CHWCOA000 | D11: - | E11: - | F11: - | G11: 2019 | H11: - | I11: - | J11: - | K11: - | L11: 0 | M11: 0.38635121 | N11: 0 | O11: 0 | P11: 20.578632 | Q11: 34.0637 | R11: 2.7120199 | S11: 0 | T11: 0 | U11: 984.60726 | V11: 0 | W11: 0 | X11: 0 | Y11: 0 | Z11: 0 | AA11: 0 | AB11: 0 | AC11: 0 | AD11: 0 | AE11: 386.47775 | AF11: 0 | AG11: 0 | AH11: 0 | AI11: 0 | AJ11: 0 | AK11: 0 | AL11: 170.09354 | AM11: 0 | AN11: 0 | AO11: - | AX11: =LEFT(C11,3) -> CHW | AY11: =IF(LEFT(MID(C11,4,3),1)="E","ELC",IF(LEFT(MID(C11,4,3),1)="N","NGA",MID(C11,4,3))) -> COA
A12: BASE | B12: Stock | C12: CHWDST000 | D12: - | E12: - | F12: - | G12: 2019 | H12: - | I12: - | J12: - | K12: - | L12: 21.284269 | M12: 188.80293 | N12: 64.490099 | O12: 42.177166 | P12: 631.78891 | Q12: 487.00314 | R12: 31.706904 | S12: 5.6543705 | T12: 8.2331998 | U12: 993.05168 | V12: 39.602631 | W12: 37.932492 | X12: 85.170198 | Y12: 14.332357 | Z12: 13.943365 | AA12: 90.349913 | AB12: 102.3617 | AC12: 164.15102 | AD12: 252.06343 | AE12: 0 | AF12: 77.49459 | AG12: 2.6032478 | AH12: 81.55521 | AI12: 22.790238 | AJ12: 98.874733 | AK12: 0 | AL12: 11.356203 | AM12: 74.186423 | AN12: 269.83253 | AO12: - | AX12: =LEFT(C12,3) -> CHW | AY12: =IF(LEFT(MID(C12,4,3),1)="E","ELC",IF(LEFT(MID(C12,4,3),1)="N","NGA",MID(C12,4,3))) -> DST
A13: BASE | B13: Stock | C13: CHWELC000 | D13: - | E13: - | F13: - | G13: 2019 | H13: - | I13: - | J13: - | K13: - | L13: 87.091215 | M13: 53.689974 | N13: 28.445092 | O13: 88.865505 | P13: 0 | Q13: 636.69557 | R13: 203.64327 | S13: 92.410847 | T13: 114.41758 | U13: 319.29514 | V13: 108.75072 | W13: 307.22616 | X13: 143.84571 | Y13: 216.98399 | Z13: 116.54064 | AA13: 179.00666 | AB13: 223.19369 | AC13: 268.5188 | AD13: 255.4769 | AE13: 37.234849 | AF13: 58.545098 | AG13: 47.037626 | AH13: 253.70114 | AI13: 54.164169 | AJ13: 500.79852 | AK13: 200.48228 | AL13: 60.782255 | AM13: 177.14112 | AN13: 844.56441 | AO13: - | AX13: =LEFT(C13,3) -> CHW | AY13: =IF(LEFT(MID(C13,4,3),1)="E","ELC",IF(LEFT(MID(C13,4,3),1)="N","NGA",MID(C13,4,3))) -> ELC
... A72: BASE | B72: Stock | C72: RSHNHP000 | D72: - | E72: - | F72: - | G72: 2019 | H72: - | I72: - | J72: - | K72: - | L72: 0.007 | M72: 0 | N72: 0.001 | O72: 4.074 | P72: 68.746 | Q72: 0 | R72: 0.836 | S72: 0 | T72: 159.515 | U72: 0 | V72: 2.237 | W72: 2.299 | X72: 34.712 | Y72: 53.672 | Z72: 1.644 | AA72: 12.162 | AB72: 5.915 | AC72: 36.937 | AD72: 73.693 | AE72: 0 | AF72: 0 | AG72: 0.001 | AH72: 11.17 | AI72: 0.005 | AJ72: 17.983 | AK72: 0 | AL72: 0 | AM72: 74.178 | AN72: 6.135 | AO72: - | AX72: =LEFT(C72,3) -> RSH | AY72: =IF(LEFT(MID(C72,4,3),1)="E","ELC",IF(LEFT(MID(C72,4,3),1)="N","NGA",MID(C72,4,3))) -> NGA
AX73: =LEFT(C73,3) | AY73: =IF(LEFT(MID(C73,4,3),1)="E","ELC",IF(LEFT(MID(C73,4,3),1)="N","NGA",MID(C73,4,3)))
AX74: =LEFT(C74,3) | AY74: =IF(LEFT(MID(C74,4,3),1)="E","ELC",IF(LEFT(MID(C74,4,3),1)="N","NGA",MID(C74,4,3)))
AX75: =LEFT(C75,3) | AY75: =IF(LEFT(MID(C75,4,3),1)="E","ELC",IF(LEFT(MID(C75,4,3),1)="N","NGA",MID(C75,4,3)))
AX76: =LEFT(C76,3) | AY76: =IF(LEFT(MID(C76,4,3),1)="E","ELC",IF(LEFT(MID(C76,4,3),1)="N","NGA",MID(C76,4,3)))
AX77: =LEFT(C77,3) | AY77: =IF(LEFT(MID(C77,4,3),1)="E","ELC",IF(LEFT(MID(C77,4,3),1)="N","NGA",MID(C77,4,3)))
AX78: =LEFT(C78,3) | AY78: =IF(LEFT(MID(C78,4,3),1)="E","ELC",IF(LEFT(MID(C78,4,3),1)="N","NGA",MID(C78,4,3)))
AX79: =LEFT(C79,3) | AY79: =IF(LEFT(MID(C79,4,3),1)="E","ELC",IF(LEFT(MID(C79,4,3),1)="N","NGA",MID(C79,4,3)))
AX80: =LEFT(C80,3) | AY80: =IF(LEFT(MID(C80,4,3),1)="E","ELC",IF(LEFT(MID(C80,4,3),1)="N","NGA",MID(C80,4,3)))
AX81: =LEFT(C81,3) | AY81: =IF(LEFT(MID(C81,4,3),1)="E","ELC",IF(LEFT(MID(C81,4,3),1)="N","NGA",MID(C81,4,3)))
AX82: =LEFT(C82,3) | AY82: =IF(LEFT(MID(C82,4,3),1)="E","ELC",IF(LEFT(MID(C82,4,3),1)="N","NGA",MID(C82,4,3)))
AX83: =LEFT(C83,3) | AY83: =IF(LEFT(MID(C83,4,3),1)="E","ELC",IF(LEFT(MID(C83,4,3),1)="N","NGA",MID(C83,4,3)))
AX84: =LEFT(C84,3) | AY84: =IF(LEFT(MID(C84,4,3),1)="E","ELC",IF(LEFT(MID(C84,4,3),1)="N","NGA",MID(C84,4,3)))
... AX100: =LEFT(C100,3) | AY100: =IF(LEFT(MID(C100,4,3),1)="E","ELC",IF(LEFT(MID(C100,4,3),1)="N","NGA",MID(C100,4,3)))

Sheet RESCOM
B2: Demand | C2: Fuel | D2: =IF(BY_RESCOM!L$1="","*"&COLUMN(),BY_RESCOM!L$1) -> Africa_north | E2: =IF(BY_RESCOM!M$1="","*"&COLUMN(),BY_RESCOM!M$1) -> Africa_other | F2: =IF(BY_RESCOM!N$1="","*"&COLUMN(),BY_RESCOM!N$1) -> Arg-Chi | G2: =IF(BY_RESCOM!O$1="","*"&COLUMN(),BY_RESCOM!O$1) -> Asia_central | H2: =IF(BY_RESCOM!P$1="","*"&COLUMN(),BY_RESCOM!P$1) -> Asia_east | I2: =IF(BY_RESCOM!Q$1="","*"&COLUMN(),BY_RESCOM!Q$1) -> Asia_other | J2: =IF(BY_RESCOM!R$1="","*"&COLUMN(),BY_RESCOM!R$1) -> Australia_NZ | K2: =IF(BY_RESCOM!S$1="","*"&COLUMN(),BY_RESCOM!S$1) -> Brazil | ... AH2: =IF(BY_RESCOM!AP$1="","*"&COLUMN(),BY_RESCOM!AP$1) -> *34 | AJ2: ~TFM_FILL-R:w=BY_RESCOM; hcol=region | AR2: =B2 -> Demand | AS2: =C2 -> Fuel | AU2: =IF(BY_RESCOM!L$1="","*"&COLUMN(),BY_RESCOM!L$1) -> Africa_north | AV2: =IF(BY_RESCOM!M$1="","*"&COLUMN(),BY_RESCOM!M$1) -> Africa_other | AW2: =IF(BY_RESCOM!N$1="","*"&COLUMN(),BY_RESCOM!N$1) -> Arg-Chi | AX2: =IF(BY_RESCOM!O$1="","*"&COLUMN(),BY_RESCOM!O$1) -> Asia_central | AY2: =IF(BY_RESCOM!P$1="","*"&COLUMN(),BY_RESCOM!P$1) -> Asia_east | AZ2: =IF(BY_RESCOM!Q$1="","*"&COLUMN(),BY_RESCOM!Q$1) -> Asia_other | BA2: =IF(BY_RESCOM!R$1="","*"&COLUMN(),BY_RESCOM!R$1) -> Australia_NZ | BB2: =IF(BY_RESCOM!S$1="","*"&COLUMN(),BY_RESCOM!S$1) -> Brazil | ... BX2: =IF(BY_RESCOM!AO$1="","*"&COLUMN(),BY_RESCOM!AO$1) -> year2
B3: RCK | C3: BIO | D3: =IFERROR(SUMIFS(BY_RESCOM!L$2:L$100,BY_RESCOM!$AX$2:$AX$100,RESCOM!$B3,BY_RESCOM!$AY$2:$AY$100,RESCOM!$C3)/SUMIFS(BY_RESCOM!L$2:L$100,BY_RESCOM!$AX$2:$AX$100,RESCOM!$B3),"") -> 0.074811391 | E3: =IFERROR(SUMIFS(BY_RESCOM!M$2:M$100,BY_RESCOM!$AX$2:$AX$100,RESCOM!$B3,BY_RESCOM!$AY$2:$AY$100,RESCOM!$C3)/SUMIFS(BY_RESCOM!M$2:M$100,BY_RESCOM!$AX$2:$AX$100,RESCOM!$B3),"") -> 0.95594029 | F3: =IFERROR(SUMIFS(BY_RESCOM!N$2:N$100,BY_RESCOM!$AX$2:$AX$100,RESCOM!$B3,BY_RESCOM!$AY$2:$AY$100,RESCOM!$C3)/SUMIFS(BY_RESCOM!N$2:N$100,BY_RESCOM!$AX$2:$AX$100,RESCOM!$B3),"") -> 0.1023792 | G3: =IFERROR(SUMIFS(BY_RESCOM!O$2:O$100,BY_RESCOM!$AX$2:$AX$100,RESCOM!$B3,BY_RESCOM!$AY$2:$AY$100,RESCOM!$C3)/SUMIFS(BY_RESCOM!O$2:O$100,BY_RESCOM!$AX$2:$AX$100,RESCOM!$B3),"") -> 0.00052626543 | H3: =IFERROR(SUMIFS(BY_RESCOM!P$2:P$100,BY_RESCOM!$AX$2:$AX$100,RESCOM!$B3,BY_RESCOM!$AY$2:$AY$100,RESCOM!$C3)/SUMIFS(BY_RESCOM!P$2:P$100,BY_RESCOM!$AX$2:$AX$100,RESCOM!$B3),"") -> 0 | I3: =IFERROR(SUMIFS(BY_RESCOM!Q$2:Q$100,BY_RESCOM!$AX$2:$AX$100,RESCOM!$B3,BY_RESCOM!$AY$2:$AY$100,RESCOM!$C3)/SUMIFS(BY_RESCOM!Q$2:Q$100,BY_RESCOM!$AX$2:$AX$100,RESCOM!$B3),"") -> 0.55635932 | J3: =IFERROR(SUMIFS(BY_RESCOM!R$2:R$100,BY_RESCOM!$AX$2:$AX$100,RESCOM!$B3,BY_RESCOM!$AY$2:$AY$100,RESCOM!$C3)/SUMIFS(BY_RESCOM!R$2:R$100,BY_RESCOM!$AX$2:$AX$100,RESCOM!$B3),"") -> 0.0006940428 | K3: =IFERROR(SUMIFS(BY_RESCOM!S$2:S$100,BY_RESCOM!$AX$2:$AX$100,RESCOM!$B3,BY_RESCOM!$AY$2:$AY$100,RESCOM!$C3)/SUMIFS(BY_RESCOM!S$2:S$100,BY_RESCOM!$AX$2:$AX$100,RESCOM!$B3),"") -> 0.25654142 | ... AH3: =IFERROR(SUMIFS(BY_RESCOM!AP$2:AP$100,BY_RESCOM!$AX$2:$AX$100,RESCOM!$B3,BY_RESCOM!$AY$2:$AY$100,RESCOM!$C3)/SUMIFS(BY_RESCOM!AP$2:AP$100,BY_RESCOM!$AX$2:$AX$100,RESCOM!$B3),"") | AJ3: Scenario | AK3: Attribute | AL3: PSET_CO | AM3: AllRegions | AN3: Year | AR3: RCK | AS3: NGA | AU3: =SUMIFS(BY_RESCOM!L$2:L$100,BY_RESCOM!$AX$2:$AX$100,RESCOM!$AR3,BY_RESCOM!$AY$2:$AY$100,RESCOM!$AS3)/SUMIFS(BY_RESCOM!L$2:L$100,BY_RESCOM!$AX$2:$AX$100,RESCOM!$AR3) -> 0.30105438 | AV3: =SUMIFS(BY_RESCOM!M$2:M$100,BY_RESCOM!$AX$2:$AX$100,RESCOM!$AR3,BY_RESCOM!$AY$2:$AY$100,RESCOM!$AS3)/SUMIFS(BY_RESCOM!M$2:M$100,BY_RESCOM!$AX$2:$AX$100,RESCOM!$AR3) -> 0 | AW3: =SUMIFS(BY_RESCOM!N$2:N$100,BY_RESCOM!$AX$2:$AX$100,RESCOM!$AR3,BY_RESCOM!$AY$2:$AY$100,RESCOM!$AS3)/SUMIFS(BY_RESCOM!N$2:N$100,BY_RESCOM!$AX$2:$AX$100,RESCOM!$AR3) -> 0.54084962 | AX3: =SUMIFS(BY_RESCOM!O$2:O$100,BY_RESCOM!$AX$2:$AX$100,RESCOM!$AR3,BY_RESCOM!$AY$2:$AY$100,RESCOM!$AS3)/SUMIFS(BY_RESCOM!O$2:O$100,BY_RESCOM!$AX$2:$AX$100,RESCOM!$AR3) -> 0.5911715 | AY3: =SUMIFS(BY_RESCOM!P$2:P$100,BY_RESCOM!$AX$2:$AX$100,RESCOM!$AR3,BY_RESCOM!$AY$2:$AY$100,RESCOM!$AS3)/SUMIFS(BY_RESCOM!P$2:P$100,BY_RESCOM!$AX$2:$AX$100,RESCOM!$AR3) -> 0.45181388 | AZ3: =SUMIFS(BY_RESCOM!Q$2:Q$100,BY_RESCOM!$AX$2:$AX$100,RESCOM!$AR3,BY_RESCOM!$AY$2:$AY$100,RESCOM!$AS3)/SUMIFS(BY_RESCOM!Q$2:Q$100,BY_RESCOM!$AX$2:$AX$100,RESCOM!$AR3) -> 0.17544063 | BA3: =SUMIFS(BY_RESCOM!R$2:R$100,BY_RESCOM!$AX$2:$AX$100,RESCOM!$AR3,BY_RESCOM!$AY$2:$AY$100,RESCOM!$AS3)/SUMIFS(BY_RESCOM!R$2:R$100,BY_RESCOM!$AX$2:$AX$100,RESCOM!$AR3) -> 0.22388664 | BB3: =SUMIFS(BY_RESCOM!S$2:S$100,BY_RESCOM!$AX$2:$AX$100,RESCOM!$AR3,BY_RESCOM!$AY$2:$AY$100,RESCOM!$AS3)/SUMIFS(BY_RESCOM!S$2:S$100,BY_RESCOM!$AX$2:$AX$100,RESCOM!$AR3) -> 0.017461619 | ... BX3: =SUMIFS(BY_RESCOM!AO$2:AO$100,BY_RESCOM!$AX$2:$AX$100,RESCOM!$AR3,BY_RESCOM!$AY$2:$AY$100,RESCOM!$AS3)/SUMIFS(BY_RESCOM!AO$2:AO$100,BY_RESCOM!$AX$2:$AX$100,RESCOM!$AR3) -> #DIV/0!
B4: CCK | C4: BIO | D4: =IFERROR(SUMIFS(BY_RESCOM!L$2:L$100,BY_RESCOM!$AX$2:$AX$100,RESCOM!$B4,BY_RESCOM!$AY$2:$AY$100,RESCOM!$C4)/SUMIFS(BY_RESCOM!L$2:L$100,BY_RESCOM!$AX$2:$AX$100,RESCOM!$B4),"") -> 0.15766553 | E4: =IFERROR(SUMIFS(BY_RESCOM!M$2:M$100,BY_RESCOM!$AX$2:$AX$100,RESCOM!$B4,BY_RESCOM!$AY$2:$AY$100,RESCOM!$C4)/SUMIFS(BY_RESCOM!M$2:M$100,BY_RESCOM!$AX$2:$AX$100,RESCOM!$B4),"") -> 0.76449968 | F4: =IFERROR(SUMIFS(BY_RESCOM!N$2:N$100,BY_RESCOM!$AX$2:$AX$100,RESCOM!$B4,BY_RESCOM!$AY$2:$AY$100,RESCOM!$C4)/SUMIFS(BY_RESCOM!N$2:N$100,BY_RESCOM!$AX$2:$AX$100,RESCOM!$B4),"") -> 0.018337902 | G4: =IFERROR(SUMIFS(BY_RESCOM!O$2:O$100,BY_RESCOM!$AX$2:$AX$100,RESCOM!$B4,BY_RESCOM!$AY$2:$AY$100,RESCOM!$C4)/SUMIFS(BY_RESCOM!O$2:O$100,BY_RESCOM!$AX$2:$AX$100,RESCOM!$B4),"") -> 0 | H4: =IFERROR(SUMIFS(BY_RESCOM!P$2:P$100,BY_RESCOM!$AX$2:$AX$100,RESCOM!$B4,BY_RESCOM!$AY$2:$AY$100,RESCOM!$C4)/SUMIFS(BY_RESCOM!P$2:P$100,BY_RESCOM!$AX$2:$AX$100,RESCOM!$B4),"") -> 0 | I4: =IFERROR(SUMIFS(BY_RESCOM!Q$2:Q$100,BY_RESCOM!$AX$2:$AX$100,RESCOM!$B4,BY_RESCOM!$AY$2:$AY$100,RESCOM!$C4)/SUMIFS(BY_RESCOM!Q$2:Q$100,BY_RESCOM!$AX$2:$AX$100,RESCOM!$B4),"") -> 0.047151453 | J4: =IFERROR(SUMIFS(BY_RESCOM!R$2:R$100,BY_RESCOM!$AX$2:$AX$100,RESCOM!$B4,BY_RESCOM!$AY$2:$AY$100,RESCOM!$C4)/SUMIFS(BY_RESCOM!R$2:R$100,BY_RESCOM!$AX$2:$AX$100,RESCOM!$B4),"") -> 0 | K4: =IFERROR(SUMIFS(BY_RESCOM!S$2:S$100,BY_RESCOM!$AX$2:$AX$100,RESCOM!$B4,BY_RESCOM!$AY$2:$AY$100,RESCOM!$C4)/SUMIFS(BY_RESCOM!S$2:S$100,BY_RESCOM!$AX$2:$AX$100,RESCOM!$B4),"") -> 0.029864989 | ... AH4: =IFERROR(SUMIFS(BY_RESCOM!AP$2:AP$100,BY_RESCOM!$AX$2:$AX$100,RESCOM!$B4,BY_RESCOM!$AY$2:$AY$100,RESCOM!$C4)/SUMIFS(BY_RESCOM!AP$2:AP$100,BY_RESCOM!$AX$2:$AX$100,RESCOM!$B4),"") | AK4: Stock | AL4: ?CK,CLA,RLI,?SH,?HW | AM4: *1 | AN4: 2019 | AR4: CCK | AS4: NGA | AU4: =SUMIFS(BY_RESCOM!L$2:L$100,BY_RESCOM!$AX$2:$AX$100,RESCOM!$AR4,BY_RESCOM!$AY$2:$AY$100,RESCOM!$AS4)/SUMIFS(BY_RESCOM!L$2:L$100,BY_RESCOM!$AX$2:$AX$100,RESCOM!$AR4) -> 0.38297905 | AV4: =SUMIFS(BY_RESCOM!M$2:M$100,BY_RESCOM!$AX$2:$AX$100,RESCOM!$AR4,BY_RESCOM!$AY$2:$AY$100,RESCOM!$AS4)/SUMIFS(BY_RESCOM!M$2:M$100,BY_RESCOM!$AX$2:$AX$100,RESCOM!$AR4) -> 0.00051223265 | AW4: =SUMIFS(BY_RESCOM!N$2:N$100,BY_RESCOM!$AX$2:$AX$100,RESCOM!$AR4,BY_RESCOM!$AY$2:$AY$100,RESCOM!$AS4)/SUMIFS(BY_RESCOM!N$2:N$100,BY_RESCOM!$AX$2:$AX$100,RESCOM!$AR4) -> 0.55327571 | AX4: =SUMIFS(BY_RESCOM!O$2:O$100,BY_RESCOM!$AX$2:$AX$100,RESCOM!$AR4,BY_RESCOM!$AY$2:$AY$100,RESCOM!$AS4)/SUMIFS(BY_RESCOM!O$2:O$100,BY_RESCOM!$AX$2:$AX$100,RESCOM!$AR4) -> 0.95063443 | AY4: =SUMIFS(BY_RESCOM!P$2:P$100,BY_RESCOM!$AX$2:$AX$100,RESCOM!$AR4,BY_RESCOM!$AY$2:$AY$100,RESCOM!$AS4)/SUMIFS(BY_RESCOM!P$2:P$100,BY_RESCOM!$AX$2:$AX$100,RESCOM!$AR4) -> 0.99835963 | AZ4: =SUMIFS(BY_RESCOM!Q$2:Q$100,BY_RESCOM!$AX$2:$AX$100,RESCOM!$AR4,BY_RESCOM!$AY$2:$AY$100,RESCOM!$AS4)/SUMIFS(BY_RESCOM!Q$2:Q$100,BY_RESCOM!$AX$2:$AX$100,RESCOM!$AR4) -> 0.15160696 | BA4: =SUMIFS(BY_RESCOM!R$2:R$100,BY_RESCOM!$AX$2:$AX$100,RESCOM!$AR4,BY_RESCOM!$AY$2:$AY$100,RESCOM!$AS4)/SUMIFS(BY_RESCOM!R$2:R$100,BY_RESCOM!$AX$2:$AX$100,RESCOM!$AR4) -> 0.24135765 | BB4: =SUMIFS(BY_RESCOM!S$2:S$100,BY_RESCOM!$AX$2:$AX$100,RESCOM!$AR4,BY_RESCOM!$AY$2:$AY$100,RESCOM!$AS4)/SUMIFS(BY_RESCOM!S$2:S$100,BY_RESCOM!$AX$2:$AX$100,RESCOM!$AR4) -> 0.097663013 | ... BX4: =SUMIFS(BY_RESCOM!AO$2:AO$100,BY_RESCOM!$AX$2:$AX$100,RESCOM!$AR4,BY_RESCOM!$AY$2:$AY$100,RESCOM!$AS4)/SUMIFS(BY_RESCOM!AO$2:AO$100,BY_RESCOM!$AX$2:$AX$100,RESCOM!$AR4) -> #DIV/0!
B5: RHW | C5: BIO | D5: =IFERROR(SUMIFS(BY_RESCOM!L$2:L$100,BY_RESCOM!$AX$2:$AX$100,RESCOM!$B5,BY_RESCOM!$AY$2:$AY$100,RESCOM!$C5)/SUMIFS(BY_RESCOM!L$2:L$100,BY_RESCOM!$AX$2:$AX$100,RESCOM!$B5),"") -> 0.01531739 | E5: =IFERROR(SUMIFS(BY_RESCOM!M$2:M$100,BY_RESCOM!$AX$2:$AX$100,RESCOM!$B5,BY_RESCOM!$AY$2:$AY$100,RESCOM!$C5)/SUMIFS(BY_RESCOM!M$2:M$100,BY_RESCOM!$AX$2:$AX$100,RESCOM!$B5),"") -> 0.93349454 | F5: =IFERROR(SUMIFS(BY_RESCOM!N$2:N$100,BY_RESCOM!$AX$2:$AX$100,RESCOM!$B5,BY_RESCOM!$AY$2:$AY$100,RESCOM!$C5)/SUMIFS(BY_RESCOM!N$2:N$100,BY_RESCOM!$AX$2:$AX$100,RESCOM!$B5),"") -> 0.0069317265 | G5: =IFERROR(SUMIFS(BY_RESCOM!O$2:O$100,BY_RESCOM!$AX$2:$AX$100,RESCOM!$B5,BY_RESCOM!$AY$2:$AY$100,RESCOM!$C5)/SUMIFS(BY_RESCOM!O$2:O$100,BY_RESCOM!$AX$2:$AX$100,RESCOM!$B5),"") -> 0.00094790157 | H5: =IFERROR(SUMIFS(BY_RESCOM!P$2:P$100,BY_RESCOM!$AX$2:$AX$100,RESCOM!$B5,BY_RESCOM!$AY$2:$AY$100,RESCOM!$C5)/SUMIFS(BY_RESCOM!P$2:P$100,BY_RESCOM!$AX$2:$AX$100,RESCOM!$B5),"") -> 0 | I5: =IFERROR(SUMIFS(BY_RESCOM!Q$2:Q$100,BY_RESCOM!$AX$2:$AX$100,RESCOM!$B5,BY_RESCOM!$AY$2:$AY$100,RESCOM!$C5)/SUMIFS(BY_RESCOM!Q$2:Q$100,BY_RESCOM!$AX$2:$AX$100,RESCOM!$B5),"") -> 0 | J5: =IFERROR(SUMIFS(BY_RESCOM!R$2:R$100,BY_RESCOM!$AX$2:$AX$100,RESCOM!$B5,BY_RESCOM!$AY$2:$AY$100,RESCOM!$C5)/SUMIFS(BY_RESCOM!R$2:R$100,BY_RESCOM!$AX$2:$AX$100,RESCOM!$B5),"") -> 0.00028406047 | K5: =IFERROR(SUMIFS(BY_RESCOM!S$2:S$100,BY_RESCOM!$AX$2:$AX$100,RESCOM!$B5,BY_RESCOM!$AY$2:$AY$100,RESCOM!$C5)/SUMIFS(BY_RESCOM!S$2:S$100,BY_RESCOM!$AX$2:$AX$100,RESCOM!$B5),"") -> 0.054460589 | ... AH5: =IFERROR(SUMIFS(BY_RESCOM!AP$2:AP$100,BY_RESCOM!$AX$2:$AX$100,RESCOM!$B5,BY_RESCOM!$AY$2:$AY$100,RESCOM!$C5)/SUMIFS(BY_RESCOM!AP$2:AP$100,BY_RESCOM!$AX$2:$AX$100,RESCOM!$B5),"")
B6: RCK | C6: STH | D6: =IFERROR(SUMIFS(BY_RESCOM!L$2:L$100,BY_RESCOM!$AX$2:$AX$100,RESCOM!$B6,BY_RESCOM!$AY$2:$AY$100,RESCOM!$C6)/SUMIFS(BY_RESCOM!L$2:L$100,BY_RESCOM!$AX$2:$AX$100,RESCOM!$B6),"") -> 0 | E6: =IFERROR(SUMIFS(BY_RESCOM!M$2:M$100,BY_RESCOM!$AX$2:$AX$100,RESCOM!$B6,BY_RESCOM!$AY$2:$AY$100,RESCOM!$C6)/SUMIFS(BY_RESCOM!M$2:M$100,BY_RESCOM!$AX$2:$AX$100,RESCOM!$B6),"") -> 0 | F6: =IFERROR(SUMIFS(BY_RESCOM!N$2:N$100,BY_RESCOM!$AX$2:$AX$100,RESCOM!$B6,BY_RESCOM!$AY$2:$AY$100,RESCOM!$C6)/SUMIFS(BY_RESCOM!N$2:N$100,BY_RESCOM!$AX$2:$AX$100,RESCOM!$B6),"") -> 0 | G6: =IFERROR(SUMIFS(BY_RESCOM!O$2:O$100,BY_RESCOM!$AX$2:$AX$100,RESCOM!$B6,BY_RESCOM!$AY$2:$AY$100,RESCOM!$C6)/SUMIFS(BY_RESCOM!O$2:O$100,BY_RESCOM!$AX$2:$AX$100,RESCOM!$B6),"") -> 0 | H6: =IFERROR(SUMIFS(BY_RESCOM!P$2:P$100,BY_RESCOM!$AX$2:$AX$100,RESCOM!$B6,BY_RESCOM!$AY$2:$AY$100,RESCOM!$C6)/SUMIFS(BY_RESCOM!P$2:P$100,BY_RESCOM!$AX$2:$AX$100,RESCOM!$B6),"") -> 0 | I6: =IFERROR(SUMIFS(BY_RESCOM!Q$2:Q$100,BY_RESCOM!$AX$2:$AX$100,RESCOM!$B6,BY_RESCOM!$AY$2:$AY$100,RESCOM!$C6)/SUMIFS(BY_RESCOM!Q$2:Q$100,BY_RESCOM!$AX$2:$AX$100,RESCOM!$B6),"") -> 0 | J6: =IFERROR(SUMIFS(BY_RESCOM!R$2:R$100,BY_RESCOM!$AX$2:$AX$100,RESCOM!$B6,BY_RESCOM!$AY$2:$AY$100,RESCOM!$C6)/SUMIFS(BY_RESCOM!R$2:R$100,BY_RESCOM!$AX$2:$AX$100,RESCOM!$B6),"") -> 0 | K6: =IFERROR(SUMIFS(BY_RESCOM!S$2:S$100,BY_RESCOM!$AX$2:$AX$100,RESCOM!$B6,BY_RESCOM!$AY$2:$AY$100,RESCOM!$C6)/SUMIFS(BY_RESCOM!S$2:S$100,BY_RESCOM!$AX$2:$AX$100,RESCOM!$B6),"") -> 0 | ... AH6: =IFERROR(SUMIFS(BY_RESCOM!AP$2:AP$100,BY_RESCOM!$AX$2:$AX$100,RESCOM!$B6,BY_RESCOM!$AY$2:$AY$100,RESCOM!$C6)/SUMIFS(BY_RESCOM!AP$2:AP$100,BY_RESCOM!$AX$2:$AX$100,RESCOM!$B6),"")
B7: CCK | C7: STH | D7: =IFERROR(SUMIFS(BY_RESCOM!L$2:L$100,BY_RESCOM!$AX$2:$AX$100,RESCOM!$B7,BY_RESCOM!$AY$2:$AY$100,RESCOM!$C7)/SUMIFS(BY_RESCOM!L$2:L$100,BY_RESCOM!$AX$2:$AX$100,RESCOM!$B7),"") -> 0 | E7: =IFERROR(SUMIFS(BY_RESCOM!M$2:M$100,BY_RESCOM!$AX$2:$AX$100,RESCOM!$B7,BY_RESCOM!$AY$2:$AY$100,RESCOM!$C7)/SUMIFS(BY_RESCOM!M$2:M$100,BY_RESCOM!$AX$2:$AX$100,RESCOM!$B7),"") -> 0 | F7: =IFERROR(SUMIFS(BY_RESCOM!N$2:N$100,BY_RESCOM!$AX$2:$AX$100,RESCOM!$B7,BY_RESCOM!$AY$2:$AY$100,RESCOM!$C7)/SUMIFS(BY_RESCOM!N$2:N$100,BY_RESCOM!$AX$2:$AX$100,RESCOM!$B7),"") -> 0 | G7: =IFERROR(SUMIFS(BY_RESCOM!O$2:O$100,BY_RESCOM!$AX$2:$AX$100,RESCOM!$B7,BY_RESCOM!$AY$2:$AY$100,RESCOM!$C7)/SUMIFS(BY_RESCOM!O$2:O$100,BY_RESCOM!$AX$2:$AX$100,RESCOM!$B7),"") -> 0 | H7: =IFERROR(SUMIFS(BY_RESCOM!P$2:P$100,BY_RESCOM!$AX$2:$AX$100,RESCOM!$B7,BY_RESCOM!$AY$2:$AY$100,RESCOM!$C7)/SUMIFS(BY_RESCOM!P$2:P$100,BY_RESCOM!$AX$2:$AX$100,RESCOM!$B7),"") -> 0 | I7: =IFERROR(SUMIFS(BY_RESCOM!Q$2:Q$100,BY_RESCOM!$AX$2:$AX$100,RESCOM!$B7,BY_RESCOM!$AY$2:$AY$100,RESCOM!$C7)/SUMIFS(BY_RESCOM!Q$2:Q$100,BY_RESCOM!$AX$2:$AX$100,RESCOM!$B7),"") -> 0 | J7: =IFERROR(SUMIFS(BY_RESCOM!R$2:R$100,BY_RESCOM!$AX$2:$AX$100,RESCOM!$B7,BY_RESCOM!$AY$2:$AY$100,RESCOM!$C7)/SUMIFS(BY_RESCOM!R$2:R$100,BY_RESCOM!$AX$2:$AX$100,RESCOM!$B7),"") -> 0 | K7: =IFERROR(SUMIFS(BY_RESCOM!S$2:S$100,BY_RESCOM!$AX$2:$AX$100,RESCOM!$B7,BY_RESCOM!$AY$2:$AY$100,RESCOM!$C7)/SUMIFS(BY_RESCOM!S$2:S$100,BY_RESCOM!$AX$2:$AX$100,RESCOM!$B7),"") -> 0 | ... AH7: =IFERROR(SUMIFS(BY_RESCOM!AP$2:AP$100,BY_RESCOM!$AX$2:$AX$100,RESCOM!$B7,BY_RESCOM!$AY$2:$AY$100,RESCOM!$C7)/SUMIFS(BY_RESCOM!AP$2:AP$100,BY_RESCOM!$AX$2:$AX$100,RESCOM!$B7),"") | AJ7: ~TFM_INS-TS: limtype=UP;attrib_cond=-RESID;top_check=OUT | AQ7: ~TFM_INS: attribute=PRC_MARK
B8: RLI | C8: KER | D8: =IFERROR(SUMIFS(BY_RESCOM!L$2:L$100,BY_RESCOM!$AX$2:$AX$100,RESCOM!$B8,BY_RESCOM!$AY$2:$AY$100,RESCOM!$C8)/SUMIFS(BY_RESCOM!L$2:L$100,BY_RESCOM!$AX$2:$AX$100,RESCOM!$B8),"") -> 0.00034082459 | E8: =IFERROR(SUMIFS(BY_RESCOM!M$2:M$100,BY_RESCOM!$AX$2:$AX$100,RESCOM!$B8,BY_RESCOM!$AY$2:$AY$100,RESCOM!$C8)/SUMIFS(BY_RESCOM!M$2:M$100,BY_RESCOM!$AX$2:$AX$100,RESCOM!$B8),"") -> 0.005621582 | F8: =IFERROR(SUMIFS(BY_RESCOM!N$2:N$100,BY_RESCOM!$AX$2:$AX$100,RESCOM!$B8,BY_RESCOM!$AY$2:$AY$100,RESCOM!$C8)/SUMIFS(BY_RESCOM!N$2:N$100,BY_RESCOM!$AX$2:$AX$100,RESCOM!$B8),"") -> 0 | G8: =IFERROR(SUMIFS(BY_RESCOM!O$2:O$100,BY_RESCOM!$AX$2:$AX$100,RESCOM!$B8,BY_RESCOM!$AY$2:$AY$100,RESCOM!$C8)/SUMIFS(BY_RESCOM!O$2:O$100,BY_RESCOM!$AX$2:$AX$100,RESCOM!$B8),"") -> 0 | H8: =IFERROR(SUMIFS(BY_RESCOM!P$2:P$100,BY_RESCOM!$AX$2:$AX$100,RESCOM!$B8,BY_RESCOM!$AY$2:$AY$100,RESCOM!$C8)/SUMIFS(BY_RESCOM!P$2:P$100,BY_RESCOM!$AX$2:$AX$100,RESCOM!$B8),"") | I8: =IFERROR(SUMIFS(BY_RESCOM!Q$2:Q$100,BY_RESCOM!$AX$2:$AX$100,RESCOM!$B8,BY_RESCOM!$AY$2:$AY$100,RESCOM!$C8)/SUMIFS(BY_RESCOM!Q$2:Q$100,BY_RESCOM!$AX$2:$AX$100,RESCOM!$B8),"") -> 0.00027400788 | J8: =IFERROR(SUMIFS(BY_RESCOM!R$2:R$100,BY_RESCOM!$AX$2:$AX$100,RESCOM!$B8,BY_RESCOM!$AY$2:$AY$100,RESCOM!$C8)/SUMIFS(BY_RESCOM!R$2:R$100,BY_RESCOM!$AX$2:$AX$100,RESCOM!$B8),"") -> 0 | K8: =IFERROR(SUMIFS(BY_RESCOM!S$2:S$100,BY_RESCOM!$AX$2:$AX$100,RESCOM!$B8,BY_RESCOM!$AY$2:$AY$100,RESCOM!$C8)/SUMIFS(BY_RESCOM!S$2:S$100,BY_RESCOM!$AX$2:$AX$100,RESCOM!$B8),"") -> 0 | ... AH8: =IFERROR(SUMIFS(BY_RESCOM!AP$2:AP$100,BY_RESCOM!$AX$2:$AX$100,RESCOM!$B8,BY_RESCOM!$AY$2:$AY$100,RESCOM!$C8)/SUMIFS(BY_RESCOM!AP$2:AP$100,BY_RESCOM!$AX$2:$AX$100,RESCOM!$B8),"") | AJ8: attribute | AK8: PSET_SET | AL8: PSET_CO | AM8: CSET_CN | AN8: 2025 | AO8: 0 | AQ8: Year | AR8: PSET_CO | AS8: PSET_CI | AT8: allregions | AU8: =IF(BY_RESCOM!L$1="","*"&COLUMN(),BY_RESCOM!L$1) -> Africa_north | AV8: =IF(BY_RESCOM!M$1="","*"&COLUMN(),BY_RESCOM!M$1) -> Africa_other | AW8: =IF(BY_RESCOM!N$1="","*"&COLUMN(),BY_RESCOM!N$1) -> Arg-Chi | AX8: =IF(BY_RESCOM!O$1="","*"&COLUMN(),BY_RESCOM!O$1) -> Asia_central | AY8: =IF(BY_RESCOM!P$1="","*"&COLUMN(),BY_RESCOM!P$1) -> Asia_east | AZ8: =IF(BY_RESCOM!Q$1="","*"&COLUMN(),BY_RESCOM!Q$1) -> Asia_other | BA8: =IF(BY_RESCOM!R$1="","*"&COLUMN(),BY_RESCOM!R$1) -> Australia_NZ | BB8: =IF(BY_RESCOM!S$1="","*"&COLUMN(),BY_RESCOM!S$1) -> Brazil | ... BX8: =IF(BY_RESCOM!AO$1="","*"&COLUMN(),BY_RESCOM!AO$1) -> year2 | BY8: CSET_CN | BZ8: LimType | CA8: PSET_PN | CB8: Other_indexes
B9: CLA | C9: ICE | D9: =IFERROR(SUMIFS(BY_RESCOM!L$2:L$100,BY_RESCOM!$AX$2:$AX$100,RESCOM!$B9,BY_RESCOM!$AY$2:$AY$100,RESCOM!$C9)/SUMIFS(BY_RESCOM!L$2:L$100,BY_RESCOM!$AX$2:$AX$100,RESCOM!$B9),"") -> 0.19417476 | E9: =IFERROR(SUMIFS(BY_RESCOM!M$2:M$100,BY_RESCOM!$AX$2:$AX$100,RESCOM!$B9,BY_RESCOM!$AY$2:$AY$100,RESCOM!$C9)/SUMIFS(BY_RESCOM!M$2:M$100,BY_RESCOM!$AX$2:$AX$100,RESCOM!$B9),"") -> 0.19359294 | F9: =IFERROR(SUMIFS(BY_RESCOM!N$2:N$100,BY_RESCOM!$AX$2:$AX$100,RESCOM!$B9,BY_RESCOM!$AY$2:$AY$100,RESCOM!$C9)/SUMIFS(BY_RESCOM!N$2:N$100,BY_RESCOM!$AX$2:$AX$100,RESCOM!$B9),"") -> 0.028899558 | G9: =IFERROR(SUMIFS(BY_RESCOM!O$2:O$100,BY_RESCOM!$AX$2:$AX$100,RESCOM!$B9,BY_RESCOM!$AY$2:$AY$100,RESCOM!$C9)/SUMIFS(BY_RESCOM!O$2:O$100,BY_RESCOM!$AX$2:$AX$100,RESCOM!$B9),"") -> 0.19417195 | H9: =IFERROR(SUMIFS(BY_RESCOM!P$2:P$100,BY_RESCOM!$AX$2:$AX$100,RESCOM!$B9,BY_RESCOM!$AY$2:$AY$100,RESCOM!$C9)/SUMIFS(BY_RESCOM!P$2:P$100,BY_RESCOM!$AX$2:$AX$100,RESCOM!$B9),"") -> 0.16973751 | I9: =IFERROR(SUMIFS(BY_RESCOM!Q$2:Q$100,BY_RESCOM!$AX$2:$AX$100,RESCOM!$B9,BY_RESCOM!$AY$2:$AY$100,RESCOM!$C9)/SUMIFS(BY_RESCOM!Q$2:Q$100,BY_RESCOM!$AX$2:$AX$100,RESCOM!$B9),"") -> 0.4622743 | J9: =IFERROR(SUMIFS(BY_RESCOM!R$2:R$100,BY_RESCOM!$AX$2:$AX$100,RESCOM!$B9,BY_RESCOM!$AY$2:$AY$100,RESCOM!$C9)/SUMIFS(BY_RESCOM!R$2:R$100,BY_RESCOM!$AX$2:$AX$100,RESCOM!$B9),"") -> 0.13289037 | K9: =IFERROR(SUMIFS(BY_RESCOM!S$2:S$100,BY_RESCOM!$AX$2:$AX$100,RESCOM!$B9,BY_RESCOM!$AY$2:$AY$100,RESCOM!$C9)/SUMIFS(BY_RESCOM!S$2:S$100,BY_RESCOM!$AX$2:$AX$100,RESCOM!$B9),"") -> 0.028901734 | ... AH9: =IFERROR(SUMIFS(BY_RESCOM!AP$2:AP$100,BY_RESCOM!$AX$2:$AX$100,RESCOM!$B9,BY_RESCOM!$AY$2:$AY$100,RESCOM!$C9)/SUMIFS(BY_RESCOM!AP$2:AP$100,BY_RESCOM!$AX$2:$AX$100,RESCOM!$B9),"") | AJ9: FLO_MARK | AK9: DMD | AL9: CLA,CRF | AM9: =AL9 -> CLA,CRF | AN9: 0.25 | AO9: 5 | AQ9: 2020 | AR9: =AR3 -> RCK | AS9: ="*"&AS3 -> *NGA | AU9: =AU3 -> 0.30105438 | AV9: =AV3 -> 0 | AW9: =AW3 -> 0.54084962 | AX9: =AX3 -> 0.5911715 | AY9: =AY3 -> 0.45181388 | AZ9: =AZ3 -> 0.17544063 | BA9: =BA3 -> 0.22388664 | BB9: =BB3 -> 0.017461619 | ... BX9: =BX3 -> #DIV/0! | BY9: =AR9 -> RCK | BZ9: UP | CB9: ="Techs_"&AR9&AS3 -> Techs_RCKNGA
B10: RLI | C10: ICE | D10: =IFERROR(SUMIFS(BY_RESCOM!L$2:L$100,BY_RESCOM!$AX$2:$AX$100,RESCOM!$B10,BY_RESCOM!$AY$2:$AY$100,RESCOM!$C10)/SUMIFS(BY_RESCOM!L$2:L$100,BY_RESCOM!$AX$2:$AX$100,RESCOM!$B10),"") -> 0.50937784 | E10: =IFERROR(SUMIFS(BY_RESCOM!M$2:M$100,BY_RESCOM!$AX$2:$AX$100,RESCOM!$B10,BY_RESCOM!$AY$2:$AY$100,RESCOM!$C10)/SUMIFS(BY_RESCOM!M$2:M$100,BY_RESCOM!$AX$2:$AX$100,RESCOM!$B10),"") -> 0.5066909 | F10: =IFERROR(SUMIFS(BY_RESCOM!N$2:N$100,BY_RESCOM!$AX$2:$AX$100,RESCOM!$B10,BY_RESCOM!$AY$2:$AY$100,RESCOM!$C10)/SUMIFS(BY_RESCOM!N$2:N$100,BY_RESCOM!$AX$2:$AX$100,RESCOM!$B10),"") -> 0.48287846 | G10: =IFERROR(SUMIFS(BY_RESCOM!O$2:O$100,BY_RESCOM!$AX$2:$AX$100,RESCOM!$B10,BY_RESCOM!$AY$2:$AY$100,RESCOM!$C10)/SUMIFS(BY_RESCOM!O$2:O$100,BY_RESCOM!$AX$2:$AX$100,RESCOM!$B10),"") -> 0.43603533 | H10: =IFERROR(SUMIFS(BY_RESCOM!P$2:P$100,BY_RESCOM!$AX$2:$AX$100,RESCOM!$B10,BY_RESCOM!$AY$2:$AY$100,RESCOM!$C10)/SUMIFS(BY_RESCOM!P$2:P$100,BY_RESCOM!$AX$2:$AX$100,RESCOM!$B10),"") | I10: =IFERROR(SUMIFS(BY_RESCOM!Q$2:Q$100,BY_RESCOM!$AX$2:$AX$100,RESCOM!$B10,BY_RESCOM!$AY$2:$AY$100,RESCOM!$C10)/SUMIFS(BY_RESCOM!Q$2:Q$100,BY_RESCOM!$AX$2:$AX$100,RESCOM!$B10),"") -> 0.43592672 | J10: =IFERROR(SUMIFS(BY_RESCOM!R$2:R$100,BY_RESCOM!$AX$2:$AX$100,RESCOM!$B10,BY_RESCOM!$AY$2:$AY$100,RESCOM!$C10)/SUMIFS(BY_RESCOM!R$2:R$100,BY_RESCOM!$AX$2:$AX$100,RESCOM!$B10),"") -> 0.19762613 | K10: =IFERROR(SUMIFS(BY_RESCOM!S$2:S$100,BY_RESCOM!$AX$2:$AX$100,RESCOM!$B10,BY_RESCOM!$AY$2:$AY$100,RESCOM!$C10)/SUMIFS(BY_RESCOM!S$2:S$100,BY_RESCOM!$AX$2:$AX$100,RESCOM!$B10),"") -> 0.48288587 | ... AH10: =IFERROR(SUMIFS(BY_RESCOM!AP$2:AP$100,BY_RESCOM!$AX$2:$AX$100,RESCOM!$B10,BY_RESCOM!$AY$2:$AY$100,RESCOM!$C10)/SUMIFS(BY_RESCOM!AP$2:AP$100,BY_RESCOM!$AX$2:$AX$100,RESCOM!$B10),"") | AJ10: FLO_MARK | AK10: DMD | AL10: RLI,RRF,RSH | AM10: =AL10 -> RLI,RRF,RSH | AN10: 0.25 | AO10: 5 | AQ10: 2020 | AR10: =AR4 -> CCK | AS10: ="*"&AS4 -> *NGA | AU10: =AU4 -> 0.38297905 | AV10: =AV4 -> 0.00051223265 | AW10: =AW4 -> 0.55327571 | AX10: =AX4 -> 0.95063443 | AY10: =AY4 -> 0.99835963 | AZ10: =AZ4 -> 0.15160696 | BA10: =BA4 -> 0.24135765 | BB10: =BB4 -> 0.097663013 | ... BX10: =BX4 -> #DIV/0! | BY10: =AR10 -> CCK | BZ10: UP | CB10: ="Techs_"&AR10&AS4 -> Techs_CCKNGA
B11: RSH | C11: COA | D11: =IFERROR(SUMIFS(BY_RESCOM!L$2:L$100,BY_RESCOM!$AX$2:$AX$100,RESCOM!$B11,BY_RESCOM!$AY$2:$AY$100,RESCOM!$C11)/SUMIFS(BY_RESCOM!L$2:L$100,BY_RESCOM!$AX$2:$AX$100,RESCOM!$B11),"") -> 0 | E11: =IFERROR(SUMIFS(BY_RESCOM!M$2:M$100,BY_RESCOM!$AX$2:$AX$100,RESCOM!$B11,BY_RESCOM!$AY$2:$AY$100,RESCOM!$C11)/SUMIFS(BY_RESCOM!M$2:M$100,BY_RESCOM!$AX$2:$AX$100,RESCOM!$B11),"") -> 0.023927979 | F11: =IFERROR(SUMIFS(BY_RESCOM!N$2:N$100,BY_RESCOM!$AX$2:$AX$100,RESCOM!$B11,BY_RESCOM!$AY$2:$AY$100,RESCOM!$C11)/SUMIFS(BY_RESCOM!N$2:N$100,BY_RESCOM!$AX$2:$AX$100,RESCOM!$B11),"") -> 0 | G11: =IFERROR(SUMIFS(BY_RESCOM!O$2:O$100,BY_RESCOM!$AX$2:$AX$100,RESCOM!$B11,BY_RESCOM!$AY$2:$AY$100,RESCOM!$C11)/SUMIFS(BY_RESCOM!O$2:O$100,BY_RESCOM!$AX$2:$AX$100,RESCOM!$B11),"") -> 0.1660035 | H11: =IFERROR(SUMIFS(BY_RESCOM!P$2:P$100,BY_RESCOM!$AX$2:$AX$100,RESCOM!$B11,BY_RESCOM!$AY$2:$AY$100,RESCOM!$C11)/SUMIFS(BY_RESCOM!P$2:P$100,BY_RESCOM!$AX$2:$AX$100,RESCOM!$B11),"") -> 0.0094612305 | I11: =IFERROR(SUMIFS(BY_RESCOM!Q$2:Q$100,BY_RESCOM!$AX$2:$AX$100,RESCOM!$B11,BY_RESCOM!$AY$2:$AY$100,RESCOM!$C11)/SUMIFS(BY_RESCOM!Q$2:Q$100,BY_RESCOM!$AX$2:$AX$100,RESCOM!$B11),"") | J11: =IFERROR(SUMIFS(BY_RESCOM!R$2:R$100,BY_RESCOM!$AX$2:$AX$100,RESCOM!$B11,BY_RESCOM!$AY$2:$AY$100,RESCOM!$C11)/SUMIFS(BY_RESCOM!R$2:R$100,BY_RESCOM!$AX$2:$AX$100,RESCOM!$B11),"") -> 0.0013199337 | K11: =IFERROR(SUMIFS(BY_RESCOM!S$2:S$100,BY_RESCOM!$AX$2:$AX$100,RESCOM!$B11,BY_RESCOM!$AY$2:$AY$100,RESCOM!$C11)/SUMIFS(BY_RESCOM!S$2:S$100,BY_RESCOM!$AX$2:$AX$100,RESCOM!$B11),"") -> 0 | ... AH11: =IFERROR(SUMIFS(BY_RESCOM!AP$2:AP$100,BY_RESCOM!$AX$2:$AX$100,RESCOM!$B11,BY_RESCOM!$AY$2:$AY$100,RESCOM!$C11)/SUMIFS(BY_RESCOM!AP$2:AP$100,BY_RESCOM!$AX$2:$AX$100,RESCOM!$B11),"") | AJ11: FLO_MARK | AK11: DMD | AL11: CHW,CSH | AM11: =AL11 -> CHW,CSH | AN11: =1/3 -> 0.33333333 | AO11: 5 | AQ11: 2050 | AR11: =AR9 -> RCK | AS11: =AS9 -> *NGA | AU11: =AU9+(MAX($AU9:$BW9)-AU9)*$CD11 -> 0.45281615 | AV11: =AV9+(MAX($AU9:$BW9)-AV9)*$CD11 -> 0.27218352 | AW11: =AW9+(MAX($AU9:$BW9)-AW9)*$CD11 -> 0.59669329 | AX11: =AX9+(MAX($AU9:$BW9)-AX9)*$CD11 -> 0.62688642 | AY11: =AY9+(MAX($AU9:$BW9)-AY9)*$CD11 -> 0.54327185 | AZ11: =AZ9+(MAX($AU9:$BW9)-AZ9)*$CD11 -> 0.3774479 | BA11: =BA9+(MAX($AU9:$BW9)-BA9)*$CD11 -> 0.40651551 | BB11: =BB9+(MAX($AU9:$BW9)-BB9)*$CD11 -> 0.28266049 | ... BW11: =BW9+(MAX($AU9:$BW9)-BW9)*$CD11 -> 0.50450348 | BX11: =BX9+(MAX($AU9:$BI9)-BX9)*$CD11 -> #DIV/0! | BY11: =AR11 -> RCK | BZ11: UP | CB11: =CB9 -> Techs_RCKNGA | CD11: 0.4
B12: CSH | C12: COA | D12: =IFERROR(SUMIFS(BY_RESCOM!L$2:L$100,BY_RESCOM!$AX$2:$AX$100,RESCOM!$B12,BY_RESCOM!$AY$2:$AY$100,RESCOM!$C12)/SUMIFS(BY_RESCOM!L$2:L$100,BY_RESCOM!$AX$2:$AX$100,RESCOM!$B12),"") -> 0 | E12: =IFERROR(SUMIFS(BY_RESCOM!M$2:M$100,BY_RESCOM!$AX$2:$AX$100,RESCOM!$B12,BY_RESCOM!$AY$2:$AY$100,RESCOM!$C12)/SUMIFS(BY_RESCOM!M$2:M$100,BY_RESCOM!$AX$2:$AX$100,RESCOM!$B12),"") -> 0 | F12: =IFERROR(SUMIFS(BY_RESCOM!N$2:N$100,BY_RESCOM!$AX$2:$AX$100,RESCOM!$B12,BY_RESCOM!$AY$2:$AY$100,RESCOM!$C12)/SUMIFS(BY_RESCOM!N$2:N$100,BY_RESCOM!$AX$2:$AX$100,RESCOM!$B12),"") -> 0 | G12: =IFERROR(SUMIFS(BY_RESCOM!O$2:O$100,BY_RESCOM!$AX$2:$AX$100,RESCOM!$B12,BY_RESCOM!$AY$2:$AY$100,RESCOM!$C12)/SUMIFS(BY_RESCOM!O$2:O$100,BY_RESCOM!$AX$2:$AX$100,RESCOM!$B12),"") -> 0.053437189 | H12: =IFERROR(SUMIFS(BY_RESCOM!P$2:P$100,BY_RESCOM!$AX$2:$AX$100,RESCOM!$B12,BY_RESCOM!$AY$2:$AY$100,RESCOM!$C12)/SUMIFS(BY_RESCOM!P$2:P$100,BY_RESCOM!$AX$2:$AX$100,RESCOM!$B12),"") -> 0.00098107162 | I12: =IFERROR(SUMIFS(BY_RESCOM!Q$2:Q$100,BY_RESCOM!$AX$2:$AX$100,RESCOM!$B12,BY_RESCOM!$AY$2:$AY$100,RESCOM!$C12)/SUMIFS(BY_RESCOM!Q$2:Q$100,BY_RESCOM!$AX$2:$AX$100,RESCOM!$B12),"") -> 0.022761041 | J12: =IFERROR(SUMIFS(BY_RESCOM!R$2:R$100,BY_RESCOM!$AX$2:$AX$100,RESCOM!$B12,BY_RESCOM!$AY$2:$AY$100,RESCOM!$C12)/SUMIFS(BY_RESCOM!R$2:R$100,BY_RESCOM!$AX$2:$AX$100,RESCOM!$B12),"") -> 0.0085211715 | K12: =IFERROR(SUMIFS(BY_RESCOM!S$2:S$100,BY_RESCOM!$AX$2:$AX$100,RESCOM!$B12,BY_RESCOM!$AY$2:$AY$100,RESCOM!$C12)/SUMIFS(BY_RESCOM!S$2:S$100,BY_RESCOM!$AX$2:$AX$100,RESCOM!$B12),"") -> 0 | ... AH12: =IFERROR(SUMIFS(BY_RESCOM!AP$2:AP$100,BY_RESCOM!$AX$2:$AX$100,RESCOM!$B12,BY_RESCOM!$AY$2:$AY$100,RESCOM!$C12)/SUMIFS(BY_RESCOM!AP$2:AP$100,BY_RESCOM!$AX$2:$AX$100,RESCOM!$B12),"") | AJ12: FLO_MARK | AK12: DMD | AL12: CSC | AM12: =AL12 -> CSC | AN12: 0.2 | AO12: 5 | AQ12: 2050 | AR12: =AR10 -> CCK | AS12: =AS10 -> *NGA | AU12: =AU10+(MAX($AU10:$BW10)-AU10)*$CD12 -> 0.62913128 | AV12: =AV10+(MAX($AU10:$BW10)-AV10)*$CD12 -> 0.39965119 | AW12: =AW10+(MAX($AU10:$BW10)-AW10)*$CD12 -> 0.73130928 | AX12: =AX10+(MAX($AU10:$BW10)-AX10)*$CD12 -> 0.96972451 | AY12: =AY10+(MAX($AU10:$BW10)-AY10)*$CD12 -> 0.99835963 | AZ12: =AZ10+(MAX($AU10:$BW10)-AZ10)*$CD12 -> 0.49030803 | BA12: =BA10+(MAX($AU10:$BW10)-BA10)*$CD12 -> 0.54415844 | BB12: =BB10+(MAX($AU10:$BW10)-BB10)*$CD12 -> 0.45794166 | ... BW12: =BW10+(MAX($AU10:$BW10)-BW10)*$CD12 -> 0.8991888 | BX12: =BX10+(MAX($AU10:$BI10)-BX10)*$CD12 -> #DIV/0! | BY12: =AR12 -> CCK | BZ12: UP | CB12: =CB10 -> Techs_CCKNGA | CD12: 0.4
B13: RSH | C13: LPG | D13: =IFERROR(SUMIFS(BY_RESCOM!L$2:L$100,BY_RESCOM!$AX$2:$AX$100,RESCOM!$B13,BY_RESCOM!$AY$2:$AY$100,RESCOM!$C13)/SUMIFS(BY_RESCOM!L$2:L$100,BY_RESCOM!$AX$2:$AX$100,RESCOM!$B13),"") -> 0.83872708 | E13: =IFERROR(SUMIFS(BY_RESCOM!M$2:M$100,BY_RESCOM!$AX$2:$AX$100,RESCOM!$B13,BY_RESCOM!$AY$2:$AY$100,RESCOM!$C13)/SUMIFS(BY_RESCOM!M$2:M$100,BY_RESCOM!$AX$2:$AX$100,RESCOM!$B13),"") -> 0.62994551 | F13: =IFERROR(SUMIFS(BY_RESCOM!N$2:N$100,BY_RESCOM!$AX$2:$AX$100,RESCOM!$B13,BY_RESCOM!$AY$2:$AY$100,RESCOM!$C13)/SUMIFS(BY_RESCOM!N$2:N$100,BY_RESCOM!$AX$2:$AX$100,RESCOM!$B13),"") -> 0.097998671 | G13: =IFERROR(SUMIFS(BY_RESCOM!O$2:O$100,BY_RESCOM!$AX$2:$AX$100,RESCOM!$B13,BY_RESCOM!$AY$2:$AY$100,RESCOM!$C13)/SUMIFS(BY_RESCOM!O$2:O$100,BY_RESCOM!$AX$2:$AX$100,RESCOM!$B13),"") -> 0.058004965 | H13: =IFERROR(SUMIFS(BY_RESCOM!P$2:P$100,BY_RESCOM!$AX$2:$AX$100,RESCOM!$B13,BY_RESCOM!$AY$2:$AY$100,RESCOM!$C13)/SUMIFS(BY_RESCOM!P$2:P$100,BY_RESCOM!$AX$2:$AX$100,RESCOM!$B13),"") -> 0.14505903 | I13: =IFERROR(SUMIFS(BY_RESCOM!Q$2:Q$100,BY_RESCOM!$AX$2:$AX$100,RESCOM!$B13,BY_RESCOM!$AY$2:$AY$100,RESCOM!$C13)/SUMIFS(BY_RESCOM!Q$2:Q$100,BY_RESCOM!$AX$2:$AX$100,RESCOM!$B13),"") | J13: =IFERROR(SUMIFS(BY_RESCOM!R$2:R$100,BY_RESCOM!$AX$2:$AX$100,RESCOM!$B13,BY_RESCOM!$AY$2:$AY$100,RESCOM!$C13)/SUMIFS(BY_RESCOM!R$2:R$100,BY_RESCOM!$AX$2:$AX$100,RESCOM!$B13),"") -> 0.032783719 | K13: =IFERROR(SUMIFS(BY_RESCOM!S$2:S$100,BY_RESCOM!$AX$2:$AX$100,RESCOM!$B13,BY_RESCOM!$AY$2:$AY$100,RESCOM!$C13)/SUMIFS(BY_RESCOM!S$2:S$100,BY_RESCOM!$AX$2:$AX$100,RESCOM!$B13),"") -> 0.095903271 | ... AH13: =IFERROR(SUMIFS(BY_RESCOM!AP$2:AP$100,BY_RESCOM!$AX$2:$AX$100,RESCOM!$B13,BY_RESCOM!$AY$2:$AY$100,RESCOM!$C13)/SUMIFS(BY_RESCOM!AP$2:AP$100,BY_RESCOM!$AX$2:$AX$100,RESCOM!$B13),"") | AQ13: 2100 | AR13: =AR11 -> RCK | AS13: =AS11 -> *NGA | AU13: =AU11+(MAX($AU11:$BW11)-AU11)*$CD13 -> 0.63493027 | AV13: =AV11+(MAX($AU11:$BW11)-AV11)*$CD13 -> 0.59880375 | AW13: =AW11+(MAX($AU11:$BW11)-AW11)*$CD13 -> 0.6637057 | AX13: =AX11+(MAX($AU11:$BW11)-AX11)*$CD13 -> 0.66974433 | AY13: =AY11+(MAX($AU11:$BW11)-AY11)*$CD13 -> 0.65302141 | AZ13: =AZ11+(MAX($AU11:$BW11)-AZ11)*$CD13 -> 0.61985662 | BA13: =BA11+(MAX($AU11:$BW11)-BA11)*$CD13 -> 0.62567014 | BB13: =BB11+(MAX($AU11:$BW11)-BB11)*$CD13 -> 0.60089914 | ... BW13: =BW11+(MAX($AU11:$BW11)-BW11)*$CD13 -> 0.64526774 | BX13: =BX11+(MAX($AU11:$BI11)-BX11)*$CD13 -> #DIV/0! | BY13: =AR13 -> RCK | BZ13: UP | CB13: =CB11 -> Techs_RCKNGA | CD13: 0.8
B14: CSH | C14: LPG | D14: =IFERROR(SUMIFS(BY_RESCOM!L$2:L$100,BY_RESCOM!$AX$2:$AX$100,RESCOM!$B14,BY_RESCOM!$AY$2:$AY$100,RESCOM!$C14)/SUMIFS(BY_RESCOM!L$2:L$100,BY_RESCOM!$AX$2:$AX$100,RESCOM!$B14),"") -> 0 | E14: =IFERROR(SUMIFS(BY_RESCOM!M$2:M$100,BY_RESCOM!$AX$2:$AX$100,RESCOM!$B14,BY_RESCOM!$AY$2:$AY$100,RESCOM!$C14)/SUMIFS(BY_RESCOM!M$2:M$100,BY_RESCOM!$AX$2:$AX$100,RESCOM!$B14),"") -> 0 | F14: =IFERROR(SUMIFS(BY_RESCOM!N$2:N$100,BY_RESCOM!$AX$2:$AX$100,RESCOM!$B14,BY_RESCOM!$AY$2:$AY$100,RESCOM!$C14)/SUMIFS(BY_RESCOM!N$2:N$100,BY_RESCOM!$AX$2:$AX$100,RESCOM!$B14),"") -> 0 | G14: =IFERROR(SUMIFS(BY_RESCOM!O$2:O$100,BY_RESCOM!$AX$2:$AX$100,RESCOM!$B14,BY_RESCOM!$AY$2:$AY$100,RESCOM!$C14)/SUMIFS(BY_RESCOM!O$2:O$100,BY_RESCOM!$AX$2:$AX$100,RESCOM!$B14),"") -> 0.0021212228 | H14: =IFERROR(SUMIFS(BY_RESCOM!P$2:P$100,BY_RESCOM!$AX$2:$AX$100,RESCOM!$B14,BY_RESCOM!$AY$2:$AY$100,RESCOM!$C14)/SUMIFS(BY_RESCOM!P$2:P$100,BY_RESCOM!$AX$2:$AX$100,RESCOM!$B14),"") -> 0.070773673 | I14: =IFERROR(SUMIFS(BY_RESCOM!Q$2:Q$100,BY_RESCOM!$AX$2:$AX$100,RESCOM!$B14,BY_RESCOM!$AY$2:$AY$100,RESCOM!$C14)/SUMIFS(BY_RESCOM!Q$2:Q$100,BY_RESCOM!$AX$2:$AX$100,RESCOM!$B14),"") -> 0.088555072 | J14: =IFERROR(SUMIFS(BY_RESCOM!R$2:R$100,BY_RESCOM!$AX$2:$AX$100,RESCOM!$B14,BY_RESCOM!$AY$2:$AY$100,RESCOM!$C14)/SUMIFS(BY_RESCOM!R$2:R$100,BY_RESCOM!$AX$2:$AX$100,RESCOM!$B14),"") -> 0.0070271855 | K14: =IFERROR(SUMIFS(BY_RESCOM!S$2:S$100,BY_RESCOM!$AX$2:$AX$100,RESCOM!$B14,BY_RESCOM!$AY$2:$AY$100,RESCOM!$C14)/SUMIFS(BY_RESCOM!S$2:S$100,BY_RESCOM!$AX$2:$AX$100,RESCOM!$B14),"") -> 0 | ... AH14: =IFERROR(SUMIFS(BY_RESCOM!AP$2:AP$100,BY_RESCOM!$AX$2:$AX$100,RESCOM!$B14,BY_RESCOM!$AY$2:$AY$100,RESCOM!$C14)/SUMIFS(BY_RESCOM!AP$2:AP$100,BY_RESCOM!$AX$2:$AX$100,RESCOM!$B14),"") | AQ14: 2100 | AR14: =AR12 -> CCK | AS14: =AS12 -> *NGA | AU14: =AU12+(MAX($AU12:$BW12)-AU12)*$CD14 -> 0.92451396 | AV14: =AV12+(MAX($AU12:$BW12)-AV12)*$CD14 -> 0.87861794 | AW14: =AW12+(MAX($AU12:$BW12)-AW12)*$CD14 -> 0.94494956 | AX14: =AX12+(MAX($AU12:$BW12)-AX12)*$CD14 -> 0.9926326 | AY14: =AY12+(MAX($AU12:$BW12)-AY12)*$CD14 -> 0.99835963 | AZ14: =AZ12+(MAX($AU12:$BW12)-AZ12)*$CD14 -> 0.89674931 | BA14: =BA12+(MAX($AU12:$BW12)-BA12)*$CD14 -> 0.90751939 | BB14: =BB12+(MAX($AU12:$BW12)-BB12)*$CD14 -> 0.89027603 | ... BW14: =BW12+(MAX($AU12:$BW12)-BW12)*$CD14 -> 0.97852546 | BX14: =BX12+(MAX($AU12:$BI12)-BX12)*$CD14 -> #DIV/0! | BY14: =AR14 -> CCK | BZ14: UP | CB14: =CB12 -> Techs_CCKNGA | CD14: 0.8
B15: RSH | C15: ELC | D15: =IFERROR(SUMIFS(BY_RESCOM!L$2:L$100,BY_RESCOM!$AX$2:$AX$100,RESCOM!$B15,BY_RESCOM!$AY$2:$AY$100,RESCOM!$C15)/SUMIFS(BY_RESCOM!L$2:L$100,BY_RESCOM!$AX$2:$AX$100,RESCOM!$B15),"") -> 0 | E15: =IFERROR(SUMIFS(BY_RESCOM!M$2:M$100,BY_RESCOM!$AX$2:$AX$100,RESCOM!$B15,BY_RESCOM!$AY$2:$AY$100,RESCOM!$C15)/SUMIFS(BY_RESCOM!M$2:M$100,BY_RESCOM!$AX$2:$AX$100,RESCOM!$B15),"") -> 0 | F15: =IFERROR(SUMIFS(BY_RESCOM!N$2:N$100,BY_RESCOM!$AX$2:$AX$100,RESCOM!$B15,BY_RESCOM!$AY$2:$AY$100,RESCOM!$C15)/SUMIFS(BY_RESCOM!N$2:N$100,BY_RESCOM!$AX$2:$AX$100,RESCOM!$B15),"") -> 0.18752923 | G15: =IFERROR(SUMIFS(BY_RESCOM!O$2:O$100,BY_RESCOM!$AX$2:$AX$100,RESCOM!$B15,BY_RESCOM!$AY$2:$AY$100,RESCOM!$C15)/SUMIFS(BY_RESCOM!O$2:O$100,BY_RESCOM!$AX$2:$AX$100,RESCOM!$B15),"") -> 0.025875992 | H15: =IFERROR(SUMIFS(BY_RESCOM!P$2:P$100,BY_RESCOM!$AX$2:$AX$100,RESCOM!$B15,BY_RESCOM!$AY$2:$AY$100,RESCOM!$C15)/SUMIFS(BY_RESCOM!P$2:P$100,BY_RESCOM!$AX$2:$AX$100,RESCOM!$B15),"") -> 0.40701041 | I15: =IFERROR(SUMIFS(BY_RESCOM!Q$2:Q$100,BY_RESCOM!$AX$2:$AX$100,RESCOM!$B15,BY_RESCOM!$AY$2:$AY$100,RESCOM!$C15)/SUMIFS(BY_RESCOM!Q$2:Q$100,BY_RESCOM!$AX$2:$AX$100,RESCOM!$B15),"") | J15: =IFERROR(SUMIFS(BY_RESCOM!R$2:R$100,BY_RESCOM!$AX$2:$AX$100,RESCOM!$B15,BY_RESCOM!$AY$2:$AY$100,RESCOM!$C15)/SUMIFS(BY_RESCOM!R$2:R$100,BY_RESCOM!$AX$2:$AX$100,RESCOM!$B15),"") -> 0.22879745 | K15: =IFERROR(SUMIFS(BY_RESCOM!S$2:S$100,BY_RESCOM!$AX$2:$AX$100,RESCOM!$B15,BY_RESCOM!$AY$2:$AY$100,RESCOM!$C15)/SUMIFS(BY_RESCOM!S$2:S$100,BY_RESCOM!$AX$2:$AX$100,RESCOM!$B15),"") -> 0.15484534 | ... AH15: =IFERROR(SUMIFS(BY_RESCOM!AP$2:AP$100,BY_RESCOM!$AX$2:$AX$100,RESCOM!$B15,BY_RESCOM!$AY$2:$AY$100,RESCOM!$C15)/SUMIFS(BY_RESCOM!AP$2:AP$100,BY_RESCOM!$AX$2:$AX$100,RESCOM!$B15),"") | AQ15: 2050 | AR15: RHW | AS15: *STH | AT15: 0.2 | BY15: =AR15 -> RHW | BZ15: UP | CB15: Techs_RHWSTH
B16: CSH | C16: ELC | D16: =IFERROR(SUMIFS(BY_RESCOM!L$2:L$100,BY_RESCOM!$AX$2:$AX$100,RESCOM!$B16,BY_RESCOM!$AY$2:$AY$100,RESCOM!$C16)/SUMIFS(BY_RESCOM!L$2:L$100,BY_RESCOM!$AX$2:$AX$100,RESCOM!$B16),"") -> 0 | E16: =IFERROR(SUMIFS(BY_RESCOM!M$2:M$100,BY_RESCOM!$AX$2:$AX$100,RESCOM!$B16,BY_RESCOM!$AY$2:$AY$100,RESCOM!$C16)/SUMIFS(BY_RESCOM!M$2:M$100,BY_RESCOM!$AX$2:$AX$100,RESCOM!$B16),"") -> 0 | F16: =IFERROR(SUMIFS(BY_RESCOM!N$2:N$100,BY_RESCOM!$AX$2:$AX$100,RESCOM!$B16,BY_RESCOM!$AY$2:$AY$100,RESCOM!$C16)/SUMIFS(BY_RESCOM!N$2:N$100,BY_RESCOM!$AX$2:$AX$100,RESCOM!$B16),"") -> 0.33690946 | G16: =IFERROR(SUMIFS(BY_RESCOM!O$2:O$100,BY_RESCOM!$AX$2:$AX$100,RESCOM!$B16,BY_RESCOM!$AY$2:$AY$100,RESCOM!$C16)/SUMIFS(BY_RESCOM!O$2:O$100,BY_RESCOM!$AX$2:$AX$100,RESCOM!$B16),"") -> 0.030316233 | H16: =IFERROR(SUMIFS(BY_RESCOM!P$2:P$100,BY_RESCOM!$AX$2:$AX$100,RESCOM!$B16,BY_RESCOM!$AY$2:$AY$100,RESCOM!$C16)/SUMIFS(BY_RESCOM!P$2:P$100,BY_RESCOM!$AX$2:$AX$100,RESCOM!$B16),"") -> 0.28159907 | I16: =IFERROR(SUMIFS(BY_RESCOM!Q$2:Q$100,BY_RESCOM!$AX$2:$AX$100,RESCOM!$B16,BY_RESCOM!$AY$2:$AY$100,RESCOM!$C16)/SUMIFS(BY_RESCOM!Q$2:Q$100,BY_RESCOM!$AX$2:$AX$100,RESCOM!$B16),"") -> 0.41140863 | J16: =IFERROR(SUMIFS(BY_RESCOM!R$2:R$100,BY_RESCOM!$AX$2:$AX$100,RESCOM!$B16,BY_RESCOM!$AY$2:$AY$100,RESCOM!$C16)/SUMIFS(BY_RESCOM!R$2:R$100,BY_RESCOM!$AX$2:$AX$100,RESCOM!$B16),"") -> 0.21000124 | K16: =IFERROR(SUMIFS(BY_RESCOM!S$2:S$100,BY_RESCOM!$AX$2:$AX$100,RESCOM!$B16,BY_RESCOM!$AY$2:$AY$100,RESCOM!$C16)/SUMIFS(BY_RESCOM!S$2:S$100,BY_RESCOM!$AX$2:$AX$100,RESCOM!$B16),"") -> 0.9161158 | ... AH16: =IFERROR(SUMIFS(BY_RESCOM!AP$2:AP$100,BY_RESCOM!$AX$2:$AX$100,RESCOM!$B16,BY_RESCOM!$AY$2:$AY$100,RESCOM!$C16)/SUMIFS(BY_RESCOM!AP$2:AP$100,BY_RESCOM!$AX$2:$AX$100,RESCOM!$B16),"") | AQ16: 2050 | AR16: CHW | AS16: *STH | AT16: 0.2 | BY16: =AR16 -> CHW | BZ16: UP | CB16: Techs_CHWSTH
B17: RSH | C17: HET | D17: =IFERROR(SUMIFS(BY_RESCOM!L$2:L$100,BY_RESCOM!$AX$2:$AX$100,RESCOM!$B17,BY_RESCOM!$AY$2:$AY$100,RESCOM!$C17)/SUMIFS(BY_RESCOM!L$2:L$100,BY_RESCOM!$AX$2:$AX$100,RESCOM!$B17),"") -> 0 | E17: =IFERROR(SUMIFS(BY_RESCOM!M$2:M$100,BY_RESCOM!$AX$2:$AX$100,RESCOM!$B17,BY_RESCOM!$AY$2:$AY$100,RESCOM!$C17)/SUMIFS(BY_RESCOM!M$2:M$100,BY_RESCOM!$AX$2:$AX$100,RESCOM!$B17),"") -> 0 | F17: =IFERROR(SUMIFS(BY_RESCOM!N$2:N$100,BY_RESCOM!$AX$2:$AX$100,RESCOM!$B17,BY_RESCOM!$AY$2:$AY$100,RESCOM!$C17)/SUMIFS(BY_RESCOM!N$2:N$100,BY_RESCOM!$AX$2:$AX$100,RESCOM!$B17),"") -> 0 | G17: =IFERROR(SUMIFS(BY_RESCOM!O$2:O$100,BY_RESCOM!$AX$2:$AX$100,RESCOM!$B17,BY_RESCOM!$AY$2:$AY$100,RESCOM!$C17)/SUMIFS(BY_RESCOM!O$2:O$100,BY_RESCOM!$AX$2:$AX$100,RESCOM!$B17),"") -> 0.11881993 | H17: =IFERROR(SUMIFS(BY_RESCOM!P$2:P$100,BY_RESCOM!$AX$2:$AX$100,RESCOM!$B17,BY_RESCOM!$AY$2:$AY$100,RESCOM!$C17)/SUMIFS(BY_RESCOM!P$2:P$100,BY_RESCOM!$AX$2:$AX$100,RESCOM!$B17),"") -> 0 | I17: =IFERROR(SUMIFS(BY_RESCOM!Q$2:Q$100,BY_RESCOM!$AX$2:$AX$100,RESCOM!$B17,BY_RESCOM!$AY$2:$AY$100,RESCOM!$C17)/SUMIFS(BY_RESCOM!Q$2:Q$100,BY_RESCOM!$AX$2:$AX$100,RESCOM!$B17),"") | J17: =IFERROR(SUMIFS(BY_RESCOM!R$2:R$100,BY_RESCOM!$AX$2:$AX$100,RESCOM!$B17,BY_RESCOM!$AY$2:$AY$100,RESCOM!$C17)/SUMIFS(BY_RESCOM!R$2:R$100,BY_RESCOM!$AX$2:$AX$100,RESCOM!$B17),"") -> 0 | K17: =IFERROR(SUMIFS(BY_RESCOM!S$2:S$100,BY_RESCOM!$AX$2:$AX$100,RESCOM!$B17,BY_RESCOM!$AY$2:$AY$100,RESCOM!$C17)/SUMIFS(BY_RESCOM!S$2:S$100,BY_RESCOM!$AX$2:$AX$100,RESCOM!$B17),"") -> 0 | ... AH17: =IFERROR(SUMIFS(BY_RESCOM!AP$2:AP$100,BY_RESCOM!$AX$2:$AX$100,RESCOM!$B17,BY_RESCOM!$AY$2:$AY$100,RESCOM!$C17)/SUMIFS(BY_RESCOM!AP$2:AP$100,BY_RESCOM!$AX$2:$AX$100,RESCOM!$B17),"") | AQ17: 2020 | AR17: CSH | AT17: 0.05 | BY17: =AR17 -> CSH | BZ17: UP | CA17: C*HP*,-*000 | CB17: TechsHP
B18: CSH | C18: HET | D18: =IFERROR(SUMIFS(BY_RESCOM!L$2:L$100,BY_RESCOM!$AX$2:$AX$100,RESCOM!$B18,BY_RESCOM!$AY$2:$AY$100,RESCOM!$C18)/SUMIFS(BY_RESCOM!L$2:L$100,BY_RESCOM!$AX$2:$AX$100,RESCOM!$B18),"") -> 0 | E18: =IFERROR(SUMIFS(BY_RESCOM!M$2:M$100,BY_RESCOM!$AX$2:$AX$100,RESCOM!$B18,BY_RESCOM!$AY$2:$AY$100,RESCOM!$C18)/SUMIFS(BY_RESCOM!M$2:M$100,BY_RESCOM!$AX$2:$AX$100,RESCOM!$B18),"") -> 0 | F18: =IFERROR(SUMIFS(BY_RESCOM!N$2:N$100,BY_RESCOM!$AX$2:$AX$100,RESCOM!$B18,BY_RESCOM!$AY$2:$AY$100,RESCOM!$C18)/SUMIFS(BY_RESCOM!N$2:N$100,BY_RESCOM!$AX$2:$AX$100,RESCOM!$B18),"") -> 0 | G18: =IFERROR(SUMIFS(BY_RESCOM!O$2:O$100,BY_RESCOM!$AX$2:$AX$100,RESCOM!$B18,BY_RESCOM!$AY$2:$AY$100,RESCOM!$C18)/SUMIFS(BY_RESCOM!O$2:O$100,BY_RESCOM!$AX$2:$AX$100,RESCOM!$B18),"") -> 0.35047564 | H18: =IFERROR(SUMIFS(BY_RESCOM!P$2:P$100,BY_RESCOM!$AX$2:$AX$100,RESCOM!$B18,BY_RESCOM!$AY$2:$AY$100,RESCOM!$C18)/SUMIFS(BY_RESCOM!P$2:P$100,BY_RESCOM!$AX$2:$AX$100,RESCOM!$B18),"") -> 0.066026637 | I18: =IFERROR(SUMIFS(BY_RESCOM!Q$2:Q$100,BY_RESCOM!$AX$2:$AX$100,RESCOM!$B18,BY_RESCOM!$AY$2:$AY$100,RESCOM!$C18)/SUMIFS(BY_RESCOM!Q$2:Q$100,BY_RESCOM!$AX$2:$AX$100,RESCOM!$B18),"") -> 0.12076586 | J18: =IFERROR(SUMIFS(BY_RESCOM!R$2:R$100,BY_RESCOM!$AX$2:$AX$100,RESCOM!$B18,BY_RESCOM!$AY$2:$AY$100,RESCOM!$C18)/SUMIFS(BY_RESCOM!R$2:R$100,BY_RESCOM!$AX$2:$AX$100,RESCOM!$B18),"") -> 0 | K18: =IFERROR(SUMIFS(BY_RESCOM!S$2:S$100,BY_RESCOM!$AX$2:$AX$100,RESCOM!$B18,BY_RESCOM!$AY$2:$AY$100,RESCOM!$C18)/SUMIFS(BY_RESCOM!S$2:S$100,BY_RESCOM!$AX$2:$AX$100,RESCOM!$B18),"") -> 0 | ... AH18: =IFERROR(SUMIFS(BY_RESCOM!AP$2:AP$100,BY_RESCOM!$AX$2:$AX$100,RESCOM!$B18,BY_RESCOM!$AY$2:$AY$100,RESCOM!$C18)/SUMIFS(BY_RESCOM!AP$2:AP$100,BY_RESCOM!$AX$2:$AX$100,RESCOM!$B18),"") | AQ18: 2050 | AR18: CSH | AT18: 0.75 | BY18: =AR18 -> CSH | BZ18: UP | CA18: =CA17 -> C*HP*,-*000 | CB18: TechsHP
B19: RCK | C19: COA | D19: =IFERROR(SUMIFS(BY_RESCOM!L$2:L$100,BY_RESCOM!$AX$2:$AX$100,RESCOM!$B19,BY_RESCOM!$AY$2:$AY$100,RESCOM!$C19)/SUMIFS(BY_RESCOM!L$2:L$100,BY_RESCOM!$AX$2:$AX$100,RESCOM!$B19),"") -> 0 | E19: =IFERROR(SUMIFS(BY_RESCOM!M$2:M$100,BY_RESCOM!$AX$2:$AX$100,RESCOM!$B19,BY_RESCOM!$AY$2:$AY$100,RESCOM!$C19)/SUMIFS(BY_RESCOM!M$2:M$100,BY_RESCOM!$AX$2:$AX$100,RESCOM!$B19),"") -> 1.0623453e-06 | F19: =IFERROR(SUMIFS(BY_RESCOM!N$2:N$100,BY_RESCOM!$AX$2:$AX$100,RESCOM!$B19,BY_RESCOM!$AY$2:$AY$100,RESCOM!$C19)/SUMIFS(BY_RESCOM!N$2:N$100,BY_RESCOM!$AX$2:$AX$100,RESCOM!$B19),"") -> 0 | G19: =IFERROR(SUMIFS(BY_RESCOM!O$2:O$100,BY_RESCOM!$AX$2:$AX$100,RESCOM!$B19,BY_RESCOM!$AY$2:$AY$100,RESCOM!$C19)/SUMIFS(BY_RESCOM!O$2:O$100,BY_RESCOM!$AX$2:$AX$100,RESCOM!$B19),"") -> 0.032931458 | H19: =IFERROR(SUMIFS(BY_RESCOM!P$2:P$100,BY_RESCOM!$AX$2:$AX$100,RESCOM!$B19,BY_RESCOM!$AY$2:$AY$100,RESCOM!$C19)/SUMIFS(BY_RESCOM!P$2:P$100,BY_RESCOM!$AX$2:$AX$100,RESCOM!$B19),"") -> 0 | I19: =IFERROR(SUMIFS(BY_RESCOM!Q$2:Q$100,BY_RESCOM!$AX$2:$AX$100,RESCOM!$B19,BY_RESCOM!$AY$2:$AY$100,RESCOM!$C19)/SUMIFS(BY_RESCOM!Q$2:Q$100,BY_RESCOM!$AX$2:$AX$100,RESCOM!$B19),"") -> 0.015137805 | J19: =IFERROR(SUMIFS(BY_RESCOM!R$2:R$100,BY_RESCOM!$AX$2:$AX$100,RESCOM!$B19,BY_RESCOM!$AY$2:$AY$100,RESCOM!$C19)/SUMIFS(BY_RESCOM!R$2:R$100,BY_RESCOM!$AX$2:$AX$100,RESCOM!$B19),"") -> 0 | K19: =IFERROR(SUMIFS(BY_RESCOM!S$2:S$100,BY_RESCOM!$AX$2:$AX$100,RESCOM!$B19,BY_RESCOM!$AY$2:$AY$100,RESCOM!$C19)/SUMIFS(BY_RESCOM!S$2:S$100,BY_RESCOM!$AX$2:$AX$100,RESCOM!$B19),"") -> 0 | ... AH19: =IFERROR(SUMIFS(BY_RESCOM!AP$2:AP$100,BY_RESCOM!$AX$2:$AX$100,RESCOM!$B19,BY_RESCOM!$AY$2:$AY$100,RESCOM!$C19)/SUMIFS(BY_RESCOM!AP$2:AP$100,BY_RESCOM!$AX$2:$AX$100,RESCOM!$B19),"") | AQ19: 2020 | AR19: RSH | AT19: 0.05 | BY19: =AR19 -> RSH | BZ19: UP | CA19: R*HP*,-*000 | CB19: TechsHP_r
B20: CCK | C20: COA | D20: =IFERROR(SUMIFS(BY_RESCOM!L$2:L$100,BY_RESCOM!$AX$2:$AX$100,RESCOM!$B20,BY_RESCOM!$AY$2:$AY$100,RESCOM!$C20)/SUMIFS(BY_RESCOM!L$2:L$100,BY_RESCOM!$AX$2:$AX$100,RESCOM!$B20),"") -> 0 | E20: =IFERROR(SUMIFS(BY_RESCOM!M$2:M$100,BY_RESCOM!$AX$2:$AX$100,RESCOM!$B20,BY_RESCOM!$AY$2:$AY$100,RESCOM!$C20)/SUMIFS(BY_RESCOM!M$2:M$100,BY_RESCOM!$AX$2:$AX$100,RESCOM!$B20),"") -> 0.00021551742 | F20: =IFERROR(SUMIFS(BY_RESCOM!N$2:N$100,BY_RESCOM!$AX$2:$AX$100,RESCOM!$B20,BY_RESCOM!$AY$2:$AY$100,RESCOM!$C20)/SUMIFS(BY_RESCOM!N$2:N$100,BY_RESCOM!$AX$2:$AX$100,RESCOM!$B20),"") -> 0 | G20: =IFERROR(SUMIFS(BY_RESCOM!O$2:O$100,BY_RESCOM!$AX$2:$AX$100,RESCOM!$B20,BY_RESCOM!$AY$2:$AY$100,RESCOM!$C20)/SUMIFS(BY_RESCOM!O$2:O$100,BY_RESCOM!$AX$2:$AX$100,RESCOM!$B20),"") -> 0 | H20: =IFERROR(SUMIFS(BY_RESCOM!P$2:P$100,BY_RESCOM!$AX$2:$AX$100,RESCOM!$B20,BY_RESCOM!$AY$2:$AY$100,RESCOM!$C20)/SUMIFS(BY_RESCOM!P$2:P$100,BY_RESCOM!$AX$2:$AX$100,RESCOM!$B20),"") -> 0.0016403735 | I20: =IFERROR(SUMIFS(BY_RESCOM!Q$2:Q$100,BY_RESCOM!$AX$2:$AX$100,RESCOM!$B20,BY_RESCOM!$AY$2:$AY$100,RESCOM!$C20)/SUMIFS(BY_RESCOM!Q$2:Q$100,BY_RESCOM!$AX$2:$AX$100,RESCOM!$B20),"") -> 0.014563305 | J20: =IFERROR(SUMIFS(BY_RESCOM!R$2:R$100,BY_RESCOM!$AX$2:$AX$100,RESCOM!$B20,BY_RESCOM!$AY$2:$AY$100,RESCOM!$C20)/SUMIFS(BY_RESCOM!R$2:R$100,BY_RESCOM!$AX$2:$AX$100,RESCOM!$B20),"") -> 0 | K20: =IFERROR(SUMIFS(BY_RESCOM!S$2:S$100,BY_RESCOM!$AX$2:$AX$100,RESCOM!$B20,BY_RESCOM!$AY$2:$AY$100,RESCOM!$C20)/SUMIFS(BY_RESCOM!S$2:S$100,BY_RESCOM!$AX$2:$AX$100,RESCOM!$B20),"") -> 0 | ... AH20: =IFERROR(SUMIFS(BY_RESCOM!AP$2:AP$100,BY_RESCOM!$AX$2:$AX$100,RESCOM!$B20,BY_RESCOM!$AY$2:$AY$100,RESCOM!$C20)/SUMIFS(BY_RESCOM!AP$2:AP$100,BY_RESCOM!$AX$2:$AX$100,RESCOM!$B20),"") | AQ20: 2050 | AR20: RSH | AT20: 0.75 | BY20: =AR20 -> RSH | BZ20: UP | CA20: =CA19 -> R*HP*,-*000 | CB20: TechsHP_r
B21: RCK | C21: ELC | D21: =IFERROR(SUMIFS(BY_RESCOM!L$2:L$100,BY_RESCOM!$AX$2:$AX$100,RESCOM!$B21,BY_RESCOM!$AY$2:$AY$100,RESCOM!$C21)/SUMIFS(BY_RESCOM!L$2:L$100,BY_RESCOM!$AX$2:$AX$100,RESCOM!$B21),"") -> 0 | E21: =IFERROR(SUMIFS(BY_RESCOM!M$2:M$100,BY_RESCOM!$AX$2:$AX$100,RESCOM!$B21,BY_RESCOM!$AY$2:$AY$100,RESCOM!$C21)/SUMIFS(BY_RESCOM!M$2:M$100,BY_RESCOM!$AX$2:$AX$100,RESCOM!$B21),"") -> 0 | F21: =IFERROR(SUMIFS(BY_RESCOM!N$2:N$100,BY_RESCOM!$AX$2:$AX$100,RESCOM!$B21,BY_RESCOM!$AY$2:$AY$100,RESCOM!$C21)/SUMIFS(BY_RESCOM!N$2:N$100,BY_RESCOM!$AX$2:$AX$100,RESCOM!$B21),"") -> 0.0017567929 | G21: =IFERROR(SUMIFS(BY_RESCOM!O$2:O$100,BY_RESCOM!$AX$2:$AX$100,RESCOM!$B21,BY_RESCOM!$AY$2:$AY$100,RESCOM!$C21)/SUMIFS(BY_RESCOM!O$2:O$100,BY_RESCOM!$AX$2:$AX$100,RESCOM!$B21),"") -> 0.14756164 | H21: =IFERROR(SUMIFS(BY_RESCOM!P$2:P$100,BY_RESCOM!$AX$2:$AX$100,RESCOM!$B21,BY_RESCOM!$AY$2:$AY$100,RESCOM!$C21)/SUMIFS(BY_RESCOM!P$2:P$100,BY_RESCOM!$AX$2:$AX$100,RESCOM!$B21),"") -> 0.30465586 | I21: =IFERROR(SUMIFS(BY_RESCOM!Q$2:Q$100,BY_RESCOM!$AX$2:$AX$100,RESCOM!$B21,BY_RESCOM!$AY$2:$AY$100,RESCOM!$C21)/SUMIFS(BY_RESCOM!Q$2:Q$100,BY_RESCOM!$AX$2:$AX$100,RESCOM!$B21),"") -> 0.012334405 | J21: =IFERROR(SUMIFS(BY_RESCOM!R$2:R$100,BY_RESCOM!$AX$2:$AX$100,RESCOM!$B21,BY_RESCOM!$AY$2:$AY$100,RESCOM!$C21)/SUMIFS(BY_RESCOM!R$2:R$100,BY_RESCOM!$AX$2:$AX$100,RESCOM!$B21),"") -> 0.63487565 | K21: =IFERROR(SUMIFS(BY_RESCOM!S$2:S$100,BY_RESCOM!$AX$2:$AX$100,RESCOM!$B21,BY_RESCOM!$AY$2:$AY$100,RESCOM!$C21)/SUMIFS(BY_RESCOM!S$2:S$100,BY_RESCOM!$AX$2:$AX$100,RESCOM!$B21),"") -> 0.0031429726 | ... AH21: =IFERROR(SUMIFS(BY_RESCOM!AP$2:AP$100,BY_RESCOM!$AX$2:$AX$100,RESCOM!$B21,BY_RESCOM!$AY$2:$AY$100,RESCOM!$C21)/SUMIFS(BY_RESCOM!AP$2:AP$100,BY_RESCOM!$AX$2:$AX$100,RESCOM!$B21),"")
B22: CCK | C22: ELC | D22: =IFERROR(SUMIFS(BY_RESCOM!L$2:L$100,BY_RESCOM!$AX$2:$AX$100,RESCOM!$B22,BY_RESCOM!$AY$2:$AY$100,RESCOM!$C22)/SUMIFS(BY_RESCOM!L$2:L$100,BY_RESCOM!$AX$2:$AX$100,RESCOM!$B22),"") -> 0.31238989 | E22: =IFERROR(SUMIFS(BY_RESCOM!M$2:M$100,BY_RESCOM!$AX$2:$AX$100,RESCOM!$B22,BY_RESCOM!$AY$2:$AY$100,RESCOM!$C22)/SUMIFS(BY_RESCOM!M$2:M$100,BY_RESCOM!$AX$2:$AX$100,RESCOM!$B22),"") -> 0.081913866 | F22: =IFERROR(SUMIFS(BY_RESCOM!N$2:N$100,BY_RESCOM!$AX$2:$AX$100,RESCOM!$B22,BY_RESCOM!$AY$2:$AY$100,RESCOM!$C22)/SUMIFS(BY_RESCOM!N$2:N$100,BY_RESCOM!$AX$2:$AX$100,RESCOM!$B22),"") -> 0.054950341 | G22: =IFERROR(SUMIFS(BY_RESCOM!O$2:O$100,BY_RESCOM!$AX$2:$AX$100,RESCOM!$B22,BY_RESCOM!$AY$2:$AY$100,RESCOM!$C22)/SUMIFS(BY_RESCOM!O$2:O$100,BY_RESCOM!$AX$2:$AX$100,RESCOM!$B22),"") -> 0.04742326 | H22: =IFERROR(SUMIFS(BY_RESCOM!P$2:P$100,BY_RESCOM!$AX$2:$AX$100,RESCOM!$B22,BY_RESCOM!$AY$2:$AY$100,RESCOM!$C22)/SUMIFS(BY_RESCOM!P$2:P$100,BY_RESCOM!$AX$2:$AX$100,RESCOM!$B22),"") -> 0 | I22: =IFERROR(SUMIFS(BY_RESCOM!Q$2:Q$100,BY_RESCOM!$AX$2:$AX$100,RESCOM!$B22,BY_RESCOM!$AY$2:$AY$100,RESCOM!$C22)/SUMIFS(BY_RESCOM!Q$2:Q$100,BY_RESCOM!$AX$2:$AX$100,RESCOM!$B22),"") -> 0.074449893 | J22: =IFERROR(SUMIFS(BY_RESCOM!R$2:R$100,BY_RESCOM!$AX$2:$AX$100,RESCOM!$B22,BY_RESCOM!$AY$2:$AY$100,RESCOM!$C22)/SUMIFS(BY_RESCOM!R$2:R$100,BY_RESCOM!$AX$2:$AX$100,RESCOM!$B22),"") -> 0.72313028 | K22: =IFERROR(SUMIFS(BY_RESCOM!S$2:S$100,BY_RESCOM!$AX$2:$AX$100,RESCOM!$B22,BY_RESCOM!$AY$2:$AY$100,RESCOM!$C22)/SUMIFS(BY_RESCOM!S$2:S$100,BY_RESCOM!$AX$2:$AX$100,RESCOM!$B22),"") -> 0.29292218 | ... AH22: =IFERROR(SUMIFS(BY_RESCOM!AP$2:AP$100,BY_RESCOM!$AX$2:$AX$100,RESCOM!$B22,BY_RESCOM!$AY$2:$AY$100,RESCOM!$C22)/SUMIFS(BY_RESCOM!AP$2:AP$100,BY_RESCOM!$AX$2:$AX$100,RESCOM!$B22),"")
B23: RCK | C23: KER | D23: =IFERROR(SUMIFS(BY_RESCOM!L$2:L$100,BY_RESCOM!$AX$2:$AX$100,RESCOM!$B23,BY_RESCOM!$AY$2:$AY$100,RESCOM!$C23)/SUMIFS(BY_RESCOM!L$2:L$100,BY_RESCOM!$AX$2:$AX$100,RESCOM!$B23),"") -> 0.0069437615 | E23: =IFERROR(SUMIFS(BY_RESCOM!M$2:M$100,BY_RESCOM!$AX$2:$AX$100,RESCOM!$B23,BY_RESCOM!$AY$2:$AY$100,RESCOM!$C23)/SUMIFS(BY_RESCOM!M$2:M$100,BY_RESCOM!$AX$2:$AX$100,RESCOM!$B23),"") -> 0.011593906 | F23: =IFERROR(SUMIFS(BY_RESCOM!N$2:N$100,BY_RESCOM!$AX$2:$AX$100,RESCOM!$B23,BY_RESCOM!$AY$2:$AY$100,RESCOM!$C23)/SUMIFS(BY_RESCOM!N$2:N$100,BY_RESCOM!$AX$2:$AX$100,RESCOM!$B23),"") -> 0.013175947 | G23: =IFERROR(SUMIFS(BY_RESCOM!O$2:O$100,BY_RESCOM!$AX$2:$AX$100,RESCOM!$B23,BY_RESCOM!$AY$2:$AY$100,RESCOM!$C23)/SUMIFS(BY_RESCOM!O$2:O$100,BY_RESCOM!$AX$2:$AX$100,RESCOM!$B23),"") -> 0.0082129302 | H23: =IFERROR(SUMIFS(BY_RESCOM!P$2:P$100,BY_RESCOM!$AX$2:$AX$100,RESCOM!$B23,BY_RESCOM!$AY$2:$AY$100,RESCOM!$C23)/SUMIFS(BY_RESCOM!P$2:P$100,BY_RESCOM!$AX$2:$AX$100,RESCOM!$B23),"") -> 0.13821749 | I23: =IFERROR(SUMIFS(BY_RESCOM!Q$2:Q$100,BY_RESCOM!$AX$2:$AX$100,RESCOM!$B23,BY_RESCOM!$AY$2:$AY$100,RESCOM!$C23)/SUMIFS(BY_RESCOM!Q$2:Q$100,BY_RESCOM!$AX$2:$AX$100,RESCOM!$B23),"") -> 0.010439315 | J23: =IFERROR(SUMIFS(BY_RESCOM!R$2:R$100,BY_RESCOM!$AX$2:$AX$100,RESCOM!$B23,BY_RESCOM!$AY$2:$AY$100,RESCOM!$C23)/SUMIFS(BY_RESCOM!R$2:R$100,BY_RESCOM!$AX$2:$AX$100,RESCOM!$B23),"") -> 0 | K23: =IFERROR(SUMIFS(BY_RESCOM!S$2:S$100,BY_RESCOM!$AX$2:$AX$100,RESCOM!$B23,BY_RESCOM!$AY$2:$AY$100,RESCOM!$C23)/SUMIFS(BY_RESCOM!S$2:S$100,BY_RESCOM!$AX$2:$AX$100,RESCOM!$B23),"") -> 0.00016635772 | ... AH23: =IFERROR(SUMIFS(BY_RESCOM!AP$2:AP$100,BY_RESCOM!$AX$2:$AX$100,RESCOM!$B23,BY_RESCOM!$AY$2:$AY$100,RESCOM!$C23)/SUMIFS(BY_RESCOM!AP$2:AP$100,BY_RESCOM!$AX$2:$AX$100,RESCOM!$B23),"")
B24: CCK | C24: KER | D24: =IFERROR(SUMIFS(BY_RESCOM!L$2:L$100,BY_RESCOM!$AX$2:$AX$100,RESCOM!$B24,BY_RESCOM!$AY$2:$AY$100,RESCOM!$C24)/SUMIFS(BY_RESCOM!L$2:L$100,BY_RESCOM!$AX$2:$AX$100,RESCOM!$B24),"") -> 0 | E24: =IFERROR(SUMIFS(BY_RESCOM!M$2:M$100,BY_RESCOM!$AX$2:$AX$100,RESCOM!$B24,BY_RESCOM!$AY$2:$AY$100,RESCOM!$C24)/SUMIFS(BY_RESCOM!M$2:M$100,BY_RESCOM!$AX$2:$AX$100,RESCOM!$B24),"") -> 0.00057195162 | F24: =IFERROR(SUMIFS(BY_RESCOM!N$2:N$100,BY_RESCOM!$AX$2:$AX$100,RESCOM!$B24,BY_RESCOM!$AY$2:$AY$100,RESCOM!$C24)/SUMIFS(BY_RESCOM!N$2:N$100,BY_RESCOM!$AX$2:$AX$100,RESCOM!$B24),"") -> 2.8249832e-05 | G24: =IFERROR(SUMIFS(BY_RESCOM!O$2:O$100,BY_RESCOM!$AX$2:$AX$100,RESCOM!$B24,BY_RESCOM!$AY$2:$AY$100,RESCOM!$C24)/SUMIFS(BY_RESCOM!O$2:O$100,BY_RESCOM!$AX$2:$AX$100,RESCOM!$B24),"") -> 0.00025245665 | H24: =IFERROR(SUMIFS(BY_RESCOM!P$2:P$100,BY_RESCOM!$AX$2:$AX$100,RESCOM!$B24,BY_RESCOM!$AY$2:$AY$100,RESCOM!$C24)/SUMIFS(BY_RESCOM!P$2:P$100,BY_RESCOM!$AX$2:$AX$100,RESCOM!$B24),"") -> 0 | I24: =IFERROR(SUMIFS(BY_RESCOM!Q$2:Q$100,BY_RESCOM!$AX$2:$AX$100,RESCOM!$B24,BY_RESCOM!$AY$2:$AY$100,RESCOM!$C24)/SUMIFS(BY_RESCOM!Q$2:Q$100,BY_RESCOM!$AX$2:$AX$100,RESCOM!$B24),"") -> 0.022459378 | J24: =IFERROR(SUMIFS(BY_RESCOM!R$2:R$100,BY_RESCOM!$AX$2:$AX$100,RESCOM!$B24,BY_RESCOM!$AY$2:$AY$100,RESCOM!$C24)/SUMIFS(BY_RESCOM!R$2:R$100,BY_RESCOM!$AX$2:$AX$100,RESCOM!$B24),"") -> 2.1943963e-05 | K24: =IFERROR(SUMIFS(BY_RESCOM!S$2:S$100,BY_RESCOM!$AX$2:$AX$100,RESCOM!$B24,BY_RESCOM!$AY$2:$AY$100,RESCOM!$C24)/SUMIFS(BY_RESCOM!S$2:S$100,BY_RESCOM!$AX$2:$AX$100,RESCOM!$B24),"") -> 0 | ... AH24: =IFERROR(SUMIFS(BY_RESCOM!AP$2:AP$100,BY_RESCOM!$AX$2:$AX$100,RESCOM!$B24,BY_RESCOM!$AY$2:$AY$100,RESCOM!$C24)/SUMIFS(BY_RESCOM!AP$2:AP$100,BY_RESCOM!$AX$2:$AX$100,RESCOM!$B24),"")
B25: RHW | C25: ELC | D25: =IFERROR(SUMIFS(BY_RESCOM!L$2:L$100,BY_RESCOM!$AX$2:$AX$100,RESCOM!$B25,BY_RESCOM!$AY$2:$AY$100,RESCOM!$C25)/SUMIFS(BY_RESCOM!L$2:L$100,BY_RESCOM!$AX$2:$AX$100,RESCOM!$B25),"") -> 0.070936272 | E25: =IFERROR(SUMIFS(BY_RESCOM!M$2:M$100,BY_RESCOM!$AX$2:$AX$100,RESCOM!$B25,BY_RESCOM!$AY$2:$AY$100,RESCOM!$C25)/SUMIFS(BY_RESCOM!M$2:M$100,BY_RESCOM!$AX$2:$AX$100,RESCOM!$B25),"") -> 0.034409363 | F25: =IFERROR(SUMIFS(BY_RESCOM!N$2:N$100,BY_RESCOM!$AX$2:$AX$100,RESCOM!$B25,BY_RESCOM!$AY$2:$AY$100,RESCOM!$C25)/SUMIFS(BY_RESCOM!N$2:N$100,BY_RESCOM!$AX$2:$AX$100,RESCOM!$B25),"") -> 0.11957953 | G25: =IFERROR(SUMIFS(BY_RESCOM!O$2:O$100,BY_RESCOM!$AX$2:$AX$100,RESCOM!$B25,BY_RESCOM!$AY$2:$AY$100,RESCOM!$C25)/SUMIFS(BY_RESCOM!O$2:O$100,BY_RESCOM!$AX$2:$AX$100,RESCOM!$B25),"") -> 0.052702477 | H25: =IFERROR(SUMIFS(BY_RESCOM!P$2:P$100,BY_RESCOM!$AX$2:$AX$100,RESCOM!$B25,BY_RESCOM!$AY$2:$AY$100,RESCOM!$C25)/SUMIFS(BY_RESCOM!P$2:P$100,BY_RESCOM!$AX$2:$AX$100,RESCOM!$B25),"") -> 0.12608394 | I25: =IFERROR(SUMIFS(BY_RESCOM!Q$2:Q$100,BY_RESCOM!$AX$2:$AX$100,RESCOM!$B25,BY_RESCOM!$AY$2:$AY$100,RESCOM!$C25)/SUMIFS(BY_RESCOM!Q$2:Q$100,BY_RESCOM!$AX$2:$AX$100,RESCOM!$B25),"") -> 0.41728952 | J25: =IFERROR(SUMIFS(BY_RESCOM!R$2:R$100,BY_RESCOM!$AX$2:$AX$100,RESCOM!$B25,BY_RESCOM!$AY$2:$AY$100,RESCOM!$C25)/SUMIFS(BY_RESCOM!R$2:R$100,BY_RESCOM!$AX$2:$AX$100,RESCOM!$B25),"") -> 0.45809734 | K25: =IFERROR(SUMIFS(BY_RESCOM!S$2:S$100,BY_RESCOM!$AX$2:$AX$100,RESCOM!$B25,BY_RESCOM!$AY$2:$AY$100,RESCOM!$C25)/SUMIFS(BY_RESCOM!S$2:S$100,BY_RESCOM!$AX$2:$AX$100,RESCOM!$B25),"") -> 0.66878721 | ... AH25: =IFERROR(SUMIFS(BY_RESCOM!AP$2:AP$100,BY_RESCOM!$AX$2:$AX$100,RESCOM!$B25,BY_RESCOM!$AY$2:$AY$100,RESCOM!$C25)/SUMIFS(BY_RESCOM!AP$2:AP$100,BY_RESCOM!$AX$2:$AX$100,RESCOM!$B25),"")
B26: CHW | C26: ELC | D26: =IFERROR(SUMIFS(BY_RESCOM!L$2:L$100,BY_RESCOM!$AX$2:$AX$100,RESCOM!$B26,BY_RESCOM!$AY$2:$AY$100,RESCOM!$C26)/SUMIFS(BY_RESCOM!L$2:L$100,BY_RESCOM!$AX$2:$AX$100,RESCOM!$B26),"") -> 0.51536285 | E26: =IFERROR(SUMIFS(BY_RESCOM!M$2:M$100,BY_RESCOM!$AX$2:$AX$100,RESCOM!$B26,BY_RESCOM!$AY$2:$AY$100,RESCOM!$C26)/SUMIFS(BY_RESCOM!M$2:M$100,BY_RESCOM!$AX$2:$AX$100,RESCOM!$B26),"") -> 0.1300246 | F26: =IFERROR(SUMIFS(BY_RESCOM!N$2:N$100,BY_RESCOM!$AX$2:$AX$100,RESCOM!$B26,BY_RESCOM!$AY$2:$AY$100,RESCOM!$C26)/SUMIFS(BY_RESCOM!N$2:N$100,BY_RESCOM!$AX$2:$AX$100,RESCOM!$B26),"") -> 0.15688702 | G26: =IFERROR(SUMIFS(BY_RESCOM!O$2:O$100,BY_RESCOM!$AX$2:$AX$100,RESCOM!$B26,BY_RESCOM!$AY$2:$AY$100,RESCOM!$C26)/SUMIFS(BY_RESCOM!O$2:O$100,BY_RESCOM!$AX$2:$AX$100,RESCOM!$B26),"") -> 0.22655604 | H26: =IFERROR(SUMIFS(BY_RESCOM!P$2:P$100,BY_RESCOM!$AX$2:$AX$100,RESCOM!$B26,BY_RESCOM!$AY$2:$AY$100,RESCOM!$C26)/SUMIFS(BY_RESCOM!P$2:P$100,BY_RESCOM!$AX$2:$AX$100,RESCOM!$B26),"") -> 0 | I26: =IFERROR(SUMIFS(BY_RESCOM!Q$2:Q$100,BY_RESCOM!$AX$2:$AX$100,RESCOM!$B26,BY_RESCOM!$AY$2:$AY$100,RESCOM!$C26)/SUMIFS(BY_RESCOM!Q$2:Q$100,BY_RESCOM!$AX$2:$AX$100,RESCOM!$B26),"") -> 0.41071814 | J26: =IFERROR(SUMIFS(BY_RESCOM!R$2:R$100,BY_RESCOM!$AX$2:$AX$100,RESCOM!$B26,BY_RESCOM!$AY$2:$AY$100,RESCOM!$C26)/SUMIFS(BY_RESCOM!R$2:R$100,BY_RESCOM!$AX$2:$AX$100,RESCOM!$B26),"") -> 0.57685718 | K26: =IFERROR(SUMIFS(BY_RESCOM!S$2:S$100,BY_RESCOM!$AX$2:$AX$100,RESCOM!$B26,BY_RESCOM!$AY$2:$AY$100,RESCOM!$C26)/SUMIFS(BY_RESCOM!S$2:S$100,BY_RESCOM!$AX$2:$AX$100,RESCOM!$B26),"") -> 0.73395647 | ... AH26: =IFERROR(SUMIFS(BY_RESCOM!AP$2:AP$100,BY_RESCOM!$AX$2:$AX$100,RESCOM!$B26,BY_RESCOM!$AY$2:$AY$100,RESCOM!$C26)/SUMIFS(BY_RESCOM!AP$2:AP$100,BY_RESCOM!$AX$2:$AX$100,RESCOM!$B26),"")
B27: =B17 -> RSH | C27: =C17 -> HET
B28: =B18 -> CSH | C28: =C18 -> HET
A31: ~TFM_INS: attribute=PRC_MARK
A32: Year | B32: PSET_CO | C32: PSET_CI | D32: =IF(BY_RESCOM!L$1="","*"&COLUMN(),BY_RESCOM!L$1) -> Africa_north | E32: =IF(BY_RESCOM!M$1="","*"&COLUMN(),BY_RESCOM!M$1) -> Africa_other | F32: =IF(BY_RESCOM!N$1="","*"&COLUMN(),BY_RESCOM!N$1) -> Arg-Chi | G32: =IF(BY_RESCOM!O$1="","*"&COLUMN(),BY_RESCOM!O$1) -> Asia_central | H32: =IF(BY_RESCOM!P$1="","*"&COLUMN(),BY_RESCOM!P$1) -> Asia_east | I32: =IF(BY_RESCOM!Q$1="","*"&COLUMN(),BY_RESCOM!Q$1) -> Asia_other | J32: =IF(BY_RESCOM!R$1="","*"&COLUMN(),BY_RESCOM!R$1) -> Australia_NZ | K32: =IF(BY_RESCOM!S$1="","*"&COLUMN(),BY_RESCOM!S$1) -> Brazil | ... AH32: =IF(BY_RESCOM!AP$1="","*"&COLUMN(),BY_RESCOM!AP$1) -> *34 | AI32: CSET_CN | AJ32: LimType | AK32: PSET_PN | AL32: Other_indexes
A33: 2020 | B33: =B3 -> RCK | C33: ="*"&C3 -> *BIO | D33: =D3 -> 0.074811391 | E33: =E3 -> 0.95594029 | F33: =F3 -> 0.1023792 | G33: =G3 -> 0.00052626543 | H33: =H3 -> 0 | I33: =I3 -> 0.55635932 | J33: =J3 -> 0.0006940428 | K33: =K3 -> 0.25654142 | ... AH33: =AH3 | AI33: =B33 -> RCK | AJ33: FX | AL33: ="Techs_"&B33&C3 -> Techs_RCKBIO
A34: 2020 | B34: =B4 -> CCK | C34: ="*"&C4 -> *BIO | D34: =D4 -> 0.15766553 | E34: =E4 -> 0.76449968 | F34: =F4 -> 0.018337902 | G34: =G4 -> 0 | H34: =H4 -> 0 | I34: =I4 -> 0.047151453 | J34: =J4 -> 0 | K34: =K4 -> 0.029864989 | ... AH34: =AH4 | AI34: =B34 -> CCK | AJ34: FX | AL34: ="Techs_"&B34&C4 -> Techs_CCKBIO
A35: 2020 | B35: =B5 -> RHW | C35: ="*"&C5 -> *BIO | D35: =D5 -> 0.01531739 | E35: =E5 -> 0.93349454 | F35: =F5 -> 0.0069317265 | G35: =G5 -> 0.00094790157 | H35: =H5 -> 0 | I35: =I5 -> 0 | J35: =J5 -> 0.00028406047 | K35: =K5 -> 0.054460589 | ... AH35: =AH5 | AI35: =B35 -> RHW | AJ35: FX | AL35: ="Techs_"&B35&C5 -> Techs_RHWBIO
A36: 2020 | B36: =B6 -> RCK | C36: ="*"&C6 -> *STH | D36: =D6 -> 0 | E36: =E6 -> 0 | F36: =F6 -> 0 | G36: =G6 -> 0 | H36: =H6 -> 0 | I36: =I6 -> 0 | J36: =J6 -> 0 | K36: =K6 -> 0 | ... AH36: =AH6 | AI36: =B36 -> RCK | AJ36: UP | AL36: ="Techs_"&B36&C6 -> Techs_RCKSTH
A37: 2020 | B37: =B7 -> CCK | C37: ="*"&C7 -> *STH | D37: =D7 -> 0 | E37: =E7 -> 0 | F37: =F7 -> 0 | G37: =G7 -> 0 | H37: =H7 -> 0 | I37: =I7 -> 0 | J37: =J7 -> 0 | K37: =K7 -> 0 | ... AH37: =AH7 | AI37: =B37 -> CCK | AJ37: UP | AL37: ="Techs_"&B37&C7 -> Techs_CCKSTH
A38: 2020 | B38: =B8 -> RLI | C38: ="*"&C8 -> *KER | D38: =D8 -> 0.00034082459 | E38: =E8 -> 0.005621582 | F38: =F8 -> 0 | G38: =G8 -> 0 | H38: =H8 | I38: =I8 -> 0.00027400788 | J38: =J8 -> 0 | K38: =K8 -> 0 | ... AH38: =AH8 | AI38: =B38 -> RLI | AJ38: LO | AL38: ="Techs_"&B38&C8 -> Techs_RLIKER
A39: 2020 | B39: =B9 -> CLA | D39: =D9 -> 0.19417476 | E39: =E9 -> 0.19359294 | F39: =F9 -> 0.028899558 | G39: =G9 -> 0.19417195 | H39: =H9 -> 0.16973751 | I39: =I9 -> 0.4622743 | J39: =J9 -> 0.13289037 | K39: =K9 -> 0.028901734 | ... AH39: =AH9 | AI39: =B39 -> CLA | AJ39: LO | AK39: ="*"&C9&"*" -> *ICE* | AL39: ="Techs_"&B39&C9 -> Techs_CLAICE
A40: 2020 | B40: =B10 -> RLI | D40: =D10 -> 0.50937784 | E40: =E10 -> 0.5066909 | F40: =F10 -> 0.48287846 | G40: =G10 -> 0.43603533 | H40: =H10 | I40: =I10 -> 0.43592672 | J40: =J10 -> 0.19762613 | K40: =K10 -> 0.48288587 | ... AH40: =AH10 | AI40: =B40 -> RLI | AJ40: LO | AK40: ="*"&C10&"*" -> *ICE* | AL40: ="Techs_"&B40&C10 -> Techs_RLIICE
A41: 2020 | B41: =B11 -> RSH | C41: ="*"&C11 -> *COA | D41: =D11 -> 0 | E41: =E11 -> 0.023927979 | F41: =F11 -> 0 | G41: =G11 -> 0.1660035 | H41: =H11 -> 0.0094612305 | I41: =I11 | J41: =J11 -> 0.0013199337 | K41: =K11 -> 0 | ... AH41: =AH11 | AI41: =B41 -> RSH | AJ41: UP | AL41: ="Techs_"&B41&C11 -> Techs_RSHCOA
A42: 2020 | B42: =B12 -> CSH | C42: ="*"&C12 -> *COA | D42: =D12 -> 0 | E42: =E12 -> 0 | F42: =F12 -> 0 | G42: =G12 -> 0.053437189 | H42: =H12 -> 0.00098107162 | I42: =I12 -> 0.022761041 | J42: =J12 -> 0.0085211715 | K42: =K12 -> 0 | ... AH42: =AH12 | AI42: =B42 -> CSH | AJ42: UP | AL42: ="Techs_"&B42&C12 -> Techs_CSHCOA
A43: 2020 | B43: =B13 -> RSH | C43: ="*"&C13 -> *LPG | D43: =D13 -> 0.83872708 | E43: =E13 -> 0.62994551 | F43: =F13 -> 0.097998671 | G43: =G13 -> 0.058004965 | H43: =H13 -> 0.14505903 | I43: =I13 | J43: =J13 -> 0.032783719 | K43: =K13 -> 0.095903271 | ... AH43: =AH13 | AI43: =B43 -> RSH | AJ43: UP | AL43: ="Techs_"&B43&C13 -> Techs_RSHLPG
A44: 2020 | B44: =B14 -> CSH | C44: ="*"&C14 -> *LPG | D44: =D14 -> 0 | E44: =E14 -> 0 | F44: =F14 -> 0 | G44: =G14 -> 0.0021212228 | H44: =H14 -> 0.070773673 | I44: =I14 -> 0.088555072 | J44: =J14 -> 0.0070271855 | K44: =K14 -> 0 | ... AH44: =AH14 | AI44: =B44 -> CSH | AJ44: UP | AL44: ="Techs_"&B44&C14 -> Techs_CSHLPG
A45: 2020 | B45: =B15 -> RSH | C45: ="*"&C15 -> *ELC | D45: =D15 -> 0 | E45: =E15 -> 0 | F45: =F15 -> 0.18752923 | G45: =G15 -> 0.025875992 | H45: =H15 -> 0.40701041 | I45: =I15 | J45: =J15 -> 0.22879745 | K45: =K15 -> 0.15484534 | ... AH45: =AH15 | AI45: =B45 -> RSH | AJ45: LO | AL45: ="Techs_"&B45&C15 -> Techs_RSHELC
A46: 2020 | B46: =B16 -> CSH | C46: ="*"&C16 -> *ELC | D46: =D16 -> 0 | E46: =E16 -> 0 | F46: =F16 -> 0.33690946 | G46: =G16 -> 0.030316233 | H46: =H16 -> 0.28159907 | I46: =I16 -> 0.41140863 | J46: =J16 -> 0.21000124 | K46: =K16 -> 0.9161158 | ... AH46: =AH16 | AI46: =B46 -> CSH | AJ46: LO | AL46: ="Techs_"&B46&C16 -> Techs_CSHELC
A47: 2020 | B47: =B17 -> RSH | C47: ="*"&C17 -> *HET | D47: =D17 -> 0 | E47: =E17 -> 0 | F47: =F17 -> 0 | G47: =G17 -> 0.11881993 | H47: =H17 -> 0 | I47: =I17 | J47: =J17 -> 0 | K47: =K17 -> 0 | ... AH47: =AH17 | AI47: =B47 -> RSH | AJ47: LO | AL47: ="Techs_"&B47&C17 -> Techs_RSHHET
A48: 2020 | B48: =B18 -> CSH | C48: ="*"&C18 -> *HET | D48: =D18 -> 0 | E48: =E18 -> 0 | F48: =F18 -> 0 | G48: =G18 -> 0.35047564 | H48: =H18 -> 0.066026637 | I48: =I18 -> 0.12076586 | J48: =J18 -> 0 | K48: =K18 -> 0 | ... AH48: =AH18 | AI48: =B48 -> CSH | AJ48: LO | AL48: ="Techs_"&B48&C18 -> Techs_CSHHET
A49: 2020 | B49: =B19 -> RCK | C49: ="*"&C19 -> *COA | D49: =D19 -> 0 | E49: =E19 -> 1.0623453e-06 | F49: =F19 -> 0 | G49: =G19 -> 0.032931458 | H49: =H19 -> 0 | I49: =I19 -> 0.015137805 | J49: =J19 -> 0 | K49: =K19 -> 0 | ... AH49: =AH19 | AI49: =B49 -> RCK | AJ49: UP | AL49: ="Techs_"&B49&C19 -> Techs_RCKCOA
A50: 2020 | B50: =B20 -> CCK | C50: ="*"&C20 -> *COA | D50: =D20 -> 0 | E50: =E20 -> 0.00021551742 | F50: =F20 -> 0 | G50: =G20 -> 0 | H50: =H20 -> 0.0016403735 | I50: =I20 -> 0.014563305 | J50: =J20 -> 0 | K50: =K20 -> 0 | ... AH50: =AH20 | AI50: =B50 -> CCK | AJ50: UP | AL50: ="Techs_"&B50&C20 -> Techs_CCKCOA
A51: 2020 | B51: =B21 -> RCK | C51: ="*"&C21 -> *ELC | D51: =D21 -> 0 | E51: =E21 -> 0 | F51: =F21 -> 0.0017567929 | G51: =G21 -> 0.14756164 | H51: =H21 -> 0.30465586 | I51: =I21 -> 0.012334405 | J51: =J21 -> 0.63487565 | K51: =K21 -> 0.0031429726 | ... AH51: =AH21 | AI51: =B51 -> RCK | AJ51: LO | AL51: ="Techs_"&B51&C21 -> Techs_RCKELC
A52: 2020 | B52: =B22 -> CCK | C52: ="*"&C22 -> *ELC | D52: =D22 -> 0.31238989 | E52: =E22 -> 0.081913866 | F52: =F22 -> 0.054950341 | G52: =G22 -> 0.04742326 | H52: =H22 -> 0 | I52: =I22 -> 0.074449893 | J52: =J22 -> 0.72313028 | K52: =K22 -> 0.29292218 | ... AH52: =AH22 | AI52: =B52 -> CCK | AJ52: LO | AL52: ="Techs_"&B52&C22 -> Techs_CCKELC
... A54: 2020 | B54: =B24 -> CCK | C54: ="*"&C24 -> *KER | D54: =D24 -> 0 | E54: =E24 -> 0.00057195162 | F54: =F24 -> 2.8249832e-05 | G54: =G24 -> 0.00025245665 | H54: =H24 -> 0 | I54: =I24 -> 0.022459378 | J54: =J24 -> 2.1943963e-05 | K54: =K24 -> 0 | ... AH54: =AH24 | AI54: =B54 -> CCK | AJ54: UP | AL54: ="Techs_"&B54&C24 -> Techs_CCKKER
A55: 2020 | B55: =B25 -> RHW | C55: ="*"&C25&",-*STH" -> *ELC,-*STH | D55: =D25 -> 0.070936272 | E55: =E25 -> 0.034409363 | F55: =F25 -> 0.11957953 | G55: =G25 -> 0.052702477 | H55: =H25 -> 0.12608394 | I55: =I25 -> 0.41728952 | J55: =J25 -> 0.45809734 | K55: =K25 -> 0.66878721 | ... AH55: =AH25 | AI55: =B55 -> RHW | AJ55: LO | AL55: ="Techs_"&B55&C25 -> Techs_RHWELC
A56: 2020 | B56: =B26 -> CHW | C56: ="*"&C26&",-*STH" -> *ELC,-*STH | D56: =D26 -> 0.51536285 | E56: =E26 -> 0.1300246 | F56: =F26 -> 0.15688702 | G56: =G26 -> 0.22655604 | H56: =H26 -> 0 | I56: =I26 -> 0.41071814 | J56: =J26 -> 0.57685718 | K56: =K26 -> 0.73395647 | ... AH56: =AH26 | AI56: =B56 -> CHW | AJ56: LO | AL56: ="Techs_"&B56&C26 -> Techs_CHWELC
A57: =A56 -> 2020 | B57: =B45 -> RSH | C57: ="*"&C27 -> *HET | D57: =IF(D47="",0%,D47*1.01) -> 0 | E57: =IF(E47="",0%,E47*1.01) -> 0 | F57: =IF(F47="",0%,F47*1.01) -> 0 | G57: =IF(G47="",0%,G47*1.01) -> 0.12000812 | H57: =IF(H47="",0%,H47*1.01) -> 0 | I57: =IF(I47="",0%,I47*1.01) -> 0 | J57: =IF(J47="",0%,J47*1.01) -> 0 | K57: =IF(K47="",0%,K47*1.01) -> 0 | ... AF57: =IF(AF47="",0%,AF47*1.01) -> 0 | AI57: =B57 -> RSH | AJ57: =AJ53 -> UP | AL57: ="Techs_"&B57&C27 -> Techs_RSHHET
A58: =A57 -> 2020 | B58: =B46 -> CSH | C58: =C57 -> *HET | D58: =IF(D48="",0%,D48*1.01) -> 0 | E58: =IF(E48="",0%,E48*1.01) -> 0 | F58: =IF(F48="",0%,F48*1.01) -> 0 | G58: =IF(G48="",0%,G48*1.01) -> 0.3539804 | H58: =IF(H48="",0%,H48*1.01) -> 0.066686904 | I58: =IF(I48="",0%,I48*1.01) -> 0.12197352 | J58: =IF(J48="",0%,J48*1.01) -> 0 | K58: =IF(K48="",0%,K48*1.01) -> 0 | ... AF58: =IF(AF48="",0%,AF48*1.01) -> 0.022170031 | AI58: =B58 -> CSH | AJ58: =AJ54 -> UP | AL58: ="Techs_"&B58&C28 -> Techs_CSHHET
A60: ~TFM_INS: attribute=PRC_MARK
A61: Year | B61: PSET_CO | C61: PSET_CI | D61: =D$2 -> Africa_north | E61: =E$2 -> Africa_other | F61: =F$2 -> Arg-Chi | G61: =G$2 -> Asia_central | H61: =H$2 -> Asia_east | I61: =I$2 -> Asia_other | J61: =J$2 -> Australia_NZ | K61: =K$2 -> Brazil | ... AH61: =AH$2 -> *34 | AI61: CSET_CN | AJ61: LimType | AK61: PSET_PN | AL61: Other_indexes
A62: 2050 | B62: =B33 -> RCK | C62: =C33 -> *BIO | D62: =D33*$AN62 -> 0.018702848 | E62: =E33*$AN62 -> 0.23898507 | F62: =F33*$AN62 -> 0.0255948 | G62: =G33*$AN62 -> 0.00013156636 | H62: =H33*$AN62 -> 0 | I62: =I33*$AN62 -> 0.13908983 | J62: =J33*$AN62 -> 0.0001735107 | K62: =K33*$AN62 -> 0.064135356 | ... AH62: =AH33*$AN62 -> #VALUE! | AI62: =AI33 -> RCK | AJ62: =AJ33 -> FX | AL62: =AL33 -> Techs_RCKBIO | AN62: 0.25
A63: 2050 | B63: =B34 -> CCK | C63: =C34 -> *BIO | D63: =D34*$AN63 -> 0.039416383 | E63: =E34*$AN63 -> 0.19112492 | F63: =F34*$AN63 -> 0.0045844754 | G63: =G34*$AN63 -> 0 | H63: =H34*$AN63 -> 0 | I63: =I34*$AN63 -> 0.011787863 | J63: =J34*$AN63 -> 0 | K63: =K34*$AN63 -> 0.0074662472 | ... AH63: =AH34*$AN63 -> #VALUE! | AI63: =AI34 -> CCK | AJ63: =AJ34 -> FX | AL63: =AL34 -> Techs_CCKBIO | AN63: 0.25
A64: 2050 | B64: =B35 -> RHW | C64: =C35 -> *BIO | D64: =D35*$AN64 -> 0.0038293475 | E64: =E35*$AN64 -> 0.23337364 | F64: =F35*$AN64 -> 0.0017329316 | G64: =G35*$AN64 -> 0.00023697539 | H64: =H35*$AN64 -> 0 | I64: =I35*$AN64 -> 0 | J64: =J35*$AN64 -> 7.1015117e-05 | K64: =K35*$AN64 -> 0.013615147 | ... AH64: =AH35*$AN64 -> #VALUE! | AI64: =AI35 -> RHW | AJ64: =AJ35 -> FX | AL64: =AL35 -> Techs_RHWBIO | AN64: 0.25
A65: 2050 | B65: =B36 -> RCK | C65: =C36 -> *STH | D65: =D36*$AN65 -> 0 | E65: =E36*$AN65 -> 0 | F65: =F36*$AN65 -> 0 | G65: =G36*$AN65 -> 0 | H65: =H36*$AN65 -> 0 | I65: =I36*$AN65 -> 0 | J65: =J36*$AN65 -> 0 | K65: =K36*$AN65 -> 0 | ... AH65: =AH36*$AN65 -> #VALUE! | AI65: =AI36 -> RCK | AJ65: =AJ36 -> UP | AL65: =AL36 -> Techs_RCKSTH | AN65: 0.1
A66: 2050 | B66: =B37 -> CCK | C66: =C37 -> *STH | D66: =D37*$AN66 -> 0 | E66: =E37*$AN66 -> 0 | F66: =F37*$AN66 -> 0 | G66: =G37*$AN66 -> 0 | H66: =H37*$AN66 -> 0 | I66: =I37*$AN66 -> 0 | J66: =J37*$AN66 -> 0 | K66: =K37*$AN66 -> 0 | ... AH66: =AH37*$AN66 -> #VALUE! | AI66: =AI37 -> CCK | AJ66: =AJ37 -> UP | AL66: =AL37 -> Techs_CCKSTH | AN66: 0.1
A67: 2050 | B67: =B38 -> RLI | C67: =C38 -> *KER | D67: =D38*$AN67 -> 0 | E67: =E38*$AN67 -> 0 | F67: =F38*$AN67 -> 0 | G67: =G38*$AN67 -> 0 | H67: =H38*$AN67 -> #VALUE! | I67: =I38*$AN67 -> 0 | J67: =J38*$AN67 -> 0 | K67: =K38*$AN67 -> 0 | ... AH67: =AH38*$AN67 -> #VALUE! | AI67: =AI38 -> RLI | AJ67: =AJ38 -> LO | AL67: =AL38 -> Techs_RLIKER | AN67: 0
A68: 2035 | B68: =B39 -> CLA | D68: =D39*$AN68 -> 0 | E68: =E39*$AN68 -> 0 | F68: =F39*$AN68 -> 0 | G68: =G39*$AN68 -> 0 | H68: =H39*$AN68 -> 0 | I68: =I39*$AN68 -> 0 | J68: =J39*$AN68 -> 0 | K68: =K39*$AN68 -> 0 | ... AH68: =AH39*$AN68 -> #VALUE! | AI68: =AI39 -> CLA | AJ68: =AJ39 -> LO | AK68: =AK39 -> *ICE* | AL68: =AL39 -> Techs_CLAICE | AN68: 0
A69: 2035 | B69: =B40 -> RLI | D69: =D40*$AN69 -> 0 | E69: =E40*$AN69 -> 0 | F69: =F40*$AN69 -> 0 | G69: =G40*$AN69 -> 0 | H69: =H40*$AN69 -> #VALUE! | I69: =I40*$AN69 -> 0 | J69: =J40*$AN69 -> 0 | K69: =K40*$AN69 -> 0 | ... AH69: =AH40*$AN69 -> #VALUE! | AI69: =AI40 -> RLI | AJ69: =AJ40 -> LO | AK69: =AK40 -> *ICE* | AL69: =AL40 -> Techs_RLIICE | AN69: 0
A70: 2050 | B70: =B41 -> RSH | C70: =C41 -> *COA | D70: =D41*$AN70 -> 0 | E70: =E41*$AN70 -> 0.023927979 | F70: =F41*$AN70 -> 0 | G70: =G41*$AN70 -> 0.1660035 | H70: =H41*$AN70 -> 0.0094612305 | I70: =I41*$AN70 -> #VALUE! | J70: =J41*$AN70 -> 0.0013199337 | K70: =K41*$AN70 -> 0 | ... AH70: =AH41*$AN70 -> #VALUE! | AI70: =AI41 -> RSH | AJ70: =AJ41 -> UP | AL70: =AL41 -> Techs_RSHCOA | AN70: 1
A71: 2050 | B71: =B42 -> CSH | C71: =C42 -> *COA | D71: =D42*$AN71 -> 0 | E71: =E42*$AN71 -> 0 | F71: =F42*$AN71 -> 0 | G71: =G42*$AN71 -> 0.053437189 | H71: =H42*$AN71 -> 0.00098107162 | I71: =I42*$AN71 -> 0.022761041 | J71: =J42*$AN71 -> 0.0085211715 | K71: =K42*$AN71 -> 0 | ... AH71: =AH42*$AN71 -> #VALUE! | AI71: =AI42 -> CSH | AJ71: =AJ42 -> UP | AL71: =AL42 -> Techs_CSHCOA | AN71: 1
A72: 2050 | B72: =B43 -> RSH | C72: =C43 -> *LPG | D72: =D43*$AN72 -> 0.83872708 | E72: =E43*$AN72 -> 0.62994551 | F72: =F43*$AN72 -> 0.097998671 | G72: =G43*$AN72 -> 0.058004965 | H72: =H43*$AN72 -> 0.14505903 | I72: =I43*$AN72 -> #VALUE! | J72: =J43*$AN72 -> 0.032783719 | K72: =K43*$AN72 -> 0.095903271 | ... AH72: =AH43*$AN72 -> #VALUE! | AI72: =AI43 -> RSH | AJ72: =AJ43 -> UP | AL72: =AL43 -> Techs_RSHLPG | AN72: 1
A73: 2050 | B73: =B44 -> CSH | C73: =C44 -> *LPG | D73: =D44*$AN73 -> 0 | E73: =E44*$AN73 -> 0 | F73: =F44*$AN73 -> 0 | G73: =G44*$AN73 -> 0.0021212228 | H73: =H44*$AN73 -> 0.070773673 | I73: =I44*$AN73 -> 0.088555072 | J73: =J44*$AN73 -> 0.0070271855 | K73: =K44*$AN73 -> 0 | ... AH73: =AH44*$AN73 -> #VALUE! | AI73: =AI44 -> CSH | AJ73: =AJ44 -> UP | AL73: =AL44 -> Techs_CSHLPG | AN73: 1
A74: 2050 | B74: =B45 -> RSH | C74: =C45 -> *ELC | D74: =D45*$AN74 -> 0 | E74: =E45*$AN74 -> 0 | F74: =F45*$AN74 -> 0.18752923 | G74: =G45*$AN74 -> 0.025875992 | H74: =H45*$AN74 -> 0.40701041 | I74: =I45*$AN74 -> #VALUE! | J74: =J45*$AN74 -> 0.22879745 | K74: =K45*$AN74 -> 0.15484534 | ... AH74: =AH45*$AN74 -> #VALUE! | AI74: =AI45 -> RSH | AJ74: =AJ45 -> LO | AL74: =AL45 -> Techs_RSHELC | AN74: 1
A75: 2050 | B75: =B46 -> CSH | C75: =C46 -> *ELC | D75: =D46*$AN75 -> 0 | E75: =E46*$AN75 -> 0 | F75: =F46*$AN75 -> 0.33690946 | G75: =G46*$AN75 -> 0.030316233 | H75: =H46*$AN75 -> 0.28159907 | I75: =I46*$AN75 -> 0.41140863 | J75: =J46*$AN75 -> 0.21000124 | K75: =K46*$AN75 -> 0.9161158 | ... AH75: =AH46*$AN75 -> #VALUE! | AI75: =AI46 -> CSH | AJ75: =AJ46 -> LO | AL75: =AL46 -> Techs_CSHELC | AN75: 1
A76: 2050 | B76: =B47 -> RSH | C76: =C47 -> *HET | D76: =D47*$AN76 -> 0 | E76: =E47*$AN76 -> 0 | F76: =F47*$AN76 -> 0 | G76: =G47*$AN76 -> 0.11881993 | H76: =H47*$AN76 -> 0 | I76: =I47*$AN76 -> #VALUE! | J76: =J47*$AN76 -> 0 | K76: =K47*$AN76 -> 0 | ... AH76: =AH47*$AN76 -> #VALUE! | AI76: =AI47 -> RSH | AJ76: =AJ47 -> LO | AL76: =AL47 -> Techs_RSHHET | AN76: 1
A77: 2050 | B77: =B48 -> CSH | C77: =C48 -> *HET | D77: =D48*$AN77 -> 0 | E77: =E48*$AN77 -> 0 | F77: =F48*$AN77 -> 0 | G77: =G48*$AN77 -> 0.35047564 | H77: =H48*$AN77 -> 0.066026637 | I77: =I48*$AN77 -> 0.12076586 | J77: =J48*$AN77 -> 0 | K77: =K48*$AN77 -> 0 | ... AH77: =AH48*$AN77 -> #VALUE! | AI77: =AI48 -> CSH | AJ77: =AJ48 -> LO | AL77: =AL48 -> Techs_CSHHET | AN77: 1
A78: 2050 | B78: =B49 -> RCK | C78: =C49 -> *COA | D78: =D49*$AN78 -> 0 | E78: =E49*$AN78 -> 1.0623453e-06 | F78: =F49*$AN78 -> 0 | G78: =G49*$AN78 -> 0.032931458 | H78: =H49*$AN78 -> 0 | I78: =I49*$AN78 -> 0.015137805 | J78: =J49*$AN78 -> 0 | K78: =K49*$AN78 -> 0 | ... AH78: =AH49*$AN78 -> #VALUE! | AI78: =AI49 -> RCK | AJ78: =AJ49 -> UP | AL78: =AL49 -> Techs_RCKCOA | AN78: 1
A79: 2050 | B79: =B50 -> CCK | C79: =C50 -> *COA | D79: =D50*$AN79 -> 0 | E79: =E50*$AN79 -> 0.00021551742 | F79: =F50*$AN79 -> 0 | G79: =G50*$AN79 -> 0 | H79: =H50*$AN79 -> 0.0016403735 | I79: =I50*$AN79 -> 0.014563305 | J79: =J50*$AN79 -> 0 | K79: =K50*$AN79 -> 0 | ... AH79: =AH50*$AN79 -> #VALUE! | AI79: =AI50 -> CCK | AJ79: =AJ50 -> UP | AL79: =AL50 -> Techs_CCKCOA | AN79: 1
A80: 2050 | B80: =B51 -> RCK | C80: =C51 -> *ELC | D80: =D51*$AN80 -> 0 | E80: =E51*$AN80 -> 0 | F80: =F51*$AN80 -> 0.0017567929 | G80: =G51*$AN80 -> 0.14756164 | H80: =H51*$AN80 -> 0.30465586 | I80: =I51*$AN80 -> 0.012334405 | J80: =J51*$AN80 -> 0.63487565 | K80: =K51*$AN80 -> 0.0031429726 | ... AH80: =AH51*$AN80 -> #VALUE! | AI80: =AI51 -> RCK | AJ80: =AJ51 -> LO | AL80: =AL51 -> Techs_RCKELC | AN80: 1
A81: 2050 | B81: =B52 -> CCK | C81: =C52 -> *ELC | D81: =D52*$AN81 -> 0.31238989 | E81: =E52*$AN81 -> 0.081913866 | F81: =F52*$AN81 -> 0.054950341 | G81: =G52*$AN81 -> 0.04742326 | H81: =H52*$AN81 -> 0 | I81: =I52*$AN81 -> 0.074449893 | J81: =J52*$AN81 -> 0.72313028 | K81: =K52*$AN81 -> 0.29292218 | ... AH81: =AH52*$AN81 -> #VALUE! | AI81: =AI52 -> CCK | AJ81: =AJ52 -> LO | AL81: =AL52 -> Techs_CCKELC | AN81: 1
... A85: 2050 | B85: =B56 -> CHW | C85: =C56 -> *ELC,-*STH | D85: =D56*$AN85 -> 0.51536285 | E85: =E56*$AN85 -> 0.1300246 | F85: =F56*$AN85 -> 0.15688702 | G85: =G56*$AN85 -> 0.22655604 | H85: =H56*$AN85 -> 0 | I85: =I56*$AN85 -> 0.41071814 | J85: =J56*$AN85 -> 0.57685718 | K85: =K56*$AN85 -> 0.73395647 | ... AH85: =AH56*$AN85 -> #VALUE! | AI85: =AI56 -> CHW | AJ85: =AJ56 -> LO | AL85: =AL56 -> Techs_CHWELC | AN85: 1
A86: =A85 -> 2050 | B86: =B57 -> RSH | C86: =C57 -> *HET | D86: =IF(D57="","",D57*$AN$86) -> 0 | E86: =IF(E57="","",E57*$AN$86) -> 0 | F86: =IF(F57="","",F57*$AN$86) -> 0 | G86: =IF(G57="","",G57*$AN$86) -> 0.15001016 | H86: =IF(H57="","",H57*$AN$86) -> 0 | I86: =IF(I57="","",I57*$AN$86) -> 0 | J86: =IF(J57="","",J57*$AO$86) -> 0 | K86: =IF(K57="","",K57*$AN$86) -> 0 | L86: =IF(L57="","",L57*$AO$86) -> 0 | M86: =IF(M57="","",M57*$AO$86) -> 0.52780521 | N86: =IF(N57="","",N57*$AN$86) -> 0.79079984 | O86: =IF(O57="","",O57*$AN$86) -> 0.36019403 | P86: =IF(P57="","",P57*$AN$86) -> 0.029692267 | Q86: =IF(Q57="","",Q57*$AN$86) -> 0.060066793 | R86: =IF(R57="","",R57*$AN$86) -> 0.21369227 | S86: =IF(S57="","",S57*$AN$86) -> 0.00014410669 | T86: =IF(T57="","",T57*$AN$86) -> 0.2486247 | U86: =IF(U57="","",U57*$AN$86) -> 0.088094606 | ... AF86: =IF(AF57="","",AF57*$AN$86) -> 0 | AI86: =AI57 -> RSH | AJ86: =AJ82 -> UP | AL86: =AL57 -> Techs_RSHHET | AN86: 1.25 | AO86: 1.2
A87: =A86 -> 2050 | B87: =B58 -> CSH | C87: =C58 -> *HET | D87: =IF(D58="","",D58*$AN$87) -> 0 | E87: =IF(E58="","",E58*$AN$87) -> 0 | F87: =IF(F58="","",F58*$AN$87) -> 0 | G87: =IF(G58="","",G58*$AN$87) -> 0.3539804 | H87: =IF(H58="","",H58*$AN$87) -> 0.066686904 | I87: =IF(I58="","",I58*$AN$87) -> 0.12197352 | J87: =IF(J58="","",J58*$AO$87) -> 0 | K87: =IF(K58="","",K58*$AN$87) -> 0 | L87: =IF(L58="","",L58*$AO$87) -> 0.0007333049 | M87: =IF(M58="","",M58*$AO$87) -> 0.2761134 | N87: =IF(N58="","",N58*$AN$87) -> 0.6740803 | O87: =IF(O58="","",O58*$AN$87) -> 0.4006495 | P87: =IF(P58="","",P58*$AN$87) -> 0.080920933 | Q87: =IF(Q58="","",Q58*$AN$87) -> 0.054112037 | R87: =IF(R58="","",R58*$AN$87) -> 0.21601872 | S87: =IF(S58="","",S58*$AN$87) -> 0.0072310541 | T87: =IF(T58="","",T58*$AN$87) -> 0.44373942 | U87: =IF(U58="","",U58*$AN$87) -> 0.11227733 | ... AF87: =IF(AF58="","",AF58*$AN$87) -> 0.022170031 | AI87: =AI58 -> CSH | AJ87: =AJ83 -> UP | AL87: =AL58 -> Techs_CSHHET | AN87: 1 | AO87: 1.2
A89: ~TFM_INS: attribute=PRC_MARK
A90: Year | B90: PSET_CO | C90: PSET_CI | D90: =D$2 -> Africa_north | E90: =E$2 -> Africa_other | F90: =F$2 -> Arg-Chi | G90: =G$2 -> Asia_central | H90: =H$2 -> Asia_east | I90: =I$2 -> Asia_other | J90: =J$2 -> Australia_NZ | K90: =K$2 -> Brazil | ... AH90: =AH$2 -> *34 | AI90: CSET_CN | AJ90: LimType | AK90: PSET_PN | AL90: Other_indexes
A91: 2070 | B91: =B62 -> RCK | C91: =C62 -> *BIO | D91: =D33*$AN91 -> 0 | E91: =E33*$AN91 -> 0 | F91: =F33*$AN91 -> 0 | G91: =G33*$AN91 -> 0 | H91: =H33*$AN91 -> 0 | I91: =I33*$AN91 -> 0 | J91: =J33*$AN91 -> 0 | K91: =K33*$AN91 -> 0 | ... AH91: =AH33*$AN91 -> #VALUE! | AI91: =AI62 -> RCK | AJ91: =AJ62 -> FX | AL91: =AL62 -> Techs_RCKBIO | AN91: 0
A92: 2070 | B92: =B63 -> CCK | C92: =C63 -> *BIO | D92: =D34*$AN92 -> 0 | E92: =E34*$AN92 -> 0 | F92: =F34*$AN92 -> 0 | G92: =G34*$AN92 -> 0 | H92: =H34*$AN92 -> 0 | I92: =I34*$AN92 -> 0 | J92: =J34*$AN92 -> 0 | K92: =K34*$AN92 -> 0 | ... AH92: =AH34*$AN92 -> #VALUE! | AI92: =AI63 -> CCK | AJ92: =AJ63 -> FX | AL92: =AL63 -> Techs_CCKBIO | AN92: 0
A93: 2070 | B93: =B64 -> RHW | C93: =C64 -> *BIO | D93: =D35*$AN93 -> 0 | E93: =E35*$AN93 -> 0 | F93: =F35*$AN93 -> 0 | G93: =G35*$AN93 -> 0 | H93: =H35*$AN93 -> 0 | I93: =I35*$AN93 -> 0 | J93: =J35*$AN93 -> 0 | K93: =K35*$AN93 -> 0 | ... AH93: =AH35*$AN93 -> #VALUE! | AI93: =AI64 -> RHW | AJ93: =AJ64 -> FX | AL93: =AL64 -> Techs_RHWBIO | AN93: 0
A94: 2070 | B94: =B65 -> RCK | C94: =C65 -> *STH | D94: =D36*$AN94 -> 0 | E94: =E36*$AN94 -> 0 | F94: =F36*$AN94 -> 0 | G94: =G36*$AN94 -> 0 | H94: =H36*$AN94 -> 0 | I94: =I36*$AN94 -> 0 | J94: =J36*$AN94 -> 0 | K94: =K36*$AN94 -> 0 | ... AH94: =AH36*$AN94 -> #VALUE! | AI94: =AI65 -> RCK | AJ94: =AJ65 -> UP | AL94: =AL65 -> Techs_RCKSTH | AN94: 0.1
A95: 2070 | B95: =B66 -> CCK | C95: =C66 -> *STH | D95: =D37*$AN95 -> 0 | E95: =E37*$AN95 -> 0 | F95: =F37*$AN95 -> 0 | G95: =G37*$AN95 -> 0 | H95: =H37*$AN95 -> 0 | I95: =I37*$AN95 -> 0 | J95: =J37*$AN95 -> 0 | K95: =K37*$AN95 -> 0 | ... AH95: =AH37*$AN95 -> #VALUE! | AI95: =AI66 -> CCK | AJ95: =AJ66 -> UP | AL95: =AL66 -> Techs_CCKSTH | AN95: 0.1
A96: 2070 | B96: =B67 -> RLI | C96: =C67 -> *KER | D96: =D38*$AN96 -> 0 | E96: =E38*$AN96 -> 0 | F96: =F38*$AN96 -> 0 | G96: =G38*$AN96 -> 0 | H96: =H38*$AN96 -> #VALUE! | I96: =I38*$AN96 -> 0 | J96: =J38*$AN96 -> 0 | K96: =K38*$AN96 -> 0 | ... AH96: =AH38*$AN96 -> #VALUE! | AI96: =AI67 -> RLI | AJ96: =AJ67 -> LO | AL96: =AL67 -> Techs_RLIKER | AN96: 0
A97: 2070 | B97: =B68 -> CLA | D97: =D39*$AN97 -> 0 | E97: =E39*$AN97 -> 0 | F97: =F39*$AN97 -> 0 | G97: =G39*$AN97 -> 0 | H97: =H39*$AN97 -> 0 | I97: =I39*$AN97 -> 0 | J97: =J39*$AN97 -> 0 | K97: =K39*$AN97 -> 0 | ... AH97: =AH39*$AN97 -> #VALUE! | AI97: =AI68 -> CLA | AJ97: =AJ68 -> LO | AK97: =AK68 -> *ICE* | AL97: =AL68 -> Techs_CLAICE | AN97: 0
A98: 2070 | B98: =B69 -> RLI | D98: =D40*$AN98 -> 0 | E98: =E40*$AN98 -> 0 | F98: =F40*$AN98 -> 0 | G98: =G40*$AN98 -> 0 | H98: =H40*$AN98 -> #VALUE! | I98: =I40*$AN98 -> 0 | J98: =J40*$AN98 -> 0 | K98: =K40*$AN98 -> 0 | ... AH98: =AH40*$AN98 -> #VALUE! | AI98: =AI69 -> RLI | AJ98: =AJ69 -> LO | AK98: =AK69 -> *ICE* | AL98: =AL69 -> Techs_RLIICE | AN98: 0
A99: 2070 | B99: =B70 -> RSH | C99: =C70 -> *COA | D99: =D41*$AN99 -> 0 | E99: =E41*$AN99 -> 0.023927979 | F99: =F41*$AN99 -> 0 | G99: =G41*$AN99 -> 0.1660035 | H99: =H41*$AN99 -> 0.0094612305 | I99: =I41*$AN99 -> #VALUE! | J99: =J41*$AN99 -> 0.0013199337 | K99: =K41*$AN99 -> 0 | ... AH99: =AH41*$AN99 -> #VALUE! | AI99: =AI70 -> RSH | AJ99: =AJ70 -> UP | AL99: =AL70 -> Techs_RSHCOA | AN99: 1
A100: 2070 | B100: =B71 -> CSH | C100: =C71 -> *COA | D100: =D42*$AN100 -> 0 | E100: =E42*$AN100 -> 0 | F100: =F42*$AN100 -> 0 | G100: =G42*$AN100 -> 0.053437189 | H100: =H42*$AN100 -> 0.00098107162 | I100: =I42*$AN100 -> 0.022761041 | J100: =J42*$AN100 -> 0.0085211715 | K100: =K42*$AN100 -> 0 | ... AH100: =AH42*$AN100 -> #VALUE! | AI100: =AI71 -> CSH | AJ100: =AJ71 -> UP | AL100: =AL71 -> Techs_CSHCOA | AN100: 1
A101: 2070 | B101: =B72 -> RSH | C101: =C72 -> *LPG | D101: =D43*$AN101 -> 0.83872708 | E101: =E43*$AN101 -> 0.62994551 | F101: =F43*$AN101 -> 0.097998671 | G101: =G43*$AN101 -> 0.058004965 | H101: =H43*$AN101 -> 0.14505903 | I101: =I43*$AN101 -> #VALUE! | J101: =J43*$AN101 -> 0.032783719 | K101: =K43*$AN101 -> 0.095903271 | ... AH101: =AH43*$AN101 -> #VALUE! | AI101: =AI72 -> RSH | AJ101: =AJ72 -> UP | AL101: =AL72 -> Techs_RSHLPG | AN101: 1
A102: 2070 | B102: =B73 -> CSH | C102: =C73 -> *LPG | D102: =D44*$AN102 -> 0 | E102: =E44*$AN102 -> 0 | F102: =F44*$AN102 -> 0 | G102: =G44*$AN102 -> 0.0021212228 | H102: =H44*$AN102 -> 0.070773673 | I102: =I44*$AN102 -> 0.088555072 | J102: =J44*$AN102 -> 0.0070271855 | K102: =K44*$AN102 -> 0 | ... AH102: =AH44*$AN102 -> #VALUE! | AI102: =AI73 -> CSH | AJ102: =AJ73 -> UP | AL102: =AL73 -> Techs_CSHLPG | AN102: 1
A103: 2070 | B103: =B74 -> RSH | C103: =C74 -> *ELC | D103: =D45*$AN103 -> 0 | E103: =E45*$AN103 -> 0 | F103: =F45*$AN103 -> 0.18752923 | G103: =G45*$AN103 -> 0.025875992 | H103: =H45*$AN103 -> 0.40701041 | I103: =I45*$AN103 -> #VALUE! | J103: =J45*$AN103 -> 0.22879745 | K103: =K45*$AN103 -> 0.15484534 | ... AH103: =AH45*$AN103 -> #VALUE! | AI103: =AI74 -> RSH | AJ103: =AJ74 -> LO | AL103: =AL74 -> Techs_RSHELC | AN103: 1
A104: 2070 | B104: =B75 -> CSH | C104: =C75 -> *ELC | D104: =D46*$AN104 -> 0 | E104: =E46*$AN104 -> 0 | F104: =F46*$AN104 -> 0.33690946 | G104: =G46*$AN104 -> 0.030316233 | H104: =H46*$AN104 -> 0.28159907 | I104: =I46*$AN104 -> 0.41140863 | J104: =J46*$AN104 -> 0.21000124 | K104: =K46*$AN104 -> 0.9161158 | ... AH104: =AH46*$AN104 -> #VALUE! | AI104: =AI75 -> CSH | AJ104: =AJ75 -> LO | AL104: =AL75 -> Techs_CSHELC | AN104: 1
A105: 2070 | B105: =B76 -> RSH | C105: =C76 -> *HET | D105: =D47*$AN105 -> 0 | E105: =E47*$AN105 -> 0 | F105: =F47*$AN105 -> 0 | G105: =G47*$AN105 -> 0.11881993 | H105: =H47*$AN105 -> 0 | I105: =I47*$AN105 -> #VALUE! | J105: =J47*$AN105 -> 0 | K105: =K47*$AN105 -> 0 | ... AH105: =AH47*$AN105 -> #VALUE! | AI105: =AI76 -> RSH | AJ105: =AJ76 -> LO | AL105: =AL76 -> Techs_RSHHET | AN105: 1
A106: 2070 | B106: =B77 -> CSH | C106: =C77 -> *HET | D106: =D48*$AN106 -> 0 | E106: =E48*$AN106 -> 0 | F106: =F48*$AN106 -> 0 | G106: =G48*$AN106 -> 0.35047564 | H106: =H48*$AN106 -> 0.066026637 | I106: =I48*$AN106 -> 0.12076586 | J106: =J48*$AN106 -> 0 | K106: =K48*$AN106 -> 0 | ... AH106: =AH48*$AN106 -> #VALUE! | AI106: =AI77 -> CSH | AJ106: =AJ77 -> LO | AL106: =AL77 -> Techs_CSHHET | AN106: 1
A107: 2070 | B107: =B78 -> RCK | C107: =C78 -> *COA | D107: =D49*$AN107 -> 0 | E107: =E49*$AN107 -> 1.0623453e-06 | F107: =F49*$AN107 -> 0 | G107: =G49*$AN107 -> 0.032931458 | H107: =H49*$AN107 -> 0 | I107: =I49*$AN107 -> 0.015137805 | J107: =J49*$AN107 -> 0 | K107: =K49*$AN107 -> 0 | ... AH107: =AH49*$AN107 -> #VALUE! | AI107: =AI78 -> RCK | AJ107: =AJ78 -> UP | AL107: =AL78 -> Techs_RCKCOA | AN107: 1
A108: 2070 | B108: =B79 -> CCK | C108: =C79 -> *COA | D108: =D50*$AN108 -> 0 | E108: =E50*$AN108 -> 0.00021551742 | F108: =F50*$AN108 -> 0 | G108: =G50*$AN108 -> 0 | H108: =H50*$AN108 -> 0.0016403735 | I108: =I50*$AN108 -> 0.014563305 | J108: =J50*$AN108 -> 0 | K108: =K50*$AN108 -> 0 | ... AH108: =AH50*$AN108 -> #VALUE! | AI108: =AI79 -> CCK | AJ108: =AJ79 -> UP | AL108: =AL79 -> Techs_CCKCOA | AN108: 1
A109: 2070 | B109: =B80 -> RCK | C109: =C80 -> *ELC | D109: =D51*$AN109 -> 0 | E109: =E51*$AN109 -> 0 | F109: =F51*$AN109 -> 0.0017567929 | G109: =G51*$AN109 -> 0.14756164 | H109: =H51*$AN109 -> 0.30465586 | I109: =I51*$AN109 -> 0.012334405 | J109: =J51*$AN109 -> 0.63487565 | K109: =K51*$AN109 -> 0.0031429726 | ... AH109: =AH51*$AN109 -> #VALUE! | AI109: =AI80 -> RCK | AJ109: =AJ80 -> LO | AL109: =AL80 -> Techs_RCKELC | AN109: 1
...

Sheet Res tech END
D1: ~TFM_INS-AT
D2: process | E2: END | F2: START
A3: RSHDFRV1 | B3: RSH.DSL.FURNACE.V1 | D3: =A3 -> RSHDFRV1 | E3: 2030
A4: RSHDFRV2 | B4: RSH.DSL.FURNACE.V2 | D4: =A4 -> RSHDFRV2 | E4: 2040 | F4: =E3 -> 2030
A5: RSHDFRV3 | B5: RSH.DSL.FURNACE.V3 | D5: =A5 -> RSHDFRV3 | F5: =E4 -> 2040
A6: RSHDRDV1 | B6: RSH.DSL.RADIANT.V1 | D6: =A6 -> RSHDRDV1 | E6: 2030
A7: RSHDRDV2 | B7: RSH.DSL.RADIANT.V2 | D7: =A7 -> RSHDRDV2 | E7: 2040 | F7: =E6 -> 2030
A8: RSHDRDV3 | B8: RSH.DSL.RADIANT.V3 | D8: =A8 -> RSHDRDV3 | F8: =E7 -> 2040
A9: RSHEHPV1 | B9: RSH.ELC.HEATPUMP.V1 | D9: =A9 -> RSHEHPV1 | E9: 2030
A10: RSHEHPV2 | B10: RSH.ELC.HEATPUMP.V2 | D10: =A10 -> RSHEHPV2 | E10: 2040 | F10: =E9 -> 2030
A11: RSHEHPV3 | B11: RSH.ELC.HEATPUMP.V3 | D11: =A11 -> RSHEHPV3 | F11: =E10 -> 2040
A12: RSHERDV1 | B12: RSH.ELC.RADIANT.V1 | D12: =A12 -> RSHERDV1 | E12: 2030
A13: RSHGHPV1 | B13: RSH.ELC.GHP.V1 | D13: =A13 -> RSHGHPV1 | E13: 2030
A14: RSHGHPV2 | B14: RSH.ELC.GHP.V2 | D14: =A14 -> RSHGHPV2
A15: RSHKFRV1 | B15: RSH.KER.FURNACE.V1 | D15: =A15 -> RSHKFRV1 | E15: 2030
A16: RSHKFRV2 | B16: RSH.KER.FURNACE.V2 | D16: =A16 -> RSHKFRV2 | E16: 2040 | F16: =E15 -> 2030
A17: RSHKFRV3 | B17: RSH.KER.FURNACE.V3 | D17: =A17 -> RSHKFRV3 | F17: =E16 -> 2040
A18: RSHLFRV1 | B18: RSH.LPG.FURNACE.V1 | D18: =A18 -> RSHLFRV1 | E18: 2030
A19: RSHLFRV3 | B19: RSH.LPG.FURNACE.V3 | D19: =A19 -> RSHLFRV3 | E19: 2040 | F19: =E18 -> 2030
A20: RSHLFRV4 | B20: RSH.LPG.FURNACE.V4 | D20: =A20 -> RSHLFRV4 | F20: =E19 -> 2040
A21: RSHNFRV1 | B21: RSH.NGA.FURNACE.V1 | D21: =A21 -> RSHNFRV1 | E21: 2030
A22: RSHNFRV3 | B22: RSH.NGA.FURNACE.V3 | D22: =A22 -> RSHNFRV3 | E22: 2040 | F22: =E21 -> 2030
A23: RSHNFRV4 | B23: RSH.NGA.FURNACE.V4 | D23: =A23 -> RSHNFRV4 | F23: =E22 -> 2040
A24: RSHNHPV1 | B24: RSH.NGA.HEATPUMP.V1 | D24: =A24 -> RSHNHPV1
A25: RSHNRDV1 | B25: RSH.NGA.RADIANT.V1 | D25: =A25 -> RSHNRDV1 | E25: 2030
A26: RSHNRDV2 | B26: RSH.NGA.RADIANT.V2 | D26: =A26 -> RSHNRDV2 | E26: 2040 | F26: =E25 -> 2030
A27: RSHNRDV3 | B27: RSH.NGA.RADIANT.V3 | D27: =A27 -> RSHNRDV3 | F27: =E26 -> 2040
A28: RSHWDHV1 | B28: RSH.WDHEAT.V1 | D28: =A28 -> RSHWDHV1
D29: \I:
A30: RSCCACV1 | B30: RSC.ELC.CAC.V1 | D30: =A30 -> RSCCACV1 | E30: 2030
A31: RSCCACV2 | B31: RSC.ELC.CAC.V2 | D31: =A31 -> RSCCACV2 | E31: 2040 | F31: =E30 -> 2030
A32: RSCCACV3 | B32: RSC.ELC.CAC.V3 | D32: =A32 -> RSCCACV3 | F32: =E31 -> 2040
A33: RSCEHPV1 | B33: RSC.ELC.HEATPUMP.V1 | D33: =A33 -> RSCEHPV1 | E33: 2030
A34: RSCEHPV2 | B34: RSC.ELC.HEATPUMP.V2 | D34: =A34 -> RSCEHPV2 | F34: =E33 -> 2030
A35: RSCNHPV1 | B35: RSC.NGA.HEATPUMP.V1 | D35: =A35 -> RSCNHPV1
A36: RSCRACV1 | B36: RSC.ELC.RAC.V1 | D36: =A36 -> RSCRACV1 | E36: 2030
A37: RSCRACV2 | B37: RSC.ELC.RAC.V2 | D37: =A37 -> RSCRACV2 | E37: 2040 | F37: =E36 -> 2030
A38: RSCRACV3 | B38: RSC.ELC.RAC.V3 | D38: =A38 -> RSCRACV3 | F38: =E37 -> 2040
D39: \I:
A40: RWHDWHV1 | B40: RWH.DSL.V1 | D40: =A40 -> RWHDWHV1 | E40: 2030
A41: RWHDWHV2 | B41: RWH.DSL.V2 | D41: =A41 -> RWHDWHV2 | E41: 2040 | F41: =E40 -> 2030
A42: RWHDWHV3 | B42: RWH.DSL.V3 | D42: =A42 -> RWHDWHV3 | F42: =E41 -> 2040
A43: RWHEWHV1 | B43: RWH.ELC.V1 | D43: =A43 -> RWHEWHV1 | E43: 2030
A44: RWHEWHV2 | B44: RWH.ELC.V2 | D44: =A44 -> RWHEWHV2 | E44: 2040 | F44: =E43 -> 2030
A45: RWHEWHV3 | B45: RWH.ELC.V3 | D45: =A45 -> RWHEWHV3 | F45: =E44 -> 2040
A46: RWHLWHV1 | B46: RWH.LPG.V1 | D46: =A46 -> RWHLWHV1 | E46: 2030
A47: RWHLWHV2 | B47: RWH.LPG.V2 | D47: =A47 -> RWHLWHV2 | E47: 2040 | F47: =E46 -> 2030
A48: RWHLWHV3 | B48: RWH.LPG.V3 | D48: =A48 -> RWHLWHV3 | F48: =E47 -> 2040
A49: RWHLWHV4 | B49: RWH.LPG.V4 | D49: =A49 -> RWHLWHV4 | F49: =F48 -> 2040
A50: RWHNWHV1 | B50: RWH.NGA.V1 | D50: =A50 -> RWHNWHV1 | E50: 2030
A51: RWHNWHV2 | B51: RWH.NGA.V2 | D51: =A51 -> RWHNWHV2 | E51: 2040 | F51: =E50 -> 2030
A52: RWHNWHV3 | B52: RWH.NGA.V3 | D52: =A52 -> RWHNWHV3 | F52: =E51 -> 2040
A53: RWHNWHV4 | B53: RWH.NGA.V4 | D53: =A53 -> RWHNWHV4 | F53: =F52 -> 2040

Sheet BY_TRA
A1: scenario | B1: attribute | C1: process | D1: commodity | E1: lim_type | F1: time_slice | G1: year | H1: commodity_group | I1: currency | J1: stage | K1: sow | L1: Africa_north | M1: Africa_other | N1: Arg-Chi | O1: Asia_central | P1: Asia_east | Q1: Asia_other | R1: Australia_NZ | S1: Brazil | T1: Canada | U1: China | V1: EU_north | W1: EU_northeast | X1: EU_northwest | Y1: EU_south | Z1: EU_southeast | AA1: EU_southwest | AB1: Europe_other | AC1: France | AD1: Germany | AE1: India | AF1: LatAm_other | AG1: Mexico | AH1: MidEast_other | AI1: Nor-Ice | AJ1: Russia | AK1: SaudiArabia | AL1: SouthAfrica | AM1: UK | AN1: USA | AO1: year2 | AT1: Dem | AU1: Fuel
A2: BASE | B2: PASTI | C2: Trd_2w_eth | D2: - | E2: - | F2: - | G2: 2000 | H2: - | I2: - | J2: - | K2: - | L2: 0 | M2: 0.0062034387 | N2: 0.0024813755 | O2: 0 | P2: 0.0012406877 | Q2: 0.16377078 | R2: 0.00062034387 | S2: 0.027915474 | T2: 0.00062034387 | U2: 0.20285245 | V2: 0.0012406877 | W2: 0.0012406877 | X2: 0.0018610316 | Y2: 0 | Z2: 0.00062034387 | AA2: 0.00062034387 | AB2: 0.00062034387 | AC2: 0.0037220632 | AD2: 0.0037220632 | AE2: 0.12903153 | AF2: 0.0037220632 | AG2: 0 | AH2: 0 | AI2: 0 | AJ2: 0 | AK2: 0 | AL2: 0 | AM2: 0.0018610316 | AN2: 0.0093051581 | AO2: - | AT2: =MID(C2,5,3) -> 2w_ | AU2: =RIGHT(C2,3) -> eth
A3: BASE | B3: PASTI | C3: Trd_2w_eth | D3: - | E3: - | F3: - | G3: 2001 | H3: - | I3: - | J3: - | K3: - | L3: 0 | M3: 0.0062034387 | N3: 0.0024813755 | O3: 0 | P3: 0.0012406877 | Q3: 0.16377078 | R3: 0.00062034387 | S3: 0.027915474 | T3: 0.00062034387 | U3: 0.20285245 | V3: 0.0012406877 | W3: 0.0012406877 | X3: 0.0018610316 | Y3: 0 | Z3: 0.00062034387 | AA3: 0.00062034387 | AB3: 0.00062034387 | AC3: 0.0037220632 | AD3: 0.0037220632 | AE3: 0.12903153 | AF3: 0.0037220632 | AG3: 0 | AH3: 0 | AI3: 0 | AJ3: 0 | AK3: 0 | AL3: 0 | AM3: 0.0018610316 | AN3: 0.0093051581 | AO3: - | AT3: =MID(C3,5,3) -> 2w_ | AU3: =RIGHT(C3,3) -> eth
A4: BASE | B4: PASTI | C4: Trd_2w_eth | D4: - | E4: - | F4: - | G4: 2002 | H4: - | I4: - | J4: - | K4: - | L4: 0 | M4: 0.0062034387 | N4: 0.0024813755 | O4: 0 | P4: 0.0012406877 | Q4: 0.16377078 | R4: 0.00062034387 | S4: 0.027915474 | T4: 0.00062034387 | U4: 0.20285245 | V4: 0.0012406877 | W4: 0.0012406877 | X4: 0.0018610316 | Y4: 0 | Z4: 0.00062034387 | AA4: 0.00062034387 | AB4: 0.00062034387 | AC4: 0.0037220632 | AD4: 0.0037220632 | AE4: 0.12903153 | AF4: 0.0037220632 | AG4: 0 | AH4: 0 | AI4: 0 | AJ4: 0 | AK4: 0 | AL4: 0 | AM4: 0.0018610316 | AN4: 0.0093051581 | AO4: - | AT4: =MID(C4,5,3) -> 2w_ | AU4: =RIGHT(C4,3) -> eth
A5: BASE | B5: PASTI | C5: Trd_2w_eth | D5: - | E5: - | F5: - | G5: 2003 | H5: - | I5: - | J5: - | K5: - | L5: 0 | M5: 0.0062034387 | N5: 0.0024813755 | O5: 0 | P5: 0.0012406877 | Q5: 0.16377078 | R5: 0.00062034387 | S5: 0.027915474 | T5: 0.00062034387 | U5: 0.20285245 | V5: 0.0012406877 | W5: 0.0012406877 | X5: 0.0018610316 | Y5: 0 | Z5: 0.00062034387 | AA5: 0.00062034387 | AB5: 0.00062034387 | AC5: 0.0037220632 | AD5: 0.0037220632 | AE5: 0.12903153 | AF5: 0.0037220632 | AG5: 0 | AH5: 0 | AI5: 0 | AJ5: 0 | AK5: 0 | AL5: 0 | AM5: 0.0018610316 | AN5: 0.0093051581 | AO5: - | AT5: =MID(C5,5,3) -> 2w_ | AU5: =RIGHT(C5,3) -> eth
A6: BASE | B6: PASTI | C6: Trd_2w_eth | D6: - | E6: - | F6: - | G6: 2004 | H6: - | I6: - | J6: - | K6: - | L6: 0 | M6: 0.0062034387 | N6: 0.0024813755 | O6: 0 | P6: 0.0012406877 | Q6: 0.16377078 | R6: 0.00062034387 | S6: 0.027915474 | T6: 0.00062034387 | U6: 0.20285245 | V6: 0.0012406877 | W6: 0.0012406877 | X6: 0.0018610316 | Y6: 0 | Z6: 0.00062034387 | AA6: 0.00062034387 | AB6: 0.00062034387 | AC6: 0.0037220632 | AD6: 0.0037220632 | AE6: 0.12903153 | AF6: 0.0037220632 | AG6: 0 | AH6: 0 | AI6: 0 | AJ6: 0 | AK6: 0 | AL6: 0 | AM6: 0.0018610316 | AN6: 0.0093051581 | AO6: - | AT6: =MID(C6,5,3) -> 2w_ | AU6: =RIGHT(C6,3) -> eth
A7: BASE | B7: PASTI | C7: Trd_2w_eth | D7: - | E7: - | F7: - | G7: 2005 | H7: - | I7: - | J7: - | K7: - | L7: 0 | M7: 0.0062034387 | N7: 0.0024813755 | O7: 0 | P7: 0.0012406877 | Q7: 0.16377078 | R7: 0.00062034387 | S7: 0.027915474 | T7: 0.00062034387 | U7: 0.20285245 | V7: 0.0012406877 | W7: 0.0012406877 | X7: 0.0018610316 | Y7: 0 | Z7: 0.00062034387 | AA7: 0.00062034387 | AB7: 0.00062034387 | AC7: 0.0037220632 | AD7: 0.0037220632 | AE7: 0.12903153 | AF7: 0.0037220632 | AG7: 0 | AH7: 0 | AI7: 0 | AJ7: 0 | AK7: 0 | AL7: 0 | AM7: 0.0018610316 | AN7: 0.0093051581 | AO7: - | AT7: =MID(C7,5,3) -> 2w_ | AU7: =RIGHT(C7,3) -> eth
A8: BASE | B8: PASTI | C8: Trd_2w_eth | D8: - | E8: - | F8: - | G8: 2006 | H8: - | I8: - | J8: - | K8: - | L8: 0 | M8: 0.0062034387 | N8: 0.0024813755 | O8: 0 | P8: 0.0012406877 | Q8: 0.16377078 | R8: 0.00062034387 | S8: 0.027915474 | T8: 0.00062034387 | U8: 0.20285245 | V8: 0.0012406877 | W8: 0.0012406877 | X8: 0.0018610316 | Y8: 0 | Z8: 0.00062034387 | AA8: 0.00062034387 | AB8: 0.00062034387 | AC8: 0.0037220632 | AD8: 0.0037220632 | AE8: 0.12903153 | AF8: 0.0037220632 | AG8: 0 | AH8: 0 | AI8: 0 | AJ8: 0 | AK8: 0 | AL8: 0 | AM8: 0.0018610316 | AN8: 0.0093051581 | AO8: - | AT8: =MID(C8,5,3) -> 2w_ | AU8: =RIGHT(C8,3) -> eth
A9: BASE | B9: PASTI | C9: Trd_2w_eth | D9: - | E9: - | F9: - | G9: 2007 | H9: - | I9: - | J9: - | K9: - | L9: 0 | M9: 0.0062034387 | N9: 0.0024813755 | O9: 0 | P9: 0.0012406877 | Q9: 0.16377078 | R9: 0.00062034387 | S9: 0.027915474 | T9: 0.00062034387 | U9: 0.20285245 | V9: 0.0012406877 | W9: 0.0012406877 | X9: 0.0018610316 | Y9: 0 | Z9: 0.00062034387 | AA9: 0.00062034387 | AB9: 0.00062034387 | AC9: 0.0037220632 | AD9: 0.0037220632 | AE9: 0.12903153 | AF9: 0.0037220632 | AG9: 0 | AH9: 0 | AI9: 0 | AJ9: 0 | AK9: 0 | AL9: 0 | AM9: 0.0018610316 | AN9: 0.0093051581 | AO9: - | AT9: =MID(C9,5,3) -> 2w_ | AU9: =RIGHT(C9,3) -> eth
A10: BASE | B10: PASTI | C10: Trd_2w_eth | D10: - | E10: - | F10: - | G10: 2008 | H10: - | I10: - | J10: - | K10: - | L10: 0 | M10: 0.0062034387 | N10: 0.0024813755 | O10: 0 | P10: 0.0012406877 | Q10: 0.16377078 | R10: 0.00062034387 | S10: 0.027915474 | T10: 0.00062034387 | U10: 0.20285245 | V10: 0.0012406877 | W10: 0.0012406877 | X10: 0.0018610316 | Y10: 0 | Z10: 0.00062034387 | AA10: 0.00062034387 | AB10: 0.00062034387 | AC10: 0.0037220632 | AD10: 0.0037220632 | AE10: 0.12903153 | AF10: 0.0037220632 | AG10: 0 | AH10: 0 | AI10: 0 | AJ10: 0 | AK10: 0 | AL10: 0 | AM10: 0.0018610316 | AN10: 0.0093051581 | AO10: - | AT10: =MID(C10,5,3) -> 2w_ | AU10: =RIGHT(C10,3) -> eth
A11: BASE | B11: PASTI | C11: Trd_2w_eth | D11: - | E11: - | F11: - | G11: 2009 | H11: - | I11: - | J11: - | K11: - | L11: 0 | M11: 0.0062034387 | N11: 0.0024813755 | O11: 0 | P11: 0.0012406877 | Q11: 0.16377078 | R11: 0.00062034387 | S11: 0.027915474 | T11: 0.00062034387 | U11: 0.20285245 | V11: 0.0012406877 | W11: 0.0012406877 | X11: 0.0018610316 | Y11: 0 | Z11: 0.00062034387 | AA11: 0.00062034387 | AB11: 0.00062034387 | AC11: 0.0037220632 | AD11: 0.0037220632 | AE11: 0.12903153 | AF11: 0.0037220632 | AG11: 0 | AH11: 0 | AI11: 0 | AJ11: 0 | AK11: 0 | AL11: 0 | AM11: 0.0018610316 | AN11: 0.0093051581 | AO11: - | AT11: =MID(C11,5,3) -> 2w_ | AU11: =RIGHT(C11,3) -> eth
A12: BASE | B12: PASTI | C12: Trd_2w_eth | D12: - | E12: - | F12: - | G12: 2010 | H12: - | I12: - | J12: - | K12: - | L12: 0 | M12: 0.0062034387 | N12: 0.0024813755 | O12: 0 | P12: 0.0012406877 | Q12: 0.16377078 | R12: 0.00062034387 | S12: 0.027915474 | T12: 0.00062034387 | U12: 0.20285245 | V12: 0.0012406877 | W12: 0.0012406877 | X12: 0.0018610316 | Y12: 0 | Z12: 0.00062034387 | AA12: 0.00062034387 | AB12: 0.00062034387 | AC12: 0.0037220632 | AD12: 0.0037220632 | AE12: 0.12903153 | AF12: 0.0037220632 | AG12: 0 | AH12: 0 | AI12: 0 | AJ12: 0 | AK12: 0 | AL12: 0 | AM12: 0.0018610316 | AN12: 0.0093051581 | AO12: - | AT12: =MID(C12,5,3) -> 2w_ | AU12: =RIGHT(C12,3) -> eth
A13: BASE | B13: PASTI | C13: Trd_2w_eth | D13: - | E13: - | F13: - | G13: 2011 | H13: - | I13: - | J13: - | K13: - | L13: 0 | M13: 0.0062034387 | N13: 0.0024813755 | O13: 0 | P13: 0.0012406877 | Q13: 0.16377078 | R13: 0.00062034387 | S13: 0.027915474 | T13: 0.00062034387 | U13: 0.20285245 | V13: 0.0012406877 | W13: 0.0012406877 | X13: 0.0018610316 | Y13: 0 | Z13: 0.00062034387 | AA13: 0.00062034387 | AB13: 0.00062034387 | AC13: 0.0037220632 | AD13: 0.0037220632 | AE13: 0.12903153 | AF13: 0.0037220632 | AG13: 0 | AH13: 0 | AI13: 0 | AJ13: 0 | AK13: 0 | AL13: 0 | AM13: 0.0018610316 | AN13: 0.0093051581 | AO13: - | AT13: =MID(C13,5,3) -> 2w_ | AU13: =RIGHT(C13,3) -> eth
... A621: BASE | B621: PASTI | C621: Trd_lcv_nga | D621: - | E621: - | F621: - | G621: 2019 | H621: - | I621: - | J621: - | K621: - | L621: 0.0024813755 | M621: 0 | N621: 0.014267909 | O621: 0.036600288 | P621: 0.0018610316 | Q621: 0.0043424071 | R621: 0.00062034387 | S621: 0.013647565 | T621: 0 | U621: 0.10111605 | V621: 0 | W621: 0 | X621: 0 | Y621: 0 | Z621: 0 | AA621: 0 | AB621: 0 | AC621: 0 | AD621: 0 | AE621: 0.014888253 | AF621: 0.012406877 | AG621: 0 | AH621: 0 | AI621: 0 | AJ621: 0.0018610316 | AK621: 0 | AL621: 0 | AM621: 0 | AN621: 0.00062034387 | AO621: - | AT621: =MID(C621,5,3) -> lcv | AU621: =RIGHT(C621,3) -> nga
AT622: =MID(C622,5,3) | AU622: =RIGHT(C622,3)
AT623: =MID(C623,5,3) | AU623: =RIGHT(C623,3)
AT624: =MID(C624,5,3) | AU624: =RIGHT(C624,3)
AT625: =MID(C625,5,3) | AU625: =RIGHT(C625,3)
AT626: =MID(C626,5,3) | AU626: =RIGHT(C626,3)
AT627: =MID(C627,5,3) | AU627: =RIGHT(C627,3)
AT628: =MID(C628,5,3) | AU628: =RIGHT(C628,3)
AT629: =MID(C629,5,3) | AU629: =RIGHT(C629,3)
AT630: =MID(C630,5,3) | AU630: =RIGHT(C630,3)
AT631: =MID(C631,5,3) | AU631: =RIGHT(C631,3)
AT632: =MID(C632,5,3) | AU632: =RIGHT(C632,3)
AT633: =MID(C633,5,3) | AU633: =RIGHT(C633,3)
... AT999: =MID(C999,5,3) | AU999: =RIGHT(C999,3)

Sheet Transport
M1: Africa_north | N1: Africa_other | O1: Arg-Chi | P1: Asia_central | Q1: Asia_east | R1: Asia_other | S1: Australia_NZ | T1: Brazil | U1: Canada | V1: China | W1: EU_north | X1: EU_northeast | Y1: EU_northwest | Z1: EU_south | AA1: EU_southeast | AB1: EU_southwest | AC1: Europe_other | AD1: France | AE1: Germany | AF1: India | AG1: LatAm_other | AH1: Mexico | AI1: MidEast_other | AJ1: Nor-Ice | AK1: Russia | AL1: SaudiArabia | AM1: SouthAfrica | AN1: UK | AO1: USA | AP1: \I: | AQ1: WORLD
K2: Road | L2: BGS/GSL | M2: 0 | N2: 0.0015466859 | O2: 0.054981129 | P2: 0 | Q2: 0.0082474766 | R2: 0.015001926 | S2: 0.008090233 | T2: 0.26270131 | U2: 0.049148491 | V2: 0.014240158 | W2: 0.049325171 | X2: 0.03967602 | Y2: 0.052160299 | Z2: 0.0052957472 | AA2: 0.042844915 | AB2: 0.021382632 | AC2: 0.019641984 | AD2: 0.083110496 | AE2: 0.041650975 | AF2: 0.02741929 | AG2: 0.023532875 | AH2: 0 | AI2: 0 | AJ2: 0.058947977 | AK2: 0 | AL2: 0 | AM2: 0 | AN2: 0.03095013 | AO2: 0.088336222 | AQ2: 0.04422043
B3: ~TFM_MIG | L3: BDS/DST | M3: 0 | N3: 0 | O3: 0.089358035 | P3: 4.8798116e-05 | Q3: 0.015955647 | R3: 0.090874676 | S3: 0.00031671838 | T3: 0.4533661 | U3: 0.033215555 | V3: 0.00963529 | W3: 0.22224276 | X3: 0.060291679 | Y3: 0.065088204 | Z3: 0.059043306 | AA3: 0.061709577 | AB3: 0.068502965 | AC3: 0.011621637 | AD3: 0.082169812 | AE3: 0.056931929 | AF3: 0.00067262438 | AG3: 0.031895003 | AH3: 0 | AI3: 0 | AJ3: 0.18889469 | AK3: 0 | AL3: 0 | AM3: 0 | AN3: 0.05185228 | AO3: 0.035581241 | AQ3: 0.045617324
B4: attribute | C4: pset_pn | D4: Cset_CN | E4: year2 | F4: value | G4: LimType
B5: Share | C5: T??_Generic,-TA*,-TT* | E5: 2050 | F5: *1 | G5: LO | K5: ~UC_Sets: R_E: allregions
B6: Share | C6: TA?_Generic | E6: 2050 | F6: *.25 | G6: LO
B7: Share | C7: TA?_Generic | E7: 2100 | F7: 0 | G7: LO | K7: ~UC_T: UC_FLO~LO
I8: UC_N | J8: pset_pn | K8: cset_cn | L8: 2018 | M8: =M1 -> Africa_north | N8: =N1 -> Africa_other | O8: =O1 -> Arg-Chi | P8: =P1 -> Asia_central | Q8: =Q1 -> Asia_east | R8: =R1 -> Asia_other | S8: =S1 -> Australia_NZ | T8: =T1 -> Brazil | ... AP8: =AP1 -> \I: | AQ8: UC_RHSRT | AR8: UC_RHSRT~0
I9: UCT_shareBGS_LO | J9: Trd* | K9: TRABGS | L9: 1 | AQ9: 0 | AR9: 3
B10: ~TFM_INS | J10: Trd* | K10: TRAGSL | M10: =IFERROR(-M2,"") -> 0 | N10: =IFERROR(-N2,"") -> -0.0015466859 | O10: =IFERROR(-O2,"") -> -0.054981129 | P10: =IFERROR(-P2,"") -> 0 | Q10: =IFERROR(-Q2,"") -> -0.0082474766 | R10: =IFERROR(-R2,"") -> -0.015001926 | S10: =IFERROR(-S2,"") -> -0.008090233 | T10: =IFERROR(-T2,"") -> -0.26270131 | ... AP10: =IFERROR(-AP2,"") -> 0
B11: attribute | C11: PSET_CI | D11: PSET_CO | E11: value | I11: UCT_shareBDS_LO | J11: Trd* | K11: TRABDS | L11: 1 | AQ11: 0 | AR11: 3
B12: START | C12: TRALPG | D12: Trd* | E12: 2150 | J12: Trd* | K12: TRADST | M12: =IFERROR(-M3,"") -> 0 | N12: =IFERROR(-N3,"") -> 0 | O12: =IFERROR(-O3,"") -> -0.089358035 | P12: =IFERROR(-P3,"") -> -4.8798116e-05 | Q12: =IFERROR(-Q3,"") -> -0.015955647 | R12: =IFERROR(-R3,"") -> -0.090874676 | S12: =IFERROR(-S3,"") -> -0.00031671838 | T12: =IFERROR(-T3,"") -> -0.4533661 | ... AP12: =IFERROR(-AP3,"") -> 0
B15: ~TFM_INS
B16: attribute | C16: PSET_PN | D16: CSET_CN | E16: LimType | F16: value | G16: region | K16: ~TFM_FILL-R:w=BY_TRA; hcol=region
B17: FLO_SHAR | C17: TW?_Generic | D17: TRANH3 | E17: UP | F17: 0.48 | K17: Scenario | L17: Attribute | M17: PSET_CO | N17: AllRegions
B18: *FLO_SHAR | C18: TTF*,TTP* | D18: TRABDS | E18: UP | F18: 0.01 | L18: PASTI | M18: Trd[_]* | N18: *1
B19: *FLO_SHAR | C19: TTF*,TTP* | D19: TRABDS | E19: UP | F19: 0.03 | G19: =AF23 -> USA
B20: *FLO_SHAR | C20: TTF*,TTP* | D20: TRABDS | E20: UP | F20: 0.1 | G20: =K23 -> Brazil
B23: Dem | C23: Fuel | D23: =IF(BY_TRA!L1="","\I:",BY_TRA!L1) -> Africa_north | E23: =IF(BY_TRA!M1="","\I:",BY_TRA!M1) -> Africa_other | F23: =IF(BY_TRA!N1="","\I:",BY_TRA!N1) -> Arg-Chi | G23: =IF(BY_TRA!O1="","\I:",BY_TRA!O1) -> Asia_central | H23: =IF(BY_TRA!P1="","\I:",BY_TRA!P1) -> Asia_east | I23: =IF(BY_TRA!Q1="","\I:",BY_TRA!Q1) -> Asia_other | J23: =IF(BY_TRA!R1="","\I:",BY_TRA!R1) -> Australia_NZ | K23: =IF(BY_TRA!S1="","\I:",BY_TRA!S1) -> Brazil | ... AK23: =IF(BY_TRA!AS1="","\I:",BY_TRA!AS1) -> \I:
B24: 2w_ | C24: eth | D24: =IFERROR(SUMIFS(BY_TRA!L$2:L$999,BY_TRA!$AT$2:$AT$999,Transport!$B24,BY_TRA!$AU$2:$AU$999,Transport!$C24)/SUMIFS(BY_TRA!L$2:L$999,BY_TRA!$AT$2:$AT$999,Transport!$B24),0) -> 0 | E24: =IFERROR(SUMIFS(BY_TRA!M$2:M$999,BY_TRA!$AT$2:$AT$999,Transport!$B24,BY_TRA!$AU$2:$AU$999,Transport!$C24)/SUMIFS(BY_TRA!M$2:M$999,BY_TRA!$AT$2:$AT$999,Transport!$B24),0) -> 0.0016228497 | F24: =IFERROR(SUMIFS(BY_TRA!N$2:N$999,BY_TRA!$AT$2:$AT$999,Transport!$B24,BY_TRA!$AU$2:$AU$999,Transport!$C24)/SUMIFS(BY_TRA!N$2:N$999,BY_TRA!$AT$2:$AT$999,Transport!$B24),0) -> 0.048780488 | G24: =IFERROR(SUMIFS(BY_TRA!O$2:O$999,BY_TRA!$AT$2:$AT$999,Transport!$B24,BY_TRA!$AU$2:$AU$999,Transport!$C24)/SUMIFS(BY_TRA!O$2:O$999,BY_TRA!$AT$2:$AT$999,Transport!$B24),0) -> 0 | H24: =IFERROR(SUMIFS(BY_TRA!P$2:P$999,BY_TRA!$AT$2:$AT$999,Transport!$B24,BY_TRA!$AU$2:$AU$999,Transport!$C24)/SUMIFS(BY_TRA!P$2:P$999,BY_TRA!$AT$2:$AT$999,Transport!$B24),0) -> 0.0077220077 | I24: =IFERROR(SUMIFS(BY_TRA!Q$2:Q$999,BY_TRA!$AT$2:$AT$999,Transport!$B24,BY_TRA!$AU$2:$AU$999,Transport!$C24)/SUMIFS(BY_TRA!Q$2:Q$999,BY_TRA!$AT$2:$AT$999,Transport!$B24),0) -> 0.014785774 | J24: =IFERROR(SUMIFS(BY_TRA!R$2:R$999,BY_TRA!$AT$2:$AT$999,Transport!$B24,BY_TRA!$AU$2:$AU$999,Transport!$C24)/SUMIFS(BY_TRA!R$2:R$999,BY_TRA!$AT$2:$AT$999,Transport!$B24),0) -> 0.0057803468 | K24: =IFERROR(SUMIFS(BY_TRA!S$2:S$999,BY_TRA!$AT$2:$AT$999,Transport!$B24,BY_TRA!$AU$2:$AU$999,Transport!$C24)/SUMIFS(BY_TRA!S$2:S$999,BY_TRA!$AT$2:$AT$999,Transport!$B24),0) -> 0.20833333 | ... AI24: =IFERROR(SUMIFS(BY_TRA!AQ$2:AQ$999,BY_TRA!$AT$2:$AT$999,Transport!$B24,BY_TRA!$AU$2:$AU$999,Transport!$C24)/SUMIFS(BY_TRA!AQ$2:AQ$999,BY_TRA!$AT$2:$AT$999,Transport!$B24),0) -> 0
B25: 2w_ | C25: gsl | D25: =IFERROR(SUMIFS(BY_TRA!L$2:L$999,BY_TRA!$AT$2:$AT$999,Transport!$B25,BY_TRA!$AU$2:$AU$999,Transport!$C25)/SUMIFS(BY_TRA!L$2:L$999,BY_TRA!$AT$2:$AT$999,Transport!$B25),0) -> 1 | E25: =IFERROR(SUMIFS(BY_TRA!M$2:M$999,BY_TRA!$AT$2:$AT$999,Transport!$B25,BY_TRA!$AU$2:$AU$999,Transport!$C25)/SUMIFS(BY_TRA!M$2:M$999,BY_TRA!$AT$2:$AT$999,Transport!$B25),0) -> 0.99837715 | F25: =IFERROR(SUMIFS(BY_TRA!N$2:N$999,BY_TRA!$AT$2:$AT$999,Transport!$B25,BY_TRA!$AU$2:$AU$999,Transport!$C25)/SUMIFS(BY_TRA!N$2:N$999,BY_TRA!$AT$2:$AT$999,Transport!$B25),0) -> 0.95121951 | G25: =IFERROR(SUMIFS(BY_TRA!O$2:O$999,BY_TRA!$AT$2:$AT$999,Transport!$B25,BY_TRA!$AU$2:$AU$999,Transport!$C25)/SUMIFS(BY_TRA!O$2:O$999,BY_TRA!$AT$2:$AT$999,Transport!$B25),0) -> 1 | H25: =IFERROR(SUMIFS(BY_TRA!P$2:P$999,BY_TRA!$AT$2:$AT$999,Transport!$B25,BY_TRA!$AU$2:$AU$999,Transport!$C25)/SUMIFS(BY_TRA!P$2:P$999,BY_TRA!$AT$2:$AT$999,Transport!$B25),0) -> 0.99227799 | I25: =IFERROR(SUMIFS(BY_TRA!Q$2:Q$999,BY_TRA!$AT$2:$AT$999,Transport!$B25,BY_TRA!$AU$2:$AU$999,Transport!$C25)/SUMIFS(BY_TRA!Q$2:Q$999,BY_TRA!$AT$2:$AT$999,Transport!$B25),0) -> 0.98521423 | J25: =IFERROR(SUMIFS(BY_TRA!R$2:R$999,BY_TRA!$AT$2:$AT$999,Transport!$B25,BY_TRA!$AU$2:$AU$999,Transport!$C25)/SUMIFS(BY_TRA!R$2:R$999,BY_TRA!$AT$2:$AT$999,Transport!$B25),0) -> 0.99421965 | K25: =IFERROR(SUMIFS(BY_TRA!S$2:S$999,BY_TRA!$AT$2:$AT$999,Transport!$B25,BY_TRA!$AU$2:$AU$999,Transport!$C25)/SUMIFS(BY_TRA!S$2:S$999,BY_TRA!$AT$2:$AT$999,Transport!$B25),0) -> 0.79166667 | ... AI25: =IFERROR(SUMIFS(BY_TRA!AQ$2:AQ$999,BY_TRA!$AT$2:$AT$999,Transport!$B25,BY_TRA!$AU$2:$AU$999,Transport!$C25)/SUMIFS(BY_TRA!AQ$2:AQ$999,BY_TRA!$AT$2:$AT$999,Transport!$B25),0) -> 0
B26: 3w_ | C26: bdl | D26: =IFERROR(SUMIFS(BY_TRA!L$2:L$999,BY_TRA!$AT$2:$AT$999,Transport!$B26,BY_TRA!$AU$2:$AU$999,Transport!$C26)/SUMIFS(BY_TRA!L$2:L$999,BY_TRA!$AT$2:$AT$999,Transport!$B26),0) -> 0 | E26: =IFERROR(SUMIFS(BY_TRA!M$2:M$999,BY_TRA!$AT$2:$AT$999,Transport!$B26,BY_TRA!$AU$2:$AU$999,Transport!$C26)/SUMIFS(BY_TRA!M$2:M$999,BY_TRA!$AT$2:$AT$999,Transport!$B26),0) -> 0 | F26: =IFERROR(SUMIFS(BY_TRA!N$2:N$999,BY_TRA!$AT$2:$AT$999,Transport!$B26,BY_TRA!$AU$2:$AU$999,Transport!$C26)/SUMIFS(BY_TRA!N$2:N$999,BY_TRA!$AT$2:$AT$999,Transport!$B26),0) -> 0 | G26: =IFERROR(SUMIFS(BY_TRA!O$2:O$999,BY_TRA!$AT$2:$AT$999,Transport!$B26,BY_TRA!$AU$2:$AU$999,Transport!$C26)/SUMIFS(BY_TRA!O$2:O$999,BY_TRA!$AT$2:$AT$999,Transport!$B26),0) -> 0 | H26: =IFERROR(SUMIFS(BY_TRA!P$2:P$999,BY_TRA!$AT$2:$AT$999,Transport!$B26,BY_TRA!$AU$2:$AU$999,Transport!$C26)/SUMIFS(BY_TRA!P$2:P$999,BY_TRA!$AT$2:$AT$999,Transport!$B26),0) -> 0 | I26: =IFERROR(SUMIFS(BY_TRA!Q$2:Q$999,BY_TRA!$AT$2:$AT$999,Transport!$B26,BY_TRA!$AU$2:$AU$999,Transport!$C26)/SUMIFS(BY_TRA!Q$2:Q$999,BY_TRA!$AT$2:$AT$999,Transport!$B26),0) -> 0 | J26: =IFERROR(SUMIFS(BY_TRA!R$2:R$999,BY_TRA!$AT$2:$AT$999,Transport!$B26,BY_TRA!$AU$2:$AU$999,Transport!$C26)/SUMIFS(BY_TRA!R$2:R$999,BY_TRA!$AT$2:$AT$999,Transport!$B26),0) -> 0 | K26: =IFERROR(SUMIFS(BY_TRA!S$2:S$999,BY_TRA!$AT$2:$AT$999,Transport!$B26,BY_TRA!$AU$2:$AU$999,Transport!$C26)/SUMIFS(BY_TRA!S$2:S$999,BY_TRA!$AT$2:$AT$999,Transport!$B26),0) -> 0.076923077 | ... AI26: =IFERROR(SUMIFS(BY_TRA!AQ$2:AQ$999,BY_TRA!$AT$2:$AT$999,Transport!$B26,BY_TRA!$AU$2:$AU$999,Transport!$C26)/SUMIFS(BY_TRA!AQ$2:AQ$999,BY_TRA!$AT$2:$AT$999,Transport!$B26),0) -> 0
B27: 3w_ | C27: dsl | D27: =IFERROR(SUMIFS(BY_TRA!L$2:L$999,BY_TRA!$AT$2:$AT$999,Transport!$B27,BY_TRA!$AU$2:$AU$999,Transport!$C27)/SUMIFS(BY_TRA!L$2:L$999,BY_TRA!$AT$2:$AT$999,Transport!$B27),0) -> 0 | E27: =IFERROR(SUMIFS(BY_TRA!M$2:M$999,BY_TRA!$AT$2:$AT$999,Transport!$B27,BY_TRA!$AU$2:$AU$999,Transport!$C27)/SUMIFS(BY_TRA!M$2:M$999,BY_TRA!$AT$2:$AT$999,Transport!$B27),0) -> 0 | F27: =IFERROR(SUMIFS(BY_TRA!N$2:N$999,BY_TRA!$AT$2:$AT$999,Transport!$B27,BY_TRA!$AU$2:$AU$999,Transport!$C27)/SUMIFS(BY_TRA!N$2:N$999,BY_TRA!$AT$2:$AT$999,Transport!$B27),0) -> 0.125 | G27: =IFERROR(SUMIFS(BY_TRA!O$2:O$999,BY_TRA!$AT$2:$AT$999,Transport!$B27,BY_TRA!$AU$2:$AU$999,Transport!$C27)/SUMIFS(BY_TRA!O$2:O$999,BY_TRA!$AT$2:$AT$999,Transport!$B27),0) -> 0 | H27: =IFERROR(SUMIFS(BY_TRA!P$2:P$999,BY_TRA!$AT$2:$AT$999,Transport!$B27,BY_TRA!$AU$2:$AU$999,Transport!$C27)/SUMIFS(BY_TRA!P$2:P$999,BY_TRA!$AT$2:$AT$999,Transport!$B27),0) -> 0.076923077 | I27: =IFERROR(SUMIFS(BY_TRA!Q$2:Q$999,BY_TRA!$AT$2:$AT$999,Transport!$B27,BY_TRA!$AU$2:$AU$999,Transport!$C27)/SUMIFS(BY_TRA!Q$2:Q$999,BY_TRA!$AT$2:$AT$999,Transport!$B27),0) -> 0 | J27: =IFERROR(SUMIFS(BY_TRA!R$2:R$999,BY_TRA!$AT$2:$AT$999,Transport!$B27,BY_TRA!$AU$2:$AU$999,Transport!$C27)/SUMIFS(BY_TRA!R$2:R$999,BY_TRA!$AT$2:$AT$999,Transport!$B27),0) -> 0 | K27: =IFERROR(SUMIFS(BY_TRA!S$2:S$999,BY_TRA!$AT$2:$AT$999,Transport!$B27,BY_TRA!$AU$2:$AU$999,Transport!$C27)/SUMIFS(BY_TRA!S$2:S$999,BY_TRA!$AT$2:$AT$999,Transport!$B27),0) -> 0.15384615 | ... AI27: =IFERROR(SUMIFS(BY_TRA!AQ$2:AQ$999,BY_TRA!$AT$2:$AT$999,Transport!$B27,BY_TRA!$AU$2:$AU$999,Transport!$C27)/SUMIFS(BY_TRA!AQ$2:AQ$999,BY_TRA!$AT$2:$AT$999,Transport!$B27),0) -> 0
B28: 3w_ | C28: eth | D28: =IFERROR(SUMIFS(BY_TRA!L$2:L$999,BY_TRA!$AT$2:$AT$999,Transport!$B28,BY_TRA!$AU$2:$AU$999,Transport!$C28)/SUMIFS(BY_TRA!L$2:L$999,BY_TRA!$AT$2:$AT$999,Transport!$B28),0) -> 0 | E28: =IFERROR(SUMIFS(BY_TRA!M$2:M$999,BY_TRA!$AT$2:$AT$999,Transport!$B28,BY_TRA!$AU$2:$AU$999,Transport!$C28)/SUMIFS(BY_TRA!M$2:M$999,BY_TRA!$AT$2:$AT$999,Transport!$B28),0) -> 0.0020533881 | F28: =IFERROR(SUMIFS(BY_TRA!N$2:N$999,BY_TRA!$AT$2:$AT$999,Transport!$B28,BY_TRA!$AU$2:$AU$999,Transport!$C28)/SUMIFS(BY_TRA!N$2:N$999,BY_TRA!$AT$2:$AT$999,Transport!$B28),0) -> 0 | G28: =IFERROR(SUMIFS(BY_TRA!O$2:O$999,BY_TRA!$AT$2:$AT$999,Transport!$B28,BY_TRA!$AU$2:$AU$999,Transport!$C28)/SUMIFS(BY_TRA!O$2:O$999,BY_TRA!$AT$2:$AT$999,Transport!$B28),0) -> 0 | H28: =IFERROR(SUMIFS(BY_TRA!P$2:P$999,BY_TRA!$AT$2:$AT$999,Transport!$B28,BY_TRA!$AU$2:$AU$999,Transport!$C28)/SUMIFS(BY_TRA!P$2:P$999,BY_TRA!$AT$2:$AT$999,Transport!$B28),0) -> 0 | I28: =IFERROR(SUMIFS(BY_TRA!Q$2:Q$999,BY_TRA!$AT$2:$AT$999,Transport!$B28,BY_TRA!$AU$2:$AU$999,Transport!$C28)/SUMIFS(BY_TRA!Q$2:Q$999,BY_TRA!$AT$2:$AT$999,Transport!$B28),0) -> 0.014872521 | J28: =IFERROR(SUMIFS(BY_TRA!R$2:R$999,BY_TRA!$AT$2:$AT$999,Transport!$B28,BY_TRA!$AU$2:$AU$999,Transport!$C28)/SUMIFS(BY_TRA!R$2:R$999,BY_TRA!$AT$2:$AT$999,Transport!$B28),0) -> 0 | K28: =IFERROR(SUMIFS(BY_TRA!S$2:S$999,BY_TRA!$AT$2:$AT$999,Transport!$B28,BY_TRA!$AU$2:$AU$999,Transport!$C28)/SUMIFS(BY_TRA!S$2:S$999,BY_TRA!$AT$2:$AT$999,Transport!$B28),0) -> 0.15384615 | ... AI28: =IFERROR(SUMIFS(BY_TRA!AQ$2:AQ$999,BY_TRA!$AT$2:$AT$999,Transport!$B28,BY_TRA!$AU$2:$AU$999,Transport!$C28)/SUMIFS(BY_TRA!AQ$2:AQ$999,BY_TRA!$AT$2:$AT$999,Transport!$B28),0) -> 0
B29: 3w_ | C29: gsl | D29: =IFERROR(SUMIFS(BY_TRA!L$2:L$999,BY_TRA!$AT$2:$AT$999,Transport!$B29,BY_TRA!$AU$2:$AU$999,Transport!$C29)/SUMIFS(BY_TRA!L$2:L$999,BY_TRA!$AT$2:$AT$999,Transport!$B29),0) -> 1 | E29: =IFERROR(SUMIFS(BY_TRA!M$2:M$999,BY_TRA!$AT$2:$AT$999,Transport!$B29,BY_TRA!$AU$2:$AU$999,Transport!$C29)/SUMIFS(BY_TRA!M$2:M$999,BY_TRA!$AT$2:$AT$999,Transport!$B29),0) -> 0.99794661 | F29: =IFERROR(SUMIFS(BY_TRA!N$2:N$999,BY_TRA!$AT$2:$AT$999,Transport!$B29,BY_TRA!$AU$2:$AU$999,Transport!$C29)/SUMIFS(BY_TRA!N$2:N$999,BY_TRA!$AT$2:$AT$999,Transport!$B29),0) -> 0.875 | G29: =IFERROR(SUMIFS(BY_TRA!O$2:O$999,BY_TRA!$AT$2:$AT$999,Transport!$B29,BY_TRA!$AU$2:$AU$999,Transport!$C29)/SUMIFS(BY_TRA!O$2:O$999,BY_TRA!$AT$2:$AT$999,Transport!$B29),0) -> 1 | H29: =IFERROR(SUMIFS(BY_TRA!P$2:P$999,BY_TRA!$AT$2:$AT$999,Transport!$B29,BY_TRA!$AU$2:$AU$999,Transport!$C29)/SUMIFS(BY_TRA!P$2:P$999,BY_TRA!$AT$2:$AT$999,Transport!$B29),0) -> 0.92307692 | I29: =IFERROR(SUMIFS(BY_TRA!Q$2:Q$999,BY_TRA!$AT$2:$AT$999,Transport!$B29,BY_TRA!$AU$2:$AU$999,Transport!$C29)/SUMIFS(BY_TRA!Q$2:Q$999,BY_TRA!$AT$2:$AT$999,Transport!$B29),0) -> 0.98512748 | J29: =IFERROR(SUMIFS(BY_TRA!R$2:R$999,BY_TRA!$AT$2:$AT$999,Transport!$B29,BY_TRA!$AU$2:$AU$999,Transport!$C29)/SUMIFS(BY_TRA!R$2:R$999,BY_TRA!$AT$2:$AT$999,Transport!$B29),0) -> 0 | K29: =IFERROR(SUMIFS(BY_TRA!S$2:S$999,BY_TRA!$AT$2:$AT$999,Transport!$B29,BY_TRA!$AU$2:$AU$999,Transport!$C29)/SUMIFS(BY_TRA!S$2:S$999,BY_TRA!$AT$2:$AT$999,Transport!$B29),0) -> 0.61538462 | ... AI29: =IFERROR(SUMIFS(BY_TRA!AQ$2:AQ$999,BY_TRA!$AT$2:$AT$999,Transport!$B29,BY_TRA!$AU$2:$AU$999,Transport!$C29)/SUMIFS(BY_TRA!AQ$2:AQ$999,BY_TRA!$AT$2:$AT$999,Transport!$B29),0) -> 0
B30: bus | C30: bdl | D30: =IFERROR(SUMIFS(BY_TRA!L$2:L$999,BY_TRA!$AT$2:$AT$999,Transport!$B30,BY_TRA!$AU$2:$AU$999,Transport!$C30)/SUMIFS(BY_TRA!L$2:L$999,BY_TRA!$AT$2:$AT$999,Transport!$B30),0) -> 0 | E30: =IFERROR(SUMIFS(BY_TRA!M$2:M$999,BY_TRA!$AT$2:$AT$999,Transport!$B30,BY_TRA!$AU$2:$AU$999,Transport!$C30)/SUMIFS(BY_TRA!M$2:M$999,BY_TRA!$AT$2:$AT$999,Transport!$B30),0) -> 0 | F30: =IFERROR(SUMIFS(BY_TRA!N$2:N$999,BY_TRA!$AT$2:$AT$999,Transport!$B30,BY_TRA!$AU$2:$AU$999,Transport!$C30)/SUMIFS(BY_TRA!N$2:N$999,BY_TRA!$AT$2:$AT$999,Transport!$B30),0) -> 0.058823529 | G30: =IFERROR(SUMIFS(BY_TRA!O$2:O$999,BY_TRA!$AT$2:$AT$999,Transport!$B30,BY_TRA!$AU$2:$AU$999,Transport!$C30)/SUMIFS(BY_TRA!O$2:O$999,BY_TRA!$AT$2:$AT$999,Transport!$B30),0) -> 0 | H30: =IFERROR(SUMIFS(BY_TRA!P$2:P$999,BY_TRA!$AT$2:$AT$999,Transport!$B30,BY_TRA!$AU$2:$AU$999,Transport!$C30)/SUMIFS(BY_TRA!P$2:P$999,BY_TRA!$AT$2:$AT$999,Transport!$B30),0) -> 0 | I30: =IFERROR(SUMIFS(BY_TRA!Q$2:Q$999,BY_TRA!$AT$2:$AT$999,Transport!$B30,BY_TRA!$AU$2:$AU$999,Transport!$C30)/SUMIFS(BY_TRA!Q$2:Q$999,BY_TRA!$AT$2:$AT$999,Transport!$B30),0) -> 0.075268817 | J30: =IFERROR(SUMIFS(BY_TRA!R$2:R$999,BY_TRA!$AT$2:$AT$999,Transport!$B30,BY_TRA!$AU$2:$AU$999,Transport!$C30)/SUMIFS(BY_TRA!R$2:R$999,BY_TRA!$AT$2:$AT$999,Transport!$B30),0) -> 0 | K30: =IFERROR(SUMIFS(BY_TRA!S$2:S$999,BY_TRA!$AT$2:$AT$999,Transport!$B30,BY_TRA!$AU$2:$AU$999,Transport!$C30)/SUMIFS(BY_TRA!S$2:S$999,BY_TRA!$AT$2:$AT$999,Transport!$B30),0) -> 0.26086957 | ... AI30: =IFERROR(SUMIFS(BY_TRA!AQ$2:AQ$999,BY_TRA!$AT$2:$AT$999,Transport!$B30,BY_TRA!$AU$2:$AU$999,Transport!$C30)/SUMIFS(BY_TRA!AQ$2:AQ$999,BY_TRA!$AT$2:$AT$999,Transport!$B30),0) -> 0
B31: bus | C31: dsl | D31: =IFERROR(SUMIFS(BY_TRA!L$2:L$999,BY_TRA!$AT$2:$AT$999,Transport!$B31,BY_TRA!$AU$2:$AU$999,Transport!$C31)/SUMIFS(BY_TRA!L$2:L$999,BY_TRA!$AT$2:$AT$999,Transport!$B31),0) -> 0.96 | E31: =IFERROR(SUMIFS(BY_TRA!M$2:M$999,BY_TRA!$AT$2:$AT$999,Transport!$B31,BY_TRA!$AU$2:$AU$999,Transport!$C31)/SUMIFS(BY_TRA!M$2:M$999,BY_TRA!$AT$2:$AT$999,Transport!$B31),0) -> 1 | F31: =IFERROR(SUMIFS(BY_TRA!N$2:N$999,BY_TRA!$AT$2:$AT$999,Transport!$B31,BY_TRA!$AU$2:$AU$999,Transport!$C31)/SUMIFS(BY_TRA!N$2:N$999,BY_TRA!$AT$2:$AT$999,Transport!$B31),0) -> 0.52941176 | G31: =IFERROR(SUMIFS(BY_TRA!O$2:O$999,BY_TRA!$AT$2:$AT$999,Transport!$B31,BY_TRA!$AU$2:$AU$999,Transport!$C31)/SUMIFS(BY_TRA!O$2:O$999,BY_TRA!$AT$2:$AT$999,Transport!$B31),0) -> 0.8 | H31: =IFERROR(SUMIFS(BY_TRA!P$2:P$999,BY_TRA!$AT$2:$AT$999,Transport!$B31,BY_TRA!$AU$2:$AU$999,Transport!$C31)/SUMIFS(BY_TRA!P$2:P$999,BY_TRA!$AT$2:$AT$999,Transport!$B31),0) -> 1 | I31: =IFERROR(SUMIFS(BY_TRA!Q$2:Q$999,BY_TRA!$AT$2:$AT$999,Transport!$B31,BY_TRA!$AU$2:$AU$999,Transport!$C31)/SUMIFS(BY_TRA!Q$2:Q$999,BY_TRA!$AT$2:$AT$999,Transport!$B31),0) -> 0.87096774 | J31: =IFERROR(SUMIFS(BY_TRA!R$2:R$999,BY_TRA!$AT$2:$AT$999,Transport!$B31,BY_TRA!$AU$2:$AU$999,Transport!$C31)/SUMIFS(BY_TRA!R$2:R$999,BY_TRA!$AT$2:$AT$999,Transport!$B31),0) -> 0.86956522 | K31: =IFERROR(SUMIFS(BY_TRA!S$2:S$999,BY_TRA!$AT$2:$AT$999,Transport!$B31,BY_TRA!$AU$2:$AU$999,Transport!$C31)/SUMIFS(BY_TRA!S$2:S$999,BY_TRA!$AT$2:$AT$999,Transport!$B31),0) -> 0.58695652 | ... AI31: =IFERROR(SUMIFS(BY_TRA!AQ$2:AQ$999,BY_TRA!$AT$2:$AT$999,Transport!$B31,BY_TRA!$AU$2:$AU$999,Transport!$C31)/SUMIFS(BY_TRA!AQ$2:AQ$999,BY_TRA!$AT$2:$AT$999,Transport!$B31),0) -> 0
B32: bus | C32: elc | D32: =IFERROR(SUMIFS(BY_TRA!L$2:L$999,BY_TRA!$AT$2:$AT$999,Transport!$B32,BY_TRA!$AU$2:$AU$999,Transport!$C32)/SUMIFS(BY_TRA!L$2:L$999,BY_TRA!$AT$2:$AT$999,Transport!$B32),0) -> 0 | E32: =IFERROR(SUMIFS(BY_TRA!M$2:M$999,BY_TRA!$AT$2:$AT$999,Transport!$B32,BY_TRA!$AU$2:$AU$999,Transport!$C32)/SUMIFS(BY_TRA!M$2:M$999,BY_TRA!$AT$2:$AT$999,Transport!$B32),0) -> 0 | F32: =IFERROR(SUMIFS(BY_TRA!N$2:N$999,BY_TRA!$AT$2:$AT$999,Transport!$B32,BY_TRA!$AU$2:$AU$999,Transport!$C32)/SUMIFS(BY_TRA!N$2:N$999,BY_TRA!$AT$2:$AT$999,Transport!$B32),0) -> 0.058823529 | G32: =IFERROR(SUMIFS(BY_TRA!O$2:O$999,BY_TRA!$AT$2:$AT$999,Transport!$B32,BY_TRA!$AU$2:$AU$999,Transport!$C32)/SUMIFS(BY_TRA!O$2:O$999,BY_TRA!$AT$2:$AT$999,Transport!$B32),0) -> 0 | H32: =IFERROR(SUMIFS(BY_TRA!P$2:P$999,BY_TRA!$AT$2:$AT$999,Transport!$B32,BY_TRA!$AU$2:$AU$999,Transport!$C32)/SUMIFS(BY_TRA!P$2:P$999,BY_TRA!$AT$2:$AT$999,Transport!$B32),0) -> 0 | I32: =IFERROR(SUMIFS(BY_TRA!Q$2:Q$999,BY_TRA!$AT$2:$AT$999,Transport!$B32,BY_TRA!$AU$2:$AU$999,Transport!$C32)/SUMIFS(BY_TRA!Q$2:Q$999,BY_TRA!$AT$2:$AT$999,Transport!$B32),0) -> 0 | J32: =IFERROR(SUMIFS(BY_TRA!R$2:R$999,BY_TRA!$AT$2:$AT$999,Transport!$B32,BY_TRA!$AU$2:$AU$999,Transport!$C32)/SUMIFS(BY_TRA!R$2:R$999,BY_TRA!$AT$2:$AT$999,Transport!$B32),0) -> 0 | K32: =IFERROR(SUMIFS(BY_TRA!S$2:S$999,BY_TRA!$AT$2:$AT$999,Transport!$B32,BY_TRA!$AU$2:$AU$999,Transport!$C32)/SUMIFS(BY_TRA!S$2:S$999,BY_TRA!$AT$2:$AT$999,Transport!$B32),0) -> 0 | ... AI32: =IFERROR(SUMIFS(BY_TRA!AQ$2:AQ$999,BY_TRA!$AT$2:$AT$999,Transport!$B32,BY_TRA!$AU$2:$AU$999,Transport!$C32)/SUMIFS(BY_TRA!AQ$2:AQ$999,BY_TRA!$AT$2:$AT$999,Transport!$B32),0) -> 0
B33: bus | C33: eth | D33: =IFERROR(SUMIFS(BY_TRA!L$2:L$999,BY_TRA!$AT$2:$AT$999,Transport!$B33,BY_TRA!$AU$2:$AU$999,Transport!$C33)/SUMIFS(BY_TRA!L$2:L$999,BY_TRA!$AT$2:$AT$999,Transport!$B33),0) -> 0 | E33: =IFERROR(SUMIFS(BY_TRA!M$2:M$999,BY_TRA!$AT$2:$AT$999,Transport!$B33,BY_TRA!$AU$2:$AU$999,Transport!$C33)/SUMIFS(BY_TRA!M$2:M$999,BY_TRA!$AT$2:$AT$999,Transport!$B33),0) -> 0 | F33: =IFERROR(SUMIFS(BY_TRA!N$2:N$999,BY_TRA!$AT$2:$AT$999,Transport!$B33,BY_TRA!$AU$2:$AU$999,Transport!$C33)/SUMIFS(BY_TRA!N$2:N$999,BY_TRA!$AT$2:$AT$999,Transport!$B33),0) -> 0 | G33: =IFERROR(SUMIFS(BY_TRA!O$2:O$999,BY_TRA!$AT$2:$AT$999,Transport!$B33,BY_TRA!$AU$2:$AU$999,Transport!$C33)/SUMIFS(BY_TRA!O$2:O$999,BY_TRA!$AT$2:$AT$999,Transport!$B33),0) -> 0 | H33: =IFERROR(SUMIFS(BY_TRA!P$2:P$999,BY_TRA!$AT$2:$AT$999,Transport!$B33,BY_TRA!$AU$2:$AU$999,Transport!$C33)/SUMIFS(BY_TRA!P$2:P$999,BY_TRA!$AT$2:$AT$999,Transport!$B33),0) -> 0 | I33: =IFERROR(SUMIFS(BY_TRA!Q$2:Q$999,BY_TRA!$AT$2:$AT$999,Transport!$B33,BY_TRA!$AU$2:$AU$999,Transport!$C33)/SUMIFS(BY_TRA!Q$2:Q$999,BY_TRA!$AT$2:$AT$999,Transport!$B33),0) -> 0 | J33: =IFERROR(SUMIFS(BY_TRA!R$2:R$999,BY_TRA!$AT$2:$AT$999,Transport!$B33,BY_TRA!$AU$2:$AU$999,Transport!$C33)/SUMIFS(BY_TRA!R$2:R$999,BY_TRA!$AT$2:$AT$999,Transport!$B33),0) -> 0 | K33: =IFERROR(SUMIFS(BY_TRA!S$2:S$999,BY_TRA!$AT$2:$AT$999,Transport!$B33,BY_TRA!$AU$2:$AU$999,Transport!$C33)/SUMIFS(BY_TRA!S$2:S$999,BY_TRA!$AT$2:$AT$999,Transport!$B33),0) -> 0.02173913 | ... AI33: =IFERROR(SUMIFS(BY_TRA!AQ$2:AQ$999,BY_TRA!$AT$2:$AT$999,Transport!$B33,BY_TRA!$AU$2:$AU$999,Transport!$C33)/SUMIFS(BY_TRA!AQ$2:AQ$999,BY_TRA!$AT$2:$AT$999,Transport!$B33),0) -> 0
B34: bus | C34: gsl | D34: =IFERROR(SUMIFS(BY_TRA!L$2:L$999,BY_TRA!$AT$2:$AT$999,Transport!$B34,BY_TRA!$AU$2:$AU$999,Transport!$C34)/SUMIFS(BY_TRA!L$2:L$999,BY_TRA!$AT$2:$AT$999,Transport!$B34),0) -> 0 | E34: =IFERROR(SUMIFS(BY_TRA!M$2:M$999,BY_TRA!$AT$2:$AT$999,Transport!$B34,BY_TRA!$AU$2:$AU$999,Transport!$C34)/SUMIFS(BY_TRA!M$2:M$999,BY_TRA!$AT$2:$AT$999,Transport!$B34),0) -> 0 | F34: =IFERROR(SUMIFS(BY_TRA!N$2:N$999,BY_TRA!$AT$2:$AT$999,Transport!$B34,BY_TRA!$AU$2:$AU$999,Transport!$C34)/SUMIFS(BY_TRA!N$2:N$999,BY_TRA!$AT$2:$AT$999,Transport!$B34),0) -> 0.058823529 | G34: =IFERROR(SUMIFS(BY_TRA!O$2:O$999,BY_TRA!$AT$2:$AT$999,Transport!$B34,BY_TRA!$AU$2:$AU$999,Transport!$C34)/SUMIFS(BY_TRA!O$2:O$999,BY_TRA!$AT$2:$AT$999,Transport!$B34),0) -> 0.2 | H34: =IFERROR(SUMIFS(BY_TRA!P$2:P$999,BY_TRA!$AT$2:$AT$999,Transport!$B34,BY_TRA!$AU$2:$AU$999,Transport!$C34)/SUMIFS(BY_TRA!P$2:P$999,BY_TRA!$AT$2:$AT$999,Transport!$B34),0) -> 0 | I34: =IFERROR(SUMIFS(BY_TRA!Q$2:Q$999,BY_TRA!$AT$2:$AT$999,Transport!$B34,BY_TRA!$AU$2:$AU$999,Transport!$C34)/SUMIFS(BY_TRA!Q$2:Q$999,BY_TRA!$AT$2:$AT$999,Transport!$B34),0) -> 0 | J34: =IFERROR(SUMIFS(BY_TRA!R$2:R$999,BY_TRA!$AT$2:$AT$999,Transport!$B34,BY_TRA!$AU$2:$AU$999,Transport!$C34)/SUMIFS(BY_TRA!R$2:R$999,BY_TRA!$AT$2:$AT$999,Transport!$B34),0) -> 0.043478261 | K34: =IFERROR(SUMIFS(BY_TRA!S$2:S$999,BY_TRA!$AT$2:$AT$999,Transport!$B34,BY_TRA!$AU$2:$AU$999,Transport!$C34)/SUMIFS(BY_TRA!S$2:S$999,BY_TRA!$AT$2:$AT$999,Transport!$B34),0) -> 0.043478261 | ... AI34: =IFERROR(SUMIFS(BY_TRA!AQ$2:AQ$999,BY_TRA!$AT$2:$AT$999,Transport!$B34,BY_TRA!$AU$2:$AU$999,Transport!$C34)/SUMIFS(BY_TRA!AQ$2:AQ$999,BY_TRA!$AT$2:$AT$999,Transport!$B34),0) -> 0
B35: bus | C35: lpg | D35: =IFERROR(SUMIFS(BY_TRA!L$2:L$999,BY_TRA!$AT$2:$AT$999,Transport!$B35,BY_TRA!$AU$2:$AU$999,Transport!$C35)/SUMIFS(BY_TRA!L$2:L$999,BY_TRA!$AT$2:$AT$999,Transport!$B35),0) -> 0.013333333 | E35: =IFERROR(SUMIFS(BY_TRA!M$2:M$999,BY_TRA!$AT$2:$AT$999,Transport!$B35,BY_TRA!$AU$2:$AU$999,Transport!$C35)/SUMIFS(BY_TRA!M$2:M$999,BY_TRA!$AT$2:$AT$999,Transport!$B35),0) -> 0 | F35: =IFERROR(SUMIFS(BY_TRA!N$2:N$999,BY_TRA!$AT$2:$AT$999,Transport!$B35,BY_TRA!$AU$2:$AU$999,Transport!$C35)/SUMIFS(BY_TRA!N$2:N$999,BY_TRA!$AT$2:$AT$999,Transport!$B35),0) -> 0 | G35: =IFERROR(SUMIFS(BY_TRA!O$2:O$999,BY_TRA!$AT$2:$AT$999,Transport!$B35,BY_TRA!$AU$2:$AU$999,Transport!$C35)/SUMIFS(BY_TRA!O$2:O$999,BY_TRA!$AT$2:$AT$999,Transport!$B35),0) -> 0 | H35: =IFERROR(SUMIFS(BY_TRA!P$2:P$999,BY_TRA!$AT$2:$AT$999,Transport!$B35,BY_TRA!$AU$2:$AU$999,Transport!$C35)/SUMIFS(BY_TRA!P$2:P$999,BY_TRA!$AT$2:$AT$999,Transport!$B35),0) -> 0 | I35: =IFERROR(SUMIFS(BY_TRA!Q$2:Q$999,BY_TRA!$AT$2:$AT$999,Transport!$B35,BY_TRA!$AU$2:$AU$999,Transport!$C35)/SUMIFS(BY_TRA!Q$2:Q$999,BY_TRA!$AT$2:$AT$999,Transport!$B35),0) -> 0.032258065 | J35: =IFERROR(SUMIFS(BY_TRA!R$2:R$999,BY_TRA!$AT$2:$AT$999,Transport!$B35,BY_TRA!$AU$2:$AU$999,Transport!$C35)/SUMIFS(BY_TRA!R$2:R$999,BY_TRA!$AT$2:$AT$999,Transport!$B35),0) -> 0.086956522 | K35: =IFERROR(SUMIFS(BY_TRA!S$2:S$999,BY_TRA!$AT$2:$AT$999,Transport!$B35,BY_TRA!$AU$2:$AU$999,Transport!$C35)/SUMIFS(BY_TRA!S$2:S$999,BY_TRA!$AT$2:$AT$999,Transport!$B35),0) -> 0 | ... AI35: =IFERROR(SUMIFS(BY_TRA!AQ$2:AQ$999,BY_TRA!$AT$2:$AT$999,Transport!$B35,BY_TRA!$AU$2:$AU$999,Transport!$C35)/SUMIFS(BY_TRA!AQ$2:AQ$999,BY_TRA!$AT$2:$AT$999,Transport!$B35),0) -> 0
... B54: lcv | C54: nga | D54: =IFERROR(SUMIFS(BY_TRA!L$2:L$999,BY_TRA!$AT$2:$AT$999,Transport!$B54,BY_TRA!$AU$2:$AU$999,Transport!$C54)/SUMIFS(BY_TRA!L$2:L$999,BY_TRA!$AT$2:$AT$999,Transport!$B54),0) -> 0.012158055 | E54: =IFERROR(SUMIFS(BY_TRA!M$2:M$999,BY_TRA!$AT$2:$AT$999,Transport!$B54,BY_TRA!$AU$2:$AU$999,Transport!$C54)/SUMIFS(BY_TRA!M$2:M$999,BY_TRA!$AT$2:$AT$999,Transport!$B54),0) -> 0 | F54: =IFERROR(SUMIFS(BY_TRA!N$2:N$999,BY_TRA!$AT$2:$AT$999,Transport!$B54,BY_TRA!$AU$2:$AU$999,Transport!$C54)/SUMIFS(BY_TRA!N$2:N$999,BY_TRA!$AT$2:$AT$999,Transport!$B54),0) -> 0.17293233 | G54: =IFERROR(SUMIFS(BY_TRA!O$2:O$999,BY_TRA!$AT$2:$AT$999,Transport!$B54,BY_TRA!$AU$2:$AU$999,Transport!$C54)/SUMIFS(BY_TRA!O$2:O$999,BY_TRA!$AT$2:$AT$999,Transport!$B54),0) -> 0.29207921 | H54: =IFERROR(SUMIFS(BY_TRA!P$2:P$999,BY_TRA!$AT$2:$AT$999,Transport!$B54,BY_TRA!$AU$2:$AU$999,Transport!$C54)/SUMIFS(BY_TRA!P$2:P$999,BY_TRA!$AT$2:$AT$999,Transport!$B54),0) -> 0.0036764706 | I54: =IFERROR(SUMIFS(BY_TRA!Q$2:Q$999,BY_TRA!$AT$2:$AT$999,Transport!$B54,BY_TRA!$AU$2:$AU$999,Transport!$C54)/SUMIFS(BY_TRA!Q$2:Q$999,BY_TRA!$AT$2:$AT$999,Transport!$B54),0) -> 0.015625 | J54: =IFERROR(SUMIFS(BY_TRA!R$2:R$999,BY_TRA!$AT$2:$AT$999,Transport!$B54,BY_TRA!$AU$2:$AU$999,Transport!$C54)/SUMIFS(BY_TRA!R$2:R$999,BY_TRA!$AT$2:$AT$999,Transport!$B54),0) -> 0.00330033 | K54: =IFERROR(SUMIFS(BY_TRA!S$2:S$999,BY_TRA!$AT$2:$AT$999,Transport!$B54,BY_TRA!$AU$2:$AU$999,Transport!$C54)/SUMIFS(BY_TRA!S$2:S$999,BY_TRA!$AT$2:$AT$999,Transport!$B54),0) -> 0.053012048 | ... AI54: =IFERROR(SUMIFS(BY_TRA!AQ$2:AQ$999,BY_TRA!$AT$2:$AT$999,Transport!$B54,BY_TRA!$AU$2:$AU$999,Transport!$C54)/SUMIFS(BY_TRA!AQ$2:AQ$999,BY_TRA!$AT$2:$AT$999,Transport!$B54),0) -> 0
A57: ~TFM_INS: attribute=PRC_MARK; limtype=UP
A58: Year | B58: PSET_CO | C58: PSET_CI | D58: =D23 -> Africa_north | E58: =E23 -> Africa_other | F58: =F23 -> Arg-Chi | G58: =G23 -> Asia_central | H58: =H23 -> Asia_east | I58: =I23 -> Asia_other | J58: =J23 -> Australia_NZ | K58: =K23 -> Brazil | ... AK58: =AK23 -> \I: | AL58: LimType | AM58: CSET_CN | AN58: Other_indexes
A59: 2025 | B59: ="Trd_"&B36 -> Trd_bus | C59: ="*"&C36 -> *nga | D59: =D36*$AP59 -> 0.029333333 | E59: =E36*$AP59 -> 0 | F59: =F36*$AP59 -> 0.32352941 | G59: =G36*$AP59 -> 0 | H59: =H36*$AP59 -> 0 | I59: =I36*$AP59 -> 0.023655914 | J59: =J36*$AP59 -> 0 | K59: =K36*$AP59 -> 0.095652174 | ... AK59: =AK36*$AP59 -> 0 | AL59: UP | AM59: =B59 -> Trd_bus | AN59: CNGVeh | AP59: 1.1
A60: 2025 | B60: ="Trd_"&B43 -> Trd_car | C60: ="*"&C43 -> *nga | D60: =D43*$AP60 -> 0.0092609916 | E60: =E43*$AP60 -> 0 | F60: =F43*$AP60 -> 0.09369469 | G60: =G43*$AP60 -> 0.26329032 | H60: =H43*$AP60 -> 0.024045226 | I60: =I43*$AP60 -> 0.062353809 | J60: =J43*$AP60 -> 0.0013692946 | K60: =K43*$AP60 -> 0.035552226 | ... AK60: =AK43*$AP60 -> 0 | AL60: UP | AM60: =B60 -> Trd_car | AN60: CNGVeh | AP60: 1.1
A61: 2025 | B61: ="Trd_"&B54 -> Trd_lcv | C61: ="*"&C54 -> *nga | D61: =D54*$AP61 -> 0.01337386 | E61: =E54*$AP61 -> 0 | F61: =F54*$AP61 -> 0.19022556 | G61: =G54*$AP61 -> 0.32128713 | H61: =H54*$AP61 -> 0.0040441176 | I61: =I54*$AP61 -> 0.0171875 | J61: =J54*$AP61 -> 0.003630363 | K61: =K54*$AP61 -> 0.058313253 | ... AK61: =AK54*$AP61 -> 0 | AL61: UP | AM61: =B61 -> Trd_lcv | AN61: CNGVeh | AP61: 1.1
A62: 2050 | B62: =B59 -> Trd_bus | C62: =C59 -> *nga | D62: =D36*$AP62 -> 0.04 | E62: =E36*$AP62 -> 0 | F62: =F36*$AP62 -> 0.44117647 | G62: =G36*$AP62 -> 0 | H62: =H36*$AP62 -> 0 | I62: =I36*$AP62 -> 0.032258065 | J62: =J36*$AP62 -> 0 | K62: =K36*$AP62 -> 0.13043478 | ... AK62: =AK36*$AP62 -> 0 | AL62: UP | AM62: =AM59 -> Trd_bus | AN62: =AN59 -> CNGVeh | AP62: 1.5
A63: 2050 | B63: =B60 -> Trd_car | C63: =C60 -> *nga | D63: =D43*$AP63 -> 0.012628625 | E63: =E43*$AP63 -> 0 | F63: =F43*$AP63 -> 0.12776549 | G63: =G43*$AP63 -> 0.35903226 | H63: =H43*$AP63 -> 0.032788945 | I63: =I43*$AP63 -> 0.085027921 | J63: =J43*$AP63 -> 0.0018672199 | K63: =K43*$AP63 -> 0.048480308 | ... AK63: =AK43*$AP63 -> 0 | AL63: UP | AM63: =AM60 -> Trd_car | AN63: =AN60 -> CNGVeh | AP63: 1.5
A64: 2050 | B64: =B61 -> Trd_lcv | C64: =C61 -> *nga | D64: =D54*$AP64 -> 0.018237082 | E64: =E54*$AP64 -> 0 | F64: =F54*$AP64 -> 0.2593985 | G64: =G54*$AP64 -> 0.43811881 | H64: =H54*$AP64 -> 0.0055147059 | I64: =I54*$AP64 -> 0.0234375 | J64: =J54*$AP64 -> 0.004950495 | K64: =K54*$AP64 -> 0.079518072 | ... AK64: =AK54*$AP64 -> 0 | AL64: UP | AM64: =AM61 -> Trd_lcv | AN64: =AN61 -> CNGVeh | AP64: 1.5
A65: 0 | B65: =B62 -> Trd_bus | C65: =C62 -> *nga | D65: 5 | E65: 5 | F65: 5 | G65: 5 | H65: 5 | I65: 5 | J65: 5 | K65: 5 | L65: 5 | M65: 5 | N65: 5 | O65: 5 | P65: 5 | Q65: 5 | R65: 5 | S65: 5 | T65: 5 | U65: 5 | V65: 5 | W65: 5 | X65: 5 | Y65: 5 | Z65: 5 | AA65: 5 | AB65: 5 | AC65: 5 | AD65: 5 | AE65: 5 | AF65: 5 | AG65: 5 | AH65: 5 | AI65: 5 | AJ65: 5 | AK65: 5 | AL65: UP | AM65: =AM62 -> Trd_bus | AN65: =AN62 -> CNGVeh
A66: 0 | B66: =B63 -> Trd_car | C66: =C63 -> *nga | D66: 5 | E66: 5 | F66: 5 | G66: 5 | H66: 5 | I66: 5 | J66: 5 | K66: 5 | L66: 5 | M66: 5 | N66: 5 | O66: 5 | P66: 5 | Q66: 5 | R66: 5 | S66: 5 | T66: 5 | U66: 5 | V66: 5 | W66: 5 | X66: 5 | Y66: 5 | Z66: 5 | AA66: 5 | AB66: 5 | AC66: 5 | AD66: 5 | AE66: 5 | AF66: 5 | AG66: 5 | AH66: 5 | AI66: 5 | AJ66: 5 | AK66: 5 | AL66: UP | AM66: =AM63 -> Trd_car | AN66: =AN63 -> CNGVeh
A67: 0 | B67: =B64 -> Trd_lcv | C67: =C64 -> *nga | D67: 5 | E67: 5 | F67: 5 | G67: 5 | H67: 5 | I67: 5 | J67: 5 | K67: 5 | L67: 5 | M67: 5 | N67: 5 | O67: 5 | P67: 5 | Q67: 5 | R67: 5 | S67: 5 | T67: 5 | U67: 5 | V67: 5 | W67: 5 | X67: 5 | Y67: 5 | Z67: 5 | AA67: 5 | AB67: 5 | AC67: 5 | AD67: 5 | AE67: 5 | AF67: 5 | AG67: 5 | AH67: 5 | AI67: 5 | AJ67: 5 | AK67: 5 | AL67: UP | AM67: =AM64 -> Trd_lcv | AN67: =AN64 -> CNGVeh
A68: 2025 | B68: \I: Trd_hdt | C68: *elc | D68: 0.05 | E68: 0.05 | F68: 0.05 | G68: 0.05 | H68: 0.05 | I68: 0.05 | J68: 0.05 | K68: 0.05 | L68: 0.05 | M68: 0.05 | N68: 0.05 | O68: 0.05 | P68: 0.05 | Q68: 0.05 | R68: 0.05 | S68: 0.05 | T68: 0.05 | U68: 0.05 | V68: 0.05 | W68: 0.05 | X68: 0.05 | Y68: 0.05 | Z68: 0.05 | AA68: 0.05 | AB68: 0.05 | AC68: 0.05 | AD68: 0.05 | AE68: 0.05 | AF68: 0.05 | AG68: 0.05 | AH68: 0.05 | AI68: 0.05 | AJ68: 0.05 | AK68: 0.05 | AL68: UP | AM68: Trd_hdt | AN68: CNGVeh
A69: 2050 | B69: \I: Trd_hdt | C69: *elc | D69: =1/5 -> 0.2 | E69: =1/5 -> 0.2 | F69: =1/5 -> 0.2 | G69: =1/5 -> 0.2 | H69: =1/5 -> 0.2 | I69: =1/5 -> 0.2 | J69: =1/5 -> 0.2 | K69: =1/5 -> 0.2 | ... AK69: =1/5 -> 0.2 | AL69: UP | AM69: Trd_hdt | AN69: CNGVeh
A70: 0 | B70: \I: Trd_hdt | C70: *elc | D70: 5 | E70: 5 | F70: 5 | G70: 5 | H70: 5 | I70: 5 | J70: 5 | K70: 5 | L70: 5 | M70: 5 | N70: 5 | O70: 5 | P70: 5 | Q70: 5 | R70: 5 | S70: 5 | T70: 5 | U70: 5 | V70: 5 | W70: 5 | X70: 5 | Y70: 5 | Z70: 5 | AA70: 5 | AB70: 5 | AC70: 5 | AD70: 5 | AE70: 5 | AF70: 5 | AG70: 5 | AH70: 5 | AI70: 5 | AJ70: 5 | AK70: 5 | AL70: UP | AM70: Trd_hdt | AN70: CNGVeh
B72: ~TFM_INS-TS: limtype=UP
B73: attribute | C73: pset_pn | D73: cset_cn | E73: other_indexes | F73: 2020 | G73: 2050 | H73: 2100 | I73: 0 | J73: region
B74: FLO_SHAR | C74: TWD_Generic | D74: TRAGH2 | F74: 0 | G74: 0.8 | H74: 1 | I74: 3
B75: FLO_SHAR | C75: TWI_Generic | D75: TRAGH2 | F75: 0 | G75: 0.8 | H75: 1 | I75: 3
B76: FLO_SHAR | C76: TAI_Generic | D76: TRAGH2 | F76: 0 | G76: 0.8 | H76: 1 | I76: 3
B77: FLO_SHAR | C77: TAD_Generic | D77: TRAGH2 | F77: 0 | G77: 0.8 | H77: 1 | I77: 3
B78: FLO_SHAR | C78: TAI_Generic | D78: TRAELC | F78: 0 | G78: 0 | H78: 1 | I78: 3
B79: FLO_SHAR | C79: TAD_Generic | D79: TRAELC | F79: 0 | G79: 0.8 | H79: 1 | I79: 3

Sheet Industry&HH2
O1: ~TFM_FILL-R:w=BY_IND; hcol=region
O2: Scenario | P2: Attribute | Q2: PSET_CO | R2: AllRegions | S2: limtype
B3: ~TFM_MIG: year=2019; limtype=LO | O3: BASE | P3: FLO_MARK | Q3: I??[_]??? | R3: *1 | S3: LO
B4: attribute | C4: pset_co | D4: year2 | E4: value | F4: PSET_CI
B5: FLO_MARK | C5: INDCO2Nc | D5: 2030 | E5: *.5
B6: FLO_MARK | C6: INDCO2Nc | D6: 2050 | E6: 0
B7: FLO_MARK | C7: INDCO2No,INDCO2Nb | D7: 2030 | E7: *.6 | J7: 1.2
B8: FLO_MARK | C8: INDCO2No,INDCO2Nb | D8: 2050 | E8: 0 | J8: 1.7
B9: FLO_MARK | C9: INDCO2No,INDCO2Nb | D9: 2100 | E9: 0 | J9: 2.7
B10: FLO_MARK | C10: INDCO2Ng | D10: 2030 | E10: *.7
B11: FLO_MARK | C11: INDCO2Ng | D11: 2050 | E11: 0
B12: FLO_MARK | C12: INDCO2Ng | D12: 2100 | E12: 0
L16: ~TFM_UPD
L17: attribute | M17: pset_pn | N17: year | O17: value | P17: pset_ci
B18: ~TFM_MIG: year=2019; limtype=LO | L18: FLO_SHAR | M18: FT[_]* | N18: 2019 | O18: +.05 | P18: COATAR,GASCOG,GASGWG,GASRFG
B19: attribute | C19: pset_co | D19: limtype2 | E19: year2 | F19: value
B20: FLO_MARK | C20: INDCO2Nc | D20: UP | E20: 2020,2100 | F20: *1
B24: ~TFM_INS-TS: limtype=UP
B25: attribute | C25: pset_ci | D25: cset_cn | E25: other_indexes | F25: 2025 | G25: 2035 | H25: 2050 | I25: 2100 | J25: 2200 | K25: 0 | L25: pset_pn
B26: FLO_SHAR | D26: HH2 | G26: 0.3 | J26: 0.3 | K26: 2 | L26: ICH_FeedStock_gen
B29: ~TFM_INS-TS: limtype=UP
B30: attribute | C30: pset_ci | D30: cset_cn | E30: other_indexes | F30: 2025 | G30: 2050 | H30: 2100 | I30: 2200 | J30: 0 | K30: pset_pn
B31: \I: FLO_SHAR | C31: INDHH2 | D31: INDHH2 | F31: 0.5 | G31: 0.8 | H31: 1 | I31: 1 | J31: 3 | K31: *,-Haber*,-imfe*,-imstl*
B32: FLO_SHAR | C32: INDHH2_ICH | D32: INDHH2_ICH | F32: 0.5 | G32: 0.8 | H32: 1 | I32: 1 | J32: 3
B33: FLO_SHAR | C33: INDHH2_IFP | D33: INDHH2_IFP | F33: 0.5 | G33: 0.8 | H33: 1 | I33: 1 | J33: 3
B34: FLO_SHAR | C34: INDHH2_ILP | D34: INDHH2_ILP | F34: 0.5 | G34: 0.8 | H34: 1 | I34: 1 | J34: 3
B35: FLO_SHAR | C35: INDHH2_IMC | D35: INDHH2_IMC | F35: 0.5 | G35: 0.8 | H35: 1 | I35: 1 | J35: 3
B36: FLO_SHAR | C36: INDHH2_INF | D36: INDHH2_INF | F36: 0.5 | G36: 0.8 | H36: 1 | I36: 1 | J36: 3
B37: FLO_SHAR | C37: INDHH2_INM | D37: INDHH2_INM | F37: 0.5 | G37: 0.8 | H37: 1 | I37: 1 | J37: 3
B38: FLO_SHAR | C38: INDHH2_IOI | D38: INDHH2_IOI | F38: 0.5 | G38: 0.8 | H38: 1 | I38: 1 | J38: 3
B39: FLO_SHAR | C39: INDHH2_ITM | D39: INDHH2_ITM | F39: 0.5 | G39: 0.8 | H39: 1 | I39: 1 | J39: 3
B44: ~TFM_MIG: year=2019; limtype=LO
B45: attribute | C45: pset_pn | D45: year2 | E45: value | F45: cset_cn | G45: limtype2
B46: FLO_SHAR | C46: ONO_generic | D46: 2050 | E46: *.5 | F46: -*ELC,-*BIO,-*HET,-*SOL
B47: FLO_SHAR | C47: ONO_generic | D47: 2100 | E47: 0 | F47: -*ELC,-*BIO,-*HET,-*SOL
B48: FLO_SHAR | C48: ONO_generic | D48: 2050 | E48: *1.5 | F48: *SOL,*GEO | G48: UP

Sheet BY_IND
A1: scenario | B1: attribute | C1: process | D1: commodity | E1: lim_type | F1: time_slice | G1: year | H1: commodity_group | I1: currency | J1: stage | K1: sow | L1: Africa_north | M1: Africa_other | N1: Arg-Chi | O1: Asia_central | P1: Asia_east | Q1: Asia_other | R1: Australia_NZ | S1: Brazil | T1: Canada | U1: China | V1: EU_north | W1: EU_northeast | X1: EU_northwest | Y1: EU_south | Z1: EU_southeast | AA1: EU_southwest | AB1: Europe_other | AC1: France | AD1: Germany | AE1: India | AF1: LatAm_other | AG1: Mexico | AH1: MidEast_other | AI1: Nor-Ice | AJ1: Russia | AK1: SaudiArabia | AL1: SouthAfrica | AM1: UK | AN1: USA | AO1: year2 | AU1: ind | AV1: serv | AW1: fuel | AX1: fossil
A2: BASE | B2: FLO_MARK | C2: ICH_MDR_BFG | D2: ICH_MDR | E2: LO | F2: - | G2: 2019 | H2: - | I2: - | J2: - | K2: - | L2: 0 | M2: 0 | N2: 0 | O2: 0 | P2: 0.001110237 | Q2: 0 | R2: 0 | S2: 0 | T2: 0 | U2: 0 | V2: 0 | W2: 0 | X2: 0 | Y2: 0 | Z2: 0 | AA2: 0 | AB2: 0 | AC2: 0 | AD2: 0 | AE2: 0 | AF2: 0 | AG2: 0 | AH2: 0 | AI2: 0.0010642327 | AJ2: 0 | AK2: 0 | AL2: 0 | AM2: 0 | AN2: 0 | AO2: - | AU2: =LEFT(C2,3) -> ICH | AV2: =MID(C2,5,3) -> MDR | AW2: =RIGHT(C2,3) -> BFG | AX2: =IFERROR(VLOOKUP(AW2,$AZ$2:$BA$10,2,FALSE),"") -> Yes | AZ2: ELC | BA2: No
A3: BASE | B3: FLO_MARK | C3: ICH_MDR_ELC | D3: ICH_MDR | E3: LO | F3: - | G3: 2019 | H3: - | I3: - | J3: - | K3: - | L3: 0.93754875 | M3: 0.25229299 | N3: 0.93301875 | O3: 0.74356863 | P3: 0.95421363 | Q3: 0.83974937 | R3: 0.62951724 | S3: 0.87684349 | T3: 0.82175701 | U3: 0.94232152 | V3: 0.96597209 | W3: 0.88438823 | X3: 0.78369207 | Y3: 0.91374496 | Z3: 0.81053472 | AA3: 0.76747329 | AB3: 0.87592161 | AC3: 0.8177875 | AD3: 0.88057796 | AE3: 0.99 | AF3: 0.76887013 | AG3: 0.63727293 | AH3: 0.0069119831 | AI3: 0.93182156 | AJ3: 0.81377093 | AK3: 0.99 | AL3: 0.83296709 | AM3: 0.8773918 | AN3: 0.64375387 | AO3: - | AU3: =LEFT(C3,3) -> ICH | AV3: =MID(C3,5,3) -> MDR | AW3: =RIGHT(C3,3) -> ELC | AX3: =IFERROR(VLOOKUP(AW3,$AZ$2:$BA$10,2,FALSE),"") -> No | AZ3: BIO | BA3: No
A4: BASE | B4: FLO_MARK | C4: ICH_MDR_NGA | D4: ICH_MDR | E4: LO | F4: - | G4: 2019 | H4: - | I4: - | J4: - | K4: - | L4: 0.052451248 | M4: 0.73770701 | N4: 0.056981245 | O4: 0.24643137 | P4: 0.034676138 | Q4: 0.15025063 | R4: 0.36048276 | S4: 0.11315651 | T4: 0.16824299 | U4: 0.047678475 | V4: 0.024027909 | W4: 0.10561177 | X4: 0.20630793 | Y4: 0.076255045 | Z4: 0.17946528 | AA4: 0.22252671 | AB4: 0.11407839 | AC4: 0.1722125 | AD4: 0.10942204 | AE4: 0 | AF4: 0.22112987 | AG4: 0.35272707 | AH4: 0.98308802 | AI4: 0.057114204 | AJ4: 0.17622907 | AK4: 0 | AL4: 0.15703291 | AM4: 0.1126082 | AN4: 0.34624613 | AO4: - | AU4: =LEFT(C4,3) -> ICH | AV4: =MID(C4,5,3) -> MDR | AW4: =RIGHT(C4,3) -> NGA | AX4: =IFERROR(VLOOKUP(AW4,$AZ$2:$BA$10,2,FALSE),"") -> Yes | AZ4: HET | BA4: No
A5: BASE | B5: FLO_MARK | C5: ICH_OTH_BFG | D5: ICH_OTH | E5: LO | F5: - | G5: 2019 | H5: - | I5: - | J5: - | K5: - | L5: 0 | M5: 0 | N5: 0 | O5: 0 | P5: 0 | Q5: 0 | R5: 0 | S5: 0 | T5: 0 | U5: 0 | V5: 0 | W5: 0 | X5: 0 | Y5: 0 | Z5: 0 | AA5: 0 | AB5: 0 | AC5: 0 | AD5: 0 | AE5: 0 | AF5: 0 | AG5: 0 | AH5: 0 | AI5: 0 | AJ5: 0 | AK5: 0 | AL5: 0 | AM5: 0 | AN5: 0 | AO5: - | AU5: =LEFT(C5,3) -> ICH | AV5: =MID(C5,5,3) -> OTH | AW5: =RIGHT(C5,3) -> BFG | AX5: =IFERROR(VLOOKUP(AW5,$AZ$2:$BA$10,2,FALSE),"") -> Yes | AZ5: BFG | BA5: Yes
A6: BASE | B6: FLO_MARK | C6: ICH_OTH_ELC | D6: ICH_OTH | E6: LO | F6: - | G6: 2019 | H6: - | I6: - | J6: - | K6: - | L6: 0.14793214 | M6: 0.042419456 | N6: 0.79846712 | O6: 0.18925964 | P6: 0.040598304 | Q6: 0.088644583 | R6: 0.096628586 | S6: 0.029238328 | T6: 0.47028325 | U6: 0.07078802 | V6: 0.10587701 | W6: 0.1710535 | X6: 0.076118847 | Y6: 0.12033508 | Z6: 0.044302925 | AA6: 0.23330475 | AB6: 0.31337783 | AC6: 0.34580126 | AD6: 0.22197071 | AE6: 0.011615903 | AF6: 0.087636416 | AG6: 0.070943994 | AH6: 0 | AI6: 0.21202087 | AJ6: 0.23035741 | AK6: 0.99 | AL6: 0.5433255 | AM6: 0.27051629 | AN6: 0.14465999 | AO6: - | AU6: =LEFT(C6,3) -> ICH | AV6: =MID(C6,5,3) -> OTH | AW6: =RIGHT(C6,3) -> ELC | AX6: =IFERROR(VLOOKUP(AW6,$AZ$2:$BA$10,2,FALSE),"") -> No | AZ6: NGA | BA6: Yes
A7: BASE | B7: FLO_MARK | C7: ICH_OTH_NGA | D7: ICH_OTH | E7: LO | F7: - | G7: 2019 | H7: - | I7: - | J7: - | K7: - | L7: 0.032503242 | M7: 0.48713124 | N7: 0.1915141 | O7: 0.24634009 | P7: 0.0057942224 | Q7: 0.06229038 | R7: 0.21731247 | S7: 0.01481877 | T7: 0.37814226 | U7: 0.014066471 | V7: 0.010343207 | W7: 0.080223848 | X7: 0.078698204 | Y7: 0.039440098 | Z7: 0.038525065 | AA7: 0.26567128 | AB7: 0.16029079 | AC7: 0.28599137 | AD7: 0.10832653 | AE7: 0 | AF7: 0.098987687 | AG7: 0.1542166 | AH7: 0.47880901 | AI7: 0.051037823 | AJ7: 0.19592043 | AK7: 0 | AL7: 0.4022769 | AM7: 0.13635529 | AN7: 0.30557348 | AO7: - | AU7: =LEFT(C7,3) -> ICH | AV7: =MID(C7,5,3) -> OTH | AW7: =RIGHT(C7,3) -> NGA | AX7: =IFERROR(VLOOKUP(AW7,$AZ$2:$BA$10,2,FALSE),"") -> Yes | AZ7: OIL | BA7: Yes
A8: BASE | B8: FLO_MARK | C8: ICH_OTH_OIL | D8: ICH_OTH | E8: LO | F8: - | G8: 2019 | H8: - | I8: - | J8: - | K8: - | L8: 0.80956462 | M8: 0.4604493 | N8: 0 | O8: 0.55440027 | P8: 0.94342196 | Q8: 0.83906504 | R8: 0.67605894 | S8: 0.9459429 | T8: 0.14157449 | U8: 0.90514551 | V8: 0.87377978 | W8: 0.73872265 | X8: 0.83518295 | Y8: 0.83022482 | Z8: 0.90717201 | AA8: 0.49102397 | AB8: 0.51633138 | AC8: 0.35820736 | AD8: 0.65970276 | AE8: 0.9783841 | AF8: 0.8033759 | AG8: 0.76483941 | AH8: 0.51033382 | AI8: 0.7259903 | AJ8: 0.56372217 | AK8: 0 | AL8: 0.0443976 | AM8: 0.58312842 | AN8: 0.53976653 | AO8: - | AU8: =LEFT(C8,3) -> ICH | AV8: =MID(C8,5,3) -> OTH | AW8: =RIGHT(C8,3) -> OIL | AX8: =IFERROR(VLOOKUP(AW8,$AZ$2:$BA$10,2,FALSE),"") -> Yes | AZ8: COA | BA8: Yes
A9: BASE | B9: FLO_MARK | C9: ICH_OTP_BFG | D9: ICH_OTP | E9: LO | F9: - | G9: 2019 | H9: - | I9: - | J9: - | K9: - | L9: 0 | M9: 0 | N9: 0 | O9: 0 | P9: 0.0059487128 | Q9: 0 | R9: 0 | S9: 0 | T9: 0 | U9: 0 | V9: 0 | W9: 0 | X9: 0 | Y9: 0 | Z9: 0 | AA9: 0 | AB9: 0 | AC9: 0 | AD9: 0 | AE9: 0 | AF9: 0 | AG9: 0 | AH9: 0 | AI9: 0.0038812029 | AJ9: 0 | AK9: 0 | AL9: 0 | AM9: 0 | AN9: 0 | AO9: - | AU9: =LEFT(C9,3) -> ICH | AV9: =MID(C9,5,3) -> OTP | AW9: =RIGHT(C9,3) -> BFG | AX9: =IFERROR(VLOOKUP(AW9,$AZ$2:$BA$10,2,FALSE),"") -> Yes | AZ9: OVC | BA9: Yes
A10: BASE | B10: FLO_MARK | C10: ICH_OTP_BIO | D10: ICH_OTP | E10: LO | F10: - | G10: 2019 | H10: - | I10: - | J10: - | K10: - | L10: 0.11603819 | M10: 0 | N10: 0 | O10: 0 | P10: 0.11992496 | Q10: 0 | R10: 0.10997293 | S10: 0.13588424 | T10: 0.0014535785 | U10: 0 | V10: 0.1990948 | W10: 0.075832026 | X10: 0.0069415519 | Y10: 0.20056386 | Z10: 0.074205749 | AA10: 0.01331351 | AB10: 0.087757314 | AC10: 0.072532111 | AD10: 0.10490875 | AE10: 0 | AF10: 0.15492617 | AG10: 0 | AH10: 0 | AI10: 0.23844133 | AJ10: 0.0550067 | AK10: 0 | AL10: 0 | AM10: 0.13765658 | AN10: 0.016351401 | AO10: - | AU10: =LEFT(C10,3) -> ICH | AV10: =MID(C10,5,3) -> OTP | AW10: =RIGHT(C10,3) -> BIO | AX10: =IFERROR(VLOOKUP(AW10,$AZ$2:$BA$10,2,FALSE),"") -> No
A11: BASE | B11: FLO_MARK | C11: ICH_OTP_COA | D11: ICH_OTP | E11: LO | F11: - | G11: 2019 | H11: - | I11: - | J11: - | K11: - | L11: 0 | M11: 0.0030200202 | N11: 0 | O11: 0.012109745 | P11: 0.54831649 | Q11: 0.43523396 | R11: 0.18242134 | S11: 0.13262402 | T11: 0 | U11: 0.58311264 | V11: 0.017074895 | W11: 0.61357018 | X11: 0 | Y11: 0 | Z11: 0.22640468 | AA11: 0.1173079 | AB11: 0.48888466 | AC11: 0.20934893 | AD11: 0.14531327 | AE11: 0.90647589 | AF11: 0.11932703 | AG11: 0 | AH11: 0 | AI11: 0.39006346 | AJ11: 0.05397049 | AK11: 0 | AL11: 0.72369016 | AM11: 0.051398096 | AN11: 0.088608558 | AO11: - | AU11: =LEFT(C11,3) -> ICH | AV11: =MID(C11,5,3) -> OTP | AW11: =RIGHT(C11,3) -> COA | AX11: =IFERROR(VLOOKUP(AW11,$AZ$2:$BA$10,2,FALSE),"") -> Yes
A12: BASE | B12: FLO_MARK | C12: ICH_OTP_ELC | D12: ICH_OTP | E12: LO | F12: - | G12: 2019 | H12: - | I12: - | J12: - | K12: - | L12: 0.26417996 | M12: 0.0081139414 | N12: 0.28127147 | O12: 0.0523411 | P12: 0.12391967 | Q12: 0.066160813 | R12: 0.028111475 | S12: 0.11408078 | T12: 0.1046405 | U12: 0.052810616 | V12: 0.38189782 | W12: 0.046715649 | X12: 0.082317914 | Y12: 0.17732915 | Z12: 0.067664969 | AA12: 0.065782592 | AB12: 0.064856546 | AC12: 0.07267933 | AD12: 0.12072419 | AE12: 0.083524108 | AF12: 0.055595379 | AG12: 0.041533269 | AH12: 0 | AI12: 0.082366349 | AJ12: 0.088043996 | AK12: 0.99 | AL12: 0.03033786 | AM12: 0.12722946 | AN12: 0.03816301 | AO12: - | AU12: =LEFT(C12,3) -> ICH | AV12: =MID(C12,5,3) -> OTP | AW12: =RIGHT(C12,3) -> ELC | AX12: =IFERROR(VLOOKUP(AW12,$AZ$2:$BA$10,2,FALSE),"") -> No
A13: BASE | B13: FLO_MARK | C13: ICH_OTP_NGA | D13: ICH_OTP | E13: LO | F13: - | G13: 2019 | H13: - | I13: - | J13: - | K13: - | L13: 0.60978186 | M13: 0.97886604 | N13: 0.70872853 | O13: 0.71569905 | P13: 0.18579671 | Q13: 0.48840502 | R13: 0.66416069 | S13: 0.60741095 | T13: 0.88390592 | U13: 0.11024455 | V13: 0.39193248 | W13: 0.23016772 | X13: 0.89408228 | Y13: 0.6105713 | Z13: 0.6181379 | AA13: 0.78694164 | AB13: 0.34850148 | AC13: 0.63146281 | AD13: 0.61893348 | AE13: 0 | AF13: 0.65969892 | AG13: 0.94846673 | AH13: 0.98983132 | AI13: 0.2082926 | AJ13: 0.78666131 | AK13: 0 | AL13: 0.23597199 | AM13: 0.67371586 | AN13: 0.84687703 | AO13: - | AU13: =LEFT(C13,3) -> ICH | AV13: =MID(C13,5,3) -> OTP | AW13: =RIGHT(C13,3) -> NGA | AX13: =IFERROR(VLOOKUP(AW13,$AZ$2:$BA$10,2,FALSE),"") -> Yes
A14: BASE | B14: FLO_MARK | C14: ICH_OTP_OVC | D14: ICH_OTP | E14: LO | F14: - | G14: 2019 | H14: - | I14: - | J14: - | K14: - | L14: 0 | M14: 0 | N14: 0 | O14: 0.20985011 | P14: 0.0060934544 | Q14: 0 | R14: 0.0053335718 | S14: 0 | T14: 0 | U14: 0.24383219 | V14: 0 | W14: 0.02371442 | X14: 0.0059352999 | Y14: 0.0015356951 | Z14: 0.0035866959 | AA14: 0.0066543604 | AB14: 0 | AC14: 0.0039768198 | AD14: 0 | AE14: 0 | AF14: 0 | AG14: 0 | AH14: 0 | AI14: 0.066955047 | AJ14: 0.0063175023 | AK14: 0 | AL14: 0 | AM14: 0 | AN14: 0 | AO14: - | AU14: =LEFT(C14,3) -> ICH | AV14: =MID(C14,5,3) -> OTP | AW14: =RIGHT(C14,3) -> OVC | AX14: =IFERROR(VLOOKUP(AW14,$AZ$2:$BA$10,2,FALSE),"") -> Yes
A15: BASE | B15: FLO_MARK | C15: ICH_PRC_BFG | D15: ICH_PRC | E15: LO | F15: - | G15: 2019 | H15: - | I15: - | J15: - | K15: - | L15: 0 | M15: 0 | N15: 0 | O15: 0 | P15: 0 | Q15: 0 | R15: 0 | S15: 0 | T15: 0 | U15: 0 | V15: 0 | W15: 0 | X15: 0 | Y15: 0 | Z15: 0 | AA15: 0 | AB15: 0 | AC15: 0 | AD15: 0 | AE15: 0 | AF15: 0 | AG15: 0 | AH15: 0 | AI15: 0 | AJ15: 0 | AK15: 0 | AL15: 0 | AM15: 0 | AN15: 0 | AO15: - | AU15: =LEFT(C15,3) -> ICH | AV15: =MID(C15,5,3) -> PRC | AW15: =RIGHT(C15,3) -> BFG | AX15: =IFERROR(VLOOKUP(AW15,$AZ$2:$BA$10,2,FALSE),"") -> Yes
A16: BASE | B16: FLO_MARK | C16: ICH_PRC_ELC | D16: ICH_PRC | E16: LO | F16: - | G16: 2019 | H16: - | I16: - | J16: - | K16: - | L16: 0.96243871 | M16: 0.39651881 | N16: 0.95998955 | O16: 0.84641114 | P16: 0.9713528 | Q16: 0.9069369 | R16: 0.76559186 | S16: 0.92865538 | T16: 0.89609044 | U16: 0.96500701 | V16: 0.97755324 | W16: 0.93297023 | X16: 0.8724374 | Y16: 0.94944201 | Z16: 0.88921831 | AA16: 0.86205629 | AB16: 0.92812582 | AC16: 0.89366915 | AD16: 0.93079537 | AE16: 0.99 | AF16: 0.8629577 | AG16: 0.77143638 | AH16: 0.01341394 | AI16: 0.9593404 | AJ16: 0.89120859 | AK16: 0.99 | AL16: 0.90287278 | AM16: 0.92897011 | AN16: 0.77627894 | AO16: - | AU16: =LEFT(C16,3) -> ICH | AV16: =MID(C16,5,3) -> PRC | AW16: =RIGHT(C16,3) -> ELC | AX16: =IFERROR(VLOOKUP(AW16,$AZ$2:$BA$10,2,FALSE),"") -> No
A17: BASE | B17: FLO_MARK | C17: ICH_PRC_NGA | D17: ICH_PRC | E17: LO | F17: - | G17: 2019 | H17: - | I17: - | J17: - | K17: - | L17: 0.027561287 | M17: 0.59348119 | N17: 0.03001045 | O17: 0.14358886 | P17: 0.018068685 | Q17: 0.083063099 | R17: 0.22440814 | S17: 0.06134462 | T17: 0.093909564 | U17: 0.024992986 | V17: 0.012446758 | W17: 0.057029766 | X17: 0.1175626 | Y17: 0.040557994 | Z17: 0.10078169 | AA17: 0.12794371 | AB17: 0.061874177 | AC17: 0.096330852 | AD17: 0.059204629 | AE17: 0 | AF17: 0.1270423 | AG17: 0.21856362 | AH17: 0.97658606 | AI17: 0.030098755 | AJ17: 0.098791409 | AK17: 0 | AL17: 0.087127217 | AM17: 0.061029892 | AN17: 0.21372106 | AO17: - | AU17: =LEFT(C17,3) -> ICH | AV17: =MID(C17,5,3) -> PRC | AW17: =RIGHT(C17,3) -> NGA | AX17: =IFERROR(VLOOKUP(AW17,$AZ$2:$BA$10,2,FALSE),"") -> Yes
A18: BASE | B18: FLO_MARK | C18: ICH_PRH_BFG | D18: ICH_PRH | E18: LO | F18: - | G18: 2019 | H18: - | I18: - | J18: - | K18: - | L18: 0 | M18: 0 | N18: 0 | O18: 0 | P18: 0.012741179 | Q18: 0 | R18: 0 | S18: 0 | T18: 0 | U18: 0 | V18: 0 | W18: 0 | X18: 0 | Y18: 0 | Z18: 0 | AA18: 0 | AB18: 0 | AC18: 0 | AD18: 0 | AE18: 0 | AF18: 0 | AG18: 0 | AH18: 0 | AI18: 0.010294897 | AJ18: 0 | AK18: 0 | AL18: 0 | AM18: 0 | AN18: 0 | AO18: - | AU18: =LEFT(C18,3) -> ICH | AV18: =MID(C18,5,3) -> PRH | AW18: =RIGHT(C18,3) -> BFG | AX18: =IFERROR(VLOOKUP(AW18,$AZ$2:$BA$10,2,FALSE),"") -> Yes
A19: BASE | B19: FLO_MARK | C19: ICH_PRH_BIO | D19: ICH_PRH | E19: LO | F19: - | G19: 2019 | H19: - | I19: - | J19: - | K19: - | L19: 0.024707282 | M19: 0 | N19: 0 | O19: 0 | P19: 0.043535563 | Q19: 0 | R19: 0.025171573 | S19: 0.027295749 | T19: 0 | U19: 0 | V19: 0.047909658 | W19: 0.033744447 | X19: 0.0012099895 | Y19: 0.044241318 | Z19: 0.016645548 | AA19: 0.0026548207 | AB19: 0.030938194 | AC19: 0.017103914 | AD19: 0.024360032 | AE19: 0 | AF19: 0.034788157 | AG19: 0 | AH19: 0 | AI19: 0.10719764 | AJ19: 0.010869385 | AK19: 0 | AL19: 0 | AM19: 0.030135989 | AN19: 0.0030998484 | AO19: - | AU19: =LEFT(C19,3) -> ICH | AV19: =MID(C19,5,3) -> PRH | AW19: =RIGHT(C19,3) -> BIO | AX19: =IFERROR(VLOOKUP(AW19,$AZ$2:$BA$10,2,FALSE),"") -> No
A20: BASE | B20: FLO_MARK | C20: ICH_PRH_COA | D20: ICH_PRH | E20: LO | F20: - | G20: 2019 | H20: - | I20: - | J20: - | K20: - | L20: 0 | M20: 0 | N20: 0 | O20: 0.0026057654 | P20: 0.19905171 | Q20: 0.11938144 | R20: 0.041754204 | S20: 0.026640852 | T20: 0 | U20: 0.33004171 | V20: 0.0041088586 | W20: 0.27303222 | X20: 0 | Y20: 0 | Z20: 0.050786227 | AA20: 0.023392137 | AB20: 0.17235268 | AC20: 0.049366908 | AD20: 0.033742046 | AE20: 0.33940725 | AF20: 0.026794489 | AG20: 0 | AH20: 0 | AI20: 0.17536339 | AJ20: 0.010664629 | AK20: 0 | AL20: 0.32751468 | AM20: 0.01125215 | AN20: 0.016798139 | AO20: - | AU20: =LEFT(C20,3) -> ICH | AV20: =MID(C20,5,3) -> PRH | AW20: =RIGHT(C20,3) -> COA | AX20: =IFERROR(VLOOKUP(AW20,$AZ$2:$BA$10,2,FALSE),"") -> Yes
A21: BASE | B21: FLO_MARK | C21: ICH_PRH_ELC | D21: ICH_PRH | E21: LO | F21: - | G21: 2019 | H21: - | I21: - | J21: - | K21: - | L21: 0.13178613 | M21: 0.003235493 | N21: 0.13477781 | O21: 0.026386936 | P21: 0.10539516 | Q21: 0.042516811 | R21: 0.015074885 | S21: 0.053688863 | T21: 0.044382097 | U21: 0.070029885 | V21: 0.215306 | W21: 0.04870324 | X21: 0.033617483 | Y21: 0.091643426 | Z21: 0.035560695 | AA21: 0.030732609 | AB21: 0.053568719 | AC21: 0.040153361 | AD21: 0.06567593 | AE21: 0.073269379 | AF21: 0.029247661 | AG21: 0.016633885 | AH21: 0 | AI21: 0.086755954 | AJ21: 0.04076007 | AK21: 0.99 | AL21: 0.032166873 | AM21: 0.065256226 | AN21: 0.016950164 | AO21: - | AU21: =LEFT(C21,3) -> ICH | AV21: =MID(C21,5,3) -> PRH | AW21: =RIGHT(C21,3) -> ELC | AX21: =IFERROR(VLOOKUP(AW21,$AZ$2:$BA$10,2,FALSE),"") -> No
... A35: BASE | B35: FLO_MARK | C35: ICH_STM_OVC | D35: ICH_STM | E35: LO | F35: - | G35: 2019 | H35: - | I35: - | J35: - | K35: - | L35: 0 | M35: 0 | N35: 0 | O35: 0.057259209 | P35: 0.0013644528 | Q35: 0 | R35: 0.0022758643 | S35: 0 | T35: 0 | U35: 0.062325201 | V35: 0 | W35: 0.0082200541 | X35: 0 | Y35: 0 | Z35: 0 | AA35: 0.0023929265 | AB35: 0 | AC35: 0 | AD35: 0 | AE35: 0 | AF35: 0 | AG35: 0 | AH35: 0 | AI35: 0.042537596 | AJ35: 0 | AK35: 0 | AL35: 0 | AM35: 0 | AN35: 0 | AO35: - | AU35: =LEFT(C35,3) -> ICH | AV35: =MID(C35,5,3) -> STM | AW35: =RIGHT(C35,3) -> OVC | AX35: =IFERROR(VLOOKUP(AW35,$AZ$2:$BA$10,2,FALSE),"") -> Yes
A36: BASE | B36: FLO_MARK | C36: IFP_MDR_ELC | D36: IFP_MDR | E36: LO | F36: - | G36: 2019 | H36: - | I36: - | J36: - | K36: - | L36: 0.89045791 | M36: 0.928359 | N36: 0.89010379 | O36: 0.80826416 | P36: 0.93066681 | Q36: 0.98235289 | R36: 0.88099881 | S36: 0.96015755 | T36: 0.77882747 | U36: 0.95142496 | V36: 0.94215542 | W36: 0.88939601 | X36: 0.85148455 | Y36: 0.92447667 | Z36: 0.89064145 | AA36: 0.91526314 | AB36: 0.91407755 | AC36: 0.90671088 | AD36: 0.86907851 | AE36: 0.99 | AF36: 0.95161596 | AG36: 0.83779492 | AH36: 0.98936106 | AI36: 0.97567715 | AJ36: 0.92111476 | AL36: 0.89061678 | AM36: 0.87748047 | AN36: 0.83499057 | AO36: - | AU36: =LEFT(C36,3) -> IFP | AV36: =MID(C36,5,3) -> MDR | AW36: =RIGHT(C36,3) -> ELC | AX36: =IFERROR(VLOOKUP(AW36,$AZ$2:$BA$10,2,FALSE),"") -> No
A37: BASE | B37: FLO_MARK | C37: IFP_MDR_NGA | D37: IFP_MDR | E37: LO | F37: - | G37: 2019 | H37: - | I37: - | J37: - | K37: - | L37: 0.099542086 | M37: 0.061641001 | N37: 0.09989621 | O37: 0.18173584 | P37: 0.059333195 | Q37: 0.0076471103 | R37: 0.10900119 | S37: 0.029842449 | T37: 0.21117253 | U37: 0.038575036 | V37: 0.047844579 | W37: 0.10060399 | X37: 0.13851545 | Y37: 0.065523328 | Z37: 0.099358553 | AA37: 0.074736856 | AB37: 0.075922451 | AC37: 0.083289118 | AD37: 0.12092149 | AE37: 0 | AF37: 0.038384037 | AG37: 0.15220508 | AH37: 0 | AI37: 0.014322855 | AJ37: 0.068885238 | AL37: 0.099383216 | AM37: 0.11251953 | AN37: 0.15500943 | AO37: - | AU37: =LEFT(C37,3) -> IFP | AV37: =MID(C37,5,3) -> MDR | AW37: =RIGHT(C37,3) -> NGA | AX37: =IFERROR(VLOOKUP(AW37,$AZ$2:$BA$10,2,FALSE),"") -> Yes
A38: BASE | B38: FLO_MARK | C38: IFP_OTH_ELC | D38: IFP_OTH | E38: LO | F38: - | G38: 2019 | H38: - | I38: - | J38: - | K38: - | L38: 0.085811972 | M38: 0.031408372 | N38: 0.27604163 | O38: 0.094587415 | P38: 0.10393283 | Q38: 0.09317554 | R38: 0.14598315 | S38: 0.14376301 | T38: 0.14115567 | U38: 0.37585024 | V38: 0.16787969 | W38: 0.1811055 | X38: 0.17008346 | Y38: 0.15064116 | Z38: 0.15340673 | AA38: 0.1127053 | AB38: 0.18618191 | AC38: 0.18059762 | AD38: 0.16456659 | AE38: 0.97631959 | AF38: 0.10349641 | AG38: 0.064637204 | AH38: 0.42540704 | AI38: 0.17270602 | AJ38: 0.097068068 | AL38: 0.037582936 | AM38: 0.16476224 | AN38: 0.16850724 | AO38: - | AU38: =LEFT(C38,3) -> IFP | AV38: =MID(C38,5,3) -> OTH | AW38: =RIGHT(C38,3) -> ELC | AX38: =IFERROR(VLOOKUP(AW38,$AZ$2:$BA$10,2,FALSE),"") -> No
A39: BASE | B39: FLO_MARK | C39: IFP_OTH_NGA | D39: IFP_OTH | E39: LO | F39: - | G39: 2019 | H39: - | I39: - | J39: - | K39: - | L39: 0.21275256 | M39: 0.046252236 | N39: 0.68709455 | O39: 0.47168732 | P39: 0.14695685 | Q39: 0.016086639 | R39: 0.4005827 | S39: 0.099099778 | T39: 0.84884433 | U39: 0.33797159 | V39: 0.1890784 | W39: 0.45434448 | X39: 0.61364486 | Y39: 0.23679755 | Z39: 0.37955992 | AA39: 0.20411116 | AB39: 0.34297165 | AC39: 0.36792985 | AD39: 0.5078316 | AE39: 0 | AF39: 0.092586521 | AG39: 0.26043993 | AH39: 0.0060931931 | AI39: 0.056229537 | AJ39: 0.1609987 | AL39: 0.093013597 | AM39: 0.4685778 | AN39: 0.69379106 | AO39: - | AU39: =LEFT(C39,3) -> IFP | AV39: =MID(C39,5,3) -> OTH | AW39: =RIGHT(C39,3) -> NGA | AX39: =IFERROR(VLOOKUP(AW39,$AZ$2:$BA$10,2,FALSE),"") -> Yes
A40: BASE | B40: FLO_MARK | C40: IFP_OTH_OIL | D40: IFP_OTH | E40: LO | F40: - | G40: 2019 | H40: - | I40: - | J40: - | K40: - | L40: 0.69143547 | M40: 0.91233939 | N40: 0.026863825 | O40: 0.42372527 | P40: 0.73911033 | Q40: 0.88073782 | R40: 0.44343415 | S40: 0.74713721 | T40: 0 | U40: 0.27617817 | V40: 0.63304192 | W40: 0.35455002 | X40: 0.20627168 | Y40: 0.6025613 | Z40: 0.45703335 | AA40: 0.67318355 | AB40: 0.46084645 | AC40: 0.44147254 | AD40: 0.3176018 | AE40: 0.013680414 | AF40: 0.79391707 | AG40: 0.66492287 | AH40: 0.55849976 | AI40: 0.76106444 | AJ40: 0.73193323 | AL40: 0.85940347 | AM40: 0.35665996 | AN40: 0.1277017 | AO40: - | AU40: =LEFT(C40,3) -> IFP | AV40: =MID(C40,5,3) -> OTH | AW40: =RIGHT(C40,3) -> OIL | AX40: =IFERROR(VLOOKUP(AW40,$AZ$2:$BA$10,2,FALSE),"") -> Yes
A41: BASE | B41: FLO_MARK | C41: IFP_OTP_ELC | D41: IFP_OTP | E41: LO | F41: - | G41: 2019 | H41: - | I41: - | J41: - | K41: - | L41: 0.20742415 | M41: 0.30546825 | N41: 0.2067774 | O41: 0.11526922 | P41: 0.31411838 | Q41: 0.78401786 | R41: 0.19127834 | S41: 0.48316807 | T41: 0.097527055 | U41: 0.41800788 | V41: 0.36478948 | W41: 0.20549524 | X41: 0.15253557 | Y41: 0.29185724 | Z41: 0.20776074 | AA41: 0.26358566 | AB41: 0.26030407 | AC41: 0.24145017 | AD41: 0.17380942 | AE41: 0.99 | AF41: 0.41925564 | AG41: 0.13882114 | AH41: 0.96888207 | AI41: 0.6620094 | AJ41: 0.28093222 | AL41: 0.20771545 | AM41: 0.18581881 | AN41: 0.13626187 | AO41: - | AU41: =LEFT(C41,3) -> IFP | AV41: =MID(C41,5,3) -> OTP | AW41: =RIGHT(C41,3) -> ELC | AX41: =IFERROR(VLOOKUP(AW41,$AZ$2:$BA$10,2,FALSE),"") -> No
A42: BASE | B42: FLO_MARK | C42: IFP_OTP_NGA | D42: IFP_OTP | E42: LO | F42: - | G42: 2019 | H42: - | I42: - | J42: - | K42: - | L42: 0.78257585 | M42: 0.68453175 | N42: 0.7832226 | O42: 0.87473078 | P42: 0.67588162 | Q42: 0.20598214 | R42: 0.79872166 | S42: 0.50683193 | T42: 0.89247294 | U42: 0.57199212 | V42: 0.62521052 | W42: 0.78450476 | X42: 0.83746443 | Y42: 0.69814276 | Z42: 0.78223926 | AA42: 0.72641434 | AB42: 0.72969593 | AC42: 0.74854983 | AD42: 0.81619058 | AE42: 0 | AF42: 0.57074436 | AG42: 0.85117886 | AH42: 0.021117932 | AI42: 0.3279906 | AJ42: 0.70906778 | AL42: 0.78228455 | AM42: 0.80418119 | AN42: 0.85373813 | AO42: - | AU42: =LEFT(C42,3) -> IFP | AV42: =MID(C42,5,3) -> OTP | AW42: =RIGHT(C42,3) -> NGA | AX42: =IFERROR(VLOOKUP(AW42,$AZ$2:$BA$10,2,FALSE),"") -> Yes
A43: BASE | B43: FLO_MARK | C43: IFP_PRC_ELC | D43: IFP_PRC | E43: LO | F43: - | G43: 2019 | H43: - | I43: - | J43: - | K43: - | L43: 0.94220468 | M43: 0.96104366 | N43: 0.94202473 | O43: 0.89834097 | P43: 0.96216446 | Q43: 0.98651518 | R43: 0.93737225 | S43: 0.97623135 | T43: 0.88153658 | U43: 0.97211471 | V43: 0.96770036 | W43: 0.94166484 | X43: 0.92194307 | Y43: 0.9591515 | Z43: 0.94229791 | AA43: 0.9546272 | AB43: 0.95404153 | AC43: 0.95038446 | AD43: 0.93120549 | AE43: 0.99 | AF43: 0.97220518 | AG43: 0.91460031 | AH43: 0.98970996 | AI43: 0.98344878 | AJ43: 0.95750618 | AL43: 0.94228539 | AM43: 0.93556109 | AN43: 0.91308116 | AO43: - | AU43: =LEFT(C43,3) -> IFP | AV43: =MID(C43,5,3) -> PRC | AW43: =RIGHT(C43,3) -> ELC | AX43: =IFERROR(VLOOKUP(AW43,$AZ$2:$BA$10,2,FALSE),"") -> No
A44: BASE | B44: FLO_MARK | C44: IFP_PRC_NGA | D44: IFP_PRC | E44: LO | F44: - | G44: 2019 | H44: - | I44: - | J44: - | K44: - | L44: 0.047795322 | M44: 0.028956339 | N44: 0.047975274 | O44: 0.091659034 | P44: 0.027835538 | Q44: 0.0034848204 | R44: 0.052627749 | S44: 0.013768655 | T44: 0.10846342 | U44: 0.017885295 | V44: 0.022299642 | W44: 0.048335165 | X44: 0.068056931 | Y44: 0.030848496 | Z44: 0.047702088 | AA44: 0.035372801 | AB44: 0.035958474 | AC44: 0.039615538 | AD44: 0.058794514 | AE44: 0 | AF44: 0.017794822 | AG44: 0.075399692 | AH44: 0 | AI44: 0.0065512173 | AJ44: 0.032493822 | AL44: 0.047714615 | AM44: 0.054438909 | AN44: 0.076918841 | AO44: - | AU44: =LEFT(C44,3) -> IFP | AV44: =MID(C44,5,3) -> PRC | AW44: =RIGHT(C44,3) -> NGA | AX44: =IFERROR(VLOOKUP(AW44,$AZ$2:$BA$10,2,FALSE),"") -> Yes
A45: BASE | B45: FLO_MARK | C45: IFP_PRH_BIO | D45: IFP_PRH | E45: LO | F45: - | G45: 2019 | H45: - | I45: - | J45: - | K45: - | L45: 0.011203073 | M45: 0.60435342 | N45: 0 | O45: 0.011540152 | P45: 0.086125714 | Q45: 0.81381735 | R45: 0.58090777 | S45: 0.94842468 | T45: 0.011727524 | U45: 0 | V45: 0.17878653 | W45: 0.042975064 | X45: 0.085564073 | Y45: 0.16458852 | Z45: 0.20643517 | AA45: 0.39101609 | AB45: 0.081902573 | AC45: 0.10020386 | AD45: 0.03487763 | AE45: 0.95514418 | AF45: 0.72060142 | AG45: 0.79726261 | AH45: 0 | AI45: 0.13307707 | AJ45: 0.21122274 | AL45: 0.57651247 | AM45: 0.053860066 | AN45: 0.10391649 | AO45: - | AU45: =LEFT(C45,3) -> IFP | AV45: =MID(C45,5,3) -> PRH | AW45: =RIGHT(C45,3) -> BIO | AX45: =IFERROR(VLOOKUP(AW45,$AZ$2:$BA$10,2,FALSE),"") -> No
A46: BASE | B46: FLO_MARK | C46: IFP_PRH_COA | D46: IFP_PRH | E46: LO | F46: - | G46: 2019 | H46: - | I46: - | J46: - | K46: - | L46: 0.043772392 | M46: 0.14875127 | N46: 0.050828159 | O46: 0.068880607 | P46: 0 | Q46: 0.13129634 | R46: 0.18201113 | S46: 0.0017498634 | T46: 0 | U46: 0.70971667 | V46: 0.10592759 | W46: 0.3379695 | X46: 0.026836522 | Y46: 0 | Z46: 0.011531078 | AA46: 0.0076615928 | AB46: 0.39119284 | AC46: 0.091417551 | AD46: 0.082619349 | AE46: 0 | AF46: 0.1991223 | AG46: 0 | AH46: 0 | AI46: 0 | AJ46: 0.078999822 | AL46: 0 | AM46: 0.031997515 | AN46: 0.20020927 | AO46: - | AU46: =LEFT(C46,3) -> IFP | AV46: =MID(C46,5,3) -> PRH | AW46: =RIGHT(C46,3) -> COA | AX46: =IFERROR(VLOOKUP(AW46,$AZ$2:$BA$10,2,FALSE),"") -> Yes
A47: BASE | B47: FLO_MARK | C47: IFP_PRH_ELC | D47: IFP_PRH | E47: LO | F47: - | G47: 2019 | H47: - | I47: - | J47: - | K47: - | L47: 0.053844551 | M47: 0.022097659 | N47: 0.05371289 | O47: 0.026818005 | P47: 0.087437543 | Q47: 0.020978654 | R47: 0.011881105 | S47: 0.0071756207 | T47: 0.024039678 | U47: 0.033769791 | V47: 0.082129329 | W47: 0.033759488 | X47: 0.035304418 | Y47: 0.072557337 | Z47: 0.044169241 | AA47: 0.044695321 | AB47: 0.038141439 | AC47: 0.054718987 | AD47: 0.04044013 | AE47: 0.034855817 | AF47: 0.009759308 | AG47: 0.0069841793 | AH47: 0.90448585 | AI47: 0.27211833 | AJ47: 0.058567244 | AL47: 0.023851072 | AM47: 0.045727482 | AN47: 0.024341388 | AO47: - | AU47: =LEFT(C47,3) -> IFP | AV47: =MID(C47,5,3) -> PRH | AW47: =RIGHT(C47,3) -> ELC | AX47: =IFERROR(VLOOKUP(AW47,$AZ$2:$BA$10,2,FALSE),"") -> No
... A80: BASE | B80: FLO_MARK | C80: ILP_STM_OIL | D80: ILP_STM | E80: LO | F80: - | G80: 2019 | H80: - | I80: - | J80: - | K80: - | L80: 0.11623561 | M80: 0.06299948 | N80: 0.030664448 | O80: 0.014702222 | P80: 0.026088535 | Q80: 0.018194315 | R80: 0.028392159 | S80: 0.010418764 | T80: 0.004783082 | U80: 0.0041113948 | V80: 0.0072898767 | W80: 0.0032218751 | X80: 0.0037030887 | Y80: 0.0059164289 | Z80: 0.0038669988 | AA80: 0.012614 | AB80: 0.0047482637 | AC80: 0.0058926692 | AD80: 0.0024500564 | AE80: 0 | AF80: 0.0051210827 | AG80: 0.040098188 | AH80: 0 | AI80: 0.017576713 | AJ80: 0.0042168454 | AL80: 0.018467186 | AM80: 0.0096722447 | AN80: 0 | AO80: - | AU80: =LEFT(C80,3) -> ILP | AV80: =MID(C80,5,3) -> STM | AW80: =RIGHT(C80,3) -> OIL | AX80: =IFERROR(VLOOKUP(AW80,$AZ$2:$BA$10,2,FALSE),"") -> Yes
A81: BASE | B81: FLO_MARK | C81: IMC_MDR_ELC | D81: IMC_MDR | E81: LO | F81: - | G81: 2019 | H81: - | I81: - | J81: - | K81: - | L81: 0.74301981 | M81: 0.80900166 | N81: 0.85794021 | O81: 0.82311453 | P81: 0.67794389 | Q81: 0.64278289 | R81: 0.7865064 | S81: 0.88390668 | T81: 0.74228469 | U81: 0.92229566 | V81: 0.84036767 | W81: 0.87934308 | X81: 0.73921404 | Y81: 0.87638 | Z81: 0.7319978 | AA81: 0.80187309 | AB81: 0.92119226 | AC81: 0.73774713 | AD81: 0.71796139 | AE81: 0.85592684 | AF81: 0.68898241 | AG81: 0.93043145 | AH81: 0.7786681 | AI81: 0.75416897 | AJ81: 0.80416461 | AK81: 0.99 | AL81: 0.90061488 | AM81: 0.75681431 | AN81: 0.78443748 | AO81: - | AU81: =LEFT(C81,3) -> IMC | AV81: =MID(C81,5,3) -> MDR | AW81: =RIGHT(C81,3) -> ELC | AX81: =IFERROR(VLOOKUP(AW81,$AZ$2:$BA$10,2,FALSE),"") -> No
A82: BASE | B82: FLO_MARK | C82: IMC_MDR_NGA | D82: IMC_MDR | E82: LO | F82: - | G82: 2019 | H82: - | I82: - | J82: - | K82: - | L82: 0.0017885971 | M82: 0 | N82: 0.001960483 | O82: 0.010013678 | P82: 0.0012731453 | Q82: 0 | R82: 0.001699571 | S82: 0.0059449411 | T82: 0.013543844 | U82: 0.0020812851 | V82: 0 | W82: 0.013543037 | X82: 0.014895519 | Y82: 0.018050792 | Z82: 0.011308253 | AA82: 0.020133191 | AB82: 0.0095655956 | AC82: 0.0083555163 | AD82: 0.020518884 | AE82: 0 | AF82: 0.0053490616 | AG82: 0.0055721493 | AH82: 0.0011001424 | AI82: 0 | AJ82: 0.028998738 | AK82: 0 | AL82: 0 | AM82: 0.053292329 | AN82: 0.012284568 | AO82: - | AU82: =LEFT(C82,3) -> IMC | AV82: =MID(C82,5,3) -> MDR | AW82: =RIGHT(C82,3) -> NGA | AX82: =IFERROR(VLOOKUP(AW82,$AZ$2:$BA$10,2,FALSE),"") -> Yes
A83: BASE | B83: FLO_MARK | C83: IMC_MDR_OIL | D83: IMC_MDR | E83: LO | F83: - | G83: 2019 | H83: - | I83: - | J83: - | K83: - | L83: 0.2451916 | M83: 0.18099409 | N83: 0.13009931 | O83: 0.1568718 | P83: 0.31078296 | Q83: 0.34684105 | R83: 0.20179403 | S83: 0.10014838 | T83: 0.23417147 | U83: 0.065623056 | V83: 0.14875946 | W83: 0.097113883 | X83: 0.23589045 | Y83: 0.095569207 | Z83: 0.24669395 | AA83: 0.16799371 | AB83: 0.059242143 | AC83: 0.24389736 | AD83: 0.25151973 | AE83: 0.13407316 | AF83: 0.29566853 | AG83: 0.053996399 | AH83: 0.21023175 | AI83: 0.23545798 | AJ83: 0.15683666 | AK83: 0 | AL83: 0.089332703 | AM83: 0.17989336 | AN83: 0.19327796 | AO83: - | AU83: =LEFT(C83,3) -> IMC | AV83: =MID(C83,5,3) -> MDR | AW83: =RIGHT(C83,3) -> OIL | AX83: =IFERROR(VLOOKUP(AW83,$AZ$2:$BA$10,2,FALSE),"") -> Yes
A84: BASE | B84: FLO_MARK | C84: IMC_OTH_ELC | D84: IMC_OTH | E84: LO | F84: - | G84: 2019 | H84: - | I84: - | J84: - | K84: - | L84: 0.034613755 | M84: 0.050598857 | N84: 0.071789644 | O84: 0.055258515 | P84: 0.025248302 | Q84: 0.021601822 | R84: 0.044026909 | S84: 0.089913253 | T84: 0.034339609 | U84: 0.13926949 | V84: 0.062724799 | W84: 0.085654557 | X84: 0.033784122 | Y84: 0.083103127 | Z84: 0.032604374 | AA84: 0.04792623 | AB84: 0.13606021 | AC84: 0.033606632 | AD84: 0.030315386 | AE84: 0.070722434 | AF84: 0.026532124 | AG84: 0.15571785 | AH84: 0.042070229 | AI84: 0.036731331 | AJ84: 0.048417891 | AK84: 0.99 | AL84: 0.10718551 | AM84: 0.036536314 | AN84: 0.043301364 | AO84: - | AU84: =LEFT(C84,3) -> IMC | AV84: =MID(C84,5,3) -> OTH | AW84: =RIGHT(C84,3) -> ELC | AX84: =IFERROR(VLOOKUP(AW84,$AZ$2:$BA$10,2,FALSE),"") -> No
A85: BASE | B85: FLO_MARK | C85: IMC_OTH_NGA | D85: IMC_OTH | E85: LO | F85: - | G85: 2019 | H85: - | I85: - | J85: - | K85: - | L85: 0.0075394059 | M85: 0 | N85: 0.014843767 | O85: 0.060828745 | P85: 0.0042903495 | Q85: 0.0011435342 | R85: 0.0086085802 | S85: 0.054719374 | T85: 0.056694777 | U85: 0.028437647 | V85: 0.005895202 | W85: 0.11936705 | X85: 0.061599095 | Y85: 0.15488075 | Z85: 0.045576176 | AA85: 0.10888211 | AB85: 0.12784071 | AC85: 0.034440308 | AD85: 0.078395661 | AE85: 0 | AF85: 0.018638792 | AG85: 0.084382626 | AH85: 0.0053783326 | AI85: 0.0016440174 | AJ85: 0.15798515 | AK85: 0 | AL85: 0 | AM85: 0.23279645 | AN85: 0.06135916 | AO85: - | AU85: =LEFT(C85,3) -> IMC | AV85: =MID(C85,5,3) -> OTH | AW85: =RIGHT(C85,3) -> NGA | AX85: =IFERROR(VLOOKUP(AW85,$AZ$2:$BA$10,2,FALSE),"") -> Yes
A86: BASE | B86: FLO_MARK | C86: IMC_OTH_OIL | D86: IMC_OTH | E86: LO | F86: - | G86: 2019 | H86: - | I86: - | J86: - | K86: - | L86: 0.94784684 | M86: 0.93937709 | N86: 0.90336659 | O86: 0.87391274 | P86: 0.96046135 | Q86: 0.96725464 | R86: 0.93736451 | S86: 0.84536737 | T86: 0.89896561 | U86: 0.82229287 | V86: 0.92138 | W86: 0.78497839 | X86: 0.89461678 | Y86: 0.75201612 | Z86: 0.91181945 | AA86: 0.83319166 | AB86: 0.72609908 | AC86: 0.92195306 | AD86: 0.88128895 | AE86: 0.91927757 | AF86: 0.94482908 | AG86: 0.74989952 | AH86: 0.94255144 | AI86: 0.95162465 | AJ86: 0.78359696 | AK86: 0 | AL86: 0.88225007 | AM86: 0.72066723 | AN86: 0.88533948 | AO86: - | AU86: =LEFT(C86,3) -> IMC | AV86: =MID(C86,5,3) -> OTH | AW86: =RIGHT(C86,3) -> OIL | AX86: =IFERROR(VLOOKUP(AW86,$AZ$2:$BA$10,2,FALSE),"") -> Yes
A87: BASE | B87: FLO_MARK | C87: IMC_OTP_ELC | D87: IMC_OTP | E87: LO | F87: - | G87: 2019 | H87: - | I87: - | J87: - | K87: - | L87: 0.72286417 | M87: 0.98920208 | N87: 0.73289474 | O87: 0.34522981 | P87: 0.76845342 | Q87: 0.90841159 | R87: 0.74338728 | S87: 0.48707668 | T87: 0.26044822 | U87: 0.73527372 | V87: 0.85384719 | W87: 0.29425749 | X87: 0.24184742 | Y87: 0.23786423 | Z87: 0.29362552 | AA87: 0.20393366 | AB87: 0.38163013 | AC87: 0.36148305 | AD87: 0.18375911 | AE87: 0.99 | AF87: 0.45166693 | AG87: 0.5157878 | AH87: 0.81354252 | AI87: 0.92012772 | AJ87: 0.15146839 | AK87: 0.99 | AL87: 0.98123346 | AM87: 0.083824975 | AN87: 0.29081994 | AO87: - | AU87: =LEFT(C87,3) -> IMC | AV87: =MID(C87,5,3) -> OTP | AW87: =RIGHT(C87,3) -> ELC | AX87: =IFERROR(VLOOKUP(AW87,$AZ$2:$BA$10,2,FALSE),"") -> No
A88: BASE | B88: FLO_MARK | C88: IMC_OTP_NGA | D88: IMC_OTP | E88: LO | F88: - | G88: 2019 | H88: - | I88: - | J88: - | K88: - | L88: 0.26713583 | M88: 0 | N88: 0.25710526 | O88: 0.64477019 | P88: 0.22154658 | Q88: 0.08158841 | R88: 0.24661272 | S88: 0.50292332 | T88: 0.72955178 | U88: 0.25472628 | V88: 0.13615281 | W88: 0.69574251 | X88: 0.74815258 | Y88: 0.75213577 | Z88: 0.69637448 | AA88: 0.78606634 | AB88: 0.60836987 | AC88: 0.62851695 | AD88: 0.80624089 | AE88: 0 | AF88: 0.53833307 | AG88: 0.4742122 | AH88: 0.17645748 | AI88: 0.069872277 | AJ88: 0.83853161 | AK88: 0 | AL88: 0.0087665427 | AM88: 0.90617503 | AN88: 0.69918006 | AO88: - | AU88: =LEFT(C88,3) -> IMC | AV88: =MID(C88,5,3) -> OTP | AW88: =RIGHT(C88,3) -> NGA | AX88: =IFERROR(VLOOKUP(AW88,$AZ$2:$BA$10,2,FALSE),"") -> Yes
A89: BASE | B89: FLO_MARK | C89: IMC_PRC_ELC | D89: IMC_PRC | E89: LO | F89: - | G89: 2019 | H89: - | I89: - | J89: - | K89: - | L89: 0.98733401 | M89: 0.98999417 | N89: 0.98746889 | O89: 0.97667202 | P89: 0.98791893 | Q89: 0.98935075 | R89: 0.98760612 | S89: 0.98258699 | T89: 0.97014409 | U89: 0.98750034 | V89: 0.98884789 | W89: 0.97318734 | X89: 0.96811756 | Y89: 0.96764362 | Z89: 0.97313673 | AA89: 0.96288172 | AB89: 0.97860145 | AC89: 0.9775806 | AD89: 0.95924853 | AE89: 0.99 | AF89: 0.98145285 | AG89: 0.98339386 | AH89: 0.98843352 | AI89: 0.989451 | AJ89: 0.95151156 | AK89: 0.99 | AL89: 0.98993538 | AM89: 0.91752698 | AN89: 0.97290945 | AO89: - | AU89: =LEFT(C89,3) -> IMC | AV89: =MID(C89,5,3) -> PRC | AW89: =RIGHT(C89,3) -> ELC | AX89: =IFERROR(VLOOKUP(AW89,$AZ$2:$BA$10,2,FALSE),"") -> No
A90: BASE | B90: FLO_MARK | C90: IMC_PRC_NGA | D90: IMC_PRC | E90: LO | F90: - | G90: 2019 | H90: - | I90: - | J90: - | K90: - | L90: 0.0026659893 | M90: 0 | N90: 0.0025311136 | O90: 0.013327978 | P90: 0.0020810747 | Q90: 0 | R90: 0.0023938834 | S90: 0.0074130053 | T90: 0.019855912 | U90: 0.0024996593 | V90: 0.0011521122 | W90: 0.016812656 | X90: 0.021882437 | Y90: 0.022356376 | Z90: 0.016863269 | AA90: 0.027118276 | AB90: 0.011398554 | AC90: 0.012419397 | AD90: 0.030751475 | AE90: 0 | AF90: 0.008547145 | AG90: 0.0066061437 | AH90: 0.0015664846 | AI90: 0 | AJ90: 0.038488445 | AK90: 0 | AL90: 0 | AM90: 0.072473021 | AN90: 0.017090554 | AO90: - | AU90: =LEFT(C90,3) -> IMC | AV90: =MID(C90,5,3) -> PRC | AW90: =RIGHT(C90,3) -> NGA | AX90: =IFERROR(VLOOKUP(AW90,$AZ$2:$BA$10,2,FALSE),"") -> Yes
A91: BASE | B91: FLO_MARK | C91: IMC_PRH_BIO | D91: IMC_PRH | E91: LO | F91: - | G91: 2019 | H91: - | I91: - | J91: - | K91: - | L91: 0.0011681609 | M91: 0.007354386 | N91: 0.0013719789 | O91: 0 | P91: 0.018125637 | Q91: 0.0023267543 | R91: 0 | S91: 0.031692874 | T91: 0.07389561 | U91: 0 | V91: 0.10202449 | W91: 0.031289722 | X91: 0.057758499 | Y91: 0.01246676 | Z91: 0.019102355 | AA91: 0.032086026 | AB91: 0.060807263 | AC91: 0.071961461 | AD91: 0.032780925 | AE91: 0.75946564 | AF91: 0.011757023 | AG91: 0 | AH91: 0 | AI91: 0 | AJ91: 0.0025336001 | AK91: 0 | AL91: 0 | AM91: 0 | AN91: 0.032450575 | AO91: - | AU91: =LEFT(C91,3) -> IMC | AV91: =MID(C91,5,3) -> PRH | AW91: =RIGHT(C91,3) -> BIO | AX91: =IFERROR(VLOOKUP(AW91,$AZ$2:$BA$10,2,FALSE),"") -> No
A92: BASE | B92: FLO_MARK | C92: IMC_PRH_COA | D92: IMC_PRH | E92: LO | F92: - | G92: 2019 | H92: - | I92: - | J92: - | K92: - | L92: 0 | M92: 0.054108536 | N92: 0.014580265 | O92: 0.24511892 | P92: 0 | Q92: 0.12301612 | R92: 0.033384749 | S92: 0.17893444 | T92: 0 | U92: 0.41244494 | V92: 0.11781882 | W92: 0.049968795 | X92: 0.0067379856 | Y92: 0 | Z92: 0.0071389474 | AA92: 0 | AB92: 0.01579565 | AC92: 0 | AD92: 0.034454625 | AE92: 0.013108527 | AF92: 0 | AG92: 0 | AH92: 0 | AI92: 0 | AJ92: 0.0039292904 | AK92: 0 | AL92: 0.16651215 | AM92: 0.0063162271 | AN92: 0 | AO92: - | AU92: =LEFT(C92,3) -> IMC | AV92: =MID(C92,5,3) -> PRH | AW92: =RIGHT(C92,3) -> COA | AX92: =IFERROR(VLOOKUP(AW92,$AZ$2:$BA$10,2,FALSE),"") -> Yes
... A102: BASE | B102: FLO_MARK | C102: IMC_STM_OIL | D102: IMC_STM | E102: LO | F102: - | G102: 2019 | H102: - | I102: - | J102: - | K102: - | L102: 0.80336402 | M102: 0.87904186 | N102: 0.66473064 | O102: 0.061863035 | P102: 0.86541555 | Q102: 0.92178998 | R102: 0.77377064 | S102: 0.40490136 | T102: 0.43801726 | U102: 0.19976025 | V102: 0.6877097 | W102: 0.11274941 | X102: 0.26180192 | Y102: 0.17450938 | Z102: 0.33302116 | AA102: 0.27796517 | AB102: 0.12530512 | AC102: 0.50609347 | AD102: 0.35287472 | AE102: 0.83926137 | AF102: 0.69217026 | AG102: 0.2776839 | AH102: 0.81838322 | AI102: 0.51228954 | AJ102: 0.087210987 | AK102: 0 | AL102: 0.76420498 | AM102: 0.1396202 | AN102: 0.41326778 | AO102: - | AU102: =LEFT(C102,3) -> IMC | AV102: =MID(C102,5,3) -> STM | AW102: =RIGHT(C102,3) -> OIL | AX102: =IFERROR(VLOOKUP(AW102,$AZ$2:$BA$10,2,FALSE),"") -> Yes
A103: BASE | B103: FLO_MARK | C103: INF_MDR_BFG | D103: INF_MDR | E103: LO | F103: - | G103: 2019 | H103: - | I103: - | J103: - | K103: - | L103: 0 | M103: 0 | N103: 0 | O103: 0 | P103: 0.0011595757 | Q103: 0 | R103: 0 | S103: 0 | T103: 0 | U103: 0 | V103: 0 | W103: 0 | X103: 0 | Y103: 0 | Z103: 0 | AA103: 0 | AB103: 0 | AC103: 0 | AD103: 0 | AE103: 0 | AF103: 0 | AG103: 0 | AH103: 0 | AI103: 0 | AJ103: 0 | AL103: 0 | AM103: 0 | AN103: 0 | AO103: - | AU103: =LEFT(C103,3) -> INF | AV103: =MID(C103,5,3) -> MDR | AW103: =RIGHT(C103,3) -> BFG | AX103: =IFERROR(VLOOKUP(AW103,$AZ$2:$BA$10,2,FALSE),"") -> Yes
A104: BASE | B104: FLO_MARK | C104: INF_MDR_ELC | D104: INF_MDR | E104: LO | F104: - | G104: 2019 | H104: - | I104: - | J104: - | K104: - | L104: 0.99 | M104: 0.98888682 | N104: 0.96018799 | O104: 0.98618309 | P104: 0.96796103 | Q104: 0.96529039 | R104: 0.94160291 | S104: 0.97872837 | T104: 0.97899853 | U104: 0.98360195 | V104: 0.98881134 | W104: 0.94736697 | X104: 0.91786201 | Y104: 0.93212915 | Z104: 0.95494184 | AA104: 0.94919457 | AB104: 0.94647978 | AC104: 0.96969215 | AD104: 0.95282799 | AE104: 0.99 | AF104: 0.98142989 | AG104: 0.99 | AH104: 0.99 | AI104: 0.98911587 | AJ104: 0.99 | AL104: 0.98789143 | AM104: 0.95333484 | AN104: 0.93592781 | AO104: - | AU104: =LEFT(C104,3) -> INF | AV104: =MID(C104,5,3) -> MDR | AW104: =RIGHT(C104,3) -> ELC | AX104: =IFERROR(VLOOKUP(AW104,$AZ$2:$BA$10,2,FALSE),"") -> No
A105: BASE | B105: FLO_MARK | C105: INF_MDR_NGA | D105: INF_MDR | E105: LO | F105: - | G105: 2019 | H105: - | I105: - | J105: - | K105: - | L105: 0 | M105: 0.0011131781 | N105: 0.029812012 | O105: 0.0038169098 | P105: 0.020879391 | Q105: 0.024709612 | R105: 0.048397085 | S105: 0.011271629 | T105: 0.011001471 | U105: 0.0063980528 | V105: 0.0011886617 | W105: 0.042633032 | X105: 0.072137995 | Y105: 0.05787085 | Z105: 0.035058163 | AA105: 0.040805427 | AB105: 0.043520218 | AC105: 0.020307847 | AD105: 0.037172011 | AE105: 0 | AF105: 0.0085701064 | AG105: 0 | AH105: 0 | AI105: 0 | AJ105: 0 | AL105: 0.002108571 | AM105: 0.036665157 | AN105: 0.054072192 | AO105: - | AU105: =LEFT(C105,3) -> INF | AV105: =MID(C105,5,3) -> MDR | AW105: =RIGHT(C105,3) -> NGA | AX105: =IFERROR(VLOOKUP(AW105,$AZ$2:$BA$10,2,FALSE),"") -> Yes
A106: BASE | B106: FLO_MARK | C106: INF_OTH_BFG | D106: INF_OTH | E106: LO | F106: - | G106: 2019 | H106: - | I106: - | J106: - | K106: - | L106: 0 | M106: 0 | N106: 0 | O106: 0 | P106: 0 | Q106: 0 | R106: 0 | S106: 0 | T106: 0 | U106: 0 | V106: 0 | W106: 0 | X106: 0 | Y106: 0 | Z106: 0 | AA106: 0 | AB106: 0 | AC106: 0 | AD106: 0 | AE106: 0 | AF106: 0 | AG106: 0 | AH106: 0 | AI106: 0 | AJ106: 0 | AL106: 0 | AM106: 0 | AN106: 0 | AO106: - | AU106: =LEFT(C106,3) -> INF | AV106: =MID(C106,5,3) -> OTH | AW106: =RIGHT(C106,3) -> BFG | AX106: =IFERROR(VLOOKUP(AW106,$AZ$2:$BA$10,2,FALSE),"") -> Yes
A107: BASE | B107: FLO_MARK | C107: INF_OTH_ELC | D107: INF_OTH | E107: LO | F107: - | G107: 2019 | H107: - | I107: - | J107: - | K107: - | L107: 0.029014374 | M107: 0.36107951 | N107: 0.89851841 | O107: 0.25336347 | P107: 0.065686965 | Q107: 0.028467205 | R107: 0.15566386 | S107: 0.028730683 | T107: 0.56051358 | U107: 0.61191772 | V107: 0.099084611 | W107: 0.35857255 | X107: 0.33622127 | Y107: 0.10617513 | Z107: 0.28845071 | AA107: 0.13004845 | AB107: 0.18604263 | AC107: 0.11123242 | AD107: 0.3458354 | AE107: 0.14695872 | AF107: 0.12706722 | AG107: 0.99 | AH107: 0.99 | AI107: 0.67897556 | AJ107: 0.99 | AL107: 0.98311892 | AM107: 0.43610152 | AN107: 0.21154801 | AO107: - | AU107: =LEFT(C107,3) -> INF | AV107: =MID(C107,5,3) -> OTH | AW107: =RIGHT(C107,3) -> ELC | AX107: =IFERROR(VLOOKUP(AW107,$AZ$2:$BA$10,2,FALSE),"") -> No
A108: BASE | B108: FLO_MARK | C108: INF_OTH_NGA | D108: INF_OTH | E108: LO | F108: - | G108: 2019 | H108: - | I108: - | J108: - | K108: - | L108: 0 | M108: 0.0013328848 | N108: 0.091481591 | O108: 0.0032156596 | P108: 0.0046463388 | Q108: 0.002389596 | R108: 0.026236803 | S108: 0.0010850311 | T108: 0.020655065 | U108: 0.013052484 | V108: 0 | W108: 0.052914748 | X108: 0.086652994 | Y108: 0.021616147 | Z108: 0.034726064 | AA108: 0.018333255 | AB108: 0.028052004 | AC108: 0.0076389403 | AD108: 0.04424281 | AE108: 0 | AF108: 0.003638582 | AG108: 0 | AH108: 0 | AI108: 0.0019901894 | AJ108: 0 | AL108: 0.0068810827 | AM108: 0.055000596 | AN108: 0.040078576 | AO108: - | AU108: =LEFT(C108,3) -> INF | AV108: =MID(C108,5,3) -> OTH | AW108: =RIGHT(C108,3) -> NGA | AX108: =IFERROR(VLOOKUP(AW108,$AZ$2:$BA$10,2,FALSE),"") -> Yes
A109: BASE | B109: FLO_MARK | C109: INF_OTH_OIL | D109: INF_OTH | E109: LO | F109: - | G109: 2019 | H109: - | I109: - | J109: - | K109: - | L109: 0.96098563 | M109: 0.6275876 | N109: 0 | O109: 0.73342087 | P109: 0.91940865 | Q109: 0.9591432 | R109: 0.80809934 | S109: 0.96018429 | T109: 0.40883135 | U109: 0.36502979 | V109: 0.8905248 | W109: 0.5785127 | X109: 0.56712573 | Y109: 0.86220872 | Z109: 0.66682323 | AA109: 0.84161829 | AB109: 0.77590537 | AC109: 0.87112864 | AD109: 0.59992179 | AE109: 0.84304128 | AF109: 0.8592942 | AG109: 0 | AH109: 0 | AI109: 0.30903425 | AJ109: 0 | AL109: 0 | AM109: 0.49889788 | AN109: 0.73837341 | AO109: - | AU109: =LEFT(C109,3) -> INF | AV109: =MID(C109,5,3) -> OTH | AW109: =RIGHT(C109,3) -> OIL | AX109: =IFERROR(VLOOKUP(AW109,$AZ$2:$BA$10,2,FALSE),"") -> Yes
A110: BASE | B110: FLO_MARK | C110: INF_OTP_BFG | D110: INF_OTP | E110: LO | F110: - | G110: 2019 | H110: - | I110: - | J110: - | K110: - | L110: 0 | M110: 0 | N110: 0 | O110: 0 | P110: 0.0089129313 | Q110: 0 | R110: 0 | S110: 0 | T110: 0 | U110: 0 | V110: 0 | W110: 0 | X110: 0 | Y110: 0 | Z110: 0 | AA110: 0 | AB110: 0 | AC110: 0 | AD110: 0 | AE110: 0 | AF110: 0 | AG110: 0 | AH110: 0 | AI110: 0 | AJ110: 0 | AL110: 0 | AM110: 0 | AN110: 0 | AO110: - | AU110: =LEFT(C110,3) -> INF | AV110: =MID(C110,5,3) -> OTP | AW110: =RIGHT(C110,3) -> BFG | AX110: =IFERROR(VLOOKUP(AW110,$AZ$2:$BA$10,2,FALSE),"") -> Yes
A111: BASE | B111: FLO_MARK | C111: INF_OTP_ELC | D111: INF_OTP | E111: LO | F111: - | G111: 2019 | H111: - | I111: - | J111: - | K111: - | L111: 0.99 | M111: 0.97999791 | N111: 0.77253052 | O111: 0.95643718 | P111: 0.82060029 | Q111: 0.80351302 | R111: 0.67530046 | S111: 0.89640036 | T111: 0.8984592 | U111: 0.93486529 | V111: 0.97932618 | W111: 0.70311774 | X111: 0.5780748 | Y111: 0.63343775 | Z111: 0.74276442 | AA111: 0.7123472 | AB111: 0.69871059 | AC111: 0.83201715 | AD111: 0.73132273 | AE111: 0.99 | AF111: 0.91736952 | AG111: 0.99 | AH111: 0.99 | AI111: 0.98204123 | AJ111: 0.99 | AL111: 0.9712052 | AM111: 0.73403853 | AN111: 0.64968448 | AO111: - | AU111: =LEFT(C111,3) -> INF | AV111: =MID(C111,5,3) -> OTP | AW111: =RIGHT(C111,3) -> ELC | AX111: =IFERROR(VLOOKUP(AW111,$AZ$2:$BA$10,2,FALSE),"") -> No
A112: BASE | B112: FLO_MARK | C112: INF_OTP_NGA | D112: INF_OTP | E112: LO | F112: - | G112: 2019 | H112: - | I112: - | J112: - | K112: - | L112: 0 | M112: 0.010002092 | N112: 0.21746948 | O112: 0.03356282 | P112: 0.16048678 | Q112: 0.18648698 | R112: 0.31469954 | S112: 0.093599641 | T112: 0.091540803 | U112: 0.055134714 | V112: 0.01067382 | W112: 0.28688226 | X112: 0.4119252 | Y112: 0.35656225 | Z112: 0.24723558 | AA112: 0.2776528 | AB112: 0.29128941 | AC112: 0.15798285 | AD112: 0.25867727 | AE112: 0 | AF112: 0.072630476 | AG112: 0 | AH112: 0 | AI112: 0.0079587695 | AJ112: 0 | AL112: 0.018794798 | AM112: 0.25596147 | AN112: 0.34031552 | AO112: - | AU112: =LEFT(C112,3) -> INF | AV112: =MID(C112,5,3) -> OTP | AW112: =RIGHT(C112,3) -> NGA | AX112: =IFERROR(VLOOKUP(AW112,$AZ$2:$BA$10,2,FALSE),"") -> Yes
A113: BASE | B113: FLO_MARK | C113: INF_PRC_ELC | D113: INF_PRC | E113: LO | F113: - | G113: 2019 | H113: - | I113: - | J113: - | K113: - | L113: 0.99 | M113: 0.99 | N113: 0.99 | O113: 0.99 | P113: 0.99 | Q113: 0.99 | R113: 0.99 | S113: 0.99 | T113: 0.99 | U113: 0.99 | V113: 0.99 | W113: 0.99 | X113: 0.99 | Y113: 0.99 | Z113: 0.99 | AA113: 0.99 | AB113: 0.99 | AC113: 0.99 | AD113: 0.99 | AE113: 0.99 | AF113: 0.99 | AG113: 0.99 | AH113: 0.99 | AI113: 0.99 | AJ113: 0.99 | AL113: 0.99 | AM113: 0.99 | AN113: 0.99 | AO113: - | AU113: =LEFT(C113,3) -> INF | AV113: =MID(C113,5,3) -> PRC | AW113: =RIGHT(C113,3) -> ELC | AX113: =IFERROR(VLOOKUP(AW113,$AZ$2:$BA$10,2,FALSE),"") -> No
A114: BASE | B114: FLO_MARK | C114: INF_PRH_BFG | D114: INF_PRH | E114: LO | F114: - | G114: 2019 | H114: - | I114: - | J114: - | K114: - | L114: 0 | M114: 0 | N114: 0 | O114: 0 | P114: 0.028419751 | Q114: 0 | R114: 0 | S114: 0 | T114: 0 | U114: 0 | V114: 0 | W114: 0 | X114: 0 | Y114: 0 | Z114: 0 | AA114: 0 | AB114: 0 | AC114: 0 | AD114: 0 | AE114: 0 | AF114: 0 | AG114: 0 | AH114: 0 | AI114: 0 | AJ114: 0 | AL114: 0 | AM114: 0 | AN114: 0 | AO114: - | AU114: =LEFT(C114,3) -> INF | AV114: =MID(C114,5,3) -> PRH | AW114: =RIGHT(C114,3) -> BFG | AX114: =IFERROR(VLOOKUP(AW114,$AZ$2:$BA$10,2,FALSE),"") -> Yes
... A126: BASE | B126: FLO_MARK | C126: INF_STM_NGA | D126: INF_STM | E126: LO | F126: - | G126: 2019 | H126: - | I126: - | J126: - | K126: - | L126: 0 | M126: 0.070662041 | N126: 0.67268838 | O126: 0.074159034 | P126: 0.56901591 | Q126: 0.18687554 | R126: 0.77046311 | S126: 0.43579817 | T126: 0.42982147 | U126: 0.018526075 | V126: 0.0028264524 | W126: 0.21273395 | X126: 0.83441749 | Y126: 0.71870836 | Z126: 0.16297886 | AA126: 0.73843222 | AB126: 0.028675881 | AC126: 0.15841692 | AD126: 0.30290576 | AE126: 0 | AF126: 0.36979185 | AG126: 0 | AH126: 0 | AI126: 0.053591209 | AJ126: 0 | AL126: 0.12592789 | AM126: 0.71697474 | AN126: 0.34048748 | AO126: - | AU126: =LEFT(C126,3) -> INF | AV126: =MID(C126,5,3) -> STM | AW126: =RIGHT(C126,3) -> NGA | AX126: =IFERROR(VLOOKUP(AW126,$AZ$2:$BA$10,2,FALSE),"") -> Yes
A127: BASE | B127: FLO_MARK | C127: INM_MDR_BIO | D127: INM_MDR | E127: LO | F127: - | G127: 2019 | H127: - | I127: - | J127: - | K127: - | L127: 0.0050784125 | M127: 0.019817731 | N127: 0 | O127: 0 | P127: 0.04266953 | Q127: 0.0067561066 | R127: 0.017428819 | S127: 0.10598142 | T127: 0.036154579 | U127: 0 | V127: 0.034228251 | W127: 0.13940766 | X127: 0.07421427 | Y127: 0.026015854 | Z127: 0.057993029 | AA127: 0.041592578 | AB127: 0.020045816 | AC127: 0.056068003 | AD127: 0.1108592 | AE127: 0 | AF127: 0.0037406598 | AG127: 0 | AH127: 0 | AI127: 0.080361519 | AJ127: 0.003755787 | AK127: 0 | AL127: 0 | AM127: 0.047977156 | AN127: 0.014216258 | AO127: - | AU127: =LEFT(C127,3) -> INM | AV127: =MID(C127,5,3) -> MDR | AW127: =RIGHT(C127,3) -> BIO | AX127: =IFERROR(VLOOKUP(AW127,$AZ$2:$BA$10,2,FALSE),"") -> No
A128: BASE | B128: FLO_MARK | C128: INM_MDR_COA | D128: INM_MDR | E128: LO | F128: - | G128: 2019 | H128: - | I128: - | J128: - | K128: - | L128: 0.086942454 | M128: 0.32354531 | N128: 0 | O128: 0.22379674 | P128: 0.14919373 | Q128: 0.56897598 | R128: 0.13016453 | S128: 0.0046376133 | T128: 0.052548604 | U128: 0.33831675 | V128: 0.058780592 | W128: 0.077791424 | X128: 0.094055048 | Y128: 0.018314532 | Z128: 0.025699699 | AA128: 0 | AB128: 0.10468912 | AC128: 0.023511125 | AD128: 0.093440662 | AE128: 0.25533732 | AF128: 0.13506154 | AG128: 0.0048070588 | AH128: 0.19339525 | AI128: 0.049689939 | AJ128: 0.03335534 | AK128: 0 | AL128: 0.34748356 | AM128: 0.068093813 | AN128: 0.1282448 | AO128: - | AU128: =LEFT(C128,3) -> INM | AV128: =MID(C128,5,3) -> MDR | AW128: =RIGHT(C128,3) -> COA | AX128: =IFERROR(VLOOKUP(AW128,$AZ$2:$BA$10,2,FALSE),"") -> Yes
A129: BASE | B129: FLO_MARK | C129: INM_MDR_ELC | D129: INM_MDR | E129: LO | F129: - | G129: 2019 | H129: - | I129: - | J129: - | K129: - | L129: 0.23041916 | M129: 0.20790852 | N129: 0.52405367 | O129: 0.30975378 | P129: 0.40240786 | Q129: 0.23382072 | R129: 0.37838091 | S129: 0.1872979 | T129: 0.2111623 | U129: 0.51300687 | V129: 0.33303256 | W129: 0.48462612 | X129: 0.36428134 | Y129: 0.34103775 | Z129: 0.36934145 | AA129: 0.25923804 | AB129: 0.27010488 | AC129: 0.41947367 | AD129: 0.44243824 | AE129: 0.015972973 | AF129: 0.28499605 | AG129: 0.23077321 | AH129: 0.020935024 | AI129: 0.57249993 | AJ129: 0.39778137 | AK129: 0.99 | AL129: 0.48124109 | AM129: 0.52429707 | AN129: 0.42582856 | AO129: - | AU129: =LEFT(C129,3) -> INM | AV129: =MID(C129,5,3) -> MDR | AW129: =RIGHT(C129,3) -> ELC | AX129: =IFERROR(VLOOKUP(AW129,$AZ$2:$BA$10,2,FALSE),"") -> No
A130: BASE | B130: FLO_MARK | C130: INM_MDR_NGA | D130: INM_MDR | E130: LO | F130: - | G130: 2019 | H130: - | I130: - | J130: - | K130: - | L130: 0.22030936 | M130: 0.020723944 | N130: 0.24617377 | O130: 0.27527641 | P130: 0.042401371 | Q130: 0.020704785 | R130: 0.27298992 | S130: 0.052438123 | T130: 0.1884074 | U130: 0.041625966 | V130: 0.06076536 | W130: 0.18935245 | X130: 0.20276212 | Y130: 0.14860212 | Z130: 0.12279158 | AA130: 0.15750976 | AB130: 0.075952214 | AC130: 0.18382637 | AD130: 0.19508855 | AE130: 0 | AF130: 0.060309319 | AG130: 0.055485129 | AH130: 0.63657815 | AI130: 0.046061793 | AJ130: 0.41791017 | AK130: 0 | AL130: 0.13678204 | AM130: 0.20349385 | AN130: 0.26896957 | AO130: - | AU130: =LEFT(C130,3) -> INM | AV130: =MID(C130,5,3) -> MDR | AW130: =RIGHT(C130,3) -> NGA | AX130: =IFERROR(VLOOKUP(AW130,$AZ$2:$BA$10,2,FALSE),"") -> Yes
A131: BASE | B131: FLO_MARK | C131: INM_MDR_OIL | D131: INM_MDR | E131: LO | F131: - | G131: 2019 | H131: - | I131: - | J131: - | K131: - | L131: 0.44725061 | M131: 0.4180045 | N131: 0.21916726 | O131: 0.18015808 | P131: 0.3491771 | Q131: 0.15974241 | R131: 0.19043175 | S131: 0.63779854 | T131: 0.49821857 | U131: 0.071741525 | V131: 0.49609992 | W131: 0.089829227 | X131: 0.2496574 | Y131: 0.45593205 | Z131: 0.40882632 | AA131: 0.53066075 | AB131: 0.51800288 | AC131: 0.30352979 | AD131: 0.14305209 | AE131: 0.71868971 | AF131: 0.50539012 | AG131: 0.6989346 | AH131: 0.12658756 | AI131: 0.23178091 | AJ131: 0.1341702 | AK131: 0 | AL131: 0.024493315 | AM131: 0.14613811 | AN131: 0.15274081 | AO131: - | AU131: =LEFT(C131,3) -> INM | AV131: =MID(C131,5,3) -> MDR | AW131: =RIGHT(C131,3) -> OIL | AX131: =IFERROR(VLOOKUP(AW131,$AZ$2:$BA$10,2,FALSE),"") -> Yes
A132: BASE | B132: FLO_MARK | C132: INM_MDR_OVC | D132: INM_MDR | E132: LO | F132: - | G132: 2019 | H132: - | I132: - | J132: - | K132: - | L132: 0 | M132: 0 | N132: 0 | O132: 0.0010118714 | P132: 0.0041504027 | Q132: 0 | R132: 0 | S132: 0.0018463988 | T132: 0.0035085379 | U132: 0.025308891 | V132: 0.0070933188 | W132: 0.0089931176 | X132: 0.0050298124 | Y132: 0 | Z132: 0.0053479211 | AA132: 0 | AB132: 0.0012050908 | AC132: 0.0035910456 | AD132: 0.0051212647 | AE132: 0 | AF132: 0 | AG132: 0 | AH132: 0.012504019 | AI132: 0.0096059116 | AJ132: 0.0030271393 | AK132: 0 | AL132: 0 | AM132: 0 | AN132: 0 | AO132: - | AU132: =LEFT(C132,3) -> INM | AV132: =MID(C132,5,3) -> MDR | AW132: =RIGHT(C132,3) -> OVC | AX132: =IFERROR(VLOOKUP(AW132,$AZ$2:$BA$10,2,FALSE),"") -> Yes
