Workbook
Name IQ_CH: 110000
Name IQ_CQ: 5000
Name IQ_CY: 10000
Name IQ_DAILY: 500000
Name IQ_FH: 100000
Name IQ_FQ: 500
Name IQ_FY: 1000
Name IQ_LTM: 2000
Name IQ_MONTH: 15000
Name IQ_NTM: 6000
Name IQ_WEEK: 50000
Name IQ_YTD: 3000

Sheet reporting
E1: ~UC_Sets: R_E: AllRegions
E3: ~UC_T: UC_COMNET~repuc_unity~N
D4: uc_n | E4: region | F4: ='Selected scen drivers'!F1 -> 2019 | G4: ='Selected scen drivers'!G1 -> 2020 | H4: ='Selected scen drivers'!H1 -> 2025 | I4: ='Selected scen drivers'!I1 -> 2030 | J4: ='Selected scen drivers'!J1 -> 2035 | K4: ='Selected scen drivers'!K1 -> 2040 | L4: ='Selected scen drivers'!L1 -> 2045 | M4: ='Selected scen drivers'!M1 -> 2050 | ... W4: ='Selected scen drivers'!W1 -> 2100 | X4: uc_rhsrt~0
A5: 1 | B5: 1 | D5: =IFERROR("rep_"&VLOOKUP(B5,Classification!$N$5:$O$14,2,FALSE),"\I:") -> rep_GDP | E5: =IFERROR(VLOOKUP(A5,Classification!$A$4:$B$39,2,FALSE),"\I:") -> Africa_other | F5: =SUMIFS('Selected scen drivers'!F$2:F$271,'Selected scen drivers'!$A$2:$A$271,reporting!$A5,'Selected scen drivers'!$B$2:$B$271,reporting!$B5) -> 3397.857 | G5: =SUMIFS('Selected scen drivers'!G$2:G$271,'Selected scen drivers'!$A$2:$A$271,reporting!$A5,'Selected scen drivers'!$B$2:$B$271,reporting!$B5) -> 3468.8105 | H5: =SUMIFS('Selected scen drivers'!H$2:H$271,'Selected scen drivers'!$A$2:$A$271,reporting!$A5,'Selected scen drivers'!$B$2:$B$271,reporting!$B5) -> 4236.7911 | I5: =SUMIFS('Selected scen drivers'!I$2:I$271,'Selected scen drivers'!$A$2:$A$271,reporting!$A5,'Selected scen drivers'!$B$2:$B$271,reporting!$B5) -> 5413.3577 | J5: =SUMIFS('Selected scen drivers'!J$2:J$271,'Selected scen drivers'!$A$2:$A$271,reporting!$A5,'Selected scen drivers'!$B$2:$B$271,reporting!$B5) -> 7069.4163 | K5: =SUMIFS('Selected scen drivers'!K$2:K$271,'Selected scen drivers'!$A$2:$A$271,reporting!$A5,'Selected scen drivers'!$B$2:$B$271,reporting!$B5) -> 9098.1883 | L5: =SUMIFS('Selected scen drivers'!L$2:L$271,'Selected scen drivers'!$A$2:$A$271,reporting!$A5,'Selected scen drivers'!$B$2:$B$271,reporting!$B5) -> 11631.587 | M5: =SUMIFS('Selected scen drivers'!M$2:M$271,'Selected scen drivers'!$A$2:$A$271,reporting!$A5,'Selected scen drivers'!$B$2:$B$271,reporting!$B5) -> 14792.512 | ... W5: =SUMIFS('Selected scen drivers'!W$2:W$271,'Selected scen drivers'!$A$2:$A$271,reporting!$A5,'Selected scen drivers'!$B$2:$B$271,reporting!$B5) -> 104963.21 | X5: 2
A6: 1 | B6: 2 | D6: =IFERROR("rep_"&VLOOKUP(B6,Classification!$N$5:$O$14,2,FALSE),"\I:") -> rep_GDPAGR | E6: =IFERROR(VLOOKUP(A6,Classification!$A$4:$B$39,2,FALSE),"\I:") -> Africa_other | F6: =SUMIFS('Selected scen drivers'!F$2:F$271,'Selected scen drivers'!$A$2:$A$271,reporting!$A6,'Selected scen drivers'!$B$2:$B$271,reporting!$B6) -> 791.76348 | G6: =SUMIFS('Selected scen drivers'!G$2:G$271,'Selected scen drivers'!$A$2:$A$271,reporting!$A6,'Selected scen drivers'!$B$2:$B$271,reporting!$B6) -> 812.01851 | H6: =SUMIFS('Selected scen drivers'!H$2:H$271,'Selected scen drivers'!$A$2:$A$271,reporting!$A6,'Selected scen drivers'!$B$2:$B$271,reporting!$B6) -> 951.88078 | I6: =SUMIFS('Selected scen drivers'!I$2:I$271,'Selected scen drivers'!$A$2:$A$271,reporting!$A6,'Selected scen drivers'!$B$2:$B$271,reporting!$B6) -> 1175.539 | J6: =SUMIFS('Selected scen drivers'!J$2:J$271,'Selected scen drivers'!$A$2:$A$271,reporting!$A6,'Selected scen drivers'!$B$2:$B$271,reporting!$B6) -> 1475.4991 | K6: =SUMIFS('Selected scen drivers'!K$2:K$271,'Selected scen drivers'!$A$2:$A$271,reporting!$A6,'Selected scen drivers'!$B$2:$B$271,reporting!$B6) -> 1819.0655 | L6: =SUMIFS('Selected scen drivers'!L$2:L$271,'Selected scen drivers'!$A$2:$A$271,reporting!$A6,'Selected scen drivers'!$B$2:$B$271,reporting!$B6) -> 2219.798 | M6: =SUMIFS('Selected scen drivers'!M$2:M$271,'Selected scen drivers'!$A$2:$A$271,reporting!$A6,'Selected scen drivers'!$B$2:$B$271,reporting!$B6) -> 2683.1018 | ... W6: =SUMIFS('Selected scen drivers'!W$2:W$271,'Selected scen drivers'!$A$2:$A$271,reporting!$A6,'Selected scen drivers'!$B$2:$B$271,reporting!$B6) -> 7763.9847 | X6: 2
A7: 1 | B7: 3 | D7: =IFERROR("rep_"&VLOOKUP(B7,Classification!$N$5:$O$14,2,FALSE),"\I:") -> rep_GDPIND | E7: =IFERROR(VLOOKUP(A7,Classification!$A$4:$B$39,2,FALSE),"\I:") -> Africa_other | F7: =SUMIFS('Selected scen drivers'!F$2:F$271,'Selected scen drivers'!$A$2:$A$271,reporting!$A7,'Selected scen drivers'!$B$2:$B$271,reporting!$B7) -> 923.83924 | G7: =SUMIFS('Selected scen drivers'!G$2:G$271,'Selected scen drivers'!$A$2:$A$271,reporting!$A7,'Selected scen drivers'!$B$2:$B$271,reporting!$B7) -> 941.62527 | H7: =SUMIFS('Selected scen drivers'!H$2:H$271,'Selected scen drivers'!$A$2:$A$271,reporting!$A7,'Selected scen drivers'!$B$2:$B$271,reporting!$B7) -> 1171.0965 | I7: =SUMIFS('Selected scen drivers'!I$2:I$271,'Selected scen drivers'!$A$2:$A$271,reporting!$A7,'Selected scen drivers'!$B$2:$B$271,reporting!$B7) -> 1507.2619 | J7: =SUMIFS('Selected scen drivers'!J$2:J$271,'Selected scen drivers'!$A$2:$A$271,reporting!$A7,'Selected scen drivers'!$B$2:$B$271,reporting!$B7) -> 1985.9926 | K7: =SUMIFS('Selected scen drivers'!K$2:K$271,'Selected scen drivers'!$A$2:$A$271,reporting!$A7,'Selected scen drivers'!$B$2:$B$271,reporting!$B7) -> 2581.9862 | L7: =SUMIFS('Selected scen drivers'!L$2:L$271,'Selected scen drivers'!$A$2:$A$271,reporting!$A7,'Selected scen drivers'!$B$2:$B$271,reporting!$B7) -> 3336.6232 | M7: =SUMIFS('Selected scen drivers'!M$2:M$271,'Selected scen drivers'!$A$2:$A$271,reporting!$A7,'Selected scen drivers'!$B$2:$B$271,reporting!$B7) -> 4290.277 | ... W7: =SUMIFS('Selected scen drivers'!W$2:W$271,'Selected scen drivers'!$A$2:$A$271,reporting!$A7,'Selected scen drivers'!$B$2:$B$271,reporting!$B7) -> 33780.085 | X7: 2
A8: 1 | B8: 7 | D8: =IFERROR("rep_"&VLOOKUP(B8,Classification!$N$5:$O$14,2,FALSE),"\I:") -> rep_GDPSER | E8: =IFERROR(VLOOKUP(A8,Classification!$A$4:$B$39,2,FALSE),"\I:") -> Africa_other | F8: =SUMIFS('Selected scen drivers'!F$2:F$271,'Selected scen drivers'!$A$2:$A$271,reporting!$A8,'Selected scen drivers'!$B$2:$B$271,reporting!$B8) -> 1681.2763 | G8: =SUMIFS('Selected scen drivers'!G$2:G$271,'Selected scen drivers'!$A$2:$A$271,reporting!$A8,'Selected scen drivers'!$B$2:$B$271,reporting!$B8) -> 1713.1844 | H8: =SUMIFS('Selected scen drivers'!H$2:H$271,'Selected scen drivers'!$A$2:$A$271,reporting!$A8,'Selected scen drivers'!$B$2:$B$271,reporting!$B8) -> 2110.325 | I8: =SUMIFS('Selected scen drivers'!I$2:I$271,'Selected scen drivers'!$A$2:$A$271,reporting!$A8,'Selected scen drivers'!$B$2:$B$271,reporting!$B8) -> 2724.9262 | J8: =SUMIFS('Selected scen drivers'!J$2:J$271,'Selected scen drivers'!$A$2:$A$271,reporting!$A8,'Selected scen drivers'!$B$2:$B$271,reporting!$B8) -> 3598.6769 | K8: =SUMIFS('Selected scen drivers'!K$2:K$271,'Selected scen drivers'!$A$2:$A$271,reporting!$A8,'Selected scen drivers'!$B$2:$B$271,reporting!$B8) -> 4681.8771 | L8: =SUMIFS('Selected scen drivers'!L$2:L$271,'Selected scen drivers'!$A$2:$A$271,reporting!$A8,'Selected scen drivers'!$B$2:$B$271,reporting!$B8) -> 6050.1115 | M8: =SUMIFS('Selected scen drivers'!M$2:M$271,'Selected scen drivers'!$A$2:$A$271,reporting!$A8,'Selected scen drivers'!$B$2:$B$271,reporting!$B8) -> 7778.8484 | ... W8: =SUMIFS('Selected scen drivers'!W$2:W$271,'Selected scen drivers'!$A$2:$A$271,reporting!$A8,'Selected scen drivers'!$B$2:$B$271,reporting!$B8) -> 63396.71 | X8: 2
A9: 1 | B9: 8 | D9: =IFERROR("rep_"&VLOOKUP(B9,Classification!$N$5:$O$14,2,FALSE),"\I:") -> rep_HOU | E9: =IFERROR(VLOOKUP(A9,Classification!$A$4:$B$39,2,FALSE),"\I:") -> Africa_other | F9: =SUMIFS('Selected scen drivers'!F$2:F$271,'Selected scen drivers'!$A$2:$A$271,reporting!$A9,'Selected scen drivers'!$B$2:$B$271,reporting!$B9) -> 230.00091 | G9: =SUMIFS('Selected scen drivers'!G$2:G$271,'Selected scen drivers'!$A$2:$A$271,reporting!$A9,'Selected scen drivers'!$B$2:$B$271,reporting!$B9) -> 238.05682 | H9: =SUMIFS('Selected scen drivers'!H$2:H$271,'Selected scen drivers'!$A$2:$A$271,reporting!$A9,'Selected scen drivers'!$B$2:$B$271,reporting!$B9) -> 278.33633 | I9: =SUMIFS('Selected scen drivers'!I$2:I$271,'Selected scen drivers'!$A$2:$A$271,reporting!$A9,'Selected scen drivers'!$B$2:$B$271,reporting!$B9) -> 324.35781 | J9: =SUMIFS('Selected scen drivers'!J$2:J$271,'Selected scen drivers'!$A$2:$A$271,reporting!$A9,'Selected scen drivers'!$B$2:$B$271,reporting!$B9) -> 375.62398 | K9: =SUMIFS('Selected scen drivers'!K$2:K$271,'Selected scen drivers'!$A$2:$A$271,reporting!$A9,'Selected scen drivers'!$B$2:$B$271,reporting!$B9) -> 430.53618 | L9: =SUMIFS('Selected scen drivers'!L$2:L$271,'Selected scen drivers'!$A$2:$A$271,reporting!$A9,'Selected scen drivers'!$B$2:$B$271,reporting!$B9) -> 488.07515 | M9: =SUMIFS('Selected scen drivers'!M$2:M$271,'Selected scen drivers'!$A$2:$A$271,reporting!$A9,'Selected scen drivers'!$B$2:$B$271,reporting!$B9) -> 547.08217 | ... W9: =SUMIFS('Selected scen drivers'!W$2:W$271,'Selected scen drivers'!$A$2:$A$271,reporting!$A9,'Selected scen drivers'!$B$2:$B$271,reporting!$B9) -> 949.59983 | X9: 2
A10: 1 | B10: 9 | D10: =IFERROR("rep_"&VLOOKUP(B10,Classification!$N$5:$O$14,2,FALSE),"\I:") -> rep_POP | E10: =IFERROR(VLOOKUP(A10,Classification!$A$4:$B$39,2,FALSE),"\I:") -> Africa_other | F10: =SUMIFS('Selected scen drivers'!F$2:F$271,'Selected scen drivers'!$A$2:$A$271,reporting!$A10,'Selected scen drivers'!$B$2:$B$271,reporting!$B10) -> 1049.7463 | G10: =SUMIFS('Selected scen drivers'!G$2:G$271,'Selected scen drivers'!$A$2:$A$271,reporting!$A10,'Selected scen drivers'!$B$2:$B$271,reporting!$B10) -> 1079.5075 | H10: =SUMIFS('Selected scen drivers'!H$2:H$271,'Selected scen drivers'!$A$2:$A$271,reporting!$A10,'Selected scen drivers'!$B$2:$B$271,reporting!$B10) -> 1228.3137 | I10: =SUMIFS('Selected scen drivers'!I$2:I$271,'Selected scen drivers'!$A$2:$A$271,reporting!$A10,'Selected scen drivers'!$B$2:$B$271,reporting!$B10) -> 1387.4222 | J10: =SUMIFS('Selected scen drivers'!J$2:J$271,'Selected scen drivers'!$A$2:$A$271,reporting!$A10,'Selected scen drivers'!$B$2:$B$271,reporting!$B10) -> 1553.773 | K10: =SUMIFS('Selected scen drivers'!K$2:K$271,'Selected scen drivers'!$A$2:$A$271,reporting!$A10,'Selected scen drivers'!$B$2:$B$271,reporting!$B10) -> 1724.7482 | L10: =SUMIFS('Selected scen drivers'!L$2:L$271,'Selected scen drivers'!$A$2:$A$271,reporting!$A10,'Selected scen drivers'!$B$2:$B$271,reporting!$B10) -> 1897.4143 | M10: =SUMIFS('Selected scen drivers'!M$2:M$271,'Selected scen drivers'!$A$2:$A$271,reporting!$A10,'Selected scen drivers'!$B$2:$B$271,reporting!$B10) -> 2068.6944 | ... W10: =SUMIFS('Selected scen drivers'!W$2:W$271,'Selected scen drivers'!$A$2:$A$271,reporting!$A10,'Selected scen drivers'!$B$2:$B$271,reporting!$B10) -> 3157.8287 | X10: 2
A11: =A5+1 -> 2 | B11: =B5 -> 1 | D11: =IFERROR("rep_"&VLOOKUP(B11,Classification!$N$5:$O$14,2,FALSE),"\I:") -> rep_GDP | E11: =IFERROR(VLOOKUP(A11,Classification!$A$4:$B$39,2,FALSE),"\I:") -> India | F11: =SUMIFS('Selected scen drivers'!F$2:F$271,'Selected scen drivers'!$A$2:$A$271,reporting!$A11,'Selected scen drivers'!$B$2:$B$271,reporting!$B11) -> 8195.484 | G11: =SUMIFS('Selected scen drivers'!G$2:G$271,'Selected scen drivers'!$A$2:$A$271,reporting!$A11,'Selected scen drivers'!$B$2:$B$271,reporting!$B11) -> 8503.83 | H11: =SUMIFS('Selected scen drivers'!H$2:H$271,'Selected scen drivers'!$A$2:$A$271,reporting!$A11,'Selected scen drivers'!$B$2:$B$271,reporting!$B11) -> 11852.9 | I11: =SUMIFS('Selected scen drivers'!I$2:I$271,'Selected scen drivers'!$A$2:$A$271,reporting!$A11,'Selected scen drivers'!$B$2:$B$271,reporting!$B11) -> 15709.5 | J11: =SUMIFS('Selected scen drivers'!J$2:J$271,'Selected scen drivers'!$A$2:$A$271,reporting!$A11,'Selected scen drivers'!$B$2:$B$271,reporting!$B11) -> 19813.1 | K11: =SUMIFS('Selected scen drivers'!K$2:K$271,'Selected scen drivers'!$A$2:$A$271,reporting!$A11,'Selected scen drivers'!$B$2:$B$271,reporting!$B11) -> 24247.7 | L11: =SUMIFS('Selected scen drivers'!L$2:L$271,'Selected scen drivers'!$A$2:$A$271,reporting!$A11,'Selected scen drivers'!$B$2:$B$271,reporting!$B11) -> 29018.4 | M11: =SUMIFS('Selected scen drivers'!M$2:M$271,'Selected scen drivers'!$A$2:$A$271,reporting!$A11,'Selected scen drivers'!$B$2:$B$271,reporting!$B11) -> 34135.9 | ... W11: =SUMIFS('Selected scen drivers'!W$2:W$271,'Selected scen drivers'!$A$2:$A$271,reporting!$A11,'Selected scen drivers'!$B$2:$B$271,reporting!$B11) -> 90238.2 | X11: 2
A12: =A6+1 -> 2 | B12: =B6 -> 2 | D12: =IFERROR("rep_"&VLOOKUP(B12,Classification!$N$5:$O$14,2,FALSE),"\I:") -> rep_GDPAGR | E12: =IFERROR(VLOOKUP(A12,Classification!$A$4:$B$39,2,FALSE),"\I:") -> India | F12: =SUMIFS('Selected scen drivers'!F$2:F$271,'Selected scen drivers'!$A$2:$A$271,reporting!$A12,'Selected scen drivers'!$B$2:$B$271,reporting!$B12) -> 1281.0098 | G12: =SUMIFS('Selected scen drivers'!G$2:G$271,'Selected scen drivers'!$A$2:$A$271,reporting!$A12,'Selected scen drivers'!$B$2:$B$271,reporting!$B12) -> 1329.2063 | H12: =SUMIFS('Selected scen drivers'!H$2:H$271,'Selected scen drivers'!$A$2:$A$271,reporting!$A12,'Selected scen drivers'!$B$2:$B$271,reporting!$B12) -> 1792.4561 | I12: =SUMIFS('Selected scen drivers'!I$2:I$271,'Selected scen drivers'!$A$2:$A$271,reporting!$A12,'Selected scen drivers'!$B$2:$B$271,reporting!$B12) -> 2295.8404 | J12: =SUMIFS('Selected scen drivers'!J$2:J$271,'Selected scen drivers'!$A$2:$A$271,reporting!$A12,'Selected scen drivers'!$B$2:$B$271,reporting!$B12) -> 2794.8708 | K12: =SUMIFS('Selected scen drivers'!K$2:K$271,'Selected scen drivers'!$A$2:$A$271,reporting!$A12,'Selected scen drivers'!$B$2:$B$271,reporting!$B12) -> 3297.2044 | L12: =SUMIFS('Selected scen drivers'!L$2:L$271,'Selected scen drivers'!$A$2:$A$271,reporting!$A12,'Selected scen drivers'!$B$2:$B$271,reporting!$B12) -> 3798.4626 | M12: =SUMIFS('Selected scen drivers'!M$2:M$271,'Selected scen drivers'!$A$2:$A$271,reporting!$A12,'Selected scen drivers'!$B$2:$B$271,reporting!$B12) -> 4294.8677 | ... W12: =SUMIFS('Selected scen drivers'!W$2:W$271,'Selected scen drivers'!$A$2:$A$271,reporting!$A12,'Selected scen drivers'!$B$2:$B$271,reporting!$B12) -> 6767.865 | X12: 2
A13: =A7+1 -> 2 | B13: =B7 -> 3 | D13: =IFERROR("rep_"&VLOOKUP(B13,Classification!$N$5:$O$14,2,FALSE),"\I:") -> rep_GDPIND | E13: =IFERROR(VLOOKUP(A13,Classification!$A$4:$B$39,2,FALSE),"\I:") -> India | F13: =SUMIFS('Selected scen drivers'!F$2:F$271,'Selected scen drivers'!$A$2:$A$271,reporting!$A13,'Selected scen drivers'!$B$2:$B$271,reporting!$B13) -> 2424.8263 | G13: =SUMIFS('Selected scen drivers'!G$2:G$271,'Selected scen drivers'!$A$2:$A$271,reporting!$A13,'Selected scen drivers'!$B$2:$B$271,reporting!$B13) -> 2516.0577 | H13: =SUMIFS('Selected scen drivers'!H$2:H$271,'Selected scen drivers'!$A$2:$A$271,reporting!$A13,'Selected scen drivers'!$B$2:$B$271,reporting!$B13) -> 3510.0156 | I13: =SUMIFS('Selected scen drivers'!I$2:I$271,'Selected scen drivers'!$A$2:$A$271,reporting!$A13,'Selected scen drivers'!$B$2:$B$271,reporting!$B13) -> 4656.1275 | J13: =SUMIFS('Selected scen drivers'!J$2:J$271,'Selected scen drivers'!$A$2:$A$271,reporting!$A13,'Selected scen drivers'!$B$2:$B$271,reporting!$B13) -> 5877.5005 | K13: =SUMIFS('Selected scen drivers'!K$2:K$271,'Selected scen drivers'!$A$2:$A$271,reporting!$A13,'Selected scen drivers'!$B$2:$B$271,reporting!$B13) -> 7199.2658 | L13: =SUMIFS('Selected scen drivers'!L$2:L$271,'Selected scen drivers'!$A$2:$A$271,reporting!$A13,'Selected scen drivers'!$B$2:$B$271,reporting!$B13) -> 8623.1951 | M13: =SUMIFS('Selected scen drivers'!M$2:M$271,'Selected scen drivers'!$A$2:$A$271,reporting!$A13,'Selected scen drivers'!$B$2:$B$271,reporting!$B13) -> 10152.731 | ... W13: =SUMIFS('Selected scen drivers'!W$2:W$271,'Selected scen drivers'!$A$2:$A$271,reporting!$A13,'Selected scen drivers'!$B$2:$B$271,reporting!$B13) -> 27071.46 | X13: 2
A14: =A8+1 -> 2 | B14: =B8 -> 7 | D14: =IFERROR("rep_"&VLOOKUP(B14,Classification!$N$5:$O$14,2,FALSE),"\I:") -> rep_GDPSER | E14: =IFERROR(VLOOKUP(A14,Classification!$A$4:$B$39,2,FALSE),"\I:") -> India | F14: =SUMIFS('Selected scen drivers'!F$2:F$271,'Selected scen drivers'!$A$2:$A$271,reporting!$A14,'Selected scen drivers'!$B$2:$B$271,reporting!$B14) -> 4489.648 | G14: =SUMIFS('Selected scen drivers'!G$2:G$271,'Selected scen drivers'!$A$2:$A$271,reporting!$A14,'Selected scen drivers'!$B$2:$B$271,reporting!$B14) -> 4658.566 | H14: =SUMIFS('Selected scen drivers'!H$2:H$271,'Selected scen drivers'!$A$2:$A$271,reporting!$A14,'Selected scen drivers'!$B$2:$B$271,reporting!$B14) -> 6550.4283 | I14: =SUMIFS('Selected scen drivers'!I$2:I$271,'Selected scen drivers'!$A$2:$A$271,reporting!$A14,'Selected scen drivers'!$B$2:$B$271,reporting!$B14) -> 8757.5322 | J14: =SUMIFS('Selected scen drivers'!J$2:J$271,'Selected scen drivers'!$A$2:$A$271,reporting!$A14,'Selected scen drivers'!$B$2:$B$271,reporting!$B14) -> 11140.729 | K14: =SUMIFS('Selected scen drivers'!K$2:K$271,'Selected scen drivers'!$A$2:$A$271,reporting!$A14,'Selected scen drivers'!$B$2:$B$271,reporting!$B14) -> 13751.23 | L14: =SUMIFS('Selected scen drivers'!L$2:L$271,'Selected scen drivers'!$A$2:$A$271,reporting!$A14,'Selected scen drivers'!$B$2:$B$271,reporting!$B14) -> 16596.742 | M14: =SUMIFS('Selected scen drivers'!M$2:M$271,'Selected scen drivers'!$A$2:$A$271,reporting!$A14,'Selected scen drivers'!$B$2:$B$271,reporting!$B14) -> 19688.302 | ... W14: =SUMIFS('Selected scen drivers'!W$2:W$271,'Selected scen drivers'!$A$2:$A$271,reporting!$A14,'Selected scen drivers'!$B$2:$B$271,reporting!$B14) -> 56398.875 | X14: 2
A15: =A9+1 -> 2 | B15: =B9 -> 8 | D15: =IFERROR("rep_"&VLOOKUP(B15,Classification!$N$5:$O$14,2,FALSE),"\I:") -> rep_HOU | E15: =IFERROR(VLOOKUP(A15,Classification!$A$4:$B$39,2,FALSE),"\I:") -> India | F15: =SUMIFS('Selected scen drivers'!F$2:F$271,'Selected scen drivers'!$A$2:$A$271,reporting!$A15,'Selected scen drivers'!$B$2:$B$271,reporting!$B15) -> 400.06803 | G15: =SUMIFS('Selected scen drivers'!G$2:G$271,'Selected scen drivers'!$A$2:$A$271,reporting!$A15,'Selected scen drivers'!$B$2:$B$271,reporting!$B15) -> 405.79446 | H15: =SUMIFS('Selected scen drivers'!H$2:H$271,'Selected scen drivers'!$A$2:$A$271,reporting!$A15,'Selected scen drivers'!$B$2:$B$271,reporting!$B15) -> 434.42666 | I15: =SUMIFS('Selected scen drivers'!I$2:I$271,'Selected scen drivers'!$A$2:$A$271,reporting!$A15,'Selected scen drivers'!$B$2:$B$271,reporting!$B15) -> 461.41704 | J15: =SUMIFS('Selected scen drivers'!J$2:J$271,'Selected scen drivers'!$A$2:$A$271,reporting!$A15,'Selected scen drivers'!$B$2:$B$271,reporting!$B15) -> 482.37817 | K15: =SUMIFS('Selected scen drivers'!K$2:K$271,'Selected scen drivers'!$A$2:$A$271,reporting!$A15,'Selected scen drivers'!$B$2:$B$271,reporting!$B15) -> 496.38372 | L15: =SUMIFS('Selected scen drivers'!L$2:L$271,'Selected scen drivers'!$A$2:$A$271,reporting!$A15,'Selected scen drivers'!$B$2:$B$271,reporting!$B15) -> 504.36066 | M15: =SUMIFS('Selected scen drivers'!M$2:M$271,'Selected scen drivers'!$A$2:$A$271,reporting!$A15,'Selected scen drivers'!$B$2:$B$271,reporting!$B15) -> 504.71485 | ... W15: =SUMIFS('Selected scen drivers'!W$2:W$271,'Selected scen drivers'!$A$2:$A$271,reporting!$A15,'Selected scen drivers'!$B$2:$B$271,reporting!$B15) -> 356.18949 | X15: 2
A16: =A10+1 -> 2 | B16: =B10 -> 9 | D16: =IFERROR("rep_"&VLOOKUP(B16,Classification!$N$5:$O$14,2,FALSE),"\I:") -> rep_POP | E16: =IFERROR(VLOOKUP(A16,Classification!$A$4:$B$39,2,FALSE),"\I:") -> India | F16: =SUMIFS('Selected scen drivers'!F$2:F$271,'Selected scen drivers'!$A$2:$A$271,reporting!$A16,'Selected scen drivers'!$B$2:$B$271,reporting!$B16) -> 1378.8638 | G16: =SUMIFS('Selected scen drivers'!G$2:G$271,'Selected scen drivers'!$A$2:$A$271,reporting!$A16,'Selected scen drivers'!$B$2:$B$271,reporting!$B16) -> 1389.9664 | H16: =SUMIFS('Selected scen drivers'!H$2:H$271,'Selected scen drivers'!$A$2:$A$271,reporting!$A16,'Selected scen drivers'!$B$2:$B$271,reporting!$B16) -> 1445.4796 | I16: =SUMIFS('Selected scen drivers'!I$2:I$271,'Selected scen drivers'!$A$2:$A$271,reporting!$A16,'Selected scen drivers'!$B$2:$B$271,reporting!$B16) -> 1501.7254 | J16: =SUMIFS('Selected scen drivers'!J$2:J$271,'Selected scen drivers'!$A$2:$A$271,reporting!$A16,'Selected scen drivers'!$B$2:$B$271,reporting!$B16) -> 1548.0675 | K16: =SUMIFS('Selected scen drivers'!K$2:K$271,'Selected scen drivers'!$A$2:$A$271,reporting!$A16,'Selected scen drivers'!$B$2:$B$271,reporting!$B16) -> 1583.687 | L16: =SUMIFS('Selected scen drivers'!L$2:L$271,'Selected scen drivers'!$A$2:$A$271,reporting!$A16,'Selected scen drivers'!$B$2:$B$271,reporting!$B16) -> 1607.6946 | M16: =SUMIFS('Selected scen drivers'!M$2:M$271,'Selected scen drivers'!$A$2:$A$271,reporting!$A16,'Selected scen drivers'!$B$2:$B$271,reporting!$B16) -> 1620.3579 | ... W16: =SUMIFS('Selected scen drivers'!W$2:W$271,'Selected scen drivers'!$A$2:$A$271,reporting!$A16,'Selected scen drivers'!$B$2:$B$271,reporting!$B16) -> 1391.608 | X16: 2
A17: =A11+1 -> 3 | B17: =B11 -> 1 | D17: =IFERROR("rep_"&VLOOKUP(B17,Classification!$N$5:$O$14,2,FALSE),"\I:") -> rep_GDP | E17: =IFERROR(VLOOKUP(A17,Classification!$A$4:$B$39,2,FALSE),"\I:") -> Asia_other | F17: =SUMIFS('Selected scen drivers'!F$2:F$271,'Selected scen drivers'!$A$2:$A$271,reporting!$A17,'Selected scen drivers'!$B$2:$B$271,reporting!$B17) -> 11714.345 | G17: =SUMIFS('Selected scen drivers'!G$2:G$271,'Selected scen drivers'!$A$2:$A$271,reporting!$A17,'Selected scen drivers'!$B$2:$B$271,reporting!$B17) -> 12146.472 | H17: =SUMIFS('Selected scen drivers'!H$2:H$271,'Selected scen drivers'!$A$2:$A$271,reporting!$A17,'Selected scen drivers'!$B$2:$B$271,reporting!$B17) -> 15028.804 | I17: =SUMIFS('Selected scen drivers'!I$2:I$271,'Selected scen drivers'!$A$2:$A$271,reporting!$A17,'Selected scen drivers'!$B$2:$B$271,reporting!$B17) -> 18856.172 | J17: =SUMIFS('Selected scen drivers'!J$2:J$271,'Selected scen drivers'!$A$2:$A$271,reporting!$A17,'Selected scen drivers'!$B$2:$B$271,reporting!$B17) -> 22959.734 | K17: =SUMIFS('Selected scen drivers'!K$2:K$271,'Selected scen drivers'!$A$2:$A$271,reporting!$A17,'Selected scen drivers'!$B$2:$B$271,reporting!$B17) -> 27131.52 | L17: =SUMIFS('Selected scen drivers'!L$2:L$271,'Selected scen drivers'!$A$2:$A$271,reporting!$A17,'Selected scen drivers'!$B$2:$B$271,reporting!$B17) -> 31460.714 | M17: =SUMIFS('Selected scen drivers'!M$2:M$271,'Selected scen drivers'!$A$2:$A$271,reporting!$A17,'Selected scen drivers'!$B$2:$B$271,reporting!$B17) -> 36006.751 | ... W17: =SUMIFS('Selected scen drivers'!W$2:W$271,'Selected scen drivers'!$A$2:$A$271,reporting!$A17,'Selected scen drivers'!$B$2:$B$271,reporting!$B17) -> 98435.497 | X17: 2
A18: =A12+1 -> 3 | B18: =B12 -> 2 | D18: =IFERROR("rep_"&VLOOKUP(B18,Classification!$N$5:$O$14,2,FALSE),"\I:") -> rep_GDPAGR | E18: =IFERROR(VLOOKUP(A18,Classification!$A$4:$B$39,2,FALSE),"\I:") -> Asia_other | F18: =SUMIFS('Selected scen drivers'!F$2:F$271,'Selected scen drivers'!$A$2:$A$271,reporting!$A18,'Selected scen drivers'!$B$2:$B$271,reporting!$B18) -> 1336.8355 | G18: =SUMIFS('Selected scen drivers'!G$2:G$271,'Selected scen drivers'!$A$2:$A$271,reporting!$A18,'Selected scen drivers'!$B$2:$B$271,reporting!$B18) -> 1386.313 | H18: =SUMIFS('Selected scen drivers'!H$2:H$271,'Selected scen drivers'!$A$2:$A$271,reporting!$A18,'Selected scen drivers'!$B$2:$B$271,reporting!$B18) -> 1669.2505 | I18: =SUMIFS('Selected scen drivers'!I$2:I$271,'Selected scen drivers'!$A$2:$A$271,reporting!$A18,'Selected scen drivers'!$B$2:$B$271,reporting!$B18) -> 2078.722 | J18: =SUMIFS('Selected scen drivers'!J$2:J$271,'Selected scen drivers'!$A$2:$A$271,reporting!$A18,'Selected scen drivers'!$B$2:$B$271,reporting!$B18) -> 2514.4048 | K18: =SUMIFS('Selected scen drivers'!K$2:K$271,'Selected scen drivers'!$A$2:$A$271,reporting!$A18,'Selected scen drivers'!$B$2:$B$271,reporting!$B18) -> 2954.1833 | L18: =SUMIFS('Selected scen drivers'!L$2:L$271,'Selected scen drivers'!$A$2:$A$271,reporting!$A18,'Selected scen drivers'!$B$2:$B$271,reporting!$B18) -> 3400.4285 | M18: =SUMIFS('Selected scen drivers'!M$2:M$271,'Selected scen drivers'!$A$2:$A$271,reporting!$A18,'Selected scen drivers'!$B$2:$B$271,reporting!$B18) -> 3851.4182 | ... W18: =SUMIFS('Selected scen drivers'!W$2:W$271,'Selected scen drivers'!$A$2:$A$271,reporting!$A18,'Selected scen drivers'!$B$2:$B$271,reporting!$B18) -> 7100.6285 | X18: 2
A19: =A13+1 -> 3 | B19: =B13 -> 3 | D19: =IFERROR("rep_"&VLOOKUP(B19,Classification!$N$5:$O$14,2,FALSE),"\I:") -> rep_GDPIND | E19: =IFERROR(VLOOKUP(A19,Classification!$A$4:$B$39,2,FALSE),"\I:") -> Asia_other | F19: =SUMIFS('Selected scen drivers'!F$2:F$271,'Selected scen drivers'!$A$2:$A$271,reporting!$A19,'Selected scen drivers'!$B$2:$B$271,reporting!$B19) -> 3564.3207 | G19: =SUMIFS('Selected scen drivers'!G$2:G$271,'Selected scen drivers'!$A$2:$A$271,reporting!$A19,'Selected scen drivers'!$B$2:$B$271,reporting!$B19) -> 3688.6003 | H19: =SUMIFS('Selected scen drivers'!H$2:H$271,'Selected scen drivers'!$A$2:$A$271,reporting!$A19,'Selected scen drivers'!$B$2:$B$271,reporting!$B19) -> 4615.5331 | I19: =SUMIFS('Selected scen drivers'!I$2:I$271,'Selected scen drivers'!$A$2:$A$271,reporting!$A19,'Selected scen drivers'!$B$2:$B$271,reporting!$B19) -> 5867.0657 | J19: =SUMIFS('Selected scen drivers'!J$2:J$271,'Selected scen drivers'!$A$2:$A$271,reporting!$A19,'Selected scen drivers'!$B$2:$B$271,reporting!$B19) -> 7224.6937 | K19: =SUMIFS('Selected scen drivers'!K$2:K$271,'Selected scen drivers'!$A$2:$A$271,reporting!$A19,'Selected scen drivers'!$B$2:$B$271,reporting!$B19) -> 8622.5871 | L19: =SUMIFS('Selected scen drivers'!L$2:L$271,'Selected scen drivers'!$A$2:$A$271,reporting!$A19,'Selected scen drivers'!$B$2:$B$271,reporting!$B19) -> 10073.64 | M19: =SUMIFS('Selected scen drivers'!M$2:M$271,'Selected scen drivers'!$A$2:$A$271,reporting!$A19,'Selected scen drivers'!$B$2:$B$271,reporting!$B19) -> 11588.937 | ... W19: =SUMIFS('Selected scen drivers'!W$2:W$271,'Selected scen drivers'!$A$2:$A$271,reporting!$A19,'Selected scen drivers'!$B$2:$B$271,reporting!$B19) -> 32296.69 | X19: 2
A20: =A14+1 -> 3 | B20: =B14 -> 7 | D20: =IFERROR("rep_"&VLOOKUP(B20,Classification!$N$5:$O$14,2,FALSE),"\I:") -> rep_GDPSER | E20: =IFERROR(VLOOKUP(A20,Classification!$A$4:$B$39,2,FALSE),"\I:") -> Asia_other | F20: =SUMIFS('Selected scen drivers'!F$2:F$271,'Selected scen drivers'!$A$2:$A$271,reporting!$A20,'Selected scen drivers'!$B$2:$B$271,reporting!$B20) -> 5561.9094 | G20: =SUMIFS('Selected scen drivers'!G$2:G$271,'Selected scen drivers'!$A$2:$A$271,reporting!$A20,'Selected scen drivers'!$B$2:$B$271,reporting!$B20) -> 5734.8657 | H20: =SUMIFS('Selected scen drivers'!H$2:H$271,'Selected scen drivers'!$A$2:$A$271,reporting!$A20,'Selected scen drivers'!$B$2:$B$271,reporting!$B20) -> 7181.4398 | I20: =SUMIFS('Selected scen drivers'!I$2:I$271,'Selected scen drivers'!$A$2:$A$271,reporting!$A20,'Selected scen drivers'!$B$2:$B$271,reporting!$B20) -> 9144.3954 | J20: =SUMIFS('Selected scen drivers'!J$2:J$271,'Selected scen drivers'!$A$2:$A$271,reporting!$A20,'Selected scen drivers'!$B$2:$B$271,reporting!$B20) -> 11317.14 | K20: =SUMIFS('Selected scen drivers'!K$2:K$271,'Selected scen drivers'!$A$2:$A$271,reporting!$A20,'Selected scen drivers'!$B$2:$B$271,reporting!$B20) -> 13594.466 | L20: =SUMIFS('Selected scen drivers'!L$2:L$271,'Selected scen drivers'!$A$2:$A$271,reporting!$A20,'Selected scen drivers'!$B$2:$B$271,reporting!$B20) -> 16014.225 | M20: =SUMIFS('Selected scen drivers'!M$2:M$271,'Selected scen drivers'!$A$2:$A$271,reporting!$A20,'Selected scen drivers'!$B$2:$B$271,reporting!$B20) -> 18601.606 | ... W20: =SUMIFS('Selected scen drivers'!W$2:W$271,'Selected scen drivers'!$A$2:$A$271,reporting!$A20,'Selected scen drivers'!$B$2:$B$271,reporting!$B20) -> 56482.062 | X20: 2
A21: =A15+1 -> 3 | B21: =B15 -> 8 | D21: =IFERROR("rep_"&VLOOKUP(B21,Classification!$N$5:$O$14,2,FALSE),"\I:") -> rep_HOU | E21: =IFERROR(VLOOKUP(A21,Classification!$A$4:$B$39,2,FALSE),"\I:") -> Asia_other | F21: =SUMIFS('Selected scen drivers'!F$2:F$271,'Selected scen drivers'!$A$2:$A$271,reporting!$A21,'Selected scen drivers'!$B$2:$B$271,reporting!$B21) -> 339.98886 | G21: =SUMIFS('Selected scen drivers'!G$2:G$271,'Selected scen drivers'!$A$2:$A$271,reporting!$A21,'Selected scen drivers'!$B$2:$B$271,reporting!$B21) -> 344.92208 | H21: =SUMIFS('Selected scen drivers'!H$2:H$271,'Selected scen drivers'!$A$2:$A$271,reporting!$A21,'Selected scen drivers'!$B$2:$B$271,reporting!$B21) -> 369.58804 | I21: =SUMIFS('Selected scen drivers'!I$2:I$271,'Selected scen drivers'!$A$2:$A$271,reporting!$A21,'Selected scen drivers'!$B$2:$B$271,reporting!$B21) -> 392.53586 | J21: =SUMIFS('Selected scen drivers'!J$2:J$271,'Selected scen drivers'!$A$2:$A$271,reporting!$A21,'Selected scen drivers'!$B$2:$B$271,reporting!$B21) -> 412.89709 | K21: =SUMIFS('Selected scen drivers'!K$2:K$271,'Selected scen drivers'!$A$2:$A$271,reporting!$A21,'Selected scen drivers'!$B$2:$B$271,reporting!$B21) -> 430.87593 | L21: =SUMIFS('Selected scen drivers'!L$2:L$271,'Selected scen drivers'!$A$2:$A$271,reporting!$A21,'Selected scen drivers'!$B$2:$B$271,reporting!$B21) -> 445.77786 | M21: =SUMIFS('Selected scen drivers'!M$2:M$271,'Selected scen drivers'!$A$2:$A$271,reporting!$A21,'Selected scen drivers'!$B$2:$B$271,reporting!$B21) -> 456.34764 | ... W21: =SUMIFS('Selected scen drivers'!W$2:W$271,'Selected scen drivers'!$A$2:$A$271,reporting!$A21,'Selected scen drivers'!$B$2:$B$271,reporting!$B21) -> 418.6083 | X21: 2
A22: =A16+1 -> 3 | B22: =B16 -> 9 | D22: =IFERROR("rep_"&VLOOKUP(B22,Classification!$N$5:$O$14,2,FALSE),"\I:") -> rep_POP | E22: =IFERROR(VLOOKUP(A22,Classification!$A$4:$B$39,2,FALSE),"\I:") -> Asia_other | F22: =SUMIFS('Selected scen drivers'!F$2:F$271,'Selected scen drivers'!$A$2:$A$271,reporting!$A22,'Selected scen drivers'!$B$2:$B$271,reporting!$B22) -> 1202.7846 | G22: =SUMIFS('Selected scen drivers'!G$2:G$271,'Selected scen drivers'!$A$2:$A$271,reporting!$A22,'Selected scen drivers'!$B$2:$B$271,reporting!$B22) -> 1216.8755 | H22: =SUMIFS('Selected scen drivers'!H$2:H$271,'Selected scen drivers'!$A$2:$A$271,reporting!$A22,'Selected scen drivers'!$B$2:$B$271,reporting!$B22) -> 1287.3297 | I22: =SUMIFS('Selected scen drivers'!I$2:I$271,'Selected scen drivers'!$A$2:$A$271,reporting!$A22,'Selected scen drivers'!$B$2:$B$271,reporting!$B22) -> 1355.2111 | J22: =SUMIFS('Selected scen drivers'!J$2:J$271,'Selected scen drivers'!$A$2:$A$271,reporting!$A22,'Selected scen drivers'!$B$2:$B$271,reporting!$B22) -> 1416.3443 | K22: =SUMIFS('Selected scen drivers'!K$2:K$271,'Selected scen drivers'!$A$2:$A$271,reporting!$A22,'Selected scen drivers'!$B$2:$B$271,reporting!$B22) -> 1469.8098 | L22: =SUMIFS('Selected scen drivers'!L$2:L$271,'Selected scen drivers'!$A$2:$A$271,reporting!$A22,'Selected scen drivers'!$B$2:$B$271,reporting!$B22) -> 1515.5399 | M22: =SUMIFS('Selected scen drivers'!M$2:M$271,'Selected scen drivers'!$A$2:$A$271,reporting!$A22,'Selected scen drivers'!$B$2:$B$271,reporting!$B22) -> 1554.02 | ... W22: =SUMIFS('Selected scen drivers'!W$2:W$271,'Selected scen drivers'!$A$2:$A$271,reporting!$A22,'Selected scen drivers'!$B$2:$B$271,reporting!$B22) -> 1577.7737 | X22: 2
... A214: =A208+1 -> 35 | B214: =B208 -> 9 | D214: =IFERROR("rep_"&VLOOKUP(B214,Classification!$N$5:$O$14,2,FALSE),"\I:") -> rep_POP | E214: =IFERROR(VLOOKUP(A214,Classification!$A$4:$B$39,2,FALSE),"\I:") -> \I: | F214: =SUMIFS('Selected scen drivers'!F$2:F$271,'Selected scen drivers'!$A$2:$A$271,reporting!$A214,'Selected scen drivers'!$B$2:$B$271,reporting!$B214) -> 0 | G214: =SUMIFS('Selected scen drivers'!G$2:G$271,'Selected scen drivers'!$A$2:$A$271,reporting!$A214,'Selected scen drivers'!$B$2:$B$271,reporting!$B214) -> 0 | H214: =SUMIFS('Selected scen drivers'!H$2:H$271,'Selected scen drivers'!$A$2:$A$271,reporting!$A214,'Selected scen drivers'!$B$2:$B$271,reporting!$B214) -> 0 | I214: =SUMIFS('Selected scen drivers'!I$2:I$271,'Selected scen drivers'!$A$2:$A$271,reporting!$A214,'Selected scen drivers'!$B$2:$B$271,reporting!$B214) -> 0 | J214: =SUMIFS('Selected scen drivers'!J$2:J$271,'Selected scen drivers'!$A$2:$A$271,reporting!$A214,'Selected scen drivers'!$B$2:$B$271,reporting!$B214) -> 0 | K214: =SUMIFS('Selected scen drivers'!K$2:K$271,'Selected scen drivers'!$A$2:$A$271,reporting!$A214,'Selected scen drivers'!$B$2:$B$271,reporting!$B214) -> 0 | L214: =SUMIFS('Selected scen drivers'!L$2:L$271,'Selected scen drivers'!$A$2:$A$271,reporting!$A214,'Selected scen drivers'!$B$2:$B$271,reporting!$B214) -> 0 | M214: =SUMIFS('Selected scen drivers'!M$2:M$271,'Selected scen drivers'!$A$2:$A$271,reporting!$A214,'Selected scen drivers'!$B$2:$B$271,reporting!$B214) -> 0 | ... W214: =SUMIFS('Selected scen drivers'!W$2:W$271,'Selected scen drivers'!$A$2:$A$271,reporting!$A214,'Selected scen drivers'!$B$2:$B$271,reporting!$B214) -> 0 | X214: 2

Sheet Classification
B3: ActiveReg | C3: Status | D3: ElastClass
A4: 1 | B4: Africa_other | C4: Eme | D4: =C4 -> Eme | F4: ~TFM_FILL-R:w=BYDem
A5: =A4+1 -> 2 | B5: India | C5: Eme | D5: =C5 -> Eme | F5: Scenario | G5: Attribute | H5: CSET_Set | I5: Year | J5: AllRegions | N5: 1 | O5: GDP
A6: =A5+1 -> 3 | B6: Asia_other | C6: Eme | D6: =C6 -> Eme | F6: BASE | G6: Demand | H6: DEM | I6: 2019 | J6: *1 | N6: 2 | O6: GDPAGR
A7: =A6+1 -> 4 | B7: Asia_central | C7: Eme | D7: =C7 -> Eme | N7: 3 | O7: GDPIND
A8: =A7+1 -> 5 | B8: LatAm_other | C8: Eme | D8: =C8 -> Eme | N8: 4 | O8: GDPMFG
A9: =A8+1 -> 6 | B9: Brazil | C9: Eme | D9: =C9 -> Eme | N9: 5 | O9: GDPPCAP
A10: =A9+1 -> 7 | B10: Africa_north | C10: Eme | D10: =C10 -> Eme | N10: 6 | O10: GDPPHOU
A11: =A10+1 -> 8 | B11: SouthAfrica | C11: Eme | D11: Eme | N11: 7 | O11: GDPSER
A12: =A11+1 -> 9 | B12: MidEast_other | C12: Eme | D12: =C12 -> Eme | N12: 8 | O12: HOU
A13: =A12+1 -> 10 | B13: Mexico | C13: Eme | D13: =C13 -> Eme | N13: 9 | O13: POP
A14: =A13+1 -> 11 | B14: Europe_other | C14: Dev | D14: =C14 -> Dev
A15: =A14+1 -> 12 | B15: Arg-Chi | C15: Dev | D15: =C15 -> Dev
A16: =A15+1 -> 13 | B16: Russia | C16: Dev | D16: =C16 -> Dev
A17: =A16+1 -> 14 | B17: EU_southeast | C17: Dev | D17: =C17 -> Dev
A18: =A17+1 -> 15 | B18: EU_southwest | C18: Dev | D18: =C18 -> Dev
A19: =A18+1 -> 16 | B19: China | C19: Dev | D19: Chi
A20: =A19+1 -> 17 | B20: EU_south | C20: Dev | D20: =C20 -> Dev
A21: =A20+1 -> 18 | B21: EU_northeast | C21: Dev | D21: =C21 -> Dev
A22: =A21+1 -> 19 | B22: France | C22: Dev | D22: =C22 -> Dev
A23: =A22+1 -> 20 | B23: UK | C23: Dev | D23: =C23 -> Dev
A24: =A23+1 -> 21 | B24: Australia_NZ | C24: Dev | D24: =C24 -> Dev
A25: =A24+1 -> 22 | B25: SaudiArabia | C25: Dev | D25: =C25 -> Dev
A26: =A25+1 -> 23 | B26: EU_north | C26: Dev | D26: =C26 -> Dev
A27: =A26+1 -> 24 | B27: Germany | C27: Dev | D27: =C27 -> Dev
A28: =A27+1 -> 25 | B28: Canada | C28: Dev | D28: =C28 -> Dev
A29: =A28+1 -> 26 | B29: Asia_east | C29: Dev | D29: =C29 -> Dev
A30: =A29+1 -> 27 | B30: EU_northwest | C30: Dev | D30: =C30 -> Dev
A31: =A30+1 -> 28 | B31: Nor-Ice | C31: Dev | D31: =C31 -> Dev
A32: =A31+1 -> 29 | B32: USA | C32: Dev | D32: =C32 -> Dev

Sheet SSP drivers
A1: Model | B1: Scenario | C1: ActiveReg | D1: drvr | E1: 2015 | F1: 2019 | G1: 2020 | H1: 2025 | I1: 2030 | J1: 2035 | K1: 2040 | L1: 2045 | M1: 2050 | N1: 2055 | O1: 2060 | P1: 2065 | Q1: 2070 | R1: 2075 | S1: 2080 | T1: 2085 | U1: 2090 | V1: 2095 | W1: 2100
A2: OECD23 | B2: SSP1 | C2: Africa_north | D2: GDP | F2: 2210.4794 | G2: 2262.425 | H2: 2781.659 | I2: 3473.068 | J2: 4436.465 | K2: 5730.945 | L2: 7368.96 | M2: 9262.532 | N2: 11383.986 | O2: 13731.282 | P2: 16261.404 | Q2: 18844.799 | R2: 21467.312 | S2: 24108.468 | T2: 26758.704 | U2: 29423.216 | V2: 32089.367 | W2: 34706.937
A3: OECD23 | B3: SSP1 | C3: Africa_north | D3: GDPPCAP | F3: 10.951082 | G3: 11.045012 | H3: 12.657175 | I3: 14.908783 | J3: 18.137203 | K3: 22.480366 | L3: 27.884857 | M3: 34.054782 | N3: 40.996313 | O3: 48.820785 | P3: 57.478341 | Q3: 66.603511 | R3: 76.20171 | S3: 86.265851 | T3: 96.842016 | U3: 107.99847 | V3: 119.82143 | W3: 132.30086
A4: OECD23 | B4: SSP1 | C4: Africa_north | D4: GDPPHOU | F4: 39.501721 | G4: 39.778539 | H4: 45.2613 | I4: 52.232334 | J4: 62.043485 | K4: 75.181998 | L4: 92.383772 | M4: 113.35523 | N4: 138.00734 | O4: 165.48178 | P4: 195.35926 | Q4: 227.74622 | R4: 266.03337 | S4: 315.40895 | T4: 375.40723 | U4: 442.89494 | V4: 517.694 | W4: 602.10906
A5: OECD23 | B5: SSP1 | C5: Africa_north | D5: HOU | F5: 55.959065 | G5: 56.875518 | H5: 61.45778 | I5: 66.492683 | J5: 71.505735 | K5: 76.227624 | L5: 79.764658 | M5: 81.712435 | N5: 82.488262 | O5: 82.977605 | P5: 83.238458 | Q5: 82.744727 | R5: 80.694056 | S5: 76.435587 | T5: 71.279139 | U5: 66.43385 | V5: 61.985202 | W5: 57.642277
A6: OECD23 | B6: SSP1 | C6: Africa_north | D6: POP | F6: 201.85031 | G6: 204.83682 | H6: 219.76933 | I6: 232.95449 | J6: 244.6058 | K6: 254.93113 | L6: 264.26387 | M6: 271.98917 | N6: 277.68317 | O6: 281.25893 | P6: 282.91359 | Q6: 282.94003 | R6: 281.71693 | S6: 279.46711 | T6: 276.31296 | U6: 272.44105 | V6: 267.80992 | W6: 262.33342
A7: OECD23 | B7: SSP1 | C7: Africa_other | D7: GDP | F7: 3397.857 | G7: 3468.8105 | H7: 4236.7911 | I7: 5417.4402 | J7: 7165.7299 | K7: 9450.1902 | L7: 12439.912 | M7: 16161.965 | N7: 20685.528 | O7: 26153.297 | P7: 32676.41 | Q7: 40228.156 | R7: 48807.647 | S7: 58335.329 | T7: 68745.744 | U7: 80007.093 | V7: 92058.261 | W7: 104801.48
A8: OECD23 | B8: SSP1 | C8: Africa_other | D8: GDPPCAP | F8: 3.2289289 | G8: 3.2133267 | H8: 3.4857513 | I8: 4.0209551 | J8: 4.8570815 | K8: 5.9174144 | L8: 7.249812 | M8: 8.8415303 | N8: 10.734936 | O8: 13.005033 | P8: 15.697089 | Q8: 18.80613 | R8: 22.3601 | S8: 26.370627 | T8: 30.873742 | U8: 35.932011 | V8: 41.610009 | W8: 47.960975
A9: OECD23 | B9: SSP1 | C9: Africa_other | D9: GDPPHOU | F9: 14.780145 | G9: 14.571355 | H9: 15.192482 | I9: 16.606544 | J9: 18.886173 | K9: 21.806344 | L9: 25.570143 | M9: 30.193792 | N9: 35.776375 | O9: 42.435621 | P9: 50.494791 | Q9: 60.128703 | R9: 71.786509 | S9: 85.851326 | T9: 102.98749 | U9: 122.92662 | V9: 145.9713 | W9: 172.94845
A10: OECD23 | B10: SSP1 | C10: Africa_other | D10: HOU | F10: 229.89334 | G10: 238.05682 | H10: 278.87419 | I10: 326.22321 | J10: 379.41671 | K10: 433.36885 | L10: 486.50146 | M10: 535.27442 | N10: 578.1896 | O10: 616.30527 | P10: 647.12437 | Q10: 669.03416 | R10: 679.89999 | S10: 679.49246 | T10: 667.5155 | U10: 650.85247 | V10: 630.66002 | W10: 605.96946
A11: OECD23 | B11: SSP1 | C11: Africa_other | D11: POP | F11: 1052.3171 | G11: 1079.5075 | H11: 1215.4599 | I11: 1347.3018 | J11: 1475.316 | K11: 1597.0134 | L11: 1715.8944 | M11: 1827.9601 | N11: 1926.9354 | O11: 2011.0135 | P11: 2081.6859 | Q11: 2139.0981 | R11: 2182.8009 | S11: 2212.1328 | T11: 2226.6735 | U11: 2226.6245 | V11: 2212.4067 | W11: 2185.1408
A12: OECD23 | B12: SSP1 | C12: Arg-Chi | D12: GDP | F12: 1183.2516 | G12: 1160.954 | H12: 1351.418 | I12: 1504.165 | J12: 1688.292 | K12: 1916.964 | L12: 2189.559 | M12: 2484.397 | N12: 2790.632 | O12: 3102.68 | P12: 3422.2 | Q12: 3740.34 | R12: 4042.28 | S12: 4318.22 | T12: 4563.09 | U12: 4771.92 | V12: 4938.15 | W12: 5055.7
A13: OECD23 | B13: SSP1 | C13: Arg-Chi | D13: GDPPCAP | F13: 18.532211 | G13: 18.107332 | H13: 20.648441 | I13: 22.564267 | J13: 24.978353 | K13: 28.110596 | L13: 31.937247 | M13: 36.189008 | N13: 40.776477 | O13: 45.719215 | P13: 51.085741 | Q13: 56.793002 | R13: 62.671746 | S13: 68.632408 | T13: 74.656008 | U13: 80.742076 | V13: 86.873153 | W13: 93.005116
... A1306: OECD23 | B1306: SSP5 | C1306: USA | D1306: GDPSER | F1306: 15437.372 | G1306: 15659.411 | H1306: 17712.161 | I1306: 19366.227 | J1306: 21477.772 | K1306: 24069.211 | L1306: 26933.697 | M1306: 29801.638 | N1306: 32765.254 | O1306: 35940.159 | P1306: 39351.015 | Q1306: 42936.04 | R1306: 46659.905 | S1306: 50489.614 | T1306: 54376.057 | U1306: 58253.245 | V1306: 62024.052 | W1306: 65494.941

Sheet Selected scen drivers
C1: region | D1: driver | E1: ='SSP drivers'!E1 -> 2015 | F1: ='SSP drivers'!F1 -> 2019 | G1: ='SSP drivers'!G1 -> 2020 | H1: ='SSP drivers'!H1 -> 2025 | I1: ='SSP drivers'!I1 -> 2030 | J1: ='SSP drivers'!J1 -> 2035 | K1: ='SSP drivers'!K1 -> 2040 | L1: ='SSP drivers'!L1 -> 2045 | ... W1: ='SSP drivers'!W1 -> 2100 | AH1: =VLOOKUP($AI$10,$AJ$12:$AL$23,2,FALSE) -> OECD23 | AI1: =VLOOKUP($AI$10,$AJ$12:$AL$23,3,FALSE) -> SSP2
A2: 1 | B2: 1 | C2: =IFERROR(VLOOKUP(A2,Classification!$A$4:$B$37,2,FALSE),"") -> Africa_other | D2: =IFERROR(VLOOKUP(B2,Classification!$N$5:$O$14,2,FALSE),"") -> GDP | E2: =SUMIFS('SSP drivers'!E$2:E$7886,'SSP drivers'!$A$2:$A$7886,'Selected scen drivers'!$AH$1,'SSP drivers'!$B$2:$B$7886,'Selected scen drivers'!$AI$1,'SSP drivers'!$C$2:$C$7886,'Selected scen drivers'!$C2,'SSP drivers'!$D$2:$D$7886,'Selected scen drivers'!$D2) -> 0 | F2: =SUMIFS('SSP drivers'!F$2:F$7886,'SSP drivers'!$A$2:$A$7886,'Selected scen drivers'!$AH$1,'SSP drivers'!$B$2:$B$7886,'Selected scen drivers'!$AI$1,'SSP drivers'!$C$2:$C$7886,'Selected scen drivers'!$C2,'SSP drivers'!$D$2:$D$7886,'Selected scen drivers'!$D2) -> 3397.857 | G2: =SUMIFS('SSP drivers'!G$2:G$7886,'SSP drivers'!$A$2:$A$7886,'Selected scen drivers'!$AH$1,'SSP drivers'!$B$2:$B$7886,'Selected scen drivers'!$AI$1,'SSP drivers'!$C$2:$C$7886,'Selected scen drivers'!$C2,'SSP drivers'!$D$2:$D$7886,'Selected scen drivers'!$D2) -> 3468.8105 | H2: =SUMIFS('SSP drivers'!H$2:H$7886,'SSP drivers'!$A$2:$A$7886,'Selected scen drivers'!$AH$1,'SSP drivers'!$B$2:$B$7886,'Selected scen drivers'!$AI$1,'SSP drivers'!$C$2:$C$7886,'Selected scen drivers'!$C2,'SSP drivers'!$D$2:$D$7886,'Selected scen drivers'!$D2) -> 4236.7911 | I2: =SUMIFS('SSP drivers'!I$2:I$7886,'SSP drivers'!$A$2:$A$7886,'Selected scen drivers'!$AH$1,'SSP drivers'!$B$2:$B$7886,'Selected scen drivers'!$AI$1,'SSP drivers'!$C$2:$C$7886,'Selected scen drivers'!$C2,'SSP drivers'!$D$2:$D$7886,'Selected scen drivers'!$D2) -> 5413.3577 | J2: =SUMIFS('SSP drivers'!J$2:J$7886,'SSP drivers'!$A$2:$A$7886,'Selected scen drivers'!$AH$1,'SSP drivers'!$B$2:$B$7886,'Selected scen drivers'!$AI$1,'SSP drivers'!$C$2:$C$7886,'Selected scen drivers'!$C2,'SSP drivers'!$D$2:$D$7886,'Selected scen drivers'!$D2) -> 7069.4163 | K2: =SUMIFS('SSP drivers'!K$2:K$7886,'SSP drivers'!$A$2:$A$7886,'Selected scen drivers'!$AH$1,'SSP drivers'!$B$2:$B$7886,'Selected scen drivers'!$AI$1,'SSP drivers'!$C$2:$C$7886,'Selected scen drivers'!$C2,'SSP drivers'!$D$2:$D$7886,'Selected scen drivers'!$D2) -> 9098.1883 | L2: =SUMIFS('SSP drivers'!L$2:L$7886,'SSP drivers'!$A$2:$A$7886,'Selected scen drivers'!$AH$1,'SSP drivers'!$B$2:$B$7886,'Selected scen drivers'!$AI$1,'SSP drivers'!$C$2:$C$7886,'Selected scen drivers'!$C2,'SSP drivers'!$D$2:$D$7886,'Selected scen drivers'!$D2) -> 11631.587 | ... W2: =SUMIFS('SSP drivers'!W$2:W$7886,'SSP drivers'!$A$2:$A$7886,'Selected scen drivers'!$AH$1,'SSP drivers'!$B$2:$B$7886,'Selected scen drivers'!$AI$1,'SSP drivers'!$C$2:$C$7886,'Selected scen drivers'!$C2,'SSP drivers'!$D$2:$D$7886,'Selected scen drivers'!$D2) -> 104963.21
A3: 1 | B3: 2 | C3: =IFERROR(VLOOKUP(A3,Classification!$A$4:$B$37,2,FALSE),"") -> Africa_other | D3: =IFERROR(VLOOKUP(B3,Classification!$N$5:$O$14,2,FALSE),"") -> GDPAGR | E3: =SUMIFS('SSP drivers'!E$2:E$7886,'SSP drivers'!$A$2:$A$7886,'Selected scen drivers'!$AH$1,'SSP drivers'!$B$2:$B$7886,'Selected scen drivers'!$AI$1,'SSP drivers'!$C$2:$C$7886,'Selected scen drivers'!$C3,'SSP drivers'!$D$2:$D$7886,'Selected scen drivers'!$D3) -> 0 | F3: =SUMIFS('SSP drivers'!F$2:F$7886,'SSP drivers'!$A$2:$A$7886,'Selected scen drivers'!$AH$1,'SSP drivers'!$B$2:$B$7886,'Selected scen drivers'!$AI$1,'SSP drivers'!$C$2:$C$7886,'Selected scen drivers'!$C3,'SSP drivers'!$D$2:$D$7886,'Selected scen drivers'!$D3) -> 791.76348 | G3: =SUMIFS('SSP drivers'!G$2:G$7886,'SSP drivers'!$A$2:$A$7886,'Selected scen drivers'!$AH$1,'SSP drivers'!$B$2:$B$7886,'Selected scen drivers'!$AI$1,'SSP drivers'!$C$2:$C$7886,'Selected scen drivers'!$C3,'SSP drivers'!$D$2:$D$7886,'Selected scen drivers'!$D3) -> 812.01851 | H3: =SUMIFS('SSP drivers'!H$2:H$7886,'SSP drivers'!$A$2:$A$7886,'Selected scen drivers'!$AH$1,'SSP drivers'!$B$2:$B$7886,'Selected scen drivers'!$AI$1,'SSP drivers'!$C$2:$C$7886,'Selected scen drivers'!$C3,'SSP drivers'!$D$2:$D$7886,'Selected scen drivers'!$D3) -> 951.88078 | I3: =SUMIFS('SSP drivers'!I$2:I$7886,'SSP drivers'!$A$2:$A$7886,'Selected scen drivers'!$AH$1,'SSP drivers'!$B$2:$B$7886,'Selected scen drivers'!$AI$1,'SSP drivers'!$C$2:$C$7886,'Selected scen drivers'!$C3,'SSP drivers'!$D$2:$D$7886,'Selected scen drivers'!$D3) -> 1175.539 | J3: =SUMIFS('SSP drivers'!J$2:J$7886,'SSP drivers'!$A$2:$A$7886,'Selected scen drivers'!$AH$1,'SSP drivers'!$B$2:$B$7886,'Selected scen drivers'!$AI$1,'SSP drivers'!$C$2:$C$7886,'Selected scen drivers'!$C3,'SSP drivers'!$D$2:$D$7886,'Selected scen drivers'!$D3) -> 1475.4991 | K3: =SUMIFS('SSP drivers'!K$2:K$7886,'SSP drivers'!$A$2:$A$7886,'Selected scen drivers'!$AH$1,'SSP drivers'!$B$2:$B$7886,'Selected scen drivers'!$AI$1,'SSP drivers'!$C$2:$C$7886,'Selected scen drivers'!$C3,'SSP drivers'!$D$2:$D$7886,'Selected scen drivers'!$D3) -> 1819.0655 | L3: =SUMIFS('SSP drivers'!L$2:L$7886,'SSP drivers'!$A$2:$A$7886,'Selected scen drivers'!$AH$1,'SSP drivers'!$B$2:$B$7886,'Selected scen drivers'!$AI$1,'SSP drivers'!$C$2:$C$7886,'Selected scen drivers'!$C3,'SSP drivers'!$D$2:$D$7886,'Selected scen drivers'!$D3) -> 2219.798 | ... W3: =SUMIFS('SSP drivers'!W$2:W$7886,'SSP drivers'!$A$2:$A$7886,'Selected scen drivers'!$AH$1,'SSP drivers'!$B$2:$B$7886,'Selected scen drivers'!$AI$1,'SSP drivers'!$C$2:$C$7886,'Selected scen drivers'!$C3,'SSP drivers'!$D$2:$D$7886,'Selected scen drivers'!$D3) -> 7763.9847
A4: 1 | B4: 3 | C4: =IFERROR(VLOOKUP(A4,Classification!$A$4:$B$37,2,FALSE),"") -> Africa_other | D4: =IFERROR(VLOOKUP(B4,Classification!$N$5:$O$14,2,FALSE),"") -> GDPIND | E4: =SUMIFS('SSP drivers'!E$2:E$7886,'SSP drivers'!$A$2:$A$7886,'Selected scen drivers'!$AH$1,'SSP drivers'!$B$2:$B$7886,'Selected scen drivers'!$AI$1,'SSP drivers'!$C$2:$C$7886,'Selected scen drivers'!$C4,'SSP drivers'!$D$2:$D$7886,'Selected scen drivers'!$D4) -> 0 | F4: =SUMIFS('SSP drivers'!F$2:F$7886,'SSP drivers'!$A$2:$A$7886,'Selected scen drivers'!$AH$1,'SSP drivers'!$B$2:$B$7886,'Selected scen drivers'!$AI$1,'SSP drivers'!$C$2:$C$7886,'Selected scen drivers'!$C4,'SSP drivers'!$D$2:$D$7886,'Selected scen drivers'!$D4) -> 923.83924 | G4: =SUMIFS('SSP drivers'!G$2:G$7886,'SSP drivers'!$A$2:$A$7886,'Selected scen drivers'!$AH$1,'SSP drivers'!$B$2:$B$7886,'Selected scen drivers'!$AI$1,'SSP drivers'!$C$2:$C$7886,'Selected scen drivers'!$C4,'SSP drivers'!$D$2:$D$7886,'Selected scen drivers'!$D4) -> 941.62527 | H4: =SUMIFS('SSP drivers'!H$2:H$7886,'SSP drivers'!$A$2:$A$7886,'Selected scen drivers'!$AH$1,'SSP drivers'!$B$2:$B$7886,'Selected scen drivers'!$AI$1,'SSP drivers'!$C$2:$C$7886,'Selected scen drivers'!$C4,'SSP drivers'!$D$2:$D$7886,'Selected scen drivers'!$D4) -> 1171.0965 | I4: =SUMIFS('SSP drivers'!I$2:I$7886,'SSP drivers'!$A$2:$A$7886,'Selected scen drivers'!$AH$1,'SSP drivers'!$B$2:$B$7886,'Selected scen drivers'!$AI$1,'SSP drivers'!$C$2:$C$7886,'Selected scen drivers'!$C4,'SSP drivers'!$D$2:$D$7886,'Selected scen drivers'!$D4) -> 1507.2619 | J4: =SUMIFS('SSP drivers'!J$2:J$7886,'SSP drivers'!$A$2:$A$7886,'Selected scen drivers'!$AH$1,'SSP drivers'!$B$2:$B$7886,'Selected scen drivers'!$AI$1,'SSP drivers'!$C$2:$C$7886,'Selected scen drivers'!$C4,'SSP drivers'!$D$2:$D$7886,'Selected scen drivers'!$D4) -> 1985.9926 | K4: =SUMIFS('SSP drivers'!K$2:K$7886,'SSP drivers'!$A$2:$A$7886,'Selected scen drivers'!$AH$1,'SSP drivers'!$B$2:$B$7886,'Selected scen drivers'!$AI$1,'SSP drivers'!$C$2:$C$7886,'Selected scen drivers'!$C4,'SSP drivers'!$D$2:$D$7886,'Selected scen drivers'!$D4) -> 2581.9862 | L4: =SUMIFS('SSP drivers'!L$2:L$7886,'SSP drivers'!$A$2:$A$7886,'Selected scen drivers'!$AH$1,'SSP drivers'!$B$2:$B$7886,'Selected scen drivers'!$AI$1,'SSP drivers'!$C$2:$C$7886,'Selected scen drivers'!$C4,'SSP drivers'!$D$2:$D$7886,'Selected scen drivers'!$D4) -> 3336.6232 | ... W4: =SUMIFS('SSP drivers'!W$2:W$7886,'SSP drivers'!$A$2:$A$7886,'Selected scen drivers'!$AH$1,'SSP drivers'!$B$2:$B$7886,'Selected scen drivers'!$AI$1,'SSP drivers'!$C$2:$C$7886,'Selected scen drivers'!$C4,'SSP drivers'!$D$2:$D$7886,'Selected scen drivers'!$D4) -> 33780.085
A5: 1 | B5: 4 | C5: =IFERROR(VLOOKUP(A5,Classification!$A$4:$B$37,2,FALSE),"") -> Africa_other | D5: =IFERROR(VLOOKUP(B5,Classification!$N$5:$O$14,2,FALSE),"") -> GDPMFG | E5: =SUMIFS('SSP drivers'!E$2:E$7886,'SSP drivers'!$A$2:$A$7886,'Selected scen drivers'!$AH$1,'SSP drivers'!$B$2:$B$7886,'Selected scen drivers'!$AI$1,'SSP drivers'!$C$2:$C$7886,'Selected scen drivers'!$C5,'SSP drivers'!$D$2:$D$7886,'Selected scen drivers'!$D5) -> 0 | F5: =SUMIFS('SSP drivers'!F$2:F$7886,'SSP drivers'!$A$2:$A$7886,'Selected scen drivers'!$AH$1,'SSP drivers'!$B$2:$B$7886,'Selected scen drivers'!$AI$1,'SSP drivers'!$C$2:$C$7886,'Selected scen drivers'!$C5,'SSP drivers'!$D$2:$D$7886,'Selected scen drivers'!$D5) -> 99.687461 | G5: =SUMIFS('SSP drivers'!G$2:G$7886,'SSP drivers'!$A$2:$A$7886,'Selected scen drivers'!$AH$1,'SSP drivers'!$B$2:$B$7886,'Selected scen drivers'!$AI$1,'SSP drivers'!$C$2:$C$7886,'Selected scen drivers'!$C5,'SSP drivers'!$D$2:$D$7886,'Selected scen drivers'!$D5) -> 101.47959 | H5: =SUMIFS('SSP drivers'!H$2:H$7886,'SSP drivers'!$A$2:$A$7886,'Selected scen drivers'!$AH$1,'SSP drivers'!$B$2:$B$7886,'Selected scen drivers'!$AI$1,'SSP drivers'!$C$2:$C$7886,'Selected scen drivers'!$C5,'SSP drivers'!$D$2:$D$7886,'Selected scen drivers'!$D5) -> 136.06685 | I5: =SUMIFS('SSP drivers'!I$2:I$7886,'SSP drivers'!$A$2:$A$7886,'Selected scen drivers'!$AH$1,'SSP drivers'!$B$2:$B$7886,'Selected scen drivers'!$AI$1,'SSP drivers'!$C$2:$C$7886,'Selected scen drivers'!$C5,'SSP drivers'!$D$2:$D$7886,'Selected scen drivers'!$D5) -> 187.38865 | J5: =SUMIFS('SSP drivers'!J$2:J$7886,'SSP drivers'!$A$2:$A$7886,'Selected scen drivers'!$AH$1,'SSP drivers'!$B$2:$B$7886,'Selected scen drivers'!$AI$1,'SSP drivers'!$C$2:$C$7886,'Selected scen drivers'!$C5,'SSP drivers'!$D$2:$D$7886,'Selected scen drivers'!$D5) -> 264.00246 | K5: =SUMIFS('SSP drivers'!K$2:K$7886,'SSP drivers'!$A$2:$A$7886,'Selected scen drivers'!$AH$1,'SSP drivers'!$B$2:$B$7886,'Selected scen drivers'!$AI$1,'SSP drivers'!$C$2:$C$7886,'Selected scen drivers'!$C5,'SSP drivers'!$D$2:$D$7886,'Selected scen drivers'!$D5) -> 365.9454 | L5: =SUMIFS('SSP drivers'!L$2:L$7886,'SSP drivers'!$A$2:$A$7886,'Selected scen drivers'!$AH$1,'SSP drivers'!$B$2:$B$7886,'Selected scen drivers'!$AI$1,'SSP drivers'!$C$2:$C$7886,'Selected scen drivers'!$C5,'SSP drivers'!$D$2:$D$7886,'Selected scen drivers'!$D5) -> 502.46406 | ... W5: =SUMIFS('SSP drivers'!W$2:W$7886,'SSP drivers'!$A$2:$A$7886,'Selected scen drivers'!$AH$1,'SSP drivers'!$B$2:$B$7886,'Selected scen drivers'!$AI$1,'SSP drivers'!$C$2:$C$7886,'Selected scen drivers'!$C5,'SSP drivers'!$D$2:$D$7886,'Selected scen drivers'!$D5) -> 8440.4372
A6: 1 | B6: 5 | C6: =IFERROR(VLOOKUP(A6,Classification!$A$4:$B$37,2,FALSE),"") -> Africa_other | D6: =IFERROR(VLOOKUP(B6,Classification!$N$5:$O$14,2,FALSE),"") -> GDPPCAP | E6: =SUMIFS('SSP drivers'!E$2:E$7886,'SSP drivers'!$A$2:$A$7886,'Selected scen drivers'!$AH$1,'SSP drivers'!$B$2:$B$7886,'Selected scen drivers'!$AI$1,'SSP drivers'!$C$2:$C$7886,'Selected scen drivers'!$C6,'SSP drivers'!$D$2:$D$7886,'Selected scen drivers'!$D6) -> 0 | F6: =SUMIFS('SSP drivers'!F$2:F$7886,'SSP drivers'!$A$2:$A$7886,'Selected scen drivers'!$AH$1,'SSP drivers'!$B$2:$B$7886,'Selected scen drivers'!$AI$1,'SSP drivers'!$C$2:$C$7886,'Selected scen drivers'!$C6,'SSP drivers'!$D$2:$D$7886,'Selected scen drivers'!$D6) -> 3.2368363 | G6: =SUMIFS('SSP drivers'!G$2:G$7886,'SSP drivers'!$A$2:$A$7886,'Selected scen drivers'!$AH$1,'SSP drivers'!$B$2:$B$7886,'Selected scen drivers'!$AI$1,'SSP drivers'!$C$2:$C$7886,'Selected scen drivers'!$C6,'SSP drivers'!$D$2:$D$7886,'Selected scen drivers'!$D6) -> 3.2133267 | H6: =SUMIFS('SSP drivers'!H$2:H$7886,'SSP drivers'!$A$2:$A$7886,'Selected scen drivers'!$AH$1,'SSP drivers'!$B$2:$B$7886,'Selected scen drivers'!$AI$1,'SSP drivers'!$C$2:$C$7886,'Selected scen drivers'!$C6,'SSP drivers'!$D$2:$D$7886,'Selected scen drivers'!$D6) -> 3.4492745 | I6: =SUMIFS('SSP drivers'!I$2:I$7886,'SSP drivers'!$A$2:$A$7886,'Selected scen drivers'!$AH$1,'SSP drivers'!$B$2:$B$7886,'Selected scen drivers'!$AI$1,'SSP drivers'!$C$2:$C$7886,'Selected scen drivers'!$C6,'SSP drivers'!$D$2:$D$7886,'Selected scen drivers'!$D6) -> 3.9017378 | J6: =SUMIFS('SSP drivers'!J$2:J$7886,'SSP drivers'!$A$2:$A$7886,'Selected scen drivers'!$AH$1,'SSP drivers'!$B$2:$B$7886,'Selected scen drivers'!$AI$1,'SSP drivers'!$C$2:$C$7886,'Selected scen drivers'!$C6,'SSP drivers'!$D$2:$D$7886,'Selected scen drivers'!$D6) -> 4.5498385 | K6: =SUMIFS('SSP drivers'!K$2:K$7886,'SSP drivers'!$A$2:$A$7886,'Selected scen drivers'!$AH$1,'SSP drivers'!$B$2:$B$7886,'Selected scen drivers'!$AI$1,'SSP drivers'!$C$2:$C$7886,'Selected scen drivers'!$C6,'SSP drivers'!$D$2:$D$7886,'Selected scen drivers'!$D6) -> 5.2750821 | L6: =SUMIFS('SSP drivers'!L$2:L$7886,'SSP drivers'!$A$2:$A$7886,'Selected scen drivers'!$AH$1,'SSP drivers'!$B$2:$B$7886,'Selected scen drivers'!$AI$1,'SSP drivers'!$C$2:$C$7886,'Selected scen drivers'!$C6,'SSP drivers'!$D$2:$D$7886,'Selected scen drivers'!$D6) -> 6.1302306 | ... W6: =SUMIFS('SSP drivers'!W$2:W$7886,'SSP drivers'!$A$2:$A$7886,'Selected scen drivers'!$AH$1,'SSP drivers'!$B$2:$B$7886,'Selected scen drivers'!$AI$1,'SSP drivers'!$C$2:$C$7886,'Selected scen drivers'!$C6,'SSP drivers'!$D$2:$D$7886,'Selected scen drivers'!$D6) -> 33.239044
A7: 1 | B7: 6 | C7: =IFERROR(VLOOKUP(A7,Classification!$A$4:$B$37,2,FALSE),"") -> Africa_other | D7: =IFERROR(VLOOKUP(B7,Classification!$N$5:$O$14,2,FALSE),"") -> GDPPHOU | E7: =SUMIFS('SSP drivers'!E$2:E$7886,'SSP drivers'!$A$2:$A$7886,'Selected scen drivers'!$AH$1,'SSP drivers'!$B$2:$B$7886,'Selected scen drivers'!$AI$1,'SSP drivers'!$C$2:$C$7886,'Selected scen drivers'!$C7,'SSP drivers'!$D$2:$D$7886,'Selected scen drivers'!$D7) -> 0 | F7: =SUMIFS('SSP drivers'!F$2:F$7886,'SSP drivers'!$A$2:$A$7886,'Selected scen drivers'!$AH$1,'SSP drivers'!$B$2:$B$7886,'Selected scen drivers'!$AI$1,'SSP drivers'!$C$2:$C$7886,'Selected scen drivers'!$C7,'SSP drivers'!$D$2:$D$7886,'Selected scen drivers'!$D7) -> 14.773233 | G7: =SUMIFS('SSP drivers'!G$2:G$7886,'SSP drivers'!$A$2:$A$7886,'Selected scen drivers'!$AH$1,'SSP drivers'!$B$2:$B$7886,'Selected scen drivers'!$AI$1,'SSP drivers'!$C$2:$C$7886,'Selected scen drivers'!$C7,'SSP drivers'!$D$2:$D$7886,'Selected scen drivers'!$D7) -> 14.571355 | H7: =SUMIFS('SSP drivers'!H$2:H$7886,'SSP drivers'!$A$2:$A$7886,'Selected scen drivers'!$AH$1,'SSP drivers'!$B$2:$B$7886,'Selected scen drivers'!$AI$1,'SSP drivers'!$C$2:$C$7886,'Selected scen drivers'!$C7,'SSP drivers'!$D$2:$D$7886,'Selected scen drivers'!$D7) -> 15.22184 | I7: =SUMIFS('SSP drivers'!I$2:I$7886,'SSP drivers'!$A$2:$A$7886,'Selected scen drivers'!$AH$1,'SSP drivers'!$B$2:$B$7886,'Selected scen drivers'!$AI$1,'SSP drivers'!$C$2:$C$7886,'Selected scen drivers'!$C7,'SSP drivers'!$D$2:$D$7886,'Selected scen drivers'!$D7) -> 16.689463 | J7: =SUMIFS('SSP drivers'!J$2:J$7886,'SSP drivers'!$A$2:$A$7886,'Selected scen drivers'!$AH$1,'SSP drivers'!$B$2:$B$7886,'Selected scen drivers'!$AI$1,'SSP drivers'!$C$2:$C$7886,'Selected scen drivers'!$C7,'SSP drivers'!$D$2:$D$7886,'Selected scen drivers'!$D7) -> 18.820461 | K7: =SUMIFS('SSP drivers'!K$2:K$7886,'SSP drivers'!$A$2:$A$7886,'Selected scen drivers'!$AH$1,'SSP drivers'!$B$2:$B$7886,'Selected scen drivers'!$AI$1,'SSP drivers'!$C$2:$C$7886,'Selected scen drivers'!$C7,'SSP drivers'!$D$2:$D$7886,'Selected scen drivers'!$D7) -> 21.132227 | L7: =SUMIFS('SSP drivers'!L$2:L$7886,'SSP drivers'!$A$2:$A$7886,'Selected scen drivers'!$AH$1,'SSP drivers'!$B$2:$B$7886,'Selected scen drivers'!$AI$1,'SSP drivers'!$C$2:$C$7886,'Selected scen drivers'!$C7,'SSP drivers'!$D$2:$D$7886,'Selected scen drivers'!$D7) -> 23.831549 | ... W7: =SUMIFS('SSP drivers'!W$2:W$7886,'SSP drivers'!$A$2:$A$7886,'Selected scen drivers'!$AH$1,'SSP drivers'!$B$2:$B$7886,'Selected scen drivers'!$AI$1,'SSP drivers'!$C$2:$C$7886,'Selected scen drivers'!$C7,'SSP drivers'!$D$2:$D$7886,'Selected scen drivers'!$D7) -> 110.53415
A8: 1 | B8: 7 | C8: =IFERROR(VLOOKUP(A8,Classification!$A$4:$B$37,2,FALSE),"") -> Africa_other | D8: =IFERROR(VLOOKUP(B8,Classification!$N$5:$O$14,2,FALSE),"") -> GDPSER | E8: =SUMIFS('SSP drivers'!E$2:E$7886,'SSP drivers'!$A$2:$A$7886,'Selected scen drivers'!$AH$1,'SSP drivers'!$B$2:$B$7886,'Selected scen drivers'!$AI$1,'SSP drivers'!$C$2:$C$7886,'Selected scen drivers'!$C8,'SSP drivers'!$D$2:$D$7886,'Selected scen drivers'!$D8) -> 0 | F8: =SUMIFS('SSP drivers'!F$2:F$7886,'SSP drivers'!$A$2:$A$7886,'Selected scen drivers'!$AH$1,'SSP drivers'!$B$2:$B$7886,'Selected scen drivers'!$AI$1,'SSP drivers'!$C$2:$C$7886,'Selected scen drivers'!$C8,'SSP drivers'!$D$2:$D$7886,'Selected scen drivers'!$D8) -> 1681.2763 | G8: =SUMIFS('SSP drivers'!G$2:G$7886,'SSP drivers'!$A$2:$A$7886,'Selected scen drivers'!$AH$1,'SSP drivers'!$B$2:$B$7886,'Selected scen drivers'!$AI$1,'SSP drivers'!$C$2:$C$7886,'Selected scen drivers'!$C8,'SSP drivers'!$D$2:$D$7886,'Selected scen drivers'!$D8) -> 1713.1844 | H8: =SUMIFS('SSP drivers'!H$2:H$7886,'SSP drivers'!$A$2:$A$7886,'Selected scen drivers'!$AH$1,'SSP drivers'!$B$2:$B$7886,'Selected scen drivers'!$AI$1,'SSP drivers'!$C$2:$C$7886,'Selected scen drivers'!$C8,'SSP drivers'!$D$2:$D$7886,'Selected scen drivers'!$D8) -> 2110.325 | I8: =SUMIFS('SSP drivers'!I$2:I$7886,'SSP drivers'!$A$2:$A$7886,'Selected scen drivers'!$AH$1,'SSP drivers'!$B$2:$B$7886,'Selected scen drivers'!$AI$1,'SSP drivers'!$C$2:$C$7886,'Selected scen drivers'!$C8,'SSP drivers'!$D$2:$D$7886,'Selected scen drivers'!$D8) -> 2724.9262 | J8: =SUMIFS('SSP drivers'!J$2:J$7886,'SSP drivers'!$A$2:$A$7886,'Selected scen drivers'!$AH$1,'SSP drivers'!$B$2:$B$7886,'Selected scen drivers'!$AI$1,'SSP drivers'!$C$2:$C$7886,'Selected scen drivers'!$C8,'SSP drivers'!$D$2:$D$7886,'Selected scen drivers'!$D8) -> 3598.6769 | K8: =SUMIFS('SSP drivers'!K$2:K$7886,'SSP drivers'!$A$2:$A$7886,'Selected scen drivers'!$AH$1,'SSP drivers'!$B$2:$B$7886,'Selected scen drivers'!$AI$1,'SSP drivers'!$C$2:$C$7886,'Selected scen drivers'!$C8,'SSP drivers'!$D$2:$D$7886,'Selected scen drivers'!$D8) -> 4681.8771 | L8: =SUMIFS('SSP drivers'!L$2:L$7886,'SSP drivers'!$A$2:$A$7886,'Selected scen drivers'!$AH$1,'SSP drivers'!$B$2:$B$7886,'Selected scen drivers'!$AI$1,'SSP drivers'!$C$2:$C$7886,'Selected scen drivers'!$C8,'SSP drivers'!$D$2:$D$7886,'Selected scen drivers'!$D8) -> 6050.1115 | ... W8: =SUMIFS('SSP drivers'!W$2:W$7886,'SSP drivers'!$A$2:$A$7886,'Selected scen drivers'!$AH$1,'SSP drivers'!$B$2:$B$7886,'Selected scen drivers'!$AI$1,'SSP drivers'!$C$2:$C$7886,'Selected scen drivers'!$C8,'SSP drivers'!$D$2:$D$7886,'Selected scen drivers'!$D8) -> 63396.71
A9: 1 | B9: 8 | C9: =IFERROR(VLOOKUP(A9,Classification!$A$4:$B$37,2,FALSE),"") -> Africa_other | D9: =IFERROR(VLOOKUP(B9,Classification!$N$5:$O$14,2,FALSE),"") -> HOU | E9: =SUMIFS('SSP drivers'!E$2:E$7886,'SSP drivers'!$A$2:$A$7886,'Selected scen drivers'!$AH$1,'SSP drivers'!$B$2:$B$7886,'Selected scen drivers'!$AI$1,'SSP drivers'!$C$2:$C$7886,'Selected scen drivers'!$C9,'SSP drivers'!$D$2:$D$7886,'Selected scen drivers'!$D9) -> 0 | F9: =SUMIFS('SSP drivers'!F$2:F$7886,'SSP drivers'!$A$2:$A$7886,'Selected scen drivers'!$AH$1,'SSP drivers'!$B$2:$B$7886,'Selected scen drivers'!$AI$1,'SSP drivers'!$C$2:$C$7886,'Selected scen drivers'!$C9,'SSP drivers'!$D$2:$D$7886,'Selected scen drivers'!$D9) -> 230.00091 | G9: =SUMIFS('SSP drivers'!G$2:G$7886,'SSP drivers'!$A$2:$A$7886,'Selected scen drivers'!$AH$1,'SSP drivers'!$B$2:$B$7886,'Selected scen drivers'!$AI$1,'SSP drivers'!$C$2:$C$7886,'Selected scen drivers'!$C9,'SSP drivers'!$D$2:$D$7886,'Selected scen drivers'!$D9) -> 238.05682 | H9: =SUMIFS('SSP drivers'!H$2:H$7886,'SSP drivers'!$A$2:$A$7886,'Selected scen drivers'!$AH$1,'SSP drivers'!$B$2:$B$7886,'Selected scen drivers'!$AI$1,'SSP drivers'!$C$2:$C$7886,'Selected scen drivers'!$C9,'SSP drivers'!$D$2:$D$7886,'Selected scen drivers'!$D9) -> 278.33633 | I9: =SUMIFS('SSP drivers'!I$2:I$7886,'SSP drivers'!$A$2:$A$7886,'Selected scen drivers'!$AH$1,'SSP drivers'!$B$2:$B$7886,'Selected scen drivers'!$AI$1,'SSP drivers'!$C$2:$C$7886,'Selected scen drivers'!$C9,'SSP drivers'!$D$2:$D$7886,'Selected scen drivers'!$D9) -> 324.35781 | J9: =SUMIFS('SSP drivers'!J$2:J$7886,'SSP drivers'!$A$2:$A$7886,'Selected scen drivers'!$AH$1,'SSP drivers'!$B$2:$B$7886,'Selected scen drivers'!$AI$1,'SSP drivers'!$C$2:$C$7886,'Selected scen drivers'!$C9,'SSP drivers'!$D$2:$D$7886,'Selected scen drivers'!$D9) -> 375.62398 | K9: =SUMIFS('SSP drivers'!K$2:K$7886,'SSP drivers'!$A$2:$A$7886,'Selected scen drivers'!$AH$1,'SSP drivers'!$B$2:$B$7886,'Selected scen drivers'!$AI$1,'SSP drivers'!$C$2:$C$7886,'Selected scen drivers'!$C9,'SSP drivers'!$D$2:$D$7886,'Selected scen drivers'!$D9) -> 430.53618 | L9: =SUMIFS('SSP drivers'!L$2:L$7886,'SSP drivers'!$A$2:$A$7886,'Selected scen drivers'!$AH$1,'SSP drivers'!$B$2:$B$7886,'Selected scen drivers'!$AI$1,'SSP drivers'!$C$2:$C$7886,'Selected scen drivers'!$C9,'SSP drivers'!$D$2:$D$7886,'Selected scen drivers'!$D9) -> 488.07515 | ... W9: =SUMIFS('SSP drivers'!W$2:W$7886,'SSP drivers'!$A$2:$A$7886,'Selected scen drivers'!$AH$1,'SSP drivers'!$B$2:$B$7886,'Selected scen drivers'!$AI$1,'SSP drivers'!$C$2:$C$7886,'Selected scen drivers'!$C9,'SSP drivers'!$D$2:$D$7886,'Selected scen drivers'!$D9) -> 949.59983 | AI9: Scenario selection
A10: 1 | B10: 9 | C10: =IFERROR(VLOOKUP(A10,Classification!$A$4:$B$37,2,FALSE),"") -> Africa_other | D10: =IFERROR(VLOOKUP(B10,Classification!$N$5:$O$14,2,FALSE),"") -> POP | E10: =SUMIFS('SSP drivers'!E$2:E$7886,'SSP drivers'!$A$2:$A$7886,'Selected scen drivers'!$AH$1,'SSP drivers'!$B$2:$B$7886,'Selected scen drivers'!$AI$1,'SSP drivers'!$C$2:$C$7886,'Selected scen drivers'!$C10,'SSP drivers'!$D$2:$D$7886,'Selected scen drivers'!$D10) -> 0 | F10: =SUMIFS('SSP drivers'!F$2:F$7886,'SSP drivers'!$A$2:$A$7886,'Selected scen drivers'!$AH$1,'SSP drivers'!$B$2:$B$7886,'Selected scen drivers'!$AI$1,'SSP drivers'!$C$2:$C$7886,'Selected scen drivers'!$C10,'SSP drivers'!$D$2:$D$7886,'Selected scen drivers'!$D10) -> 1049.7463 | G10: =SUMIFS('SSP drivers'!G$2:G$7886,'SSP drivers'!$A$2:$A$7886,'Selected scen drivers'!$AH$1,'SSP drivers'!$B$2:$B$7886,'Selected scen drivers'!$AI$1,'SSP drivers'!$C$2:$C$7886,'Selected scen drivers'!$C10,'SSP drivers'!$D$2:$D$7886,'Selected scen drivers'!$D10) -> 1079.5075 | H10: =SUMIFS('SSP drivers'!H$2:H$7886,'SSP drivers'!$A$2:$A$7886,'Selected scen drivers'!$AH$1,'SSP drivers'!$B$2:$B$7886,'Selected scen drivers'!$AI$1,'SSP drivers'!$C$2:$C$7886,'Selected scen drivers'!$C10,'SSP drivers'!$D$2:$D$7886,'Selected scen drivers'!$D10) -> 1228.3137 | I10: =SUMIFS('SSP drivers'!I$2:I$7886,'SSP drivers'!$A$2:$A$7886,'Selected scen drivers'!$AH$1,'SSP drivers'!$B$2:$B$7886,'Selected scen drivers'!$AI$1,'SSP drivers'!$C$2:$C$7886,'Selected scen drivers'!$C10,'SSP drivers'!$D$2:$D$7886,'Selected scen drivers'!$D10) -> 1387.4222 | J10: =SUMIFS('SSP drivers'!J$2:J$7886,'SSP drivers'!$A$2:$A$7886,'Selected scen drivers'!$AH$1,'SSP drivers'!$B$2:$B$7886,'Selected scen drivers'!$AI$1,'SSP drivers'!$C$2:$C$7886,'Selected scen drivers'!$C10,'SSP drivers'!$D$2:$D$7886,'Selected scen drivers'!$D10) -> 1553.773 | K10: =SUMIFS('SSP drivers'!K$2:K$7886,'SSP drivers'!$A$2:$A$7886,'Selected scen drivers'!$AH$1,'SSP drivers'!$B$2:$B$7886,'Selected scen drivers'!$AI$1,'SSP drivers'!$C$2:$C$7886,'Selected scen drivers'!$C10,'SSP drivers'!$D$2:$D$7886,'Selected scen drivers'!$D10) -> 1724.7482 | L10: =SUMIFS('SSP drivers'!L$2:L$7886,'SSP drivers'!$A$2:$A$7886,'Selected scen drivers'!$AH$1,'SSP drivers'!$B$2:$B$7886,'Selected scen drivers'!$AI$1,'SSP drivers'!$C$2:$C$7886,'Selected scen drivers'!$C10,'SSP drivers'!$D$2:$D$7886,'Selected scen drivers'!$D10) -> 1897.4143 | ... W10: =SUMIFS('SSP drivers'!W$2:W$7886,'SSP drivers'!$A$2:$A$7886,'Selected scen drivers'!$AH$1,'SSP drivers'!$B$2:$B$7886,'Selected scen drivers'!$AI$1,'SSP drivers'!$C$2:$C$7886,'Selected scen drivers'!$C10,'SSP drivers'!$D$2:$D$7886,'Selected scen drivers'!$D10) -> 3157.8287 | AI10: 7
A11: =A2+1 -> 2 | B11: =B2 -> 1 | C11: =IFERROR(VLOOKUP(A11,Classification!$A$4:$B$37,2,FALSE),"") -> India | D11: =IFERROR(VLOOKUP(B11,Classification!$N$5:$O$14,2,FALSE),"") -> GDP | E11: =SUMIFS('SSP drivers'!E$2:E$7886,'SSP drivers'!$A$2:$A$7886,'Selected scen drivers'!$AH$1,'SSP drivers'!$B$2:$B$7886,'Selected scen drivers'!$AI$1,'SSP drivers'!$C$2:$C$7886,'Selected scen drivers'!$C11,'SSP drivers'!$D$2:$D$7886,'Selected scen drivers'!$D11) -> 0 | F11: =SUMIFS('SSP drivers'!F$2:F$7886,'SSP drivers'!$A$2:$A$7886,'Selected scen drivers'!$AH$1,'SSP drivers'!$B$2:$B$7886,'Selected scen drivers'!$AI$1,'SSP drivers'!$C$2:$C$7886,'Selected scen drivers'!$C11,'SSP drivers'!$D$2:$D$7886,'Selected scen drivers'!$D11) -> 8195.484 | G11: =SUMIFS('SSP drivers'!G$2:G$7886,'SSP drivers'!$A$2:$A$7886,'Selected scen drivers'!$AH$1,'SSP drivers'!$B$2:$B$7886,'Selected scen drivers'!$AI$1,'SSP drivers'!$C$2:$C$7886,'Selected scen drivers'!$C11,'SSP drivers'!$D$2:$D$7886,'Selected scen drivers'!$D11) -> 8503.83 | H11: =SUMIFS('SSP drivers'!H$2:H$7886,'SSP drivers'!$A$2:$A$7886,'Selected scen drivers'!$AH$1,'SSP drivers'!$B$2:$B$7886,'Selected scen drivers'!$AI$1,'SSP drivers'!$C$2:$C$7886,'Selected scen drivers'!$C11,'SSP drivers'!$D$2:$D$7886,'Selected scen drivers'!$D11) -> 11852.9 | I11: =SUMIFS('SSP drivers'!I$2:I$7886,'SSP drivers'!$A$2:$A$7886,'Selected scen drivers'!$AH$1,'SSP drivers'!$B$2:$B$7886,'Selected scen drivers'!$AI$1,'SSP drivers'!$C$2:$C$7886,'Selected scen drivers'!$C11,'SSP drivers'!$D$2:$D$7886,'Selected scen drivers'!$D11) -> 15709.5 | J11: =SUMIFS('SSP drivers'!J$2:J$7886,'SSP drivers'!$A$2:$A$7886,'Selected scen drivers'!$AH$1,'SSP drivers'!$B$2:$B$7886,'Selected scen drivers'!$AI$1,'SSP drivers'!$C$2:$C$7886,'Selected scen drivers'!$C11,'SSP drivers'!$D$2:$D$7886,'Selected scen drivers'!$D11) -> 19813.1 | K11: =SUMIFS('SSP drivers'!K$2:K$7886,'SSP drivers'!$A$2:$A$7886,'Selected scen drivers'!$AH$1,'SSP drivers'!$B$2:$B$7886,'Selected scen drivers'!$AI$1,'SSP drivers'!$C$2:$C$7886,'Selected scen drivers'!$C11,'SSP drivers'!$D$2:$D$7886,'Selected scen drivers'!$D11) -> 24247.7 | L11: =SUMIFS('SSP drivers'!L$2:L$7886,'SSP drivers'!$A$2:$A$7886,'Selected scen drivers'!$AH$1,'SSP drivers'!$B$2:$B$7886,'Selected scen drivers'!$AI$1,'SSP drivers'!$C$2:$C$7886,'Selected scen drivers'!$C11,'SSP drivers'!$D$2:$D$7886,'Selected scen drivers'!$D11) -> 29018.4 | ... W11: =SUMIFS('SSP drivers'!W$2:W$7886,'SSP drivers'!$A$2:$A$7886,'Selected scen drivers'!$AH$1,'SSP drivers'!$B$2:$B$7886,'Selected scen drivers'!$AI$1,'SSP drivers'!$C$2:$C$7886,'Selected scen drivers'!$C11,'SSP drivers'!$D$2:$D$7886,'Selected scen drivers'!$D11) -> 90238.2
A12: =A3+1 -> 2 | B12: =B3 -> 2 | C12: =IFERROR(VLOOKUP(A12,Classification!$A$4:$B$37,2,FALSE),"") -> India | D12: =IFERROR(VLOOKUP(B12,Classification!$N$5:$O$14,2,FALSE),"") -> GDPAGR | E12: =SUMIFS('SSP drivers'!E$2:E$7886,'SSP drivers'!$A$2:$A$7886,'Selected scen drivers'!$AH$1,'SSP drivers'!$B$2:$B$7886,'Selected scen drivers'!$AI$1,'SSP drivers'!$C$2:$C$7886,'Selected scen drivers'!$C12,'SSP drivers'!$D$2:$D$7886,'Selected scen drivers'!$D12) -> 0 | F12: =SUMIFS('SSP drivers'!F$2:F$7886,'SSP drivers'!$A$2:$A$7886,'Selected scen drivers'!$AH$1,'SSP drivers'!$B$2:$B$7886,'Selected scen drivers'!$AI$1,'SSP drivers'!$C$2:$C$7886,'Selected scen drivers'!$C12,'SSP drivers'!$D$2:$D$7886,'Selected scen drivers'!$D12) -> 1281.0098 | G12: =SUMIFS('SSP drivers'!G$2:G$7886,'SSP drivers'!$A$2:$A$7886,'Selected scen drivers'!$AH$1,'SSP drivers'!$B$2:$B$7886,'Selected scen drivers'!$AI$1,'SSP drivers'!$C$2:$C$7886,'Selected scen drivers'!$C12,'SSP drivers'!$D$2:$D$7886,'Selected scen drivers'!$D12) -> 1329.2063 | H12: =SUMIFS('SSP drivers'!H$2:H$7886,'SSP drivers'!$A$2:$A$7886,'Selected scen drivers'!$AH$1,'SSP drivers'!$B$2:$B$7886,'Selected scen drivers'!$AI$1,'SSP drivers'!$C$2:$C$7886,'Selected scen drivers'!$C12,'SSP drivers'!$D$2:$D$7886,'Selected scen drivers'!$D12) -> 1792.4561 | I12: =SUMIFS('SSP drivers'!I$2:I$7886,'SSP drivers'!$A$2:$A$7886,'Selected scen drivers'!$AH$1,'SSP drivers'!$B$2:$B$7886,'Selected scen drivers'!$AI$1,'SSP drivers'!$C$2:$C$7886,'Selected scen drivers'!$C12,'SSP drivers'!$D$2:$D$7886,'Selected scen drivers'!$D12) -> 2295.8404 | J12: =SUMIFS('SSP drivers'!J$2:J$7886,'SSP drivers'!$A$2:$A$7886,'Selected scen drivers'!$AH$1,'SSP drivers'!$B$2:$B$7886,'Selected scen drivers'!$AI$1,'SSP drivers'!$C$2:$C$7886,'Selected scen drivers'!$C12,'SSP drivers'!$D$2:$D$7886,'Selected scen drivers'!$D12) -> 2794.8708 | K12: =SUMIFS('SSP drivers'!K$2:K$7886,'SSP drivers'!$A$2:$A$7886,'Selected scen drivers'!$AH$1,'SSP drivers'!$B$2:$B$7886,'Selected scen drivers'!$AI$1,'SSP drivers'!$C$2:$C$7886,'Selected scen drivers'!$C12,'SSP drivers'!$D$2:$D$7886,'Selected scen drivers'!$D12) -> 3297.2044 | L12: =SUMIFS('SSP drivers'!L$2:L$7886,'SSP drivers'!$A$2:$A$7886,'Selected scen drivers'!$AH$1,'SSP drivers'!$B$2:$B$7886,'Selected scen drivers'!$AI$1,'SSP drivers'!$C$2:$C$7886,'Selected scen drivers'!$C12,'SSP drivers'!$D$2:$D$7886,'Selected scen drivers'!$D12) -> 3798.4626 | ... W12: =SUMIFS('SSP drivers'!W$2:W$7886,'SSP drivers'!$A$2:$A$7886,'Selected scen drivers'!$AH$1,'SSP drivers'!$B$2:$B$7886,'Selected scen drivers'!$AI$1,'SSP drivers'!$C$2:$C$7886,'Selected scen drivers'!$C12,'SSP drivers'!$D$2:$D$7886,'Selected scen drivers'!$D12) -> 6767.865
A13: =A4+1 -> 2 | B13: =B4 -> 3 | C13: =IFERROR(VLOOKUP(A13,Classification!$A$4:$B$37,2,FALSE),"") -> India | D13: =IFERROR(VLOOKUP(B13,Classification!$N$5:$O$14,2,FALSE),"") -> GDPIND | E13: =SUMIFS('SSP drivers'!E$2:E$7886,'SSP drivers'!$A$2:$A$7886,'Selected scen drivers'!$AH$1,'SSP drivers'!$B$2:$B$7886,'Selected scen drivers'!$AI$1,'SSP drivers'!$C$2:$C$7886,'Selected scen drivers'!$C13,'SSP drivers'!$D$2:$D$7886,'Selected scen drivers'!$D13) -> 0 | F13: =SUMIFS('SSP drivers'!F$2:F$7886,'SSP drivers'!$A$2:$A$7886,'Selected scen drivers'!$AH$1,'SSP drivers'!$B$2:$B$7886,'Selected scen drivers'!$AI$1,'SSP drivers'!$C$2:$C$7886,'Selected scen drivers'!$C13,'SSP drivers'!$D$2:$D$7886,'Selected scen drivers'!$D13) -> 2424.8263 | G13: =SUMIFS('SSP drivers'!G$2:G$7886,'SSP drivers'!$A$2:$A$7886,'Selected scen drivers'!$AH$1,'SSP drivers'!$B$2:$B$7886,'Selected scen drivers'!$AI$1,'SSP drivers'!$C$2:$C$7886,'Selected scen drivers'!$C13,'SSP drivers'!$D$2:$D$7886,'Selected scen drivers'!$D13) -> 2516.0577 | H13: =SUMIFS('SSP drivers'!H$2:H$7886,'SSP drivers'!$A$2:$A$7886,'Selected scen drivers'!$AH$1,'SSP drivers'!$B$2:$B$7886,'Selected scen drivers'!$AI$1,'SSP drivers'!$C$2:$C$7886,'Selected scen drivers'!$C13,'SSP drivers'!$D$2:$D$7886,'Selected scen drivers'!$D13) -> 3510.0156 | I13: =SUMIFS('SSP drivers'!I$2:I$7886,'SSP drivers'!$A$2:$A$7886,'Selected scen drivers'!$AH$1,'SSP drivers'!$B$2:$B$7886,'Selected scen drivers'!$AI$1,'SSP drivers'!$C$2:$C$7886,'Selected scen drivers'!$C13,'SSP drivers'!$D$2:$D$7886,'Selected scen drivers'!$D13) -> 4656.1275 | J13: =SUMIFS('SSP drivers'!J$2:J$7886,'SSP drivers'!$A$2:$A$7886,'Selected scen drivers'!$AH$1,'SSP drivers'!$B$2:$B$7886,'Selected scen drivers'!$AI$1,'SSP drivers'!$C$2:$C$7886,'Selected scen drivers'!$C13,'SSP drivers'!$D$2:$D$7886,'Selected scen drivers'!$D13) -> 5877.5005 | K13: =SUMIFS('SSP drivers'!K$2:K$7886,'SSP drivers'!$A$2:$A$7886,'Selected scen drivers'!$AH$1,'SSP drivers'!$B$2:$B$7886,'Selected scen drivers'!$AI$1,'SSP drivers'!$C$2:$C$7886,'Selected scen drivers'!$C13,'SSP drivers'!$D$2:$D$7886,'Selected scen drivers'!$D13) -> 7199.2658 | L13: =SUMIFS('SSP drivers'!L$2:L$7886,'SSP drivers'!$A$2:$A$7886,'Selected scen drivers'!$AH$1,'SSP drivers'!$B$2:$B$7886,'Selected scen drivers'!$AI$1,'SSP drivers'!$C$2:$C$7886,'Selected scen drivers'!$C13,'SSP drivers'!$D$2:$D$7886,'Selected scen drivers'!$D13) -> 8623.1951 | ... W13: =SUMIFS('SSP drivers'!W$2:W$7886,'SSP drivers'!$A$2:$A$7886,'Selected scen drivers'!$AH$1,'SSP drivers'!$B$2:$B$7886,'Selected scen drivers'!$AI$1,'SSP drivers'!$C$2:$C$7886,'Selected scen drivers'!$C13,'SSP drivers'!$D$2:$D$7886,'Selected scen drivers'!$D13) -> 27071.46
A14: =A5+1 -> 2 | B14: =B5 -> 4 | C14: =IFERROR(VLOOKUP(A14,Classification!$A$4:$B$37,2,FALSE),"") -> India | D14: =IFERROR(VLOOKUP(B14,Classification!$N$5:$O$14,2,FALSE),"") -> GDPMFG | E14: =SUMIFS('SSP drivers'!E$2:E$7886,'SSP drivers'!$A$2:$A$7886,'Selected scen drivers'!$AH$1,'SSP drivers'!$B$2:$B$7886,'Selected scen drivers'!$AI$1,'SSP drivers'!$C$2:$C$7886,'Selected scen drivers'!$C14,'SSP drivers'!$D$2:$D$7886,'Selected scen drivers'!$D14) -> 0 | F14: =SUMIFS('SSP drivers'!F$2:F$7886,'SSP drivers'!$A$2:$A$7886,'Selected scen drivers'!$AH$1,'SSP drivers'!$B$2:$B$7886,'Selected scen drivers'!$AI$1,'SSP drivers'!$C$2:$C$7886,'Selected scen drivers'!$C14,'SSP drivers'!$D$2:$D$7886,'Selected scen drivers'!$D14) -> 373.98916 | G14: =SUMIFS('SSP drivers'!G$2:G$7886,'SSP drivers'!$A$2:$A$7886,'Selected scen drivers'!$AH$1,'SSP drivers'!$B$2:$B$7886,'Selected scen drivers'!$AI$1,'SSP drivers'!$C$2:$C$7886,'Selected scen drivers'!$C14,'SSP drivers'!$D$2:$D$7886,'Selected scen drivers'!$D14) -> 388.06009 | H14: =SUMIFS('SSP drivers'!H$2:H$7886,'SSP drivers'!$A$2:$A$7886,'Selected scen drivers'!$AH$1,'SSP drivers'!$B$2:$B$7886,'Selected scen drivers'!$AI$1,'SSP drivers'!$C$2:$C$7886,'Selected scen drivers'!$C14,'SSP drivers'!$D$2:$D$7886,'Selected scen drivers'!$D14) -> 562.37048 | I14: =SUMIFS('SSP drivers'!I$2:I$7886,'SSP drivers'!$A$2:$A$7886,'Selected scen drivers'!$AH$1,'SSP drivers'!$B$2:$B$7886,'Selected scen drivers'!$AI$1,'SSP drivers'!$C$2:$C$7886,'Selected scen drivers'!$C14,'SSP drivers'!$D$2:$D$7886,'Selected scen drivers'!$D14) -> 773.86799 | J14: =SUMIFS('SSP drivers'!J$2:J$7886,'SSP drivers'!$A$2:$A$7886,'Selected scen drivers'!$AH$1,'SSP drivers'!$B$2:$B$7886,'Selected scen drivers'!$AI$1,'SSP drivers'!$C$2:$C$7886,'Selected scen drivers'!$C14,'SSP drivers'!$D$2:$D$7886,'Selected scen drivers'!$D14) -> 1012.0446 | K14: =SUMIFS('SSP drivers'!K$2:K$7886,'SSP drivers'!$A$2:$A$7886,'Selected scen drivers'!$AH$1,'SSP drivers'!$B$2:$B$7886,'Selected scen drivers'!$AI$1,'SSP drivers'!$C$2:$C$7886,'Selected scen drivers'!$C14,'SSP drivers'!$D$2:$D$7886,'Selected scen drivers'!$D14) -> 1282.7295 | L14: =SUMIFS('SSP drivers'!L$2:L$7886,'SSP drivers'!$A$2:$A$7886,'Selected scen drivers'!$AH$1,'SSP drivers'!$B$2:$B$7886,'Selected scen drivers'!$AI$1,'SSP drivers'!$C$2:$C$7886,'Selected scen drivers'!$C14,'SSP drivers'!$D$2:$D$7886,'Selected scen drivers'!$D14) -> 1588.0515 | ... W14: =SUMIFS('SSP drivers'!W$2:W$7886,'SSP drivers'!$A$2:$A$7886,'Selected scen drivers'!$AH$1,'SSP drivers'!$B$2:$B$7886,'Selected scen drivers'!$AI$1,'SSP drivers'!$C$2:$C$7886,'Selected scen drivers'!$C14,'SSP drivers'!$D$2:$D$7886,'Selected scen drivers'!$D14) -> 6767.865
A15: =A6+1 -> 2 | B15: =B6 -> 5 | C15: =IFERROR(VLOOKUP(A15,Classification!$A$4:$B$37,2,FALSE),"") -> India | D15: =IFERROR(VLOOKUP(B15,Classification!$N$5:$O$14,2,FALSE),"") -> GDPPCAP | E15: =SUMIFS('SSP drivers'!E$2:E$7886,'SSP drivers'!$A$2:$A$7886,'Selected scen drivers'!$AH$1,'SSP drivers'!$B$2:$B$7886,'Selected scen drivers'!$AI$1,'SSP drivers'!$C$2:$C$7886,'Selected scen drivers'!$C15,'SSP drivers'!$D$2:$D$7886,'Selected scen drivers'!$D15) -> 0 | F15: =SUMIFS('SSP drivers'!F$2:F$7886,'SSP drivers'!$A$2:$A$7886,'Selected scen drivers'!$AH$1,'SSP drivers'!$B$2:$B$7886,'Selected scen drivers'!$AI$1,'SSP drivers'!$C$2:$C$7886,'Selected scen drivers'!$C15,'SSP drivers'!$D$2:$D$7886,'Selected scen drivers'!$D15) -> 5.9436503 | G15: =SUMIFS('SSP drivers'!G$2:G$7886,'SSP drivers'!$A$2:$A$7886,'Selected scen drivers'!$AH$1,'SSP drivers'!$B$2:$B$7886,'Selected scen drivers'!$AI$1,'SSP drivers'!$C$2:$C$7886,'Selected scen drivers'!$C15,'SSP drivers'!$D$2:$D$7886,'Selected scen drivers'!$D15) -> 6.1180112 | H15: =SUMIFS('SSP drivers'!H$2:H$7886,'SSP drivers'!$A$2:$A$7886,'Selected scen drivers'!$AH$1,'SSP drivers'!$B$2:$B$7886,'Selected scen drivers'!$AI$1,'SSP drivers'!$C$2:$C$7886,'Selected scen drivers'!$C15,'SSP drivers'!$D$2:$D$7886,'Selected scen drivers'!$D15) -> 8.1999776 | I15: =SUMIFS('SSP drivers'!I$2:I$7886,'SSP drivers'!$A$2:$A$7886,'Selected scen drivers'!$AH$1,'SSP drivers'!$B$2:$B$7886,'Selected scen drivers'!$AI$1,'SSP drivers'!$C$2:$C$7886,'Selected scen drivers'!$C15,'SSP drivers'!$D$2:$D$7886,'Selected scen drivers'!$D15) -> 10.460967 | J15: =SUMIFS('SSP drivers'!J$2:J$7886,'SSP drivers'!$A$2:$A$7886,'Selected scen drivers'!$AH$1,'SSP drivers'!$B$2:$B$7886,'Selected scen drivers'!$AI$1,'SSP drivers'!$C$2:$C$7886,'Selected scen drivers'!$C15,'SSP drivers'!$D$2:$D$7886,'Selected scen drivers'!$D15) -> 12.798602 | K15: =SUMIFS('SSP drivers'!K$2:K$7886,'SSP drivers'!$A$2:$A$7886,'Selected scen drivers'!$AH$1,'SSP drivers'!$B$2:$B$7886,'Selected scen drivers'!$AI$1,'SSP drivers'!$C$2:$C$7886,'Selected scen drivers'!$C15,'SSP drivers'!$D$2:$D$7886,'Selected scen drivers'!$D15) -> 15.310917 | L15: =SUMIFS('SSP drivers'!L$2:L$7886,'SSP drivers'!$A$2:$A$7886,'Selected scen drivers'!$AH$1,'SSP drivers'!$B$2:$B$7886,'Selected scen drivers'!$AI$1,'SSP drivers'!$C$2:$C$7886,'Selected scen drivers'!$C15,'SSP drivers'!$D$2:$D$7886,'Selected scen drivers'!$D15) -> 18.049696 | ... W15: =SUMIFS('SSP drivers'!W$2:W$7886,'SSP drivers'!$A$2:$A$7886,'Selected scen drivers'!$AH$1,'SSP drivers'!$B$2:$B$7886,'Selected scen drivers'!$AI$1,'SSP drivers'!$C$2:$C$7886,'Selected scen drivers'!$C15,'SSP drivers'!$D$2:$D$7886,'Selected scen drivers'!$D15) -> 64.844555
A16: =A7+1 -> 2 | B16: =B7 -> 6 | C16: =IFERROR(VLOOKUP(A16,Classification!$A$4:$B$37,2,FALSE),"") -> India | D16: =IFERROR(VLOOKUP(B16,Classification!$N$5:$O$14,2,FALSE),"") -> GDPPHOU | E16: =SUMIFS('SSP drivers'!E$2:E$7886,'SSP drivers'!$A$2:$A$7886,'Selected scen drivers'!$AH$1,'SSP drivers'!$B$2:$B$7886,'Selected scen drivers'!$AI$1,'SSP drivers'!$C$2:$C$7886,'Selected scen drivers'!$C16,'SSP drivers'!$D$2:$D$7886,'Selected scen drivers'!$D16) -> 0 | F16: =SUMIFS('SSP drivers'!F$2:F$7886,'SSP drivers'!$A$2:$A$7886,'Selected scen drivers'!$AH$1,'SSP drivers'!$B$2:$B$7886,'Selected scen drivers'!$AI$1,'SSP drivers'!$C$2:$C$7886,'Selected scen drivers'!$C16,'SSP drivers'!$D$2:$D$7886,'Selected scen drivers'!$D16) -> 20.485226 | G16: =SUMIFS('SSP drivers'!G$2:G$7886,'SSP drivers'!$A$2:$A$7886,'Selected scen drivers'!$AH$1,'SSP drivers'!$B$2:$B$7886,'Selected scen drivers'!$AI$1,'SSP drivers'!$C$2:$C$7886,'Selected scen drivers'!$C16,'SSP drivers'!$D$2:$D$7886,'Selected scen drivers'!$D16) -> 20.956003 | H16: =SUMIFS('SSP drivers'!H$2:H$7886,'SSP drivers'!$A$2:$A$7886,'Selected scen drivers'!$AH$1,'SSP drivers'!$B$2:$B$7886,'Selected scen drivers'!$AI$1,'SSP drivers'!$C$2:$C$7886,'Selected scen drivers'!$C16,'SSP drivers'!$D$2:$D$7886,'Selected scen drivers'!$D16) -> 27.284007 | I16: =SUMIFS('SSP drivers'!I$2:I$7886,'SSP drivers'!$A$2:$A$7886,'Selected scen drivers'!$AH$1,'SSP drivers'!$B$2:$B$7886,'Selected scen drivers'!$AI$1,'SSP drivers'!$C$2:$C$7886,'Selected scen drivers'!$C16,'SSP drivers'!$D$2:$D$7886,'Selected scen drivers'!$D16) -> 34.046207 | J16: =SUMIFS('SSP drivers'!J$2:J$7886,'SSP drivers'!$A$2:$A$7886,'Selected scen drivers'!$AH$1,'SSP drivers'!$B$2:$B$7886,'Selected scen drivers'!$AI$1,'SSP drivers'!$C$2:$C$7886,'Selected scen drivers'!$C16,'SSP drivers'!$D$2:$D$7886,'Selected scen drivers'!$D16) -> 41.073791 | K16: =SUMIFS('SSP drivers'!K$2:K$7886,'SSP drivers'!$A$2:$A$7886,'Selected scen drivers'!$AH$1,'SSP drivers'!$B$2:$B$7886,'Selected scen drivers'!$AI$1,'SSP drivers'!$C$2:$C$7886,'Selected scen drivers'!$C16,'SSP drivers'!$D$2:$D$7886,'Selected scen drivers'!$D16) -> 48.848701 | L16: =SUMIFS('SSP drivers'!L$2:L$7886,'SSP drivers'!$A$2:$A$7886,'Selected scen drivers'!$AH$1,'SSP drivers'!$B$2:$B$7886,'Selected scen drivers'!$AI$1,'SSP drivers'!$C$2:$C$7886,'Selected scen drivers'!$C16,'SSP drivers'!$D$2:$D$7886,'Selected scen drivers'!$D16) -> 57.535019 | ... W16: =SUMIFS('SSP drivers'!W$2:W$7886,'SSP drivers'!$A$2:$A$7886,'Selected scen drivers'!$AH$1,'SSP drivers'!$B$2:$B$7886,'Selected scen drivers'!$AI$1,'SSP drivers'!$C$2:$C$7886,'Selected scen drivers'!$C16,'SSP drivers'!$D$2:$D$7886,'Selected scen drivers'!$D16) -> 253.34324
A17: =A8+1 -> 2 | B17: =B8 -> 7 | C17: =IFERROR(VLOOKUP(A17,Classification!$A$4:$B$37,2,FALSE),"") -> India | D17: =IFERROR(VLOOKUP(B17,Classification!$N$5:$O$14,2,FALSE),"") -> GDPSER | E17: =SUMIFS('SSP drivers'!E$2:E$7886,'SSP drivers'!$A$2:$A$7886,'Selected scen drivers'!$AH$1,'SSP drivers'!$B$2:$B$7886,'Selected scen drivers'!$AI$1,'SSP drivers'!$C$2:$C$7886,'Selected scen drivers'!$C17,'SSP drivers'!$D$2:$D$7886,'Selected scen drivers'!$D17) -> 0 | F17: =SUMIFS('SSP drivers'!F$2:F$7886,'SSP drivers'!$A$2:$A$7886,'Selected scen drivers'!$AH$1,'SSP drivers'!$B$2:$B$7886,'Selected scen drivers'!$AI$1,'SSP drivers'!$C$2:$C$7886,'Selected scen drivers'!$C17,'SSP drivers'!$D$2:$D$7886,'Selected scen drivers'!$D17) -> 4489.648 | G17: =SUMIFS('SSP drivers'!G$2:G$7886,'SSP drivers'!$A$2:$A$7886,'Selected scen drivers'!$AH$1,'SSP drivers'!$B$2:$B$7886,'Selected scen drivers'!$AI$1,'SSP drivers'!$C$2:$C$7886,'Selected scen drivers'!$C17,'SSP drivers'!$D$2:$D$7886,'Selected scen drivers'!$D17) -> 4658.566 | H17: =SUMIFS('SSP drivers'!H$2:H$7886,'SSP drivers'!$A$2:$A$7886,'Selected scen drivers'!$AH$1,'SSP drivers'!$B$2:$B$7886,'Selected scen drivers'!$AI$1,'SSP drivers'!$C$2:$C$7886,'Selected scen drivers'!$C17,'SSP drivers'!$D$2:$D$7886,'Selected scen drivers'!$D17) -> 6550.4283 | I17: =SUMIFS('SSP drivers'!I$2:I$7886,'SSP drivers'!$A$2:$A$7886,'Selected scen drivers'!$AH$1,'SSP drivers'!$B$2:$B$7886,'Selected scen drivers'!$AI$1,'SSP drivers'!$C$2:$C$7886,'Selected scen drivers'!$C17,'SSP drivers'!$D$2:$D$7886,'Selected scen drivers'!$D17) -> 8757.5322 | J17: =SUMIFS('SSP drivers'!J$2:J$7886,'SSP drivers'!$A$2:$A$7886,'Selected scen drivers'!$AH$1,'SSP drivers'!$B$2:$B$7886,'Selected scen drivers'!$AI$1,'SSP drivers'!$C$2:$C$7886,'Selected scen drivers'!$C17,'SSP drivers'!$D$2:$D$7886,'Selected scen drivers'!$D17) -> 11140.729 | K17: =SUMIFS('SSP drivers'!K$2:K$7886,'SSP drivers'!$A$2:$A$7886,'Selected scen drivers'!$AH$1,'SSP drivers'!$B$2:$B$7886,'Selected scen drivers'!$AI$1,'SSP drivers'!$C$2:$C$7886,'Selected scen drivers'!$C17,'SSP drivers'!$D$2:$D$7886,'Selected scen drivers'!$D17) -> 13751.23 | L17: =SUMIFS('SSP drivers'!L$2:L$7886,'SSP drivers'!$A$2:$A$7886,'Selected scen drivers'!$AH$1,'SSP drivers'!$B$2:$B$7886,'Selected scen drivers'!$AI$1,'SSP drivers'!$C$2:$C$7886,'Selected scen drivers'!$C17,'SSP drivers'!$D$2:$D$7886,'Selected scen drivers'!$D17) -> 16596.742 | ... W17: =SUMIFS('SSP drivers'!W$2:W$7886,'SSP drivers'!$A$2:$A$7886,'Selected scen drivers'!$AH$1,'SSP drivers'!$B$2:$B$7886,'Selected scen drivers'!$AI$1,'SSP drivers'!$C$2:$C$7886,'Selected scen drivers'!$C17,'SSP drivers'!$D$2:$D$7886,'Selected scen drivers'!$D17) -> 56398.875 | AJ17: 6 | AK17: OECD23 | AL17: SSP1
A18: =A9+1 -> 2 | B18: =B9 -> 8 | C18: =IFERROR(VLOOKUP(A18,Classification!$A$4:$B$37,2,FALSE),"") -> India | D18: =IFERROR(VLOOKUP(B18,Classification!$N$5:$O$14,2,FALSE),"") -> HOU | E18: =SUMIFS('SSP drivers'!E$2:E$7886,'SSP drivers'!$A$2:$A$7886,'Selected scen drivers'!$AH$1,'SSP drivers'!$B$2:$B$7886,'Selected scen drivers'!$AI$1,'SSP drivers'!$C$2:$C$7886,'Selected scen drivers'!$C18,'SSP drivers'!$D$2:$D$7886,'Selected scen drivers'!$D18) -> 0 | F18: =SUMIFS('SSP drivers'!F$2:F$7886,'SSP drivers'!$A$2:$A$7886,'Selected scen drivers'!$AH$1,'SSP drivers'!$B$2:$B$7886,'Selected scen drivers'!$AI$1,'SSP drivers'!$C$2:$C$7886,'Selected scen drivers'!$C18,'SSP drivers'!$D$2:$D$7886,'Selected scen drivers'!$D18) -> 400.06803 | G18: =SUMIFS('SSP drivers'!G$2:G$7886,'SSP drivers'!$A$2:$A$7886,'Selected scen drivers'!$AH$1,'SSP drivers'!$B$2:$B$7886,'Selected scen drivers'!$AI$1,'SSP drivers'!$C$2:$C$7886,'Selected scen drivers'!$C18,'SSP drivers'!$D$2:$D$7886,'Selected scen drivers'!$D18) -> 405.79446 | H18: =SUMIFS('SSP drivers'!H$2:H$7886,'SSP drivers'!$A$2:$A$7886,'Selected scen drivers'!$AH$1,'SSP drivers'!$B$2:$B$7886,'Selected scen drivers'!$AI$1,'SSP drivers'!$C$2:$C$7886,'Selected scen drivers'!$C18,'SSP drivers'!$D$2:$D$7886,'Selected scen drivers'!$D18) -> 434.42666 | I18: =SUMIFS('SSP drivers'!I$2:I$7886,'SSP drivers'!$A$2:$A$7886,'Selected scen drivers'!$AH$1,'SSP drivers'!$B$2:$B$7886,'Selected scen drivers'!$AI$1,'SSP drivers'!$C$2:$C$7886,'Selected scen drivers'!$C18,'SSP drivers'!$D$2:$D$7886,'Selected scen drivers'!$D18) -> 461.41704 | J18: =SUMIFS('SSP drivers'!J$2:J$7886,'SSP drivers'!$A$2:$A$7886,'Selected scen drivers'!$AH$1,'SSP drivers'!$B$2:$B$7886,'Selected scen drivers'!$AI$1,'SSP drivers'!$C$2:$C$7886,'Selected scen drivers'!$C18,'SSP drivers'!$D$2:$D$7886,'Selected scen drivers'!$D18) -> 482.37817 | K18: =SUMIFS('SSP drivers'!K$2:K$7886,'SSP drivers'!$A$2:$A$7886,'Selected scen drivers'!$AH$1,'SSP drivers'!$B$2:$B$7886,'Selected scen drivers'!$AI$1,'SSP drivers'!$C$2:$C$7886,'Selected scen drivers'!$C18,'SSP drivers'!$D$2:$D$7886,'Selected scen drivers'!$D18) -> 496.38372 | L18: =SUMIFS('SSP drivers'!L$2:L$7886,'SSP drivers'!$A$2:$A$7886,'Selected scen drivers'!$AH$1,'SSP drivers'!$B$2:$B$7886,'Selected scen drivers'!$AI$1,'SSP drivers'!$C$2:$C$7886,'Selected scen drivers'!$C18,'SSP drivers'!$D$2:$D$7886,'Selected scen drivers'!$D18) -> 504.36066 | ... W18: =SUMIFS('SSP drivers'!W$2:W$7886,'SSP drivers'!$A$2:$A$7886,'Selected scen drivers'!$AH$1,'SSP drivers'!$B$2:$B$7886,'Selected scen drivers'!$AI$1,'SSP drivers'!$C$2:$C$7886,'Selected scen drivers'!$C18,'SSP drivers'!$D$2:$D$7886,'Selected scen drivers'!$D18) -> 356.18949 | AJ18: 7 | AK18: OECD23 | AL18: SSP2
A19: =A10+1 -> 2 | B19: =B10 -> 9 | C19: =IFERROR(VLOOKUP(A19,Classification!$A$4:$B$37,2,FALSE),"") -> India | D19: =IFERROR(VLOOKUP(B19,Classification!$N$5:$O$14,2,FALSE),"") -> POP | E19: =SUMIFS('SSP drivers'!E$2:E$7886,'SSP drivers'!$A$2:$A$7886,'Selected scen drivers'!$AH$1,'SSP drivers'!$B$2:$B$7886,'Selected scen drivers'!$AI$1,'SSP drivers'!$C$2:$C$7886,'Selected scen drivers'!$C19,'SSP drivers'!$D$2:$D$7886,'Selected scen drivers'!$D19) -> 0 | F19: =SUMIFS('SSP drivers'!F$2:F$7886,'SSP drivers'!$A$2:$A$7886,'Selected scen drivers'!$AH$1,'SSP drivers'!$B$2:$B$7886,'Selected scen drivers'!$AI$1,'SSP drivers'!$C$2:$C$7886,'Selected scen drivers'!$C19,'SSP drivers'!$D$2:$D$7886,'Selected scen drivers'!$D19) -> 1378.8638 | G19: =SUMIFS('SSP drivers'!G$2:G$7886,'SSP drivers'!$A$2:$A$7886,'Selected scen drivers'!$AH$1,'SSP drivers'!$B$2:$B$7886,'Selected scen drivers'!$AI$1,'SSP drivers'!$C$2:$C$7886,'Selected scen drivers'!$C19,'SSP drivers'!$D$2:$D$7886,'Selected scen drivers'!$D19) -> 1389.9664 | H19: =SUMIFS('SSP drivers'!H$2:H$7886,'SSP drivers'!$A$2:$A$7886,'Selected scen drivers'!$AH$1,'SSP drivers'!$B$2:$B$7886,'Selected scen drivers'!$AI$1,'SSP drivers'!$C$2:$C$7886,'Selected scen drivers'!$C19,'SSP drivers'!$D$2:$D$7886,'Selected scen drivers'!$D19) -> 1445.4796 | I19: =SUMIFS('SSP drivers'!I$2:I$7886,'SSP drivers'!$A$2:$A$7886,'Selected scen drivers'!$AH$1,'SSP drivers'!$B$2:$B$7886,'Selected scen drivers'!$AI$1,'SSP drivers'!$C$2:$C$7886,'Selected scen drivers'!$C19,'SSP drivers'!$D$2:$D$7886,'Selected scen drivers'!$D19) -> 1501.7254 | J19: =SUMIFS('SSP drivers'!J$2:J$7886,'SSP drivers'!$A$2:$A$7886,'Selected scen drivers'!$AH$1,'SSP drivers'!$B$2:$B$7886,'Selected scen drivers'!$AI$1,'SSP drivers'!$C$2:$C$7886,'Selected scen drivers'!$C19,'SSP drivers'!$D$2:$D$7886,'Selected scen drivers'!$D19) -> 1548.0675 | K19: =SUMIFS('SSP drivers'!K$2:K$7886,'SSP drivers'!$A$2:$A$7886,'Selected scen drivers'!$AH$1,'SSP drivers'!$B$2:$B$7886,'Selected scen drivers'!$AI$1,'SSP drivers'!$C$2:$C$7886,'Selected scen drivers'!$C19,'SSP drivers'!$D$2:$D$7886,'Selected scen drivers'!$D19) -> 1583.687 | L19: =SUMIFS('SSP drivers'!L$2:L$7886,'SSP drivers'!$A$2:$A$7886,'Selected scen drivers'!$AH$1,'SSP drivers'!$B$2:$B$7886,'Selected scen drivers'!$AI$1,'SSP drivers'!$C$2:$C$7886,'Selected scen drivers'!$C19,'SSP drivers'!$D$2:$D$7886,'Selected scen drivers'!$D19) -> 1607.6946 | ... W19: =SUMIFS('SSP drivers'!W$2:W$7886,'SSP drivers'!$A$2:$A$7886,'Selected scen drivers'!$AH$1,'SSP drivers'!$B$2:$B$7886,'Selected scen drivers'!$AI$1,'SSP drivers'!$C$2:$C$7886,'Selected scen drivers'!$C19,'SSP drivers'!$D$2:$D$7886,'Selected scen drivers'!$D19) -> 1391.608 | AJ19: 8 | AK19: OECD23 | AL19: SSP3
A20: =A11+1 -> 3 | B20: =B11 -> 1 | C20: =IFERROR(VLOOKUP(A20,Classification!$A$4:$B$37,2,FALSE),"") -> Asia_other | D20: =IFERROR(VLOOKUP(B20,Classification!$N$5:$O$14,2,FALSE),"") -> GDP | E20: =SUMIFS('SSP drivers'!E$2:E$7886,'SSP drivers'!$A$2:$A$7886,'Selected scen drivers'!$AH$1,'SSP drivers'!$B$2:$B$7886,'Selected scen drivers'!$AI$1,'SSP drivers'!$C$2:$C$7886,'Selected scen drivers'!$C20,'SSP drivers'!$D$2:$D$7886,'Selected scen drivers'!$D20) -> 0 | F20: =SUMIFS('SSP drivers'!F$2:F$7886,'SSP drivers'!$A$2:$A$7886,'Selected scen drivers'!$AH$1,'SSP drivers'!$B$2:$B$7886,'Selected scen drivers'!$AI$1,'SSP drivers'!$C$2:$C$7886,'Selected scen drivers'!$C20,'SSP drivers'!$D$2:$D$7886,'Selected scen drivers'!$D20) -> 11714.345 | G20: =SUMIFS('SSP drivers'!G$2:G$7886,'SSP drivers'!$A$2:$A$7886,'Selected scen drivers'!$AH$1,'SSP drivers'!$B$2:$B$7886,'Selected scen drivers'!$AI$1,'SSP drivers'!$C$2:$C$7886,'Selected scen drivers'!$C20,'SSP drivers'!$D$2:$D$7886,'Selected scen drivers'!$D20) -> 12146.472 | H20: =SUMIFS('SSP drivers'!H$2:H$7886,'SSP drivers'!$A$2:$A$7886,'Selected scen drivers'!$AH$1,'SSP drivers'!$B$2:$B$7886,'Selected scen drivers'!$AI$1,'SSP drivers'!$C$2:$C$7886,'Selected scen drivers'!$C20,'SSP drivers'!$D$2:$D$7886,'Selected scen drivers'!$D20) -> 15028.804 | I20: =SUMIFS('SSP drivers'!I$2:I$7886,'SSP drivers'!$A$2:$A$7886,'Selected scen drivers'!$AH$1,'SSP drivers'!$B$2:$B$7886,'Selected scen drivers'!$AI$1,'SSP drivers'!$C$2:$C$7886,'Selected scen drivers'!$C20,'SSP drivers'!$D$2:$D$7886,'Selected scen drivers'!$D20) -> 18856.172 | J20: =SUMIFS('SSP drivers'!J$2:J$7886,'SSP drivers'!$A$2:$A$7886,'Selected scen drivers'!$AH$1,'SSP drivers'!$B$2:$B$7886,'Selected scen drivers'!$AI$1,'SSP drivers'!$C$2:$C$7886,'Selected scen drivers'!$C20,'SSP drivers'!$D$2:$D$7886,'Selected scen drivers'!$D20) -> 22959.734 | K20: =SUMIFS('SSP drivers'!K$2:K$7886,'SSP drivers'!$A$2:$A$7886,'Selected scen drivers'!$AH$1,'SSP drivers'!$B$2:$B$7886,'Selected scen drivers'!$AI$1,'SSP drivers'!$C$2:$C$7886,'Selected scen drivers'!$C20,'SSP drivers'!$D$2:$D$7886,'Selected scen drivers'!$D20) -> 27131.52 | L20: =SUMIFS('SSP drivers'!L$2:L$7886,'SSP drivers'!$A$2:$A$7886,'Selected scen drivers'!$AH$1,'SSP drivers'!$B$2:$B$7886,'Selected scen drivers'!$AI$1,'SSP drivers'!$C$2:$C$7886,'Selected scen drivers'!$C20,'SSP drivers'!$D$2:$D$7886,'Selected scen drivers'!$D20) -> 31460.714 | ... W20: =SUMIFS('SSP drivers'!W$2:W$7886,'SSP drivers'!$A$2:$A$7886,'Selected scen drivers'!$AH$1,'SSP drivers'!$B$2:$B$7886,'Selected scen drivers'!$AI$1,'SSP drivers'!$C$2:$C$7886,'Selected scen drivers'!$C20,'SSP drivers'!$D$2:$D$7886,'Selected scen drivers'!$D20) -> 98435.497 | AJ20: 9 | AK20: OECD23 | AL20: SSP4
A21: =A12+1 -> 3 | B21: =B12 -> 2 | C21: =IFERROR(VLOOKUP(A21,Classification!$A$4:$B$37,2,FALSE),"") -> Asia_other | D21: =IFERROR(VLOOKUP(B21,Classification!$N$5:$O$14,2,FALSE),"") -> GDPAGR | E21: =SUMIFS('SSP drivers'!E$2:E$7886,'SSP drivers'!$A$2:$A$7886,'Selected scen drivers'!$AH$1,'SSP drivers'!$B$2:$B$7886,'Selected scen drivers'!$AI$1,'SSP drivers'!$C$2:$C$7886,'Selected scen drivers'!$C21,'SSP drivers'!$D$2:$D$7886,'Selected scen drivers'!$D21) -> 0 | F21: =SUMIFS('SSP drivers'!F$2:F$7886,'SSP drivers'!$A$2:$A$7886,'Selected scen drivers'!$AH$1,'SSP drivers'!$B$2:$B$7886,'Selected scen drivers'!$AI$1,'SSP drivers'!$C$2:$C$7886,'Selected scen drivers'!$C21,'SSP drivers'!$D$2:$D$7886,'Selected scen drivers'!$D21) -> 1336.8355 | G21: =SUMIFS('SSP drivers'!G$2:G$7886,'SSP drivers'!$A$2:$A$7886,'Selected scen drivers'!$AH$1,'SSP drivers'!$B$2:$B$7886,'Selected scen drivers'!$AI$1,'SSP drivers'!$C$2:$C$7886,'Selected scen drivers'!$C21,'SSP drivers'!$D$2:$D$7886,'Selected scen drivers'!$D21) -> 1386.313 | H21: =SUMIFS('SSP drivers'!H$2:H$7886,'SSP drivers'!$A$2:$A$7886,'Selected scen drivers'!$AH$1,'SSP drivers'!$B$2:$B$7886,'Selected scen drivers'!$AI$1,'SSP drivers'!$C$2:$C$7886,'Selected scen drivers'!$C21,'SSP drivers'!$D$2:$D$7886,'Selected scen drivers'!$D21) -> 1669.2505 | I21: =SUMIFS('SSP drivers'!I$2:I$7886,'SSP drivers'!$A$2:$A$7886,'Selected scen drivers'!$AH$1,'SSP drivers'!$B$2:$B$7886,'Selected scen drivers'!$AI$1,'SSP drivers'!$C$2:$C$7886,'Selected scen drivers'!$C21,'SSP drivers'!$D$2:$D$7886,'Selected scen drivers'!$D21) -> 2078.722 | J21: =SUMIFS('SSP drivers'!J$2:J$7886,'SSP drivers'!$A$2:$A$7886,'Selected scen drivers'!$AH$1,'SSP drivers'!$B$2:$B$7886,'Selected scen drivers'!$AI$1,'SSP drivers'!$C$2:$C$7886,'Selected scen drivers'!$C21,'SSP drivers'!$D$2:$D$7886,'Selected scen drivers'!$D21) -> 2514.4048 | K21: =SUMIFS('SSP drivers'!K$2:K$7886,'SSP drivers'!$A$2:$A$7886,'Selected scen drivers'!$AH$1,'SSP drivers'!$B$2:$B$7886,'Selected scen drivers'!$AI$1,'SSP drivers'!$C$2:$C$7886,'Selected scen drivers'!$C21,'SSP drivers'!$D$2:$D$7886,'Selected scen drivers'!$D21) -> 2954.1833 | L21: =SUMIFS('SSP drivers'!L$2:L$7886,'SSP drivers'!$A$2:$A$7886,'Selected scen drivers'!$AH$1,'SSP drivers'!$B$2:$B$7886,'Selected scen drivers'!$AI$1,'SSP drivers'!$C$2:$C$7886,'Selected scen drivers'!$C21,'SSP drivers'!$D$2:$D$7886,'Selected scen drivers'!$D21) -> 3400.4285 | ... W21: =SUMIFS('SSP drivers'!W$2:W$7886,'SSP drivers'!$A$2:$A$7886,'Selected scen drivers'!$AH$1,'SSP drivers'!$B$2:$B$7886,'Selected scen drivers'!$AI$1,'SSP drivers'!$C$2:$C$7886,'Selected scen drivers'!$C21,'SSP drivers'!$D$2:$D$7886,'Selected scen drivers'!$D21) -> 7100.6285 | AJ21: 10 | AK21: OECD23 | AL21: SSP5
A22: =A13+1 -> 3 | B22: =B13 -> 3 | C22: =IFERROR(VLOOKUP(A22,Classification!$A$4:$B$37,2,FALSE),"") -> Asia_other | D22: =IFERROR(VLOOKUP(B22,Classification!$N$5:$O$14,2,FALSE),"") -> GDPIND | E22: =SUMIFS('SSP drivers'!E$2:E$7886,'SSP drivers'!$A$2:$A$7886,'Selected scen drivers'!$AH$1,'SSP drivers'!$B$2:$B$7886,'Selected scen drivers'!$AI$1,'SSP drivers'!$C$2:$C$7886,'Selected scen drivers'!$C22,'SSP drivers'!$D$2:$D$7886,'Selected scen drivers'!$D22) -> 0 | F22: =SUMIFS('SSP drivers'!F$2:F$7886,'SSP drivers'!$A$2:$A$7886,'Selected scen drivers'!$AH$1,'SSP drivers'!$B$2:$B$7886,'Selected scen drivers'!$AI$1,'SSP drivers'!$C$2:$C$7886,'Selected scen drivers'!$C22,'SSP drivers'!$D$2:$D$7886,'Selected scen drivers'!$D22) -> 3564.3207 | G22: =SUMIFS('SSP drivers'!G$2:G$7886,'SSP drivers'!$A$2:$A$7886,'Selected scen drivers'!$AH$1,'SSP drivers'!$B$2:$B$7886,'Selected scen drivers'!$AI$1,'SSP drivers'!$C$2:$C$7886,'Selected scen drivers'!$C22,'SSP drivers'!$D$2:$D$7886,'Selected scen drivers'!$D22) -> 3688.6003 | H22: =SUMIFS('SSP drivers'!H$2:H$7886,'SSP drivers'!$A$2:$A$7886,'Selected scen drivers'!$AH$1,'SSP drivers'!$B$2:$B$7886,'Selected scen drivers'!$AI$1,'SSP drivers'!$C$2:$C$7886,'Selected scen drivers'!$C22,'SSP drivers'!$D$2:$D$7886,'Selected scen drivers'!$D22) -> 4615.5331 | I22: =SUMIFS('SSP drivers'!I$2:I$7886,'SSP drivers'!$A$2:$A$7886,'Selected scen drivers'!$AH$1,'SSP drivers'!$B$2:$B$7886,'Selected scen drivers'!$AI$1,'SSP drivers'!$C$2:$C$7886,'Selected scen drivers'!$C22,'SSP drivers'!$D$2:$D$7886,'Selected scen drivers'!$D22) -> 5867.0657 | J22: =SUMIFS('SSP drivers'!J$2:J$7886,'SSP drivers'!$A$2:$A$7886,'Selected scen drivers'!$AH$1,'SSP drivers'!$B$2:$B$7886,'Selected scen drivers'!$AI$1,'SSP drivers'!$C$2:$C$7886,'Selected scen drivers'!$C22,'SSP drivers'!$D$2:$D$7886,'Selected scen drivers'!$D22) -> 7224.6937 | K22: =SUMIFS('SSP drivers'!K$2:K$7886,'SSP drivers'!$A$2:$A$7886,'Selected scen drivers'!$AH$1,'SSP drivers'!$B$2:$B$7886,'Selected scen drivers'!$AI$1,'SSP drivers'!$C$2:$C$7886,'Selected scen drivers'!$C22,'SSP drivers'!$D$2:$D$7886,'Selected scen drivers'!$D22) -> 8622.5871 | L22: =SUMIFS('SSP drivers'!L$2:L$7886,'SSP drivers'!$A$2:$A$7886,'Selected scen drivers'!$AH$1,'SSP drivers'!$B$2:$B$7886,'Selected scen drivers'!$AI$1,'SSP drivers'!$C$2:$C$7886,'Selected scen drivers'!$C22,'SSP drivers'!$D$2:$D$7886,'Selected scen drivers'!$D22) -> 10073.64 | ... W22: =SUMIFS('SSP drivers'!W$2:W$7886,'SSP drivers'!$A$2:$A$7886,'Selected scen drivers'!$AH$1,'SSP drivers'!$B$2:$B$7886,'Selected scen drivers'!$AI$1,'SSP drivers'!$C$2:$C$7886,'Selected scen drivers'!$C22,'SSP drivers'!$D$2:$D$7886,'Selected scen drivers'!$D22) -> 32296.69
A23: =A14+1 -> 3 | B23: =B14 -> 4 | C23: =IFERROR(VLOOKUP(A23,Classification!$A$4:$B$37,2,FALSE),"") -> Asia_other | D23: =IFERROR(VLOOKUP(B23,Classification!$N$5:$O$14,2,FALSE),"") -> GDPMFG | E23: =SUMIFS('SSP drivers'!E$2:E$7886,'SSP drivers'!$A$2:$A$7886,'Selected scen drivers'!$AH$1,'SSP drivers'!$B$2:$B$7886,'Selected scen drivers'!$AI$1,'SSP drivers'!$C$2:$C$7886,'Selected scen drivers'!$C23,'SSP drivers'!$D$2:$D$7886,'Selected scen drivers'!$D23) -> 0 | F23: =SUMIFS('SSP drivers'!F$2:F$7886,'SSP drivers'!$A$2:$A$7886,'Selected scen drivers'!$AH$1,'SSP drivers'!$B$2:$B$7886,'Selected scen drivers'!$AI$1,'SSP drivers'!$C$2:$C$7886,'Selected scen drivers'!$C23,'SSP drivers'!$D$2:$D$7886,'Selected scen drivers'!$D23) -> 704.67576 | G23: =SUMIFS('SSP drivers'!G$2:G$7886,'SSP drivers'!$A$2:$A$7886,'Selected scen drivers'!$AH$1,'SSP drivers'!$B$2:$B$7886,'Selected scen drivers'!$AI$1,'SSP drivers'!$C$2:$C$7886,'Selected scen drivers'!$C23,'SSP drivers'!$D$2:$D$7886,'Selected scen drivers'!$D23) -> 727.76883 | H23: =SUMIFS('SSP drivers'!H$2:H$7886,'SSP drivers'!$A$2:$A$7886,'Selected scen drivers'!$AH$1,'SSP drivers'!$B$2:$B$7886,'Selected scen drivers'!$AI$1,'SSP drivers'!$C$2:$C$7886,'Selected scen drivers'!$C23,'SSP drivers'!$D$2:$D$7886,'Selected scen drivers'!$D23) -> 921.28987 | I23: =SUMIFS('SSP drivers'!I$2:I$7886,'SSP drivers'!$A$2:$A$7886,'Selected scen drivers'!$AH$1,'SSP drivers'!$B$2:$B$7886,'Selected scen drivers'!$AI$1,'SSP drivers'!$C$2:$C$7886,'Selected scen drivers'!$C23,'SSP drivers'!$D$2:$D$7886,'Selected scen drivers'!$D23) -> 1184.1116 | J23: =SUMIFS('SSP drivers'!J$2:J$7886,'SSP drivers'!$A$2:$A$7886,'Selected scen drivers'!$AH$1,'SSP drivers'!$B$2:$B$7886,'Selected scen drivers'!$AI$1,'SSP drivers'!$C$2:$C$7886,'Selected scen drivers'!$C23,'SSP drivers'!$D$2:$D$7886,'Selected scen drivers'!$D23) -> 1475.2222 | K23: =SUMIFS('SSP drivers'!K$2:K$7886,'SSP drivers'!$A$2:$A$7886,'Selected scen drivers'!$AH$1,'SSP drivers'!$B$2:$B$7886,'Selected scen drivers'!$AI$1,'SSP drivers'!$C$2:$C$7886,'Selected scen drivers'!$C23,'SSP drivers'!$D$2:$D$7886,'Selected scen drivers'!$D23) -> 1782.6474 | L23: =SUMIFS('SSP drivers'!L$2:L$7886,'SSP drivers'!$A$2:$A$7886,'Selected scen drivers'!$AH$1,'SSP drivers'!$B$2:$B$7886,'Selected scen drivers'!$AI$1,'SSP drivers'!$C$2:$C$7886,'Selected scen drivers'!$C23,'SSP drivers'!$D$2:$D$7886,'Selected scen drivers'!$D23) -> 2109.594 | ... W23: =SUMIFS('SSP drivers'!W$2:W$7886,'SSP drivers'!$A$2:$A$7886,'Selected scen drivers'!$AH$1,'SSP drivers'!$B$2:$B$7886,'Selected scen drivers'!$AI$1,'SSP drivers'!$C$2:$C$7886,'Selected scen drivers'!$C23,'SSP drivers'!$D$2:$D$7886,'Selected scen drivers'!$D23) -> 8097.2193
A24: =A15+1 -> 3 | B24: =B15 -> 5 | C24: =IFERROR(VLOOKUP(A24,Classification!$A$4:$B$37,2,FALSE),"") -> Asia_other | D24: =IFERROR(VLOOKUP(B24,Classification!$N$5:$O$14,2,FALSE),"") -> GDPPCAP | E24: =SUMIFS('SSP drivers'!E$2:E$7886,'SSP drivers'!$A$2:$A$7886,'Selected scen drivers'!$AH$1,'SSP drivers'!$B$2:$B$7886,'Selected scen drivers'!$AI$1,'SSP drivers'!$C$2:$C$7886,'Selected scen drivers'!$C24,'SSP drivers'!$D$2:$D$7886,'Selected scen drivers'!$D24) -> 0 | F24: =SUMIFS('SSP drivers'!F$2:F$7886,'SSP drivers'!$A$2:$A$7886,'Selected scen drivers'!$AH$1,'SSP drivers'!$B$2:$B$7886,'Selected scen drivers'!$AI$1,'SSP drivers'!$C$2:$C$7886,'Selected scen drivers'!$C24,'SSP drivers'!$D$2:$D$7886,'Selected scen drivers'!$D24) -> 9.7393538 | G24: =SUMIFS('SSP drivers'!G$2:G$7886,'SSP drivers'!$A$2:$A$7886,'Selected scen drivers'!$AH$1,'SSP drivers'!$B$2:$B$7886,'Selected scen drivers'!$AI$1,'SSP drivers'!$C$2:$C$7886,'Selected scen drivers'!$C24,'SSP drivers'!$D$2:$D$7886,'Selected scen drivers'!$D24) -> 9.9816882 | H24: =SUMIFS('SSP drivers'!H$2:H$7886,'SSP drivers'!$A$2:$A$7886,'Selected scen drivers'!$AH$1,'SSP drivers'!$B$2:$B$7886,'Selected scen drivers'!$AI$1,'SSP drivers'!$C$2:$C$7886,'Selected scen drivers'!$C24,'SSP drivers'!$D$2:$D$7886,'Selected scen drivers'!$D24) -> 11.674402 | I24: =SUMIFS('SSP drivers'!I$2:I$7886,'SSP drivers'!$A$2:$A$7886,'Selected scen drivers'!$AH$1,'SSP drivers'!$B$2:$B$7886,'Selected scen drivers'!$AI$1,'SSP drivers'!$C$2:$C$7886,'Selected scen drivers'!$C24,'SSP drivers'!$D$2:$D$7886,'Selected scen drivers'!$D24) -> 13.913827 | J24: =SUMIFS('SSP drivers'!J$2:J$7886,'SSP drivers'!$A$2:$A$7886,'Selected scen drivers'!$AH$1,'SSP drivers'!$B$2:$B$7886,'Selected scen drivers'!$AI$1,'SSP drivers'!$C$2:$C$7886,'Selected scen drivers'!$C24,'SSP drivers'!$D$2:$D$7886,'Selected scen drivers'!$D24) -> 16.21056 | K24: =SUMIFS('SSP drivers'!K$2:K$7886,'SSP drivers'!$A$2:$A$7886,'Selected scen drivers'!$AH$1,'SSP drivers'!$B$2:$B$7886,'Selected scen drivers'!$AI$1,'SSP drivers'!$C$2:$C$7886,'Selected scen drivers'!$C24,'SSP drivers'!$D$2:$D$7886,'Selected scen drivers'!$D24) -> 18.459205 | L24: =SUMIFS('SSP drivers'!L$2:L$7886,'SSP drivers'!$A$2:$A$7886,'Selected scen drivers'!$AH$1,'SSP drivers'!$B$2:$B$7886,'Selected scen drivers'!$AI$1,'SSP drivers'!$C$2:$C$7886,'Selected scen drivers'!$C24,'SSP drivers'!$D$2:$D$7886,'Selected scen drivers'!$D24) -> 20.758749 | ... W24: =SUMIFS('SSP drivers'!W$2:W$7886,'SSP drivers'!$A$2:$A$7886,'Selected scen drivers'!$AH$1,'SSP drivers'!$B$2:$B$7886,'Selected scen drivers'!$AI$1,'SSP drivers'!$C$2:$C$7886,'Selected scen drivers'!$C24,'SSP drivers'!$D$2:$D$7886,'Selected scen drivers'!$D24) -> 62.388858
A25: =A16+1 -> 3 | B25: =B16 -> 6 | C25: =IFERROR(VLOOKUP(A25,Classification!$A$4:$B$37,2,FALSE),"") -> Asia_other | D25: =IFERROR(VLOOKUP(B25,Classification!$N$5:$O$14,2,FALSE),"") -> GDPPHOU | E25: =SUMIFS('SSP drivers'!E$2:E$7886,'SSP drivers'!$A$2:$A$7886,'Selected scen drivers'!$AH$1,'SSP drivers'!$B$2:$B$7886,'Selected scen drivers'!$AI$1,'SSP drivers'!$C$2:$C$7886,'Selected scen drivers'!$C25,'SSP drivers'!$D$2:$D$7886,'Selected scen drivers'!$D25) -> 0 | F25: =SUMIFS('SSP drivers'!F$2:F$7886,'SSP drivers'!$A$2:$A$7886,'Selected scen drivers'!$AH$1,'SSP drivers'!$B$2:$B$7886,'Selected scen drivers'!$AI$1,'SSP drivers'!$C$2:$C$7886,'Selected scen drivers'!$C25,'SSP drivers'!$D$2:$D$7886,'Selected scen drivers'!$D25) -> 34.455084 | G25: =SUMIFS('SSP drivers'!G$2:G$7886,'SSP drivers'!$A$2:$A$7886,'Selected scen drivers'!$AH$1,'SSP drivers'!$B$2:$B$7886,'Selected scen drivers'!$AI$1,'SSP drivers'!$C$2:$C$7886,'Selected scen drivers'!$C25,'SSP drivers'!$D$2:$D$7886,'Selected scen drivers'!$D25) -> 35.215119 | H25: =SUMIFS('SSP drivers'!H$2:H$7886,'SSP drivers'!$A$2:$A$7886,'Selected scen drivers'!$AH$1,'SSP drivers'!$B$2:$B$7886,'Selected scen drivers'!$AI$1,'SSP drivers'!$C$2:$C$7886,'Selected scen drivers'!$C25,'SSP drivers'!$D$2:$D$7886,'Selected scen drivers'!$D25) -> 40.663664 | I25: =SUMIFS('SSP drivers'!I$2:I$7886,'SSP drivers'!$A$2:$A$7886,'Selected scen drivers'!$AH$1,'SSP drivers'!$B$2:$B$7886,'Selected scen drivers'!$AI$1,'SSP drivers'!$C$2:$C$7886,'Selected scen drivers'!$C25,'SSP drivers'!$D$2:$D$7886,'Selected scen drivers'!$D25) -> 48.036814 | J25: =SUMIFS('SSP drivers'!J$2:J$7886,'SSP drivers'!$A$2:$A$7886,'Selected scen drivers'!$AH$1,'SSP drivers'!$B$2:$B$7886,'Selected scen drivers'!$AI$1,'SSP drivers'!$C$2:$C$7886,'Selected scen drivers'!$C25,'SSP drivers'!$D$2:$D$7886,'Selected scen drivers'!$D25) -> 55.606432 | K25: =SUMIFS('SSP drivers'!K$2:K$7886,'SSP drivers'!$A$2:$A$7886,'Selected scen drivers'!$AH$1,'SSP drivers'!$B$2:$B$7886,'Selected scen drivers'!$AI$1,'SSP drivers'!$C$2:$C$7886,'Selected scen drivers'!$C25,'SSP drivers'!$D$2:$D$7886,'Selected scen drivers'!$D25) -> 62.968289 | L25: =SUMIFS('SSP drivers'!L$2:L$7886,'SSP drivers'!$A$2:$A$7886,'Selected scen drivers'!$AH$1,'SSP drivers'!$B$2:$B$7886,'Selected scen drivers'!$AI$1,'SSP drivers'!$C$2:$C$7886,'Selected scen drivers'!$C25,'SSP drivers'!$D$2:$D$7886,'Selected scen drivers'!$D25) -> 70.574868 | ... W25: =SUMIFS('SSP drivers'!W$2:W$7886,'SSP drivers'!$A$2:$A$7886,'Selected scen drivers'!$AH$1,'SSP drivers'!$B$2:$B$7886,'Selected scen drivers'!$AI$1,'SSP drivers'!$C$2:$C$7886,'Selected scen drivers'!$C25,'SSP drivers'!$D$2:$D$7886,'Selected scen drivers'!$D25) -> 235.14942
A26: =A17+1 -> 3 | B26: =B17 -> 7 | C26: =IFERROR(VLOOKUP(A26,Classification!$A$4:$B$37,2,FALSE),"") -> Asia_other | D26: =IFERROR(VLOOKUP(B26,Classification!$N$5:$O$14,2,FALSE),"") -> GDPSER | E26: =SUMIFS('SSP drivers'!E$2:E$7886,'SSP drivers'!$A$2:$A$7886,'Selected scen drivers'!$AH$1,'SSP drivers'!$B$2:$B$7886,'Selected scen drivers'!$AI$1,'SSP drivers'!$C$2:$C$7886,'Selected scen drivers'!$C26,'SSP drivers'!$D$2:$D$7886,'Selected scen drivers'!$D26) -> 0 | F26: =SUMIFS('SSP drivers'!F$2:F$7886,'SSP drivers'!$A$2:$A$7886,'Selected scen drivers'!$AH$1,'SSP drivers'!$B$2:$B$7886,'Selected scen drivers'!$AI$1,'SSP drivers'!$C$2:$C$7886,'Selected scen drivers'!$C26,'SSP drivers'!$D$2:$D$7886,'Selected scen drivers'!$D26) -> 5561.9094 | G26: =SUMIFS('SSP drivers'!G$2:G$7886,'SSP drivers'!$A$2:$A$7886,'Selected scen drivers'!$AH$1,'SSP drivers'!$B$2:$B$7886,'Selected scen drivers'!$AI$1,'SSP drivers'!$C$2:$C$7886,'Selected scen drivers'!$C26,'SSP drivers'!$D$2:$D$7886,'Selected scen drivers'!$D26) -> 5734.8657 | H26: =SUMIFS('SSP drivers'!H$2:H$7886,'SSP drivers'!$A$2:$A$7886,'Selected scen drivers'!$AH$1,'SSP drivers'!$B$2:$B$7886,'Selected scen drivers'!$AI$1,'SSP drivers'!$C$2:$C$7886,'Selected scen drivers'!$C26,'SSP drivers'!$D$2:$D$7886,'Selected scen drivers'!$D26) -> 7181.4398 | I26: =SUMIFS('SSP drivers'!I$2:I$7886,'SSP drivers'!$A$2:$A$7886,'Selected scen drivers'!$AH$1,'SSP drivers'!$B$2:$B$7886,'Selected scen drivers'!$AI$1,'SSP drivers'!$C$2:$C$7886,'Selected scen drivers'!$C26,'SSP drivers'!$D$2:$D$7886,'Selected scen drivers'!$D26) -> 9144.3954 | J26: =SUMIFS('SSP drivers'!J$2:J$7886,'SSP drivers'!$A$2:$A$7886,'Selected scen drivers'!$AH$1,'SSP drivers'!$B$2:$B$7886,'Selected scen drivers'!$AI$1,'SSP drivers'!$C$2:$C$7886,'Selected scen drivers'!$C26,'SSP drivers'!$D$2:$D$7886,'Selected scen drivers'!$D26) -> 11317.14 | K26: =SUMIFS('SSP drivers'!K$2:K$7886,'SSP drivers'!$A$2:$A$7886,'Selected scen drivers'!$AH$1,'SSP drivers'!$B$2:$B$7886,'Selected scen drivers'!$AI$1,'SSP drivers'!$C$2:$C$7886,'Selected scen drivers'!$C26,'SSP drivers'!$D$2:$D$7886,'Selected scen drivers'!$D26) -> 13594.466 | L26: =SUMIFS('SSP drivers'!L$2:L$7886,'SSP drivers'!$A$2:$A$7886,'Selected scen drivers'!$AH$1,'SSP drivers'!$B$2:$B$7886,'Selected scen drivers'!$AI$1,'SSP drivers'!$C$2:$C$7886,'Selected scen drivers'!$C26,'SSP drivers'!$D$2:$D$7886,'Selected scen drivers'!$D26) -> 16014.225 | ... W26: =SUMIFS('SSP drivers'!W$2:W$7886,'SSP drivers'!$A$2:$A$7886,'Selected scen drivers'!$AH$1,'SSP drivers'!$B$2:$B$7886,'Selected scen drivers'!$AI$1,'SSP drivers'!$C$2:$C$7886,'Selected scen drivers'!$C26,'SSP drivers'!$D$2:$D$7886,'Selected scen drivers'!$D26) -> 56482.062
A27: =A18+1 -> 3 | B27: =B18 -> 8 | C27: =IFERROR(VLOOKUP(A27,Classification!$A$4:$B$37,2,FALSE),"") -> Asia_other | D27: =IFERROR(VLOOKUP(B27,Classification!$N$5:$O$14,2,FALSE),"") -> HOU | E27: =SUMIFS('SSP drivers'!E$2:E$7886,'SSP drivers'!$A$2:$A$7886,'Selected scen drivers'!$AH$1,'SSP drivers'!$B$2:$B$7886,'Selected scen drivers'!$AI$1,'SSP drivers'!$C$2:$C$7886,'Selected scen drivers'!$C27,'SSP drivers'!$D$2:$D$7886,'Selected scen drivers'!$D27) -> 0 | F27: =SUMIFS('SSP drivers'!F$2:F$7886,'SSP drivers'!$A$2:$A$7886,'Selected scen drivers'!$AH$1,'SSP drivers'!$B$2:$B$7886,'Selected scen drivers'!$AI$1,'SSP drivers'!$C$2:$C$7886,'Selected scen drivers'!$C27,'SSP drivers'!$D$2:$D$7886,'Selected scen drivers'!$D27) -> 339.98886 | G27: =SUMIFS('SSP drivers'!G$2:G$7886,'SSP drivers'!$A$2:$A$7886,'Selected scen drivers'!$AH$1,'SSP drivers'!$B$2:$B$7886,'Selected scen drivers'!$AI$1,'SSP drivers'!$C$2:$C$7886,'Selected scen drivers'!$C27,'SSP drivers'!$D$2:$D$7886,'Selected scen drivers'!$D27) -> 344.92208 | H27: =SUMIFS('SSP drivers'!H$2:H$7886,'SSP drivers'!$A$2:$A$7886,'Selected scen drivers'!$AH$1,'SSP drivers'!$B$2:$B$7886,'Selected scen drivers'!$AI$1,'SSP drivers'!$C$2:$C$7886,'Selected scen drivers'!$C27,'SSP drivers'!$D$2:$D$7886,'Selected scen drivers'!$D27) -> 369.58804 | I27: =SUMIFS('SSP drivers'!I$2:I$7886,'SSP drivers'!$A$2:$A$7886,'Selected scen drivers'!$AH$1,'SSP drivers'!$B$2:$B$7886,'Selected scen drivers'!$AI$1,'SSP drivers'!$C$2:$C$7886,'Selected scen drivers'!$C27,'SSP drivers'!$D$2:$D$7886,'Selected scen drivers'!$D27) -> 392.53586 | J27: =SUMIFS('SSP drivers'!J$2:J$7886,'SSP drivers'!$A$2:$A$7886,'Selected scen drivers'!$AH$1,'SSP drivers'!$B$2:$B$7886,'Selected scen drivers'!$AI$1,'SSP drivers'!$C$2:$C$7886,'Selected scen drivers'!$C27,'SSP drivers'!$D$2:$D$7886,'Selected scen drivers'!$D27) -> 412.89709 | K27: =SUMIFS('SSP drivers'!K$2:K$7886,'SSP drivers'!$A$2:$A$7886,'Selected scen drivers'!$AH$1,'SSP drivers'!$B$2:$B$7886,'Selected scen drivers'!$AI$1,'SSP drivers'!$C$2:$C$7886,'Selected scen drivers'!$C27,'SSP drivers'!$D$2:$D$7886,'Selected scen drivers'!$D27) -> 430.87593 | L27: =SUMIFS('SSP drivers'!L$2:L$7886,'SSP drivers'!$A$2:$A$7886,'Selected scen drivers'!$AH$1,'SSP drivers'!$B$2:$B$7886,'Selected scen drivers'!$AI$1,'SSP drivers'!$C$2:$C$7886,'Selected scen drivers'!$C27,'SSP drivers'!$D$2:$D$7886,'Selected scen drivers'!$D27) -> 445.77786 | ... W27: =SUMIFS('SSP drivers'!W$2:W$7886,'SSP drivers'!$A$2:$A$7886,'Selected scen drivers'!$AH$1,'SSP drivers'!$B$2:$B$7886,'Selected scen drivers'!$AI$1,'SSP drivers'!$C$2:$C$7886,'Selected scen drivers'!$C27,'SSP drivers'!$D$2:$D$7886,'Selected scen drivers'!$D27) -> 418.6083
A28: =A19+1 -> 3 | B28: =B19 -> 9 | C28: =IFERROR(VLOOKUP(A28,Classification!$A$4:$B$37,2,FALSE),"") -> Asia_other | D28: =IFERROR(VLOOKUP(B28,Classification!$N$5:$O$14,2,FALSE),"") -> POP | E28: =SUMIFS('SSP drivers'!E$2:E$7886,'SSP drivers'!$A$2:$A$7886,'Selected scen drivers'!$AH$1,'SSP drivers'!$B$2:$B$7886,'Selected scen drivers'!$AI$1,'SSP drivers'!$C$2:$C$7886,'Selected scen drivers'!$C28,'SSP drivers'!$D$2:$D$7886,'Selected scen drivers'!$D28) -> 0 | F28: =SUMIFS('SSP drivers'!F$2:F$7886,'SSP drivers'!$A$2:$A$7886,'Selected scen drivers'!$AH$1,'SSP drivers'!$B$2:$B$7886,'Selected scen drivers'!$AI$1,'SSP drivers'!$C$2:$C$7886,'Selected scen drivers'!$C28,'SSP drivers'!$D$2:$D$7886,'Selected scen drivers'!$D28) -> 1202.7846 | G28: =SUMIFS('SSP drivers'!G$2:G$7886,'SSP drivers'!$A$2:$A$7886,'Selected scen drivers'!$AH$1,'SSP drivers'!$B$2:$B$7886,'Selected scen drivers'!$AI$1,'SSP drivers'!$C$2:$C$7886,'Selected scen drivers'!$C28,'SSP drivers'!$D$2:$D$7886,'Selected scen drivers'!$D28) -> 1216.8755 | H28: =SUMIFS('SSP drivers'!H$2:H$7886,'SSP drivers'!$A$2:$A$7886,'Selected scen drivers'!$AH$1,'SSP drivers'!$B$2:$B$7886,'Selected scen drivers'!$AI$1,'SSP drivers'!$C$2:$C$7886,'Selected scen drivers'!$C28,'SSP drivers'!$D$2:$D$7886,'Selected scen drivers'!$D28) -> 1287.3297 | I28: =SUMIFS('SSP drivers'!I$2:I$7886,'SSP drivers'!$A$2:$A$7886,'Selected scen drivers'!$AH$1,'SSP drivers'!$B$2:$B$7886,'Selected scen drivers'!$AI$1,'SSP drivers'!$C$2:$C$7886,'Selected scen drivers'!$C28,'SSP drivers'!$D$2:$D$7886,'Selected scen drivers'!$D28) -> 1355.2111 | J28: =SUMIFS('SSP drivers'!J$2:J$7886,'SSP drivers'!$A$2:$A$7886,'Selected scen drivers'!$AH$1,'SSP drivers'!$B$2:$B$7886,'Selected scen drivers'!$AI$1,'SSP drivers'!$C$2:$C$7886,'Selected scen drivers'!$C28,'SSP drivers'!$D$2:$D$7886,'Selected scen drivers'!$D28) -> 1416.3443 | K28: =SUMIFS('SSP drivers'!K$2:K$7886,'SSP drivers'!$A$2:$A$7886,'Selected scen drivers'!$AH$1,'SSP drivers'!$B$2:$B$7886,'Selected scen drivers'!$AI$1,'SSP drivers'!$C$2:$C$7886,'Selected scen drivers'!$C28,'SSP drivers'!$D$2:$D$7886,'Selected scen drivers'!$D28) -> 1469.8098 | L28: =SUMIFS('SSP drivers'!L$2:L$7886,'SSP drivers'!$A$2:$A$7886,'Selected scen drivers'!$AH$1,'SSP drivers'!$B$2:$B$7886,'Selected scen drivers'!$AI$1,'SSP drivers'!$C$2:$C$7886,'Selected scen drivers'!$C28,'SSP drivers'!$D$2:$D$7886,'Selected scen drivers'!$D28) -> 1515.5399 | ... W28: =SUMIFS('SSP drivers'!W$2:W$7886,'SSP drivers'!$A$2:$A$7886,'Selected scen drivers'!$AH$1,'SSP drivers'!$B$2:$B$7886,'Selected scen drivers'!$AI$1,'SSP drivers'!$C$2:$C$7886,'Selected scen drivers'!$C28,'SSP drivers'!$D$2:$D$7886,'Selected scen drivers'!$D28) -> 1577.7737
A29: =A20+1 -> 4 | B29: =B20 -> 1 | C29: =IFERROR(VLOOKUP(A29,Classification!$A$4:$B$37,2,FALSE),"") -> Asia_central | D29: =IFERROR(VLOOKUP(B29,Classification!$N$5:$O$14,2,FALSE),"") -> GDP | E29: =SUMIFS('SSP drivers'!E$2:E$7886,'SSP drivers'!$A$2:$A$7886,'Selected scen drivers'!$AH$1,'SSP drivers'!$B$2:$B$7886,'Selected scen drivers'!$AI$1,'SSP drivers'!$C$2:$C$7886,'Selected scen drivers'!$C29,'SSP drivers'!$D$2:$D$7886,'Selected scen drivers'!$D29) -> 0 | F29: =SUMIFS('SSP drivers'!F$2:F$7886,'SSP drivers'!$A$2:$A$7886,'Selected scen drivers'!$AH$1,'SSP drivers'!$B$2:$B$7886,'Selected scen drivers'!$AI$1,'SSP drivers'!$C$2:$C$7886,'Selected scen drivers'!$C29,'SSP drivers'!$D$2:$D$7886,'Selected scen drivers'!$D29) -> 1094.5461 | G29: =SUMIFS('SSP drivers'!G$2:G$7886,'SSP drivers'!$A$2:$A$7886,'Selected scen drivers'!$AH$1,'SSP drivers'!$B$2:$B$7886,'Selected scen drivers'!$AI$1,'SSP drivers'!$C$2:$C$7886,'Selected scen drivers'!$C29,'SSP drivers'!$D$2:$D$7886,'Selected scen drivers'!$D29) -> 1117.7353 | H29: =SUMIFS('SSP drivers'!H$2:H$7886,'SSP drivers'!$A$2:$A$7886,'Selected scen drivers'!$AH$1,'SSP drivers'!$B$2:$B$7886,'Selected scen drivers'!$AI$1,'SSP drivers'!$C$2:$C$7886,'Selected scen drivers'!$C29,'SSP drivers'!$D$2:$D$7886,'Selected scen drivers'!$D29) -> 1406.197 | I29: =SUMIFS('SSP drivers'!I$2:I$7886,'SSP drivers'!$A$2:$A$7886,'Selected scen drivers'!$AH$1,'SSP drivers'!$B$2:$B$7886,'Selected scen drivers'!$AI$1,'SSP drivers'!$C$2:$C$7886,'Selected scen drivers'!$C29,'SSP drivers'!$D$2:$D$7886,'Selected scen drivers'!$D29) -> 1685.0343 | J29: =SUMIFS('SSP drivers'!J$2:J$7886,'SSP drivers'!$A$2:$A$7886,'Selected scen drivers'!$AH$1,'SSP drivers'!$B$2:$B$7886,'Selected scen drivers'!$AI$1,'SSP drivers'!$C$2:$C$7886,'Selected scen drivers'!$C29,'SSP drivers'!$D$2:$D$7886,'Selected scen drivers'!$D29) -> 2000.3265 | K29: =SUMIFS('SSP drivers'!K$2:K$7886,'SSP drivers'!$A$2:$A$7886,'Selected scen drivers'!$AH$1,'SSP drivers'!$B$2:$B$7886,'Selected scen drivers'!$AI$1,'SSP drivers'!$C$2:$C$7886,'Selected scen drivers'!$C29,'SSP drivers'!$D$2:$D$7886,'Selected scen drivers'!$D29) -> 2314.9319 | L29: =SUMIFS('SSP drivers'!L$2:L$7886,'SSP drivers'!$A$2:$A$7886,'Selected scen drivers'!$AH$1,'SSP drivers'!$B$2:$B$7886,'Selected scen drivers'!$AI$1,'SSP drivers'!$C$2:$C$7886,'Selected scen drivers'!$C29,'SSP drivers'!$D$2:$D$7886,'Selected scen drivers'!$D29) -> 2623.8243 | ... W29: =SUMIFS('SSP drivers'!W$2:W$7886,'SSP drivers'!$A$2:$A$7886,'Selected scen drivers'!$AH$1,'SSP drivers'!$B$2:$B$7886,'Selected scen drivers'!$AI$1,'SSP drivers'!$C$2:$C$7886,'Selected scen drivers'!$C29,'SSP drivers'!$D$2:$D$7886,'Selected scen drivers'!$D29) -> 7752.854
A30: =A21+1 -> 4 | B30: =B21 -> 2 | C30: =IFERROR(VLOOKUP(A30,Classification!$A$4:$B$37,2,FALSE),"") -> Asia_central | D30: =IFERROR(VLOOKUP(B30,Classification!$N$5:$O$14,2,FALSE),"") -> GDPAGR | E30: =SUMIFS('SSP drivers'!E$2:E$7886,'SSP drivers'!$A$2:$A$7886,'Selected scen drivers'!$AH$1,'SSP drivers'!$B$2:$B$7886,'Selected scen drivers'!$AI$1,'SSP drivers'!$C$2:$C$7886,'Selected scen drivers'!$C30,'SSP drivers'!$D$2:$D$7886,'Selected scen drivers'!$D30) -> 0 | F30: =SUMIFS('SSP drivers'!F$2:F$7886,'SSP drivers'!$A$2:$A$7886,'Selected scen drivers'!$AH$1,'SSP drivers'!$B$2:$B$7886,'Selected scen drivers'!$AI$1,'SSP drivers'!$C$2:$C$7886,'Selected scen drivers'!$C30,'SSP drivers'!$D$2:$D$7886,'Selected scen drivers'!$D30) -> 134.32053 | G30: =SUMIFS('SSP drivers'!G$2:G$7886,'SSP drivers'!$A$2:$A$7886,'Selected scen drivers'!$AH$1,'SSP drivers'!$B$2:$B$7886,'Selected scen drivers'!$AI$1,'SSP drivers'!$C$2:$C$7886,'Selected scen drivers'!$C30,'SSP drivers'!$D$2:$D$7886,'Selected scen drivers'!$D30) -> 138.65134 | H30: =SUMIFS('SSP drivers'!H$2:H$7886,'SSP drivers'!$A$2:$A$7886,'Selected scen drivers'!$AH$1,'SSP drivers'!$B$2:$B$7886,'Selected scen drivers'!$AI$1,'SSP drivers'!$C$2:$C$7886,'Selected scen drivers'!$C30,'SSP drivers'!$D$2:$D$7886,'Selected scen drivers'!$D30) -> 174.28489 | I30: =SUMIFS('SSP drivers'!I$2:I$7886,'SSP drivers'!$A$2:$A$7886,'Selected scen drivers'!$AH$1,'SSP drivers'!$B$2:$B$7886,'Selected scen drivers'!$AI$1,'SSP drivers'!$C$2:$C$7886,'Selected scen drivers'!$C30,'SSP drivers'!$D$2:$D$7886,'Selected scen drivers'!$D30) -> 210.55025 | J30: =SUMIFS('SSP drivers'!J$2:J$7886,'SSP drivers'!$A$2:$A$7886,'Selected scen drivers'!$AH$1,'SSP drivers'!$B$2:$B$7886,'Selected scen drivers'!$AI$1,'SSP drivers'!$C$2:$C$7886,'Selected scen drivers'!$C30,'SSP drivers'!$D$2:$D$7886,'Selected scen drivers'!$D30) -> 249.23852 | K30: =SUMIFS('SSP drivers'!K$2:K$7886,'SSP drivers'!$A$2:$A$7886,'Selected scen drivers'!$AH$1,'SSP drivers'!$B$2:$B$7886,'Selected scen drivers'!$AI$1,'SSP drivers'!$C$2:$C$7886,'Selected scen drivers'!$C30,'SSP drivers'!$D$2:$D$7886,'Selected scen drivers'!$D30) -> 285.50372 | L30: =SUMIFS('SSP drivers'!L$2:L$7886,'SSP drivers'!$A$2:$A$7886,'Selected scen drivers'!$AH$1,'SSP drivers'!$B$2:$B$7886,'Selected scen drivers'!$AI$1,'SSP drivers'!$C$2:$C$7886,'Selected scen drivers'!$C30,'SSP drivers'!$D$2:$D$7886,'Selected scen drivers'!$D30) -> 318.23681 | ... W30: =SUMIFS('SSP drivers'!W$2:W$7886,'SSP drivers'!$A$2:$A$7886,'Selected scen drivers'!$AH$1,'SSP drivers'!$B$2:$B$7886,'Selected scen drivers'!$AI$1,'SSP drivers'!$C$2:$C$7886,'Selected scen drivers'!$C30,'SSP drivers'!$D$2:$D$7886,'Selected scen drivers'!$D30) -> 504.88654
A31: =A22+1 -> 4 | B31: =B22 -> 3 | C31: =IFERROR(VLOOKUP(A31,Classification!$A$4:$B$37,2,FALSE),"") -> Asia_central | D31: =IFERROR(VLOOKUP(B31,Classification!$N$5:$O$14,2,FALSE),"") -> GDPIND | E31: =SUMIFS('SSP drivers'!E$2:E$7886,'SSP drivers'!$A$2:$A$7886,'Selected scen drivers'!$AH$1,'SSP drivers'!$B$2:$B$7886,'Selected scen drivers'!$AI$1,'SSP drivers'!$C$2:$C$7886,'Selected scen drivers'!$C31,'SSP drivers'!$D$2:$D$7886,'Selected scen drivers'!$D31) -> 0 | F31: =SUMIFS('SSP drivers'!F$2:F$7886,'SSP drivers'!$A$2:$A$7886,'Selected scen drivers'!$AH$1,'SSP drivers'!$B$2:$B$7886,'Selected scen drivers'!$AI$1,'SSP drivers'!$C$2:$C$7886,'Selected scen drivers'!$C31,'SSP drivers'!$D$2:$D$7886,'Selected scen drivers'!$D31) -> 422.42045 | G31: =SUMIFS('SSP drivers'!G$2:G$7886,'SSP drivers'!$A$2:$A$7886,'Selected scen drivers'!$AH$1,'SSP drivers'!$B$2:$B$7886,'Selected scen drivers'!$AI$1,'SSP drivers'!$C$2:$C$7886,'Selected scen drivers'!$C31,'SSP drivers'!$D$2:$D$7886,'Selected scen drivers'!$D31) -> 429.7209 | H31: =SUMIFS('SSP drivers'!H$2:H$7886,'SSP drivers'!$A$2:$A$7886,'Selected scen drivers'!$AH$1,'SSP drivers'!$B$2:$B$7886,'Selected scen drivers'!$AI$1,'SSP drivers'!$C$2:$C$7886,'Selected scen drivers'!$C31,'SSP drivers'!$D$2:$D$7886,'Selected scen drivers'!$D31) -> 533.7604 | I31: =SUMIFS('SSP drivers'!I$2:I$7886,'SSP drivers'!$A$2:$A$7886,'Selected scen drivers'!$AH$1,'SSP drivers'!$B$2:$B$7886,'Selected scen drivers'!$AI$1,'SSP drivers'!$C$2:$C$7886,'Selected scen drivers'!$C31,'SSP drivers'!$D$2:$D$7886,'Selected scen drivers'!$D31) -> 632.71181 | J31: =SUMIFS('SSP drivers'!J$2:J$7886,'SSP drivers'!$A$2:$A$7886,'Selected scen drivers'!$AH$1,'SSP drivers'!$B$2:$B$7886,'Selected scen drivers'!$AI$1,'SSP drivers'!$C$2:$C$7886,'Selected scen drivers'!$C31,'SSP drivers'!$D$2:$D$7886,'Selected scen drivers'!$D31) -> 744.53721 | K31: =SUMIFS('SSP drivers'!K$2:K$7886,'SSP drivers'!$A$2:$A$7886,'Selected scen drivers'!$AH$1,'SSP drivers'!$B$2:$B$7886,'Selected scen drivers'!$AI$1,'SSP drivers'!$C$2:$C$7886,'Selected scen drivers'!$C31,'SSP drivers'!$D$2:$D$7886,'Selected scen drivers'!$D31) -> 856.22676 | L31: =SUMIFS('SSP drivers'!L$2:L$7886,'SSP drivers'!$A$2:$A$7886,'Selected scen drivers'!$AH$1,'SSP drivers'!$B$2:$B$7886,'Selected scen drivers'!$AI$1,'SSP drivers'!$C$2:$C$7886,'Selected scen drivers'!$C31,'SSP drivers'!$D$2:$D$7886,'Selected scen drivers'!$D31) -> 966.71166 | ... W31: =SUMIFS('SSP drivers'!W$2:W$7886,'SSP drivers'!$A$2:$A$7886,'Selected scen drivers'!$AH$1,'SSP drivers'!$B$2:$B$7886,'Selected scen drivers'!$AI$1,'SSP drivers'!$C$2:$C$7886,'Selected scen drivers'!$C31,'SSP drivers'!$D$2:$D$7886,'Selected scen drivers'!$D31) -> 2826.009
A32: =A23+1 -> 4 | B32: =B23 -> 4 | C32: =IFERROR(VLOOKUP(A32,Classification!$A$4:$B$37,2,FALSE),"") -> Asia_central | D32: =IFERROR(VLOOKUP(B32,Classification!$N$5:$O$14,2,FALSE),"") -> GDPMFG | E32: =SUMIFS('SSP drivers'!E$2:E$7886,'SSP drivers'!$A$2:$A$7886,'Selected scen drivers'!$AH$1,'SSP drivers'!$B$2:$B$7886,'Selected scen drivers'!$AI$1,'SSP drivers'!$C$2:$C$7886,'Selected scen drivers'!$C32,'SSP drivers'!$D$2:$D$7886,'Selected scen drivers'!$D32) -> 0 | F32: =SUMIFS('SSP drivers'!F$2:F$7886,'SSP drivers'!$A$2:$A$7886,'Selected scen drivers'!$AH$1,'SSP drivers'!$B$2:$B$7886,'Selected scen drivers'!$AI$1,'SSP drivers'!$C$2:$C$7886,'Selected scen drivers'!$C32,'SSP drivers'!$D$2:$D$7886,'Selected scen drivers'!$D32) -> 55.165567 | G32: =SUMIFS('SSP drivers'!G$2:G$7886,'SSP drivers'!$A$2:$A$7886,'Selected scen drivers'!$AH$1,'SSP drivers'!$B$2:$B$7886,'Selected scen drivers'!$AI$1,'SSP drivers'!$C$2:$C$7886,'Selected scen drivers'!$C32,'SSP drivers'!$D$2:$D$7886,'Selected scen drivers'!$D32) -> 56.224519 | H32: =SUMIFS('SSP drivers'!H$2:H$7886,'SSP drivers'!$A$2:$A$7886,'Selected scen drivers'!$AH$1,'SSP drivers'!$B$2:$B$7886,'Selected scen drivers'!$AI$1,'SSP drivers'!$C$2:$C$7886,'Selected scen drivers'!$C32,'SSP drivers'!$D$2:$D$7886,'Selected scen drivers'!$D32) -> 73.808493 | I32: =SUMIFS('SSP drivers'!I$2:I$7886,'SSP drivers'!$A$2:$A$7886,'Selected scen drivers'!$AH$1,'SSP drivers'!$B$2:$B$7886,'Selected scen drivers'!$AI$1,'SSP drivers'!$C$2:$C$7886,'Selected scen drivers'!$C32,'SSP drivers'!$D$2:$D$7886,'Selected scen drivers'!$D32) -> 92.588557 | J32: =SUMIFS('SSP drivers'!J$2:J$7886,'SSP drivers'!$A$2:$A$7886,'Selected scen drivers'!$AH$1,'SSP drivers'!$B$2:$B$7886,'Selected scen drivers'!$AI$1,'SSP drivers'!$C$2:$C$7886,'Selected scen drivers'!$C32,'SSP drivers'!$D$2:$D$7886,'Selected scen drivers'!$D32) -> 115.05147 | K32: =SUMIFS('SSP drivers'!K$2:K$7886,'SSP drivers'!$A$2:$A$7886,'Selected scen drivers'!$AH$1,'SSP drivers'!$B$2:$B$7886,'Selected scen drivers'!$AI$1,'SSP drivers'!$C$2:$C$7886,'Selected scen drivers'!$C32,'SSP drivers'!$D$2:$D$7886,'Selected scen drivers'!$D32) -> 139.10636 | L32: =SUMIFS('SSP drivers'!L$2:L$7886,'SSP drivers'!$A$2:$A$7886,'Selected scen drivers'!$AH$1,'SSP drivers'!$B$2:$B$7886,'Selected scen drivers'!$AI$1,'SSP drivers'!$C$2:$C$7886,'Selected scen drivers'!$C32,'SSP drivers'!$D$2:$D$7886,'Selected scen drivers'!$D32) -> 164.49388 | ... W32: =SUMIFS('SSP drivers'!W$2:W$7886,'SSP drivers'!$A$2:$A$7886,'Selected scen drivers'!$AH$1,'SSP drivers'!$B$2:$B$7886,'Selected scen drivers'!$AI$1,'SSP drivers'!$C$2:$C$7886,'Selected scen drivers'!$C32,'SSP drivers'!$D$2:$D$7886,'Selected scen drivers'!$D32) -> 706.50224
A33: =A24+1 -> 4 | B33: =B24 -> 5 | C33: =IFERROR(VLOOKUP(A33,Classification!$A$4:$B$37,2,FALSE),"") -> Asia_central | D33: =IFERROR(VLOOKUP(B33,Classification!$N$5:$O$14,2,FALSE),"") -> GDPPCAP | E33: =SUMIFS('SSP drivers'!E$2:E$7886,'SSP drivers'!$A$2:$A$7886,'Selected scen drivers'!$AH$1,'SSP drivers'!$B$2:$B$7886,'Selected scen drivers'!$AI$1,'SSP drivers'!$C$2:$C$7886,'Selected scen drivers'!$C33,'SSP drivers'!$D$2:$D$7886,'Selected scen drivers'!$D33) -> 0 | F33: =SUMIFS('SSP drivers'!F$2:F$7886,'SSP drivers'!$A$2:$A$7886,'Selected scen drivers'!$AH$1,'SSP drivers'!$B$2:$B$7886,'Selected scen drivers'!$AI$1,'SSP drivers'!$C$2:$C$7886,'Selected scen drivers'!$C33,'SSP drivers'!$D$2:$D$7886,'Selected scen drivers'!$D33) -> 12.185358 | G33: =SUMIFS('SSP drivers'!G$2:G$7886,'SSP drivers'!$A$2:$A$7886,'Selected scen drivers'!$AH$1,'SSP drivers'!$B$2:$B$7886,'Selected scen drivers'!$AI$1,'SSP drivers'!$C$2:$C$7886,'Selected scen drivers'!$C33,'SSP drivers'!$D$2:$D$7886,'Selected scen drivers'!$D33) -> 12.285608 | H33: =SUMIFS('SSP drivers'!H$2:H$7886,'SSP drivers'!$A$2:$A$7886,'Selected scen drivers'!$AH$1,'SSP drivers'!$B$2:$B$7886,'Selected scen drivers'!$AI$1,'SSP drivers'!$C$2:$C$7886,'Selected scen drivers'!$C33,'SSP drivers'!$D$2:$D$7886,'Selected scen drivers'!$D33) -> 14.534043 | I33: =SUMIFS('SSP drivers'!I$2:I$7886,'SSP drivers'!$A$2:$A$7886,'Selected scen drivers'!$AH$1,'SSP drivers'!$B$2:$B$7886,'Selected scen drivers'!$AI$1,'SSP drivers'!$C$2:$C$7886,'Selected scen drivers'!$C33,'SSP drivers'!$D$2:$D$7886,'Selected scen drivers'!$D33) -> 16.533294 | J33: =SUMIFS('SSP drivers'!J$2:J$7886,'SSP drivers'!$A$2:$A$7886,'Selected scen drivers'!$AH$1,'SSP drivers'!$B$2:$B$7886,'Selected scen drivers'!$AI$1,'SSP drivers'!$C$2:$C$7886,'Selected scen drivers'!$C33,'SSP drivers'!$D$2:$D$7886,'Selected scen drivers'!$D33) -> 18.762994 | K33: =SUMIFS('SSP drivers'!K$2:K$7886,'SSP drivers'!$A$2:$A$7886,'Selected scen drivers'!$AH$1,'SSP drivers'!$B$2:$B$7886,'Selected scen drivers'!$AI$1,'SSP drivers'!$C$2:$C$7886,'Selected scen drivers'!$C33,'SSP drivers'!$D$2:$D$7886,'Selected scen drivers'!$D33) -> 20.838 | L33: =SUMIFS('SSP drivers'!L$2:L$7886,'SSP drivers'!$A$2:$A$7886,'Selected scen drivers'!$AH$1,'SSP drivers'!$B$2:$B$7886,'Selected scen drivers'!$AI$1,'SSP drivers'!$C$2:$C$7886,'Selected scen drivers'!$C33,'SSP drivers'!$D$2:$D$7886,'Selected scen drivers'!$D33) -> 22.759117 | ... W33: =SUMIFS('SSP drivers'!W$2:W$7886,'SSP drivers'!$A$2:$A$7886,'Selected scen drivers'!$AH$1,'SSP drivers'!$B$2:$B$7886,'Selected scen drivers'!$AI$1,'SSP drivers'!$C$2:$C$7886,'Selected scen drivers'!$C33,'SSP drivers'!$D$2:$D$7886,'Selected scen drivers'!$D33) -> 61.275437
... A271: =A262+1 -> 30 | B271: =B262 -> 9 | C271: =IFERROR(VLOOKUP(A271,Classification!$A$4:$B$37,2,FALSE),"") | D271: =IFERROR(VLOOKUP(B271,Classification!$N$5:$O$14,2,FALSE),"") -> POP | E271: =SUMIFS('SSP drivers'!E$2:E$7886,'SSP drivers'!$A$2:$A$7886,'Selected scen drivers'!$AH$1,'SSP drivers'!$B$2:$B$7886,'Selected scen drivers'!$AI$1,'SSP drivers'!$C$2:$C$7886,'Selected scen drivers'!$C271,'SSP drivers'!$D$2:$D$7886,'Selected scen drivers'!$D271) -> 0 | F271: =SUMIFS('SSP drivers'!F$2:F$7886,'SSP drivers'!$A$2:$A$7886,'Selected scen drivers'!$AH$1,'SSP drivers'!$B$2:$B$7886,'Selected scen drivers'!$AI$1,'SSP drivers'!$C$2:$C$7886,'Selected scen drivers'!$C271,'SSP drivers'!$D$2:$D$7886,'Selected scen drivers'!$D271) -> 0 | G271: =SUMIFS('SSP drivers'!G$2:G$7886,'SSP drivers'!$A$2:$A$7886,'Selected scen drivers'!$AH$1,'SSP drivers'!$B$2:$B$7886,'Selected scen drivers'!$AI$1,'SSP drivers'!$C$2:$C$7886,'Selected scen drivers'!$C271,'SSP drivers'!$D$2:$D$7886,'Selected scen drivers'!$D271) -> 0 | H271: =SUMIFS('SSP drivers'!H$2:H$7886,'SSP drivers'!$A$2:$A$7886,'Selected scen drivers'!$AH$1,'SSP drivers'!$B$2:$B$7886,'Selected scen drivers'!$AI$1,'SSP drivers'!$C$2:$C$7886,'Selected scen drivers'!$C271,'SSP drivers'!$D$2:$D$7886,'Selected scen drivers'!$D271) -> 0 | I271: =SUMIFS('SSP drivers'!I$2:I$7886,'SSP drivers'!$A$2:$A$7886,'Selected scen drivers'!$AH$1,'SSP drivers'!$B$2:$B$7886,'Selected scen drivers'!$AI$1,'SSP drivers'!$C$2:$C$7886,'Selected scen drivers'!$C271,'SSP drivers'!$D$2:$D$7886,'Selected scen drivers'!$D271) -> 0 | J271: =SUMIFS('SSP drivers'!J$2:J$7886,'SSP drivers'!$A$2:$A$7886,'Selected scen drivers'!$AH$1,'SSP drivers'!$B$2:$B$7886,'Selected scen drivers'!$AI$1,'SSP drivers'!$C$2:$C$7886,'Selected scen drivers'!$C271,'SSP drivers'!$D$2:$D$7886,'Selected scen drivers'!$D271) -> 0 | K271: =SUMIFS('SSP drivers'!K$2:K$7886,'SSP drivers'!$A$2:$A$7886,'Selected scen drivers'!$AH$1,'SSP drivers'!$B$2:$B$7886,'Selected scen drivers'!$AI$1,'SSP drivers'!$C$2:$C$7886,'Selected scen drivers'!$C271,'SSP drivers'!$D$2:$D$7886,'Selected scen drivers'!$D271) -> 0 | L271: =SUMIFS('SSP drivers'!L$2:L$7886,'SSP drivers'!$A$2:$A$7886,'Selected scen drivers'!$AH$1,'SSP drivers'!$B$2:$B$7886,'Selected scen drivers'!$AI$1,'SSP drivers'!$C$2:$C$7886,'Selected scen drivers'!$C271,'SSP drivers'!$D$2:$D$7886,'Selected scen drivers'!$D271) -> 0 | ... W271: =SUMIFS('SSP drivers'!W$2:W$7886,'SSP drivers'!$A$2:$A$7886,'Selected scen drivers'!$AH$1,'SSP drivers'!$B$2:$B$7886,'Selected scen drivers'!$AI$1,'SSP drivers'!$C$2:$C$7886,'Selected scen drivers'!$C271,'SSP drivers'!$D$2:$D$7886,'Selected scen drivers'!$D271) -> 0

Sheet Growth rates
B3: Region | C3: Driver | D3: ='Selected scen drivers'!F1 -> 2019 | E3: ='Selected scen drivers'!G1 -> 2020 | F3: ='Selected scen drivers'!H1 -> 2025 | G3: ='Selected scen drivers'!I1 -> 2030 | H3: ='Selected scen drivers'!J1 -> 2035 | I3: ='Selected scen drivers'!K1 -> 2040 | J3: ='Selected scen drivers'!L1 -> 2045 | K3: ='Selected scen drivers'!M1 -> 2050 | ... U3: ='Selected scen drivers'!W1 -> 2100
B4: ='Selected scen drivers'!C2 -> Africa_other | C4: ='Selected scen drivers'!D2 -> GDP | D4: =IFERROR('Selected scen drivers'!F2/'Selected scen drivers'!$F2,"") -> 1 | E4: =IFERROR('Selected scen drivers'!G2/'Selected scen drivers'!$F2,"") -> 1.0208818 | F4: =IFERROR('Selected scen drivers'!H2/'Selected scen drivers'!$F2,"") -> 1.246901 | G4: =IFERROR('Selected scen drivers'!I2/'Selected scen drivers'!$F2,"") -> 1.5931682 | H4: =IFERROR('Selected scen drivers'!J2/'Selected scen drivers'!$F2,"") -> 2.0805515 | I4: =IFERROR('Selected scen drivers'!K2/'Selected scen drivers'!$F2,"") -> 2.6776254 | J4: =IFERROR('Selected scen drivers'!L2/'Selected scen drivers'!$F2,"") -> 3.4232127 | K4: =IFERROR('Selected scen drivers'!M2/'Selected scen drivers'!$F2,"") -> 4.3534828 | ... U4: =IFERROR('Selected scen drivers'!W2/'Selected scen drivers'!$F2,"") -> 30.891002
B5: ='Selected scen drivers'!C3 -> Africa_other | C5: ='Selected scen drivers'!D3 -> GDPAGR | D5: =IFERROR('Selected scen drivers'!F3/'Selected scen drivers'!$F3,"") -> 1 | E5: =IFERROR('Selected scen drivers'!G3/'Selected scen drivers'!$F3,"") -> 1.0255822 | F5: =IFERROR('Selected scen drivers'!H3/'Selected scen drivers'!$F3,"") -> 1.2022287 | G5: =IFERROR('Selected scen drivers'!I3/'Selected scen drivers'!$F3,"") -> 1.4847098 | H5: =IFERROR('Selected scen drivers'!J3/'Selected scen drivers'!$F3,"") -> 1.8635605 | I5: =IFERROR('Selected scen drivers'!K3/'Selected scen drivers'!$F3,"") -> 2.297486 | J5: =IFERROR('Selected scen drivers'!L3/'Selected scen drivers'!$F3,"") -> 2.8036126 | K5: =IFERROR('Selected scen drivers'!M3/'Selected scen drivers'!$F3,"") -> 3.3887668 | ... U5: =IFERROR('Selected scen drivers'!W3/'Selected scen drivers'!$F3,"") -> 9.8059393
B6: ='Selected scen drivers'!C4 -> Africa_other | C6: ='Selected scen drivers'!D4 -> GDPIND | D6: =IFERROR('Selected scen drivers'!F4/'Selected scen drivers'!$F4,"") -> 1 | E6: =IFERROR('Selected scen drivers'!G4/'Selected scen drivers'!$F4,"") -> 1.0192523 | F6: =IFERROR('Selected scen drivers'!H4/'Selected scen drivers'!$F4,"") -> 1.267641 | G6: =IFERROR('Selected scen drivers'!I4/'Selected scen drivers'!$F4,"") -> 1.6315197 | H6: =IFERROR('Selected scen drivers'!J4/'Selected scen drivers'!$F4,"") -> 2.1497166 | I6: =IFERROR('Selected scen drivers'!K4/'Selected scen drivers'!$F4,"") -> 2.7948436 | J6: =IFERROR('Selected scen drivers'!L4/'Selected scen drivers'!$F4,"") -> 3.6116925 | K6: =IFERROR('Selected scen drivers'!M4/'Selected scen drivers'!$F4,"") -> 4.6439649 | ... U6: =IFERROR('Selected scen drivers'!W4/'Selected scen drivers'!$F4,"") -> 36.564895
B7: ='Selected scen drivers'!C5 -> Africa_other | C7: ='Selected scen drivers'!D5 -> GDPMFG | D7: =IFERROR('Selected scen drivers'!F5/'Selected scen drivers'!$F5,"") -> 1 | E7: =IFERROR('Selected scen drivers'!G5/'Selected scen drivers'!$F5,"") -> 1.0179775 | F7: =IFERROR('Selected scen drivers'!H5/'Selected scen drivers'!$F5,"") -> 1.3649345 | G7: =IFERROR('Selected scen drivers'!I5/'Selected scen drivers'!$F5,"") -> 1.8797614 | H7: =IFERROR('Selected scen drivers'!J5/'Selected scen drivers'!$F5,"") -> 2.6483015 | I7: =IFERROR('Selected scen drivers'!K5/'Selected scen drivers'!$F5,"") -> 3.670927 | J7: =IFERROR('Selected scen drivers'!L5/'Selected scen drivers'!$F5,"") -> 5.0403938 | K7: =IFERROR('Selected scen drivers'!M5/'Selected scen drivers'!$F5,"") -> 6.8639872 | ... U7: =IFERROR('Selected scen drivers'!W5/'Selected scen drivers'!$F5,"") -> 84.668995
B8: ='Selected scen drivers'!C6 -> Africa_other | C8: ='Selected scen drivers'!D6 -> GDPPCAP | D8: =IFERROR('Selected scen drivers'!F6/'Selected scen drivers'!$F6,"") -> 1 | E8: =IFERROR('Selected scen drivers'!G6/'Selected scen drivers'!$F6,"") -> 0.99273687 | F8: =IFERROR('Selected scen drivers'!H6/'Selected scen drivers'!$F6,"") -> 1.0656314 | G8: =IFERROR('Selected scen drivers'!I6/'Selected scen drivers'!$F6,"") -> 1.2054171 | H8: =IFERROR('Selected scen drivers'!J6/'Selected scen drivers'!$F6,"") -> 1.4056437 | I8: =IFERROR('Selected scen drivers'!K6/'Selected scen drivers'!$F6,"") -> 1.6297031 | J8: =IFERROR('Selected scen drivers'!L6/'Selected scen drivers'!$F6,"") -> 1.8938958 | K8: =IFERROR('Selected scen drivers'!M6/'Selected scen drivers'!$F6,"") -> 2.2091481 | ... U8: =IFERROR('Selected scen drivers'!W6/'Selected scen drivers'!$F6,"") -> 10.268991
B9: ='Selected scen drivers'!C7 -> Africa_other | C9: ='Selected scen drivers'!D7 -> GDPPHOU | D9: =IFERROR('Selected scen drivers'!F7/'Selected scen drivers'!$F7,"") -> 1 | E9: =IFERROR('Selected scen drivers'!G7/'Selected scen drivers'!$F7,"") -> 0.98633493 | F9: =IFERROR('Selected scen drivers'!H7/'Selected scen drivers'!$F7,"") -> 1.0303662 | G9: =IFERROR('Selected scen drivers'!I7/'Selected scen drivers'!$F7,"") -> 1.1297096 | H9: =IFERROR('Selected scen drivers'!J7/'Selected scen drivers'!$F7,"") -> 1.2739568 | I9: =IFERROR('Selected scen drivers'!K7/'Selected scen drivers'!$F7,"") -> 1.4304403 | J9: =IFERROR('Selected scen drivers'!L7/'Selected scen drivers'!$F7,"") -> 1.6131574 | K9: =IFERROR('Selected scen drivers'!M7/'Selected scen drivers'!$F7,"") -> 1.8302644 | ... U9: =IFERROR('Selected scen drivers'!W7/'Selected scen drivers'!$F7,"") -> 7.4820555
B10: ='Selected scen drivers'!C8 -> Africa_other | C10: ='Selected scen drivers'!D8 -> GDPSER | D10: =IFERROR('Selected scen drivers'!F8/'Selected scen drivers'!$F8,"") -> 1 | E10: =IFERROR('Selected scen drivers'!G8/'Selected scen drivers'!$F8,"") -> 1.0189785 | F10: =IFERROR('Selected scen drivers'!H8/'Selected scen drivers'!$F8,"") -> 1.2551922 | G10: =IFERROR('Selected scen drivers'!I8/'Selected scen drivers'!$F8,"") -> 1.6207485 | H10: =IFERROR('Selected scen drivers'!J8/'Selected scen drivers'!$F8,"") -> 2.1404434 | I10: =IFERROR('Selected scen drivers'!K8/'Selected scen drivers'!$F8,"") -> 2.784716 | J10: =IFERROR('Selected scen drivers'!L8/'Selected scen drivers'!$F8,"") -> 3.598523 | K10: =IFERROR('Selected scen drivers'!M8/'Selected scen drivers'!$F8,"") -> 4.6267519 | ... U10: =IFERROR('Selected scen drivers'!W8/'Selected scen drivers'!$F8,"") -> 37.70749
B11: ='Selected scen drivers'!C9 -> Africa_other | C11: ='Selected scen drivers'!D9 -> HOU | D11: =IFERROR('Selected scen drivers'!F9/'Selected scen drivers'!$F9,"") -> 1 | E11: =IFERROR('Selected scen drivers'!G9/'Selected scen drivers'!$F9,"") -> 1.0350255 | F11: =IFERROR('Selected scen drivers'!H9/'Selected scen drivers'!$F9,"") -> 1.2101532 | G11: =IFERROR('Selected scen drivers'!I9/'Selected scen drivers'!$F9,"") -> 1.4102458 | H11: =IFERROR('Selected scen drivers'!J9/'Selected scen drivers'!$F9,"") -> 1.6331412 | I11: =IFERROR('Selected scen drivers'!K9/'Selected scen drivers'!$F9,"") -> 1.871889 | J11: =IFERROR('Selected scen drivers'!L9/'Selected scen drivers'!$F9,"") -> 2.1220575 | K11: =IFERROR('Selected scen drivers'!M9/'Selected scen drivers'!$F9,"") -> 2.3786087 | ... U11: =IFERROR('Selected scen drivers'!W9/'Selected scen drivers'!$F9,"") -> 4.1286785
B12: ='Selected scen drivers'!C10 -> Africa_other | C12: ='Selected scen drivers'!D10 -> POP | D12: =IFERROR('Selected scen drivers'!F10/'Selected scen drivers'!$F10,"") -> 1 | E12: =IFERROR('Selected scen drivers'!G10/'Selected scen drivers'!$F10,"") -> 1.0283509 | F12: =IFERROR('Selected scen drivers'!H10/'Selected scen drivers'!$F10,"") -> 1.1701053 | G12: =IFERROR('Selected scen drivers'!I10/'Selected scen drivers'!$F10,"") -> 1.3216738 | H12: =IFERROR('Selected scen drivers'!J10/'Selected scen drivers'!$F10,"") -> 1.4801414 | I12: =IFERROR('Selected scen drivers'!K10/'Selected scen drivers'!$F10,"") -> 1.6430143 | J12: =IFERROR('Selected scen drivers'!L10/'Selected scen drivers'!$F10,"") -> 1.8074979 | K12: =IFERROR('Selected scen drivers'!M10/'Selected scen drivers'!$F10,"") -> 1.9706613 | ... U12: =IFERROR('Selected scen drivers'!W10/'Selected scen drivers'!$F10,"") -> 3.0081827
B13: ='Selected scen drivers'!C11 -> India | C13: ='Selected scen drivers'!D11 -> GDP | D13: =IFERROR('Selected scen drivers'!F11/'Selected scen drivers'!$F11,"") -> 1 | E13: =IFERROR('Selected scen drivers'!G11/'Selected scen drivers'!$F11,"") -> 1.0376239 | F13: =IFERROR('Selected scen drivers'!H11/'Selected scen drivers'!$F11,"") -> 1.4462721 | G13: =IFERROR('Selected scen drivers'!I11/'Selected scen drivers'!$F11,"") -> 1.9168484 | H13: =IFERROR('Selected scen drivers'!J11/'Selected scen drivers'!$F11,"") -> 2.4175631 | I13: =IFERROR('Selected scen drivers'!K11/'Selected scen drivers'!$F11,"") -> 2.958666 | J13: =IFERROR('Selected scen drivers'!L11/'Selected scen drivers'!$F11,"") -> 3.5407793 | K13: =IFERROR('Selected scen drivers'!M11/'Selected scen drivers'!$F11,"") -> 4.1652085 | ... U13: =IFERROR('Selected scen drivers'!W11/'Selected scen drivers'!$F11,"") -> 11.010722
B14: ='Selected scen drivers'!C12 -> India | C14: ='Selected scen drivers'!D12 -> GDPAGR | D14: =IFERROR('Selected scen drivers'!F12/'Selected scen drivers'!$F12,"") -> 1 | E14: =IFERROR('Selected scen drivers'!G12/'Selected scen drivers'!$F12,"") -> 1.0376239 | F14: =IFERROR('Selected scen drivers'!H12/'Selected scen drivers'!$F12,"") -> 1.3992525 | G14: =IFERROR('Selected scen drivers'!I12/'Selected scen drivers'!$F12,"") -> 1.7922114 | H14: =IFERROR('Selected scen drivers'!J12/'Selected scen drivers'!$F12,"") -> 2.1817717 | I14: =IFERROR('Selected scen drivers'!K12/'Selected scen drivers'!$F12,"") -> 2.5739104 | J14: =IFERROR('Selected scen drivers'!L12/'Selected scen drivers'!$F12,"") -> 2.9652097 | K14: =IFERROR('Selected scen drivers'!M12/'Selected scen drivers'!$F12,"") -> 3.3527205 | ... U14: =IFERROR('Selected scen drivers'!W12/'Selected scen drivers'!$F12,"") -> 5.2832267
B15: ='Selected scen drivers'!C13 -> India | C15: ='Selected scen drivers'!D13 -> GDPIND | D15: =IFERROR('Selected scen drivers'!F13/'Selected scen drivers'!$F13,"") -> 1 | E15: =IFERROR('Selected scen drivers'!G13/'Selected scen drivers'!$F13,"") -> 1.0376239 | F15: =IFERROR('Selected scen drivers'!H13/'Selected scen drivers'!$F13,"") -> 1.4475328 | G15: =IFERROR('Selected scen drivers'!I13/'Selected scen drivers'!$F13,"") -> 1.9201901 | H15: =IFERROR('Selected scen drivers'!J13/'Selected scen drivers'!$F13,"") -> 2.4238852 | I15: =IFERROR('Selected scen drivers'!K13/'Selected scen drivers'!$F13,"") -> 2.9689821 | J15: =IFERROR('Selected scen drivers'!L13/'Selected scen drivers'!$F13,"") -> 3.5562115 | K15: =IFERROR('Selected scen drivers'!M13/'Selected scen drivers'!$F13,"") -> 4.186993 | ... U15: =IFERROR('Selected scen drivers'!W13/'Selected scen drivers'!$F13,"") -> 11.164288
... B273: ='Selected scen drivers'!C271 | C273: ='Selected scen drivers'!D271 -> POP | D273: =IFERROR('Selected scen drivers'!F271/'Selected scen drivers'!$F271,"") | E273: =IFERROR('Selected scen drivers'!G271/'Selected scen drivers'!$F271,"") | F273: =IFERROR('Selected scen drivers'!H271/'Selected scen drivers'!$F271,"") | G273: =IFERROR('Selected scen drivers'!I271/'Selected scen drivers'!$F271,"") | H273: =IFERROR('Selected scen drivers'!J271/'Selected scen drivers'!$F271,"") | I273: =IFERROR('Selected scen drivers'!K271/'Selected scen drivers'!$F271,"") | J273: =IFERROR('Selected scen drivers'!L271/'Selected scen drivers'!$F271,"") | K273: =IFERROR('Selected scen drivers'!M271/'Selected scen drivers'!$F271,"") | ... U273: =IFERROR('Selected scen drivers'!W271/'Selected scen drivers'!$F271,"")

Sheet BYDem
A1: scenario | B1: region | C1: attribute | D1: process | E1: commodity | F1: lim_type | G1: time_slice | H1: year | I1: commodity_group | J1: currency | K1: stage | L1: sow | M1: valfield | N1: year2
A2: BASE | B2: Africa_north | C2: Demand | D2: - | E2: AGR | F2: - | G2: - | H2: 2019 | I2: - | J2: - | K2: - | L2: - | M2: 146.48919 | N2: - | Q2: Africa | R2: AGR
A3: BASE | B3: Africa_north | C3: Demand | D3: - | E3: CCK | F3: - | G3: - | H3: 2019 | I3: - | J3: - | K3: - | L3: - | M3: 21.445394 | N3: - | Q3: AsiaCen | R3: AGR
A4: BASE | B4: Africa_north | C4: Demand | D4: - | E4: CHW | F4: - | G4: - | H4: 2019 | I4: - | J4: - | K4: - | L4: - | M4: 16.899009 | N4: - | Q4: AsiaDev | R4: AGR
A5: BASE | B5: Africa_north | C5: Demand | D5: - | E5: CLA | F5: - | G5: - | H5: 2019 | I5: - | J5: - | K5: - | L5: - | M5: 118.29092 | N5: - | Q5: AsiaEm | R5: AGR
A6: BASE | B6: Africa_north | C6: Demand | D6: - | E6: COE | F6: - | G6: - | H6: 2019 | I6: - | J6: - | K6: - | L6: - | M6: 38.281853 | N6: - | Q6: Australia | R6: AGR
A7: BASE | B7: Africa_north | C7: Demand | D7: - | E7: COT | F7: - | G7: - | H7: 2019 | I7: - | J7: - | K7: - | L7: - | M7: 0 | N7: - | Q7: Brazil | R7: AGR
A8: BASE | B8: Africa_north | C8: Demand | D8: - | E8: CRF | F8: - | G8: - | H8: 2019 | I8: - | J8: - | K8: - | L8: - | M8: 71.778474 | N8: - | Q8: Canada | R8: AGR
A9: BASE | B9: Africa_north | C9: Demand | D9: - | E9: CSC | F9: - | G9: - | H9: 2019 | I9: - | J9: - | K9: - | L9: - | M9: 87.11965 | N9: - | Q9: China | R9: AGR
A10: BASE | B10: Africa_north | C10: Demand | D10: - | E10: CSH | F10: - | G10: - | H10: 2019 | I10: - | J10: - | K10: - | L10: - | M10: 1.0525188 | N10: - | Q10: CSA | R10: AGR
A11: BASE | B11: Africa_north | C11: Demand | D11: - | E11: ICH | F11: - | G11: - | H11: 2019 | I11: - | J11: - | K11: - | L11: - | M11: 23.151305 | N11: - | Q11: EU | R11: AGR
A12: BASE | B12: Africa_north | C12: Demand | D12: - | E12: ICH_Feedstock | F12: - | G12: - | H12: 2019 | I12: - | J12: - | K12: - | L12: - | M12: 522.34742 | N12: - | Q12: EurDev | R12: AGR
A13: BASE | B13: Africa_north | C13: Demand | D13: - | E13: IFP | F13: - | G13: - | H13: 2019 | I13: - | J13: - | K13: - | L13: - | M13: 52.558783 | N13: - | Q13: EurEm | R13: AGR
... A783: BASE | B783: India | C783: Demand | D783: - | E783: REA | F783: - | G783: - | H783: 2019 | I783: - | J783: - | K783: - | L783: - | M783: 503.01982 | N783: - | Q783: USA | R783: TWI
A784: BASE | B784: India | C784: Demand | D784: - | E784: RHW | F784: - | G784: - | H784: 2019 | I784: - | J784: - | K784: - | L784: - | M784: 153.97833 | N784: -
A785: BASE | B785: India | C785: Demand | D785: - | E785: RLI | F785: - | G785: - | H785: 2019 | I785: - | J785: - | K785: - | L785: - | M785: 299.95523 | N785: -
A786: BASE | B786: India | C786: Demand | D786: - | E786: ROT | F786: - | G786: - | H786: 2019 | I786: - | J786: - | K786: - | L786: - | M786: 0 | N786: -
A787: BASE | B787: India | C787: Demand | D787: - | E787: RRF | F787: - | G787: - | H787: 2019 | I787: - | J787: - | K787: - | L787: - | M787: 154.50141 | N787: -
A788: BASE | B788: India | C788: Demand | D788: - | E788: RSC | F788: - | G788: - | H788: 2019 | I788: - | J788: - | K788: - | L788: - | M788: 719.32488 | N788: -
A789: BASE | B789: India | C789: Demand | D789: - | E789: RSH | F789: - | G789: - | H789: 2019 | I789: - | J789: - | K789: - | L789: - | M789: 0 | N789: -
A790: BASE | B790: India | C790: Demand | D790: - | E790: TAD | F790: - | G790: - | H790: 2019 | I790: - | J790: - | K790: - | L790: - | M790: 179.28629 | N790: -
A791: BASE | B791: India | C791: Demand | D791: - | E791: TAI | F791: - | G791: - | H791: 2019 | I791: - | J791: - | K791: - | L791: - | M791: 177.46911 | N791: -
A792: BASE | B792: India | C792: Demand | D792: - | E792: TTF | F792: - | G792: - | H792: 2019 | I792: - | J792: - | K792: - | L792: - | M792: 75.657849 | N792: -
A793: BASE | B793: India | C793: Demand | D793: - | E793: TTP | F793: - | G793: - | H793: 2019 | I793: - | J793: - | K793: - | L793: - | M793: 103.23097 | N793: -
A794: BASE | B794: India | C794: Demand | D794: - | E794: TWD | F794: - | G794: - | H794: 2019 | I794: - | J794: - | K794: - | L794: - | M794: 64.375404 | N794: -
A795: BASE | B795: India | C795: Demand | D795: - | E795: TWI | F795: - | G795: - | H795: 2019 | I795: - | J795: - | K795: - | L795: - | M795: 68.148941 | N795: -
... A1161: BASE | B1161: USA | C1161: Demand | D1161: - | E1161: Trd_Lcv | F1161: - | G1161: - | H1161: 2019 | I1161: - | J1161: - | K1161: - | L1161: - | M1161: 973 | N1161: -

Sheet MIG_demproj
B1: Sector | C1: Region | D1: driver | E1: Period | F1: Region_agg | G1: Adjusted_R2 | H1: Elasticity | I1: P_Value | J1: Sector_Agg | K1: Elasticity_Status | L1: Model_Fit | M1: loop_region | N1: used_region
A2: =B2&C2 -> agricultureAfrica_north | B2: agriculture | C2: Africa_north | D2: POP | E2: 2010-2022 | F2: world | G2: 0.951375 | H2: 1.309258 | I2: 0 | J2: Commercial | K2: Accept | L2: Good Fit | M2: World | N2: World | P2: Road | Q2: Trd_car
A3: =B3&C3 -> chemicalAfrica_north | B3: chemical | C3: Africa_north | D3: GDP | E3: 1990-2022 | F3: kinesys_ifp | G3: 0.878045 | H3: 0.748921 | I3: 0 | J3: Industry | K3: Accept | L3: Good Fit | M3: modelreg | N3: Africa_north | P3: Road | Q3: Trd_bus
A4: =B4&C4 -> commercialAfrica_north | B4: commercial | C4: Africa_north | D4: GDPSER | E4: 2010-2022 | F4: kinesys_ifp | G4: 0.797303 | H4: 0.58336 | I4: 0.000133 | J4: Commercial | K4: Accept | L4: Good Fit | M4: modelreg | N4: Africa_north | P4: Road | Q4: Trd_lcv
A5: =B5&C5 -> commercial_elecAfrica_north | B5: commercial_elec | C5: Africa_north | D5: GDPSER | E5: 2010-2022 | F5: kinesys_ifp | G5: 0.66465 | H5: 0.425581 | I5: 0.001361 | J5: Commercial | K5: Accept | L5: Weak Fit | M5: modelreg | N5: Africa_north | P5: Road | Q5: Trd_hdt
A6: =B6&C6 -> domestic aviationAfrica_north | B6: domestic aviation | C6: Africa_north | D6: GDP | E6: 2000-2022 | F6: kinesys_elast | G6: 0.914297 | H6: 0.61891 | I6: 0 | J6: Transport | K6: Accept | L6: Good Fit | M6: aggreg | N6: MENA | P6: Road | Q6: Trd_2w
A7: =B7&C7 -> domestic shipsAfrica_north | B7: domestic ships | C7: Africa_north | D7: GDPSER | E7: 2010-2022 | F7: world | G7: 0.852825 | H7: 0.790903 | I7: 3.1e-05 | J7: Transport | K7: Accept | L7: Good Fit | M7: World | N7: World | P7: Road | Q7: Trd_3w
A8: =B8&C8 -> international aviationAfrica_north | B8: international aviation | C8: Africa_north | D8: GDP | E8: 2000-2022 | F8: kinesys_elast | G8: 0.900721 | H8: 0.877024 | I8: 0 | J8: Transport | K8: Accept | L8: Good Fit | M8: aggreg | N8: MENA | P8: International Aviation | Q8: TAI
A9: =B9&C9 -> international shipsAfrica_north | B9: international ships | C9: Africa_north | D9: GDPSER | E9: 2000-2022 | F9: kinesys_ifp | G9: 0.837606 | H9: -1.552815 | I9: 0 | J9: Transport | K9: Flag | L9: Good Fit | M9: modelreg | N9: Africa_north | P9: Domestic Aviation | Q9: TAD
A10: =B10&C10 -> iron and steelAfrica_north | B10: iron and steel | C10: Africa_north | D10: GDP | E10: 2010-2022 | F10: kinesys_ifp | G10: 0.714352 | H10: 4.433058 | I10: 0.000645 | J10: Industry | K10: Flag | L10: Good Fit | M10: modelreg | N10: Africa_north | P10: Rail_elec | Q10: TTF
A11: =B11&C11 -> non-ferrous metalsAfrica_north | B11: non-ferrous metals | C11: Africa_north | D11: GDPIND | E11: 2010-2022 | F11: world | G11: 0.916709 | H11: 1.178897 | I11: 2e-06 | J11: Industry | K11: Accept | L11: Good Fit | M11: World | N11: World | P11: Rail_elec | Q11: TTP
A12: =B12&C12 -> non-metalsAfrica_north | B12: non-metals | C12: Africa_north | D12: GDPIND | E12: 2000-2022 | F12: kinesys_ifp | G12: 0.78893 | H12: 1.059114 | I12: 0 | J12: Industry | K12: Accept | L12: Good Fit | M12: modelreg | N12: Africa_north | P12: Domestic Ships | Q12: TWD
A13: =B13&C13 -> other industryAfrica_north | B13: other industry | C13: Africa_north | D13: GDPIND | E13: 2000-2022 | F13: kinesys_elast | G13: 0.863682 | H13: 0.967152 | I13: 0 | J13: Industry | K13: Accept | L13: Good Fit | M13: aggreg | N13: MENA | P13: International Ships | Q13: TWI
... A49: =B49&C49 -> non-ferrous metalsArg-Chi | B49: non-ferrous metals | C49: Arg-Chi | D49: GDP | E49: 2010-2022 | F49: world | G49: 0.948433 | H49: 0.986561 | I49: 0 | J49: Industry | K49: Accept | L49: Good Fit | M49: World | N49: World | P49: Other Industry | Q49: ONO
A50: =B50&C50 -> non-metalsArg-Chi | B50: non-metals | C50: Arg-Chi | D50: GDP | E50: 2000-2022 | F50: kinesys_ifp | G50: 0.792237 | H50: 0.936582 | I50: 0 | J50: Industry | K50: Accept | L50: Good Fit | M50: modelreg | N50: Arg-Chi
A51: =B51&C51 -> other industryArg-Chi | B51: other industry | C51: Arg-Chi | D51: GDPIND | E51: 1990-2022 | F51: kinesys_elast | G51: 0.913568 | H51: 0.760781 | I51: 0 | J51: Industry | K51: Accept | L51: Good Fit | M51: aggreg | N51: LatAm
A52: =B52&C52 -> pulp and paperArg-Chi | B52: pulp and paper | C52: Arg-Chi | D52: GDP | E52: 2000-2022 | F52: kinesys_ifp | G52: 0.822844 | H52: 1.305548 | I52: 0 | J52: Industry | K52: Accept | L52: Good Fit | M52: modelreg | N52: Arg-Chi
A53: =B53&C53 -> rail_elecArg-Chi | B53: rail_elec | C53: Arg-Chi | D53: GDPSER | E53: 1990-2022 | F53: kinesys_elast | G53: 0.916668 | H53: 0.658005 | I53: 0 | J53: Transport | K53: Accept | L53: Good Fit | M53: aggreg | N53: LatAm
A54: =B54&C54 -> residentialArg-Chi | B54: residential | C54: Arg-Chi | D54: GDPPCAP | E54: 2000-2022 | F54: kinesys_ifp | G54: 0.947073 | H54: 1.185697 | I54: 0 | J54: Residential | K54: Accept | L54: Good Fit | M54: modelreg | N54: Arg-Chi
A55: =B55&C55 -> residential_elecArg-Chi | B55: residential_elec | C55: Arg-Chi | D55: GDPPCAP | E55: 2000-2022 | F55: kinesys_ifp | G55: 0.896856 | H55: 1.781221 | I55: 0 | J55: Residential | K55: Accept | L55: Good Fit | M55: modelreg | N55: Arg-Chi
A56: =B56&C56 -> roadArg-Chi | B56: road | C56: Arg-Chi | D56: GDPPCAP | E56: 2000-2022 | F56: kinesys_ifp | G56: 0.851786 | H56: 1.064044 | I56: 0 | J56: Transport | K56: Accept | L56: Good Fit | M56: modelreg | N56: Arg-Chi
A57: =B57&C57 -> road_dieselArg-Chi | B57: road_diesel | C57: Arg-Chi | D57: GDPSER | E57: 2010-2022 | F57: kinesys_elast | G57: 0.843568 | H57: 0.462633 | I57: 4.1e-05 | J57: Transport | K57: Accept | L57: Good Fit | M57: aggreg | N57: LatAm
A58: =B58&C58 -> road_gasolineArg-Chi | B58: road_gasoline | C58: Arg-Chi | D58: GDP | E58: 2010-2022 | F58: kinesys_ifp | G58: 0.828774 | H58: 2.544031 | I58: 6.1e-05 | J58: Transport | K58: Review | L58: Good Fit | M58: modelreg | N58: Arg-Chi
A59: =B59&C59 -> agricultureAsia_central | B59: agriculture | C59: Asia_central | D59: POP | E59: 2010-2022 | F59: world | G59: 0.951375 | H59: 1.309258 | I59: 0 | J59: Commercial | K59: Accept | L59: Good Fit | M59: World | N59: World
A60: =B60&C60 -> chemicalAsia_central | B60: chemical | C60: Asia_central | D60: GDPIND | E60: 2010-2022 | F60: kinesys_ifp | G60: 0.892487 | H60: 2.939924 | I60: 7e-06 | J60: Industry | K60: Review | L60: Good Fit | M60: modelreg | N60: Asia_central
A61: =B61&C61 -> commercialAsia_central | B61: commercial | C61: Asia_central | D61: GDP | E61: 2000-2022 | F61: kinesys_ifp | G61: 0.73209 | H61: 0.809963 | I61: 0 | J61: Commercial | K61: Accept | L61: Good Fit | M61: modelreg | N61: Asia_central
... A552: =B552&C552 -> road_gasolineUSA | B552: road_gasoline | C552: USA | D552: GDP | E552: 2010-2022 | F552: world | G552: 0.861982 | H552: 0.463719 | I552: 2.3e-05 | J552: Transport | K552: Accept | L552: Good Fit | M552: World | N552: World

Sheet Driver_elast
B1: =BYDem!B1 -> region | C1: =BYDem!E1 -> commodity | D1: Driver | E1: Elasticity
A2: =C2&B2 -> AGRAfrica_north | B2: =BYDem!B2 -> Africa_north | C2: =BYDem!E2 -> AGR | D2: =VLOOKUP(_xlfn.XLOOKUP(Driver_elast!C2,MIG_demproj!$Q$2:$Q$49,MIG_demproj!$P$2:$P$49)&B2,MIG_demproj!$A$2:$H$9999,4,FALSE) -> POP | E2: =MAX(VLOOKUP(_xlfn.XLOOKUP(Driver_elast!C2,MIG_demproj!$Q$2:$Q$49,MIG_demproj!$P$2:$P$49)&B2,MIG_demproj!$A$2:$H$9999,8,FALSE),0)+IFERROR(VLOOKUP(C2,$I$3:$J$25,2,FALSE),0) -> 1.309258 | I2: markups
A3: =C3&B3 -> CCKAfrica_north | B3: =BYDem!B3 -> Africa_north | C3: =BYDem!E3 -> CCK | D3: =VLOOKUP(_xlfn.XLOOKUP(Driver_elast!C3,MIG_demproj!$Q$2:$Q$49,MIG_demproj!$P$2:$P$49)&B3,MIG_demproj!$A$2:$H$9999,4,FALSE) -> GDPSER | E3: =MAX(VLOOKUP(_xlfn.XLOOKUP(Driver_elast!C3,MIG_demproj!$Q$2:$Q$49,MIG_demproj!$P$2:$P$49)&B3,MIG_demproj!$A$2:$H$9999,8,FALSE),0)+IFERROR(VLOOKUP(C3,$I$3:$J$25,2,FALSE),0) -> 0.58336 | I3: CSC | J3: 1
A4: =C4&B4 -> CHWAfrica_north | B4: =BYDem!B4 -> Africa_north | C4: =BYDem!E4 -> CHW | D4: =VLOOKUP(_xlfn.XLOOKUP(Driver_elast!C4,MIG_demproj!$Q$2:$Q$49,MIG_demproj!$P$2:$P$49)&B4,MIG_demproj!$A$2:$H$9999,4,FALSE) -> GDPSER | E4: =MAX(VLOOKUP(_xlfn.XLOOKUP(Driver_elast!C4,MIG_demproj!$Q$2:$Q$49,MIG_demproj!$P$2:$P$49)&B4,MIG_demproj!$A$2:$H$9999,8,FALSE),0)+IFERROR(VLOOKUP(C4,$I$3:$J$25,2,FALSE),0) -> 0.58336 | I4: COE | J4: 1
A5: =C5&B5 -> CLAAfrica_north | B5: =BYDem!B5 -> Africa_north | C5: =BYDem!E5 -> CLA | D5: =VLOOKUP(_xlfn.XLOOKUP(Driver_elast!C5,MIG_demproj!$Q$2:$Q$49,MIG_demproj!$P$2:$P$49)&B5,MIG_demproj!$A$2:$H$9999,4,FALSE) -> GDPSER | E5: =MAX(VLOOKUP(_xlfn.XLOOKUP(Driver_elast!C5,MIG_demproj!$Q$2:$Q$49,MIG_demproj!$P$2:$P$49)&B5,MIG_demproj!$A$2:$H$9999,8,FALSE),0)+IFERROR(VLOOKUP(C5,$I$3:$J$25,2,FALSE),0) -> 0.425581 | I5: NEU | J5: -0.5
A6: =C6&B6 -> COEAfrica_north | B6: =BYDem!B6 -> Africa_north | C6: =BYDem!E6 -> COE | D6: =VLOOKUP(_xlfn.XLOOKUP(Driver_elast!C6,MIG_demproj!$Q$2:$Q$49,MIG_demproj!$P$2:$P$49)&B6,MIG_demproj!$A$2:$H$9999,4,FALSE) -> GDPSER | E6: =MAX(VLOOKUP(_xlfn.XLOOKUP(Driver_elast!C6,MIG_demproj!$Q$2:$Q$49,MIG_demproj!$P$2:$P$49)&B6,MIG_demproj!$A$2:$H$9999,8,FALSE),0)+IFERROR(VLOOKUP(C6,$I$3:$J$25,2,FALSE),0) -> 1.425581 | I6: RSC | J6: 0.5
A7: =C7&B7 -> COTAfrica_north | B7: =BYDem!B7 -> Africa_north | C7: =BYDem!E7 -> COT | D7: =VLOOKUP(_xlfn.XLOOKUP(Driver_elast!C7,MIG_demproj!$Q$2:$Q$49,MIG_demproj!$P$2:$P$49)&B7,MIG_demproj!$A$2:$H$9999,4,FALSE) -> GDPSER | E7: =MAX(VLOOKUP(_xlfn.XLOOKUP(Driver_elast!C7,MIG_demproj!$Q$2:$Q$49,MIG_demproj!$P$2:$P$49)&B7,MIG_demproj!$A$2:$H$9999,8,FALSE),0)+IFERROR(VLOOKUP(C7,$I$3:$J$25,2,FALSE),0) -> 0.58336 | I7: REA | J7: 0.5
A8: =C8&B8 -> CRFAfrica_north | B8: =BYDem!B8 -> Africa_north | C8: =BYDem!E8 -> CRF | D8: =VLOOKUP(_xlfn.XLOOKUP(Driver_elast!C8,MIG_demproj!$Q$2:$Q$49,MIG_demproj!$P$2:$P$49)&B8,MIG_demproj!$A$2:$H$9999,4,FALSE) -> GDPSER | E8: =MAX(VLOOKUP(_xlfn.XLOOKUP(Driver_elast!C8,MIG_demproj!$Q$2:$Q$49,MIG_demproj!$P$2:$P$49)&B8,MIG_demproj!$A$2:$H$9999,8,FALSE),0)+IFERROR(VLOOKUP(C8,$I$3:$J$25,2,FALSE),0) -> 0.425581
A9: =C9&B9 -> CSCAfrica_north | B9: =BYDem!B9 -> Africa_north | C9: =BYDem!E9 -> CSC | D9: =VLOOKUP(_xlfn.XLOOKUP(Driver_elast!C9,MIG_demproj!$Q$2:$Q$49,MIG_demproj!$P$2:$P$49)&B9,MIG_demproj!$A$2:$H$9999,4,FALSE) -> GDPSER | E9: =MAX(VLOOKUP(_xlfn.XLOOKUP(Driver_elast!C9,MIG_demproj!$Q$2:$Q$49,MIG_demproj!$P$2:$P$49)&B9,MIG_demproj!$A$2:$H$9999,8,FALSE),0)+IFERROR(VLOOKUP(C9,$I$3:$J$25,2,FALSE),0) -> 1.425581
A10: =C10&B10 -> CSHAfrica_north | B10: =BYDem!B10 -> Africa_north | C10: =BYDem!E10 -> CSH | D10: =VLOOKUP(_xlfn.XLOOKUP(Driver_elast!C10,MIG_demproj!$Q$2:$Q$49,MIG_demproj!$P$2:$P$49)&B10,MIG_demproj!$A$2:$H$9999,4,FALSE) -> GDPSER | E10: =MAX(VLOOKUP(_xlfn.XLOOKUP(Driver_elast!C10,MIG_demproj!$Q$2:$Q$49,MIG_demproj!$P$2:$P$49)&B10,MIG_demproj!$A$2:$H$9999,8,FALSE),0)+IFERROR(VLOOKUP(C10,$I$3:$J$25,2,FALSE),0) -> 0.58336
A11: =C11&B11 -> ICHAfrica_north | B11: =BYDem!B11 -> Africa_north | C11: =BYDem!E11 -> ICH | D11: =VLOOKUP(_xlfn.XLOOKUP(Driver_elast!C11,MIG_demproj!$Q$2:$Q$49,MIG_demproj!$P$2:$P$49)&B11,MIG_demproj!$A$2:$H$9999,4,FALSE) -> GDP | E11: =MAX(VLOOKUP(_xlfn.XLOOKUP(Driver_elast!C11,MIG_demproj!$Q$2:$Q$49,MIG_demproj!$P$2:$P$49)&B11,MIG_demproj!$A$2:$H$9999,8,FALSE),0)+IFERROR(VLOOKUP(C11,$I$3:$J$25,2,FALSE),0) -> 0.748921
A12: =C12&B12 -> ICH_FeedstockAfrica_north | B12: =BYDem!B12 -> Africa_north | C12: =BYDem!E12 -> ICH_Feedstock | D12: =VLOOKUP(_xlfn.XLOOKUP(Driver_elast!C12,MIG_demproj!$Q$2:$Q$49,MIG_demproj!$P$2:$P$49)&B12,MIG_demproj!$A$2:$H$9999,4,FALSE) -> GDP | E12: =MAX(VLOOKUP(_xlfn.XLOOKUP(Driver_elast!C12,MIG_demproj!$Q$2:$Q$49,MIG_demproj!$P$2:$P$49)&B12,MIG_demproj!$A$2:$H$9999,8,FALSE),0)+IFERROR(VLOOKUP(C12,$I$3:$J$25,2,FALSE),0) -> 0.748921
A13: =C13&B13 -> IFPAfrica_north | B13: =BYDem!B13 -> Africa_north | C13: =BYDem!E13 -> IFP | D13: =VLOOKUP(_xlfn.XLOOKUP(Driver_elast!C13,MIG_demproj!$Q$2:$Q$49,MIG_demproj!$P$2:$P$49)&B13,MIG_demproj!$A$2:$H$9999,4,FALSE) -> GDPIND | E13: =MAX(VLOOKUP(_xlfn.XLOOKUP(Driver_elast!C13,MIG_demproj!$Q$2:$Q$49,MIG_demproj!$P$2:$P$49)&B13,MIG_demproj!$A$2:$H$9999,8,FALSE),0)+IFERROR(VLOOKUP(C13,$I$3:$J$25,2,FALSE),0) -> 0.967152
A14: =C14&B14 -> ILPAfrica_north | B14: =BYDem!B14 -> Africa_north | C14: =BYDem!E14 -> ILP | D14: =VLOOKUP(_xlfn.XLOOKUP(Driver_elast!C14,MIG_demproj!$Q$2:$Q$49,MIG_demproj!$P$2:$P$49)&B14,MIG_demproj!$A$2:$H$9999,4,FALSE) -> GDP | E14: =MAX(VLOOKUP(_xlfn.XLOOKUP(Driver_elast!C14,MIG_demproj!$Q$2:$Q$49,MIG_demproj!$P$2:$P$49)&B14,MIG_demproj!$A$2:$H$9999,8,FALSE),0)+IFERROR(VLOOKUP(C14,$I$3:$J$25,2,FALSE),0) -> 0.531986
A15: =C15&B15 -> IMCAfrica_north | B15: =BYDem!B15 -> Africa_north | C15: =BYDem!E15 -> IMC | D15: =VLOOKUP(_xlfn.XLOOKUP(Driver_elast!C15,MIG_demproj!$Q$2:$Q$49,MIG_demproj!$P$2:$P$49)&B15,MIG_demproj!$A$2:$H$9999,4,FALSE) -> GDPIND | E15: =MAX(VLOOKUP(_xlfn.XLOOKUP(Driver_elast!C15,MIG_demproj!$Q$2:$Q$49,MIG_demproj!$P$2:$P$49)&B15,MIG_demproj!$A$2:$H$9999,8,FALSE),0)+IFERROR(VLOOKUP(C15,$I$3:$J$25,2,FALSE),0) -> 0.967152
A16: =C16&B16 -> INFAfrica_north | B16: =BYDem!B16 -> Africa_north | C16: =BYDem!E16 -> INF | D16: =VLOOKUP(_xlfn.XLOOKUP(Driver_elast!C16,MIG_demproj!$Q$2:$Q$49,MIG_demproj!$P$2:$P$49)&B16,MIG_demproj!$A$2:$H$9999,4,FALSE) -> GDPIND | E16: =MAX(VLOOKUP(_xlfn.XLOOKUP(Driver_elast!C16,MIG_demproj!$Q$2:$Q$49,MIG_demproj!$P$2:$P$49)&B16,MIG_demproj!$A$2:$H$9999,8,FALSE),0)+IFERROR(VLOOKUP(C16,$I$3:$J$25,2,FALSE),0) -> 1.178897
A17: =C17&B17 -> INMAfrica_north | B17: =BYDem!B17 -> Africa_north | C17: =BYDem!E17 -> INM | D17: =VLOOKUP(_xlfn.XLOOKUP(Driver_elast!C17,MIG_demproj!$Q$2:$Q$49,MIG_demproj!$P$2:$P$49)&B17,MIG_demproj!$A$2:$H$9999,4,FALSE) -> GDPIND | E17: =MAX(VLOOKUP(_xlfn.XLOOKUP(Driver_elast!C17,MIG_demproj!$Q$2:$Q$49,MIG_demproj!$P$2:$P$49)&B17,MIG_demproj!$A$2:$H$9999,8,FALSE),0)+IFERROR(VLOOKUP(C17,$I$3:$J$25,2,FALSE),0) -> 1.059114
A18: =C18&B18 -> IOIAfrica_north | B18: =BYDem!B18 -> Africa_north | C18: =BYDem!E18 -> IOI | D18: =VLOOKUP(_xlfn.XLOOKUP(Driver_elast!C18,MIG_demproj!$Q$2:$Q$49,MIG_demproj!$P$2:$P$49)&B18,MIG_demproj!$A$2:$H$9999,4,FALSE) -> GDPIND | E18: =MAX(VLOOKUP(_xlfn.XLOOKUP(Driver_elast!C18,MIG_demproj!$Q$2:$Q$49,MIG_demproj!$P$2:$P$49)&B18,MIG_demproj!$A$2:$H$9999,8,FALSE),0)+IFERROR(VLOOKUP(C18,$I$3:$J$25,2,FALSE),0) -> 0.967152
A19: =C19&B19 -> ITMAfrica_north | B19: =BYDem!B19 -> Africa_north | C19: =BYDem!E19 -> ITM | D19: =VLOOKUP(_xlfn.XLOOKUP(Driver_elast!C19,MIG_demproj!$Q$2:$Q$49,MIG_demproj!$P$2:$P$49)&B19,MIG_demproj!$A$2:$H$9999,4,FALSE) -> GDPIND | E19: =MAX(VLOOKUP(_xlfn.XLOOKUP(Driver_elast!C19,MIG_demproj!$Q$2:$Q$49,MIG_demproj!$P$2:$P$49)&B19,MIG_demproj!$A$2:$H$9999,8,FALSE),0)+IFERROR(VLOOKUP(C19,$I$3:$J$25,2,FALSE),0) -> 0.967152
... A50: =C50&B50 -> CSHAfrica_other | B50: =BYDem!B50 -> Africa_other | C50: =BYDem!E50 -> CSH | D50: =VLOOKUP(_xlfn.XLOOKUP(Driver_elast!C50,MIG_demproj!$Q$2:$Q$49,MIG_demproj!$P$2:$P$49)&B50,MIG_demproj!$A$2:$H$9999,4,FALSE) -> GDP | E50: =MAX(VLOOKUP(_xlfn.XLOOKUP(Driver_elast!C50,MIG_demproj!$Q$2:$Q$49,MIG_demproj!$P$2:$P$49)&B50,MIG_demproj!$A$2:$H$9999,8,FALSE),0)+IFERROR(VLOOKUP(C50,$I$3:$J$25,2,FALSE),0) -> 0.903526
A51: =C51&B51 -> ICHAfrica_other | B51: =BYDem!B51 -> Africa_other | C51: =BYDem!E51 -> ICH | D51: =VLOOKUP(_xlfn.XLOOKUP(Driver_elast!C51,MIG_demproj!$Q$2:$Q$49,MIG_demproj!$P$2:$P$49)&B51,MIG_demproj!$A$2:$H$9999,4,FALSE) -> GDPIND | E51: =MAX(VLOOKUP(_xlfn.XLOOKUP(Driver_elast!C51,MIG_demproj!$Q$2:$Q$49,MIG_demproj!$P$2:$P$49)&B51,MIG_demproj!$A$2:$H$9999,8,FALSE),0)+IFERROR(VLOOKUP(C51,$I$3:$J$25,2,FALSE),0)+0.5 -> 1.440349
A52: =C52&B52 -> ICH_FeedstockAfrica_other | B52: =BYDem!B52 -> Africa_other | C52: =BYDem!E52 -> ICH_Feedstock | D52: =VLOOKUP(_xlfn.XLOOKUP(Driver_elast!C52,MIG_demproj!$Q$2:$Q$49,MIG_demproj!$P$2:$P$49)&B52,MIG_demproj!$A$2:$H$9999,4,FALSE) -> GDPIND | E52: =MAX(VLOOKUP(_xlfn.XLOOKUP(Driver_elast!C52,MIG_demproj!$Q$2:$Q$49,MIG_demproj!$P$2:$P$49)&B52,MIG_demproj!$A$2:$H$9999,8,FALSE),0)+IFERROR(VLOOKUP(C52,$I$3:$J$25,2,FALSE),0)+0.5 -> 1.440349
A53: =C53&B53 -> IFPAfrica_other | B53: =BYDem!B53 -> Africa_other | C53: =BYDem!E53 -> IFP | D53: =VLOOKUP(_xlfn.XLOOKUP(Driver_elast!C53,MIG_demproj!$Q$2:$Q$49,MIG_demproj!$P$2:$P$49)&B53,MIG_demproj!$A$2:$H$9999,4,FALSE) -> GDP | E53: =MAX(VLOOKUP(_xlfn.XLOOKUP(Driver_elast!C53,MIG_demproj!$Q$2:$Q$49,MIG_demproj!$P$2:$P$49)&B53,MIG_demproj!$A$2:$H$9999,8,FALSE),0)+IFERROR(VLOOKUP(C53,$I$3:$J$25,2,FALSE),0)+0.5 -> 0.5
A54: =C54&B54 -> ILPAfrica_other | B54: =BYDem!B54 -> Africa_other | C54: =BYDem!E54 -> ILP | D54: =VLOOKUP(_xlfn.XLOOKUP(Driver_elast!C54,MIG_demproj!$Q$2:$Q$49,MIG_demproj!$P$2:$P$49)&B54,MIG_demproj!$A$2:$H$9999,4,FALSE) -> GDPIND | E54: =MAX(VLOOKUP(_xlfn.XLOOKUP(Driver_elast!C54,MIG_demproj!$Q$2:$Q$49,MIG_demproj!$P$2:$P$49)&B54,MIG_demproj!$A$2:$H$9999,8,FALSE),0)+IFERROR(VLOOKUP(C54,$I$3:$J$25,2,FALSE),0) -> 1.070206
A55: =C55&B55 -> IMCAfrica_other | B55: =BYDem!B55 -> Africa_other | C55: =BYDem!E55 -> IMC | D55: =VLOOKUP(_xlfn.XLOOKUP(Driver_elast!C55,MIG_demproj!$Q$2:$Q$49,MIG_demproj!$P$2:$P$49)&B55,MIG_demproj!$A$2:$H$9999,4,FALSE) -> GDP | E55: =MAX(VLOOKUP(_xlfn.XLOOKUP(Driver_elast!C55,MIG_demproj!$Q$2:$Q$49,MIG_demproj!$P$2:$P$49)&B55,MIG_demproj!$A$2:$H$9999,8,FALSE),0)+IFERROR(VLOOKUP(C55,$I$3:$J$25,2,FALSE),0)+0.5 -> 0.5
A56: =C56&B56 -> INFAfrica_other | B56: =BYDem!B56 -> Africa_other | C56: =BYDem!E56 -> INF | D56: =VLOOKUP(_xlfn.XLOOKUP(Driver_elast!C56,MIG_demproj!$Q$2:$Q$49,MIG_demproj!$P$2:$P$49)&B56,MIG_demproj!$A$2:$H$9999,4,FALSE) -> GDP | E56: =MAX(VLOOKUP(_xlfn.XLOOKUP(Driver_elast!C56,MIG_demproj!$Q$2:$Q$49,MIG_demproj!$P$2:$P$49)&B56,MIG_demproj!$A$2:$H$9999,8,FALSE),0)+IFERROR(VLOOKUP(C56,$I$3:$J$25,2,FALSE),0)+0.3 -> 0.709654
A57: =C57&B57 -> INMAfrica_other | B57: =BYDem!B57 -> Africa_other | C57: =BYDem!E57 -> INM | D57: =VLOOKUP(_xlfn.XLOOKUP(Driver_elast!C57,MIG_demproj!$Q$2:$Q$49,MIG_demproj!$P$2:$P$49)&B57,MIG_demproj!$A$2:$H$9999,4,FALSE) -> GDP | E57: =MAX(VLOOKUP(_xlfn.XLOOKUP(Driver_elast!C57,MIG_demproj!$Q$2:$Q$49,MIG_demproj!$P$2:$P$49)&B57,MIG_demproj!$A$2:$H$9999,8,FALSE),0)+IFERROR(VLOOKUP(C57,$I$3:$J$25,2,FALSE),0)+0.5 -> 2.198893
A58: =C58&B58 -> IOIAfrica_other | B58: =BYDem!B58 -> Africa_other | C58: =BYDem!E58 -> IOI | D58: =VLOOKUP(_xlfn.XLOOKUP(Driver_elast!C58,MIG_demproj!$Q$2:$Q$49,MIG_demproj!$P$2:$P$49)&B58,MIG_demproj!$A$2:$H$9999,4,FALSE) -> GDP | E58: =MAX(VLOOKUP(_xlfn.XLOOKUP(Driver_elast!C58,MIG_demproj!$Q$2:$Q$49,MIG_demproj!$P$2:$P$49)&B58,MIG_demproj!$A$2:$H$9999,8,FALSE),0)+IFERROR(VLOOKUP(C58,$I$3:$J$25,2,FALSE),0)+0.5 -> 0.5
A59: =C59&B59 -> ITMAfrica_other | B59: =BYDem!B59 -> Africa_other | C59: =BYDem!E59 -> ITM | D59: =VLOOKUP(_xlfn.XLOOKUP(Driver_elast!C59,MIG_demproj!$Q$2:$Q$49,MIG_demproj!$P$2:$P$49)&B59,MIG_demproj!$A$2:$H$9999,4,FALSE) -> GDP | E59: =MAX(VLOOKUP(_xlfn.XLOOKUP(Driver_elast!C59,MIG_demproj!$Q$2:$Q$49,MIG_demproj!$P$2:$P$49)&B59,MIG_demproj!$A$2:$H$9999,8,FALSE),0)+IFERROR(VLOOKUP(C59,$I$3:$J$25,2,FALSE),0)+0.5 -> 0.5
A60: =C60&B60 -> NEUAfrica_other | B60: =BYDem!B60 -> Africa_other | C60: =BYDem!E60 -> NEU | D60: =VLOOKUP(_xlfn.XLOOKUP(Driver_elast!C60,MIG_demproj!$Q$2:$Q$49,MIG_demproj!$P$2:$P$49)&B60,MIG_demproj!$A$2:$H$9999,4,FALSE) -> GDP | E60: =MAX(VLOOKUP(_xlfn.XLOOKUP(Driver_elast!C60,MIG_demproj!$Q$2:$Q$49,MIG_demproj!$P$2:$P$49)&B60,MIG_demproj!$A$2:$H$9999,8,FALSE),0)+IFERROR(VLOOKUP(C60,$I$3:$J$25,2,FALSE),0) -> 1.0853
A61: =C61&B61 -> ONOAfrica_other | B61: =BYDem!B61 -> Africa_other | C61: =BYDem!E61 -> ONO | D61: =VLOOKUP(_xlfn.XLOOKUP(Driver_elast!C61,MIG_demproj!$Q$2:$Q$49,MIG_demproj!$P$2:$P$49)&B61,MIG_demproj!$A$2:$H$9999,4,FALSE) -> GDP | E61: =MAX(VLOOKUP(_xlfn.XLOOKUP(Driver_elast!C61,MIG_demproj!$Q$2:$Q$49,MIG_demproj!$P$2:$P$49)&B61,MIG_demproj!$A$2:$H$9999,8,FALSE),0)+IFERROR(VLOOKUP(C61,$I$3:$J$25,2,FALSE),0) -> 0
A62: =C62&B62 -> RCKAfrica_other | B62: =BYDem!B62 -> Africa_other | C62: =BYDem!E62 -> RCK | D62: POP | E62: =MAX(VLOOKUP(_xlfn.XLOOKUP(Driver_elast!C62,MIG_demproj!$Q$2:$Q$49,MIG_demproj!$P$2:$P$49)&B62,MIG_demproj!$A$2:$H$9999,8,FALSE),0)+IFERROR(VLOOKUP(C62,$I$3:$J$25,2,FALSE),0) -> 1.446545
A63: =C63&B63 -> REAAfrica_other | B63: =BYDem!B63 -> Africa_other | C63: =BYDem!E63 -> REA | D63: =VLOOKUP(_xlfn.XLOOKUP(Driver_elast!C63,MIG_demproj!$Q$2:$Q$49,MIG_demproj!$P$2:$P$49)&B63,MIG_demproj!$A$2:$H$9999,4,FALSE) -> GDP | E63: =MAX(VLOOKUP(_xlfn.XLOOKUP(Driver_elast!C63,MIG_demproj!$Q$2:$Q$49,MIG_demproj!$P$2:$P$49)&B63,MIG_demproj!$A$2:$H$9999,8,FALSE),0)+IFERROR(VLOOKUP(C63,$I$3:$J$25,2,FALSE),0) -> 2.09487
A64: =C64&B64 -> RHWAfrica_other | B64: =BYDem!B64 -> Africa_other | C64: =BYDem!E64 -> RHW | D64: =VLOOKUP(_xlfn.XLOOKUP(Driver_elast!C64,MIG_demproj!$Q$2:$Q$49,MIG_demproj!$P$2:$P$49)&B64,MIG_demproj!$A$2:$H$9999,4,FALSE) -> POP | E64: =MAX(VLOOKUP(_xlfn.XLOOKUP(Driver_elast!C64,MIG_demproj!$Q$2:$Q$49,MIG_demproj!$P$2:$P$49)&B64,MIG_demproj!$A$2:$H$9999,8,FALSE),0)+IFERROR(VLOOKUP(C64,$I$3:$J$25,2,FALSE),0) -> 1.446545
A65: =C65&B65 -> RLIAfrica_other | B65: =BYDem!B65 -> Africa_other | C65: =BYDem!E65 -> RLI | D65: =VLOOKUP(_xlfn.XLOOKUP(Driver_elast!C65,MIG_demproj!$Q$2:$Q$49,MIG_demproj!$P$2:$P$49)&B65,MIG_demproj!$A$2:$H$9999,4,FALSE) -> GDP | E65: =MAX(VLOOKUP(_xlfn.XLOOKUP(Driver_elast!C65,MIG_demproj!$Q$2:$Q$49,MIG_demproj!$P$2:$P$49)&B65,MIG_demproj!$A$2:$H$9999,8,FALSE),0)+IFERROR(VLOOKUP(C65,$I$3:$J$25,2,FALSE),0) -> 1.59487
A66: =C66&B66 -> ROTAfrica_other | B66: =BYDem!B66 -> Africa_other | C66: =BYDem!E66 -> ROT | D66: =VLOOKUP(_xlfn.XLOOKUP(Driver_elast!C66,MIG_demproj!$Q$2:$Q$49,MIG_demproj!$P$2:$P$49)&B66,MIG_demproj!$A$2:$H$9999,4,FALSE) -> POP | E66: =MAX(VLOOKUP(_xlfn.XLOOKUP(Driver_elast!C66,MIG_demproj!$Q$2:$Q$49,MIG_demproj!$P$2:$P$49)&B66,MIG_demproj!$A$2:$H$9999,8,FALSE),0)+IFERROR(VLOOKUP(C66,$I$3:$J$25,2,FALSE),0) -> 1.446545
A67: =C67&B67 -> RRFAfrica_other | B67: =BYDem!B67 -> Africa_other | C67: =BYDem!E67 -> RRF | D67: =VLOOKUP(_xlfn.XLOOKUP(Driver_elast!C67,MIG_demproj!$Q$2:$Q$49,MIG_demproj!$P$2:$P$49)&B67,MIG_demproj!$A$2:$H$9999,4,FALSE) -> GDP | E67: =MAX(VLOOKUP(_xlfn.XLOOKUP(Driver_elast!C67,MIG_demproj!$Q$2:$Q$49,MIG_demproj!$P$2:$P$49)&B67,MIG_demproj!$A$2:$H$9999,8,FALSE),0)+IFERROR(VLOOKUP(C67,$I$3:$J$25,2,FALSE),0) -> 1.59487
A68: =C68&B68 -> RSCAfrica_other | B68: =BYDem!B68 -> Africa_other | C68: =BYDem!E68 -> RSC | D68: =VLOOKUP(_xlfn.XLOOKUP(Driver_elast!C68,MIG_demproj!$Q$2:$Q$49,MIG_demproj!$P$2:$P$49)&B68,MIG_demproj!$A$2:$H$9999,4,FALSE) -> GDP | E68: =MAX(VLOOKUP(_xlfn.XLOOKUP(Driver_elast!C68,MIG_demproj!$Q$2:$Q$49,MIG_demproj!$P$2:$P$49)&B68,MIG_demproj!$A$2:$H$9999,8,FALSE),0)+IFERROR(VLOOKUP(C68,$I$3:$J$25,2,FALSE),0) -> 2.09487
A69: =C69&B69 -> RSHAfrica_other | B69: =BYDem!B69 -> Africa_other | C69: =BYDem!E69 -> RSH | D69: =VLOOKUP(_xlfn.XLOOKUP(Driver_elast!C69,MIG_demproj!$Q$2:$Q$49,MIG_demproj!$P$2:$P$49)&B69,MIG_demproj!$A$2:$H$9999,4,FALSE) -> POP | E69: =MAX(VLOOKUP(_xlfn.XLOOKUP(Driver_elast!C69,MIG_demproj!$Q$2:$Q$49,MIG_demproj!$P$2:$P$49)&B69,MIG_demproj!$A$2:$H$9999,8,FALSE),0)+IFERROR(VLOOKUP(C69,$I$3:$J$25,2,FALSE),0) -> 1.446545
A70: =C70&B70 -> TADAfrica_other | B70: =BYDem!B70 -> Africa_other | C70: =BYDem!E70 -> TAD | D70: =VLOOKUP(_xlfn.XLOOKUP(Driver_elast!C70,MIG_demproj!$Q$2:$Q$49,MIG_demproj!$P$2:$P$49)&B70,MIG_demproj!$A$2:$H$9999,4,FALSE) -> GDPSER | E70: =MAX(VLOOKUP(_xlfn.XLOOKUP(Driver_elast!C70,MIG_demproj!$Q$2:$Q$49,MIG_demproj!$P$2:$P$49)&B70,MIG_demproj!$A$2:$H$9999,8,FALSE),0)+IFERROR(VLOOKUP(C70,$I$3:$J$25,2,FALSE),0) -> 0.735351
A71: =C71&B71 -> TAIAfrica_other | B71: =BYDem!B71 -> Africa_other | C71: =BYDem!E71 -> TAI | D71: =VLOOKUP(_xlfn.XLOOKUP(Driver_elast!C71,MIG_demproj!$Q$2:$Q$49,MIG_demproj!$P$2:$P$49)&B71,MIG_demproj!$A$2:$H$9999,4,FALSE) -> GDPSER | E71: =MAX(VLOOKUP(_xlfn.XLOOKUP(Driver_elast!C71,MIG_demproj!$Q$2:$Q$49,MIG_demproj!$P$2:$P$49)&B71,MIG_demproj!$A$2:$H$9999,8,FALSE),0)+IFERROR(VLOOKUP(C71,$I$3:$J$25,2,FALSE),0) -> 0.63093
A72: =C72&B72 -> TTFAfrica_other | B72: =BYDem!B72 -> Africa_other | C72: =BYDem!E72 -> TTF | D72: =VLOOKUP(_xlfn.XLOOKUP(Driver_elast!C72,MIG_demproj!$Q$2:$Q$49,MIG_demproj!$P$2:$P$49)&B72,MIG_demproj!$A$2:$H$9999,4,FALSE) -> GDPSER | E72: =MAX(VLOOKUP(_xlfn.XLOOKUP(Driver_elast!C72,MIG_demproj!$Q$2:$Q$49,MIG_demproj!$P$2:$P$49)&B72,MIG_demproj!$A$2:$H$9999,8,FALSE),0)+IFERROR(VLOOKUP(C72,$I$3:$J$25,2,FALSE),0) -> 0.740901
A73: =C73&B73 -> TTPAfrica_other | B73: =BYDem!B73 -> Africa_other | C73: =BYDem!E73 -> TTP | D73: =VLOOKUP(_xlfn.XLOOKUP(Driver_elast!C73,MIG_demproj!$Q$2:$Q$49,MIG_demproj!$P$2:$P$49)&B73,MIG_demproj!$A$2:$H$9999,4,FALSE) -> GDPSER | E73: =MAX(VLOOKUP(_xlfn.XLOOKUP(Driver_elast!C73,MIG_demproj!$Q$2:$Q$49,MIG_demproj!$P$2:$P$49)&B73,MIG_demproj!$A$2:$H$9999,8,FALSE),0)+IFERROR(VLOOKUP(C73,$I$3:$J$25,2,FALSE),0) -> 0.740901
A74: =C74&B74 -> TWDAfrica_other | B74: =BYDem!B74 -> Africa_other | C74: =BYDem!E74 -> TWD | D74: =VLOOKUP(_xlfn.XLOOKUP(Driver_elast!C74,MIG_demproj!$Q$2:$Q$49,MIG_demproj!$P$2:$P$49)&B74,MIG_demproj!$A$2:$H$9999,4,FALSE) -> GDP | E74: =MAX(VLOOKUP(_xlfn.XLOOKUP(Driver_elast!C74,MIG_demproj!$Q$2:$Q$49,MIG_demproj!$P$2:$P$49)&B74,MIG_demproj!$A$2:$H$9999,8,FALSE),0)+IFERROR(VLOOKUP(C74,$I$3:$J$25,2,FALSE),0) -> 2.602305
... A101: =C101&B101 -> ONOArg-Chi | B101: =BYDem!B101 -> Arg-Chi | C101: =BYDem!E101 -> ONO | D101: =VLOOKUP(_xlfn.XLOOKUP(Driver_elast!C101,MIG_demproj!$Q$2:$Q$49,MIG_demproj!$P$2:$P$49)&B101,MIG_demproj!$A$2:$H$9999,4,FALSE) -> GDPIND | E101: =MAX(VLOOKUP(_xlfn.XLOOKUP(Driver_elast!C101,MIG_demproj!$Q$2:$Q$49,MIG_demproj!$P$2:$P$49)&B101,MIG_demproj!$A$2:$H$9999,8,FALSE),0)+IFERROR(VLOOKUP(C101,$I$3:$J$25,2,FALSE),0) -> 0.760781
A102: =C102&B102 -> RCKArg-Chi | B102: =BYDem!B102 -> Arg-Chi | C102: =BYDem!E102 -> RCK | D102: POP | E102: =MAX(VLOOKUP(_xlfn.XLOOKUP(Driver_elast!C102,MIG_demproj!$Q$2:$Q$49,MIG_demproj!$P$2:$P$49)&B102,MIG_demproj!$A$2:$H$9999,8,FALSE),0)+IFERROR(VLOOKUP(C102,$I$3:$J$25,2,FALSE),0) -> 1.185697
A103: =C103&B103 -> REAArg-Chi | B103: =BYDem!B103 -> Arg-Chi | C103: =BYDem!E103 -> REA | D103: =VLOOKUP(_xlfn.XLOOKUP(Driver_elast!C103,MIG_demproj!$Q$2:$Q$49,MIG_demproj!$P$2:$P$49)&B103,MIG_demproj!$A$2:$H$9999,4,FALSE) -> GDPPCAP | E103: =MAX(VLOOKUP(_xlfn.XLOOKUP(Driver_elast!C103,MIG_demproj!$Q$2:$Q$49,MIG_demproj!$P$2:$P$49)&B103,MIG_demproj!$A$2:$H$9999,8,FALSE),0)+IFERROR(VLOOKUP(C103,$I$3:$J$25,2,FALSE),0) -> 2.281221
A104: =C104&B104 -> RHWArg-Chi | B104: =BYDem!B104 -> Arg-Chi | C104: =BYDem!E104 -> RHW | D104: =VLOOKUP(_xlfn.XLOOKUP(Driver_elast!C104,MIG_demproj!$Q$2:$Q$49,MIG_demproj!$P$2:$P$49)&B104,MIG_demproj!$A$2:$H$9999,4,FALSE) -> GDPPCAP | E104: =MAX(VLOOKUP(_xlfn.XLOOKUP(Driver_elast!C104,MIG_demproj!$Q$2:$Q$49,MIG_demproj!$P$2:$P$49)&B104,MIG_demproj!$A$2:$H$9999,8,FALSE),0)+IFERROR(VLOOKUP(C104,$I$3:$J$25,2,FALSE),0) -> 1.185697
A105: =C105&B105 -> RLIArg-Chi | B105: =BYDem!B105 -> Arg-Chi | C105: =BYDem!E105 -> RLI | D105: =VLOOKUP(_xlfn.XLOOKUP(Driver_elast!C105,MIG_demproj!$Q$2:$Q$49,MIG_demproj!$P$2:$P$49)&B105,MIG_demproj!$A$2:$H$9999,4,FALSE) -> GDPPCAP | E105: =MAX(VLOOKUP(_xlfn.XLOOKUP(Driver_elast!C105,MIG_demproj!$Q$2:$Q$49,MIG_demproj!$P$2:$P$49)&B105,MIG_demproj!$A$2:$H$9999,8,FALSE),0)+IFERROR(VLOOKUP(C105,$I$3:$J$25,2,FALSE),0) -> 1.781221
A106: =C106&B106 -> ROTArg-Chi | B106: =BYDem!B106 -> Arg-Chi | C106: =BYDem!E106 -> ROT | D106: =VLOOKUP(_xlfn.XLOOKUP(Driver_elast!C106,MIG_demproj!$Q$2:$Q$49,MIG_demproj!$P$2:$P$49)&B106,MIG_demproj!$A$2:$H$9999,4,FALSE) -> GDPPCAP | E106: =MAX(VLOOKUP(_xlfn.XLOOKUP(Driver_elast!C106,MIG_demproj!$Q$2:$Q$49,MIG_demproj!$P$2:$P$49)&B106,MIG_demproj!$A$2:$H$9999,8,FALSE),0)+IFERROR(VLOOKUP(C106,$I$3:$J$25,2,FALSE),0) -> 1.185697
A107: =C107&B107 -> RRFArg-Chi | B107: =BYDem!B107 -> Arg-Chi | C107: =BYDem!E107 -> RRF | D107: =VLOOKUP(_xlfn.XLOOKUP(Driver_elast!C107,MIG_demproj!$Q$2:$Q$49,MIG_demproj!$P$2:$P$49)&B107,MIG_demproj!$A$2:$H$9999,4,FALSE) -> GDPPCAP | E107: =MAX(VLOOKUP(_xlfn.XLOOKUP(Driver_elast!C107,MIG_demproj!$Q$2:$Q$49,MIG_demproj!$P$2:$P$49)&B107,MIG_demproj!$A$2:$H$9999,8,FALSE),0)+IFERROR(VLOOKUP(C107,$I$3:$J$25,2,FALSE),0) -> 1.781221
A108: =C108&B108 -> RSCArg-Chi | B108: =BYDem!B108 -> Arg-Chi | C108: =BYDem!E108 -> RSC | D108: =VLOOKUP(_xlfn.XLOOKUP(Driver_elast!C108,MIG_demproj!$Q$2:$Q$49,MIG_demproj!$P$2:$P$49)&B108,MIG_demproj!$A$2:$H$9999,4,FALSE) -> GDPPCAP | E108: =MAX(VLOOKUP(_xlfn.XLOOKUP(Driver_elast!C108,MIG_demproj!$Q$2:$Q$49,MIG_demproj!$P$2:$P$49)&B108,MIG_demproj!$A$2:$H$9999,8,FALSE),0)+IFERROR(VLOOKUP(C108,$I$3:$J$25,2,FALSE),0) -> 2.281221
A109: =C109&B109 -> RSHArg-Chi | B109: =BYDem!B109 -> Arg-Chi | C109: =BYDem!E109 -> RSH | D109: =VLOOKUP(_xlfn.XLOOKUP(Driver_elast!C109,MIG_demproj!$Q$2:$Q$49,MIG_demproj!$P$2:$P$49)&B109,MIG_demproj!$A$2:$H$9999,4,FALSE) -> GDPPCAP | E109: =MAX(VLOOKUP(_xlfn.XLOOKUP(Driver_elast!C109,MIG_demproj!$Q$2:$Q$49,MIG_demproj!$P$2:$P$49)&B109,MIG_demproj!$A$2:$H$9999,8,FALSE),0)+IFERROR(VLOOKUP(C109,$I$3:$J$25,2,FALSE),0) -> 1.185697
A110: =C110&B110 -> TADArg-Chi | B110: =BYDem!B110 -> Arg-Chi | C110: =BYDem!E110 -> TAD | D110: =VLOOKUP(_xlfn.XLOOKUP(Driver_elast!C110,MIG_demproj!$Q$2:$Q$49,MIG_demproj!$P$2:$P$49)&B110,MIG_demproj!$A$2:$H$9999,4,FALSE) -> GDPSER | E110: =MAX(VLOOKUP(_xlfn.XLOOKUP(Driver_elast!C110,MIG_demproj!$Q$2:$Q$49,MIG_demproj!$P$2:$P$49)&B110,MIG_demproj!$A$2:$H$9999,8,FALSE),0)+IFERROR(VLOOKUP(C110,$I$3:$J$25,2,FALSE),0) -> 1.193177
A111: =C111&B111 -> TAIArg-Chi | B111: =BYDem!B111 -> Arg-Chi | C111: =BYDem!E111 -> TAI | D111: =VLOOKUP(_xlfn.XLOOKUP(Driver_elast!C111,MIG_demproj!$Q$2:$Q$49,MIG_demproj!$P$2:$P$49)&B111,MIG_demproj!$A$2:$H$9999,4,FALSE) -> GDPSER | E111: =MAX(VLOOKUP(_xlfn.XLOOKUP(Driver_elast!C111,MIG_demproj!$Q$2:$Q$49,MIG_demproj!$P$2:$P$49)&B111,MIG_demproj!$A$2:$H$9999,8,FALSE),0)+IFERROR(VLOOKUP(C111,$I$3:$J$25,2,FALSE),0) -> 0.757755
A112: =C112&B112 -> TTFArg-Chi | B112: =BYDem!B112 -> Arg-Chi | C112: =BYDem!E112 -> TTF | D112: =VLOOKUP(_xlfn.XLOOKUP(Driver_elast!C112,MIG_demproj!$Q$2:$Q$49,MIG_demproj!$P$2:$P$49)&B112,MIG_demproj!$A$2:$H$9999,4,FALSE) -> GDPSER | E112: =MAX(VLOOKUP(_xlfn.XLOOKUP(Driver_elast!C112,MIG_demproj!$Q$2:$Q$49,MIG_demproj!$P$2:$P$49)&B112,MIG_demproj!$A$2:$H$9999,8,FALSE),0)+IFERROR(VLOOKUP(C112,$I$3:$J$25,2,FALSE),0) -> 0.658005
A113: =C113&B113 -> TTPArg-Chi | B113: =BYDem!B113 -> Arg-Chi | C113: =BYDem!E113 -> TTP | D113: =VLOOKUP(_xlfn.XLOOKUP(Driver_elast!C113,MIG_demproj!$Q$2:$Q$49,MIG_demproj!$P$2:$P$49)&B113,MIG_demproj!$A$2:$H$9999,4,FALSE) -> GDPSER | E113: =MAX(VLOOKUP(_xlfn.XLOOKUP(Driver_elast!C113,MIG_demproj!$Q$2:$Q$49,MIG_demproj!$P$2:$P$49)&B113,MIG_demproj!$A$2:$H$9999,8,FALSE),0)+IFERROR(VLOOKUP(C113,$I$3:$J$25,2,FALSE),0) -> 0.658005
A114: =C114&B114 -> TWDArg-Chi | B114: =BYDem!B114 -> Arg-Chi | C114: =BYDem!E114 -> TWD | D114: =VLOOKUP(_xlfn.XLOOKUP(Driver_elast!C114,MIG_demproj!$Q$2:$Q$49,MIG_demproj!$P$2:$P$49)&B114,MIG_demproj!$A$2:$H$9999,4,FALSE) -> GDPSER | E114: =MAX(VLOOKUP(_xlfn.XLOOKUP(Driver_elast!C114,MIG_demproj!$Q$2:$Q$49,MIG_demproj!$P$2:$P$49)&B114,MIG_demproj!$A$2:$H$9999,8,FALSE),0)+IFERROR(VLOOKUP(C114,$I$3:$J$25,2,FALSE),0) -> 0.790903
... A181: =C181&B181 -> ONOAsia_east | B181: =BYDem!B181 -> Asia_east | C181: =BYDem!E181 -> ONO | D181: =VLOOKUP(_xlfn.XLOOKUP(Driver_elast!C181,MIG_demproj!$Q$2:$Q$49,MIG_demproj!$P$2:$P$49)&B181,MIG_demproj!$A$2:$H$9999,4,FALSE) -> GDPIND | E181: =MAX(VLOOKUP(_xlfn.XLOOKUP(Driver_elast!C181,MIG_demproj!$Q$2:$Q$49,MIG_demproj!$P$2:$P$49)&B181,MIG_demproj!$A$2:$H$9999,8,FALSE),0)+IFERROR(VLOOKUP(C181,$I$3:$J$25,2,FALSE),0) -> 0.499644
A182: =C182&B182 -> RCKAsia_east | B182: =BYDem!B182 -> Asia_east | C182: =BYDem!E182 -> RCK | D182: POP | E182: =MAX(VLOOKUP(_xlfn.XLOOKUP(Driver_elast!C182,MIG_demproj!$Q$2:$Q$49,MIG_demproj!$P$2:$P$49)&B182,MIG_demproj!$A$2:$H$9999,8,FALSE),0)+IFERROR(VLOOKUP(C182,$I$3:$J$25,2,FALSE),0) -> 4.719642
A183: =C183&B183 -> REAAsia_east | B183: =BYDem!B183 -> Asia_east | C183: =BYDem!E183 -> REA | D183: =VLOOKUP(_xlfn.XLOOKUP(Driver_elast!C183,MIG_demproj!$Q$2:$Q$49,MIG_demproj!$P$2:$P$49)&B183,MIG_demproj!$A$2:$H$9999,4,FALSE) -> GDPPCAP | E183: =MAX(VLOOKUP(_xlfn.XLOOKUP(Driver_elast!C183,MIG_demproj!$Q$2:$Q$49,MIG_demproj!$P$2:$P$49)&B183,MIG_demproj!$A$2:$H$9999,8,FALSE),0)+IFERROR(VLOOKUP(C183,$I$3:$J$25,2,FALSE),0) -> 1.312989
A184: =C184&B184 -> RHWAsia_east | B184: =BYDem!B184 -> Asia_east | C184: =BYDem!E184 -> RHW | D184: =VLOOKUP(_xlfn.XLOOKUP(Driver_elast!C184,MIG_demproj!$Q$2:$Q$49,MIG_demproj!$P$2:$P$49)&B184,MIG_demproj!$A$2:$H$9999,4,FALSE) -> POP | E184: =MAX(VLOOKUP(_xlfn.XLOOKUP(Driver_elast!C184,MIG_demproj!$Q$2:$Q$49,MIG_demproj!$P$2:$P$49)&B184,MIG_demproj!$A$2:$H$9999,8,FALSE),0)+IFERROR(VLOOKUP(C184,$I$3:$J$25,2,FALSE),0) -> 4.719642
A185: =C185&B185 -> RLIAsia_east | B185: =BYDem!B185 -> Asia_east | C185: =BYDem!E185 -> RLI | D185: =VLOOKUP(_xlfn.XLOOKUP(Driver_elast!C185,MIG_demproj!$Q$2:$Q$49,MIG_demproj!$P$2:$P$49)&B185,MIG_demproj!$A$2:$H$9999,4,FALSE) -> GDPPCAP | E185: =MAX(VLOOKUP(_xlfn.XLOOKUP(Driver_elast!C185,MIG_demproj!$Q$2:$Q$49,MIG_demproj!$P$2:$P$49)&B185,MIG_demproj!$A$2:$H$9999,8,FALSE),0)+IFERROR(VLOOKUP(C185,$I$3:$J$25,2,FALSE),0) -> 0.812989
A186: =C186&B186 -> ROTAsia_east | B186: =BYDem!B186 -> Asia_east | C186: =BYDem!E186 -> ROT | D186: =VLOOKUP(_xlfn.XLOOKUP(Driver_elast!C186,MIG_demproj!$Q$2:$Q$49,MIG_demproj!$P$2:$P$49)&B186,MIG_demproj!$A$2:$H$9999,4,FALSE) -> POP | E186: =MAX(VLOOKUP(_xlfn.XLOOKUP(Driver_elast!C186,MIG_demproj!$Q$2:$Q$49,MIG_demproj!$P$2:$P$49)&B186,MIG_demproj!$A$2:$H$9999,8,FALSE),0)+IFERROR(VLOOKUP(C186,$I$3:$J$25,2,FALSE),0) -> 4.719642
A187: =C187&B187 -> RRFAsia_east | B187: =BYDem!B187 -> Asia_east | C187: =BYDem!E187 -> RRF | D187: =VLOOKUP(_xlfn.XLOOKUP(Driver_elast!C187,MIG_demproj!$Q$2:$Q$49,MIG_demproj!$P$2:$P$49)&B187,MIG_demproj!$A$2:$H$9999,4,FALSE) -> GDPPCAP | E187: =MAX(VLOOKUP(_xlfn.XLOOKUP(Driver_elast!C187,MIG_demproj!$Q$2:$Q$49,MIG_demproj!$P$2:$P$49)&B187,MIG_demproj!$A$2:$H$9999,8,FALSE),0)+IFERROR(VLOOKUP(C187,$I$3:$J$25,2,FALSE),0) -> 0.812989
A188: =C188&B188 -> RSCAsia_east | B188: =BYDem!B188 -> Asia_east | C188: =BYDem!E188 -> RSC | D188: =VLOOKUP(_xlfn.XLOOKUP(Driver_elast!C188,MIG_demproj!$Q$2:$Q$49,MIG_demproj!$P$2:$P$49)&B188,MIG_demproj!$A$2:$H$9999,4,FALSE) -> GDPPCAP | E188: =MAX(VLOOKUP(_xlfn.XLOOKUP(Driver_elast!C188,MIG_demproj!$Q$2:$Q$49,MIG_demproj!$P$2:$P$49)&B188,MIG_demproj!$A$2:$H$9999,8,FALSE),0)+IFERROR(VLOOKUP(C188,$I$3:$J$25,2,FALSE),0) -> 1.312989
A189: =C189&B189 -> RSHAsia_east | B189: =BYDem!B189 -> Asia_east | C189: =BYDem!E189 -> RSH | D189: =VLOOKUP(_xlfn.XLOOKUP(Driver_elast!C189,MIG_demproj!$Q$2:$Q$49,MIG_demproj!$P$2:$P$49)&B189,MIG_demproj!$A$2:$H$9999,4,FALSE) -> POP | E189: =MAX(VLOOKUP(_xlfn.XLOOKUP(Driver_elast!C189,MIG_demproj!$Q$2:$Q$49,MIG_demproj!$P$2:$P$49)&B189,MIG_demproj!$A$2:$H$9999,8,FALSE),0)+IFERROR(VLOOKUP(C189,$I$3:$J$25,2,FALSE),0) -> 4.719642
A190: =C190&B190 -> TADAsia_east | B190: =BYDem!B190 -> Asia_east | C190: =BYDem!E190 -> TAD | D190: =VLOOKUP(_xlfn.XLOOKUP(Driver_elast!C190,MIG_demproj!$Q$2:$Q$49,MIG_demproj!$P$2:$P$49)&B190,MIG_demproj!$A$2:$H$9999,4,FALSE) -> GDP | E190: =MAX(VLOOKUP(_xlfn.XLOOKUP(Driver_elast!C190,MIG_demproj!$Q$2:$Q$49,MIG_demproj!$P$2:$P$49)&B190,MIG_demproj!$A$2:$H$9999,8,FALSE),0)+IFERROR(VLOOKUP(C190,$I$3:$J$25,2,FALSE),0) -> 2.295311
A191: =C191&B191 -> TAIAsia_east | B191: =BYDem!B191 -> Asia_east | C191: =BYDem!E191 -> TAI | D191: =VLOOKUP(_xlfn.XLOOKUP(Driver_elast!C191,MIG_demproj!$Q$2:$Q$49,MIG_demproj!$P$2:$P$49)&B191,MIG_demproj!$A$2:$H$9999,4,FALSE) -> GDPSER | E191: =MAX(VLOOKUP(_xlfn.XLOOKUP(Driver_elast!C191,MIG_demproj!$Q$2:$Q$49,MIG_demproj!$P$2:$P$49)&B191,MIG_demproj!$A$2:$H$9999,8,FALSE),0)+IFERROR(VLOOKUP(C191,$I$3:$J$25,2,FALSE),0) -> 1.169204
A192: =C192&B192 -> TTFAsia_east | B192: =BYDem!B192 -> Asia_east | C192: =BYDem!E192 -> TTF | D192: =VLOOKUP(_xlfn.XLOOKUP(Driver_elast!C192,MIG_demproj!$Q$2:$Q$49,MIG_demproj!$P$2:$P$49)&B192,MIG_demproj!$A$2:$H$9999,4,FALSE) -> GDP | E192: =MAX(VLOOKUP(_xlfn.XLOOKUP(Driver_elast!C192,MIG_demproj!$Q$2:$Q$49,MIG_demproj!$P$2:$P$49)&B192,MIG_demproj!$A$2:$H$9999,8,FALSE),0)+IFERROR(VLOOKUP(C192,$I$3:$J$25,2,FALSE),0) -> 0.963979
A193: =C193&B193 -> TTPAsia_east | B193: =BYDem!B193 -> Asia_east | C193: =BYDem!E193 -> TTP | D193: =VLOOKUP(_xlfn.XLOOKUP(Driver_elast!C193,MIG_demproj!$Q$2:$Q$49,MIG_demproj!$P$2:$P$49)&B193,MIG_demproj!$A$2:$H$9999,4,FALSE) -> GDP | E193: =MAX(VLOOKUP(_xlfn.XLOOKUP(Driver_elast!C193,MIG_demproj!$Q$2:$Q$49,MIG_demproj!$P$2:$P$49)&B193,MIG_demproj!$A$2:$H$9999,8,FALSE),0)+IFERROR(VLOOKUP(C193,$I$3:$J$25,2,FALSE),0) -> 0.963979
A194: =C194&B194 -> TWDAsia_east | B194: =BYDem!B194 -> Asia_east | C194: =BYDem!E194 -> TWD | D194: =VLOOKUP(_xlfn.XLOOKUP(Driver_elast!C194,MIG_demproj!$Q$2:$Q$49,MIG_demproj!$P$2:$P$49)&B194,MIG_demproj!$A$2:$H$9999,4,FALSE) -> GDPSER | E194: =MAX(VLOOKUP(_xlfn.XLOOKUP(Driver_elast!C194,MIG_demproj!$Q$2:$Q$49,MIG_demproj!$P$2:$P$49)&B194,MIG_demproj!$A$2:$H$9999,8,FALSE),0)+IFERROR(VLOOKUP(C194,$I$3:$J$25,2,FALSE),0) -> 0
... A221: =C221&B221 -> ONOAsia_other | B221: =BYDem!B221 -> Asia_other | C221: =BYDem!E221 -> ONO | D221: =VLOOKUP(_xlfn.XLOOKUP(Driver_elast!C221,MIG_demproj!$Q$2:$Q$49,MIG_demproj!$P$2:$P$49)&B221,MIG_demproj!$A$2:$H$9999,4,FALSE) -> GDPIND | E221: =MAX(VLOOKUP(_xlfn.XLOOKUP(Driver_elast!C221,MIG_demproj!$Q$2:$Q$49,MIG_demproj!$P$2:$P$49)&B221,MIG_demproj!$A$2:$H$9999,8,FALSE),0)+IFERROR(VLOOKUP(C221,$I$3:$J$25,2,FALSE),0) -> 0.713674
A222: =C222&B222 -> RCKAsia_other | B222: =BYDem!B222 -> Asia_other | C222: =BYDem!E222 -> RCK | D222: POP | E222: =MAX(VLOOKUP(_xlfn.XLOOKUP(Driver_elast!C222,MIG_demproj!$Q$2:$Q$49,MIG_demproj!$P$2:$P$49)&B222,MIG_demproj!$A$2:$H$9999,8,FALSE),0)+IFERROR(VLOOKUP(C222,$I$3:$J$25,2,FALSE),0) -> 0.816021
A223: =C223&B223 -> REAAsia_other | B223: =BYDem!B223 -> Asia_other | C223: =BYDem!E223 -> REA | D223: =VLOOKUP(_xlfn.XLOOKUP(Driver_elast!C223,MIG_demproj!$Q$2:$Q$49,MIG_demproj!$P$2:$P$49)&B223,MIG_demproj!$A$2:$H$9999,4,FALSE) -> GDP | E223: =MAX(VLOOKUP(_xlfn.XLOOKUP(Driver_elast!C223,MIG_demproj!$Q$2:$Q$49,MIG_demproj!$P$2:$P$49)&B223,MIG_demproj!$A$2:$H$9999,8,FALSE),0)+IFERROR(VLOOKUP(C223,$I$3:$J$25,2,FALSE),0) -> 1.819706
A224: =C224&B224 -> RHWAsia_other | B224: =BYDem!B224 -> Asia_other | C224: =BYDem!E224 -> RHW | D224: =VLOOKUP(_xlfn.XLOOKUP(Driver_elast!C224,MIG_demproj!$Q$2:$Q$49,MIG_demproj!$P$2:$P$49)&B224,MIG_demproj!$A$2:$H$9999,4,FALSE) -> GDP | E224: =MAX(VLOOKUP(_xlfn.XLOOKUP(Driver_elast!C224,MIG_demproj!$Q$2:$Q$49,MIG_demproj!$P$2:$P$49)&B224,MIG_demproj!$A$2:$H$9999,8,FALSE),0)+IFERROR(VLOOKUP(C224,$I$3:$J$25,2,FALSE),0) -> 0.816021
A225: =C225&B225 -> RLIAsia_other | B225: =BYDem!B225 -> Asia_other | C225: =BYDem!E225 -> RLI | D225: =VLOOKUP(_xlfn.XLOOKUP(Driver_elast!C225,MIG_demproj!$Q$2:$Q$49,MIG_demproj!$P$2:$P$49)&B225,MIG_demproj!$A$2:$H$9999,4,FALSE) -> GDP | E225: =MAX(VLOOKUP(_xlfn.XLOOKUP(Driver_elast!C225,MIG_demproj!$Q$2:$Q$49,MIG_demproj!$P$2:$P$49)&B225,MIG_demproj!$A$2:$H$9999,8,FALSE),0)+IFERROR(VLOOKUP(C225,$I$3:$J$25,2,FALSE),0) -> 1.319706
A226: =C226&B226 -> ROTAsia_other | B226: =BYDem!B226 -> Asia_other | C226: =BYDem!E226 -> ROT | D226: =VLOOKUP(_xlfn.XLOOKUP(Driver_elast!C226,MIG_demproj!$Q$2:$Q$49,MIG_demproj!$P$2:$P$49)&B226,MIG_demproj!$A$2:$H$9999,4,FALSE) -> GDP | E226: =MAX(VLOOKUP(_xlfn.XLOOKUP(Driver_elast!C226,MIG_demproj!$Q$2:$Q$49,MIG_demproj!$P$2:$P$49)&B226,MIG_demproj!$A$2:$H$9999,8,FALSE),0)+IFERROR(VLOOKUP(C226,$I$3:$J$25,2,FALSE),0) -> 0.816021
A227: =C227&B227 -> RRFAsia_other | B227: =BYDem!B227 -> Asia_other | C227: =BYDem!E227 -> RRF | D227: =VLOOKUP(_xlfn.XLOOKUP(Driver_elast!C227,MIG_demproj!$Q$2:$Q$49,MIG_demproj!$P$2:$P$49)&B227,MIG_demproj!$A$2:$H$9999,4,FALSE) -> GDP | E227: =MAX(VLOOKUP(_xlfn.XLOOKUP(Driver_elast!C227,MIG_demproj!$Q$2:$Q$49,MIG_demproj!$P$2:$P$49)&B227,MIG_demproj!$A$2:$H$9999,8,FALSE),0)+IFERROR(VLOOKUP(C227,$I$3:$J$25,2,FALSE),0) -> 1.319706
A228: =C228&B228 -> RSCAsia_other | B228: =BYDem!B228 -> Asia_other | C228: =BYDem!E228 -> RSC | D228: =VLOOKUP(_xlfn.XLOOKUP(Driver_elast!C228,MIG_demproj!$Q$2:$Q$49,MIG_demproj!$P$2:$P$49)&B228,MIG_demproj!$A$2:$H$9999,4,FALSE) -> GDP | E228: =MAX(VLOOKUP(_xlfn.XLOOKUP(Driver_elast!C228,MIG_demproj!$Q$2:$Q$49,MIG_demproj!$P$2:$P$49)&B228,MIG_demproj!$A$2:$H$9999,8,FALSE),0)+IFERROR(VLOOKUP(C228,$I$3:$J$25,2,FALSE),0) -> 1.819706
A229: =C229&B229 -> RSHAsia_other | B229: =BYDem!B229 -> Asia_other | C229: =BYDem!E229 -> RSH | D229: =VLOOKUP(_xlfn.XLOOKUP(Driver_elast!C229,MIG_demproj!$Q$2:$Q$49,MIG_demproj!$P$2:$P$49)&B229,MIG_demproj!$A$2:$H$9999,4,FALSE) -> GDP | E229: =MAX(VLOOKUP(_xlfn.XLOOKUP(Driver_elast!C229,MIG_demproj!$Q$2:$Q$49,MIG_demproj!$P$2:$P$49)&B229,MIG_demproj!$A$2:$H$9999,8,FALSE),0)+IFERROR(VLOOKUP(C229,$I$3:$J$25,2,FALSE),0) -> 0.816021
A230: =C230&B230 -> TADAsia_other | B230: =BYDem!B230 -> Asia_other | C230: =BYDem!E230 -> TAD | D230: =VLOOKUP(_xlfn.XLOOKUP(Driver_elast!C230,MIG_demproj!$Q$2:$Q$49,MIG_demproj!$P$2:$P$49)&B230,MIG_demproj!$A$2:$H$9999,4,FALSE) -> GDPSER | E230: =MAX(VLOOKUP(_xlfn.XLOOKUP(Driver_elast!C230,MIG_demproj!$Q$2:$Q$49,MIG_demproj!$P$2:$P$49)&B230,MIG_demproj!$A$2:$H$9999,8,FALSE),0)+IFERROR(VLOOKUP(C230,$I$3:$J$25,2,FALSE),0) -> 0.898493
A231: =C231&B231 -> TAIAsia_other | B231: =BYDem!B231 -> Asia_other | C231: =BYDem!E231 -> TAI | D231: =VLOOKUP(_xlfn.XLOOKUP(Driver_elast!C231,MIG_demproj!$Q$2:$Q$49,MIG_demproj!$P$2:$P$49)&B231,MIG_demproj!$A$2:$H$9999,4,FALSE) -> GDPSER | E231: =MAX(VLOOKUP(_xlfn.XLOOKUP(Driver_elast!C231,MIG_demproj!$Q$2:$Q$49,MIG_demproj!$P$2:$P$49)&B231,MIG_demproj!$A$2:$H$9999,8,FALSE),0)+IFERROR(VLOOKUP(C231,$I$3:$J$25,2,FALSE),0) -> 0.708359
A232: =C232&B232 -> TTFAsia_other | B232: =BYDem!B232 -> Asia_other | C232: =BYDem!E232 -> TTF | D232: =VLOOKUP(_xlfn.XLOOKUP(Driver_elast!C232,MIG_demproj!$Q$2:$Q$49,MIG_demproj!$P$2:$P$49)&B232,MIG_demproj!$A$2:$H$9999,4,FALSE) -> GDPSER | E232: =MAX(VLOOKUP(_xlfn.XLOOKUP(Driver_elast!C232,MIG_demproj!$Q$2:$Q$49,MIG_demproj!$P$2:$P$49)&B232,MIG_demproj!$A$2:$H$9999,8,FALSE),0)+IFERROR(VLOOKUP(C232,$I$3:$J$25,2,FALSE),0) -> 0.597869
A233: =C233&B233 -> TTPAsia_other | B233: =BYDem!B233 -> Asia_other | C233: =BYDem!E233 -> TTP | D233: =VLOOKUP(_xlfn.XLOOKUP(Driver_elast!C233,MIG_demproj!$Q$2:$Q$49,MIG_demproj!$P$2:$P$49)&B233,MIG_demproj!$A$2:$H$9999,4,FALSE) -> GDPSER | E233: =MAX(VLOOKUP(_xlfn.XLOOKUP(Driver_elast!C233,MIG_demproj!$Q$2:$Q$49,MIG_demproj!$P$2:$P$49)&B233,MIG_demproj!$A$2:$H$9999,8,FALSE),0)+IFERROR(VLOOKUP(C233,$I$3:$J$25,2,FALSE),0) -> 0.597869
A234: =C234&B234 -> TWDAsia_other | B234: =BYDem!B234 -> Asia_other | C234: =BYDem!E234 -> TWD | D234: =VLOOKUP(_xlfn.XLOOKUP(Driver_elast!C234,MIG_demproj!$Q$2:$Q$49,MIG_demproj!$P$2:$P$49)&B234,MIG_demproj!$A$2:$H$9999,4,FALSE) -> GDPSER | E234: =MAX(VLOOKUP(_xlfn.XLOOKUP(Driver_elast!C234,MIG_demproj!$Q$2:$Q$49,MIG_demproj!$P$2:$P$49)&B234,MIG_demproj!$A$2:$H$9999,8,FALSE),0)+IFERROR(VLOOKUP(C234,$I$3:$J$25,2,FALSE),0) -> 1.112132
... A261: =C261&B261 -> ONOAustralia_NZ | B261: =BYDem!B261 -> Australia_NZ | C261: =BYDem!E261 -> ONO | D261: =VLOOKUP(_xlfn.XLOOKUP(Driver_elast!C261,MIG_demproj!$Q$2:$Q$49,MIG_demproj!$P$2:$P$49)&B261,MIG_demproj!$A$2:$H$9999,4,FALSE) -> GDP | E261: =MAX(VLOOKUP(_xlfn.XLOOKUP(Driver_elast!C261,MIG_demproj!$Q$2:$Q$49,MIG_demproj!$P$2:$P$49)&B261,MIG_demproj!$A$2:$H$9999,8,FALSE),0)+IFERROR(VLOOKUP(C261,$I$3:$J$25,2,FALSE),0) -> 0.371032
A262: =C262&B262 -> RCKAustralia_NZ | B262: =BYDem!B262 -> Australia_NZ | C262: =BYDem!E262 -> RCK | D262: POP | E262: =MAX(VLOOKUP(_xlfn.XLOOKUP(Driver_elast!C262,MIG_demproj!$Q$2:$Q$49,MIG_demproj!$P$2:$P$49)&B262,MIG_demproj!$A$2:$H$9999,8,FALSE),0)+IFERROR(VLOOKUP(C262,$I$3:$J$25,2,FALSE),0) -> 0.469169
A263: =C263&B263 -> REAAustralia_NZ | B263: =BYDem!B263 -> Australia_NZ | C263: =BYDem!E263 -> REA | D263: =VLOOKUP(_xlfn.XLOOKUP(Driver_elast!C263,MIG_demproj!$Q$2:$Q$49,MIG_demproj!$P$2:$P$49)&B263,MIG_demproj!$A$2:$H$9999,4,FALSE) -> GDPPCAP | E263: =MAX(VLOOKUP(_xlfn.XLOOKUP(Driver_elast!C263,MIG_demproj!$Q$2:$Q$49,MIG_demproj!$P$2:$P$49)&B263,MIG_demproj!$A$2:$H$9999,8,FALSE),0)+IFERROR(VLOOKUP(C263,$I$3:$J$25,2,FALSE),0) -> 1.406856
A264: =C264&B264 -> RHWAustralia_NZ | B264: =BYDem!B264 -> Australia_NZ | C264: =BYDem!E264 -> RHW | D264: =VLOOKUP(_xlfn.XLOOKUP(Driver_elast!C264,MIG_demproj!$Q$2:$Q$49,MIG_demproj!$P$2:$P$49)&B264,MIG_demproj!$A$2:$H$9999,4,FALSE) -> GDP | E264: =MAX(VLOOKUP(_xlfn.XLOOKUP(Driver_elast!C264,MIG_demproj!$Q$2:$Q$49,MIG_demproj!$P$2:$P$49)&B264,MIG_demproj!$A$2:$H$9999,8,FALSE),0)+IFERROR(VLOOKUP(C264,$I$3:$J$25,2,FALSE),0) -> 0.469169
A265: =C265&B265 -> RLIAustralia_NZ | B265: =BYDem!B265 -> Australia_NZ | C265: =BYDem!E265 -> RLI | D265: =VLOOKUP(_xlfn.XLOOKUP(Driver_elast!C265,MIG_demproj!$Q$2:$Q$49,MIG_demproj!$P$2:$P$49)&B265,MIG_demproj!$A$2:$H$9999,4,FALSE) -> GDPPCAP | E265: =MAX(VLOOKUP(_xlfn.XLOOKUP(Driver_elast!C265,MIG_demproj!$Q$2:$Q$49,MIG_demproj!$P$2:$P$49)&B265,MIG_demproj!$A$2:$H$9999,8,FALSE),0)+IFERROR(VLOOKUP(C265,$I$3:$J$25,2,FALSE),0) -> 0.906856
A266: =C266&B266 -> ROTAustralia_NZ | B266: =BYDem!B266 -> Australia_NZ | C266: =BYDem!E266 -> ROT | D266: =VLOOKUP(_xlfn.XLOOKUP(Driver_elast!C266,MIG_demproj!$Q$2:$Q$49,MIG_demproj!$P$2:$P$49)&B266,MIG_demproj!$A$2:$H$9999,4,FALSE) -> GDP | E266: =MAX(VLOOKUP(_xlfn.XLOOKUP(Driver_elast!C266,MIG_demproj!$Q$2:$Q$49,MIG_demproj!$P$2:$P$49)&B266,MIG_demproj!$A$2:$H$9999,8,FALSE),0)+IFERROR(VLOOKUP(C266,$I$3:$J$25,2,FALSE),0) -> 0.469169
A267: =C267&B267 -> RRFAustralia_NZ | B267: =BYDem!B267 -> Australia_NZ | C267: =BYDem!E267 -> RRF | D267: =VLOOKUP(_xlfn.XLOOKUP(Driver_elast!C267,MIG_demproj!$Q$2:$Q$49,MIG_demproj!$P$2:$P$49)&B267,MIG_demproj!$A$2:$H$9999,4,FALSE) -> GDPPCAP | E267: =MAX(VLOOKUP(_xlfn.XLOOKUP(Driver_elast!C267,MIG_demproj!$Q$2:$Q$49,MIG_demproj!$P$2:$P$49)&B267,MIG_demproj!$A$2:$H$9999,8,FALSE),0)+IFERROR(VLOOKUP(C267,$I$3:$J$25,2,FALSE),0) -> 0.906856
A268: =C268&B268 -> RSCAustralia_NZ | B268: =BYDem!B268 -> Australia_NZ | C268: =BYDem!E268 -> RSC | D268: =VLOOKUP(_xlfn.XLOOKUP(Driver_elast!C268,MIG_demproj!$Q$2:$Q$49,MIG_demproj!$P$2:$P$49)&B268,MIG_demproj!$A$2:$H$9999,4,FALSE) -> GDPPCAP | E268: =MAX(VLOOKUP(_xlfn.XLOOKUP(Driver_elast!C268,MIG_demproj!$Q$2:$Q$49,MIG_demproj!$P$2:$P$49)&B268,MIG_demproj!$A$2:$H$9999,8,FALSE),0)+IFERROR(VLOOKUP(C268,$I$3:$J$25,2,FALSE),0) -> 1.406856
A269: =C269&B269 -> RSHAustralia_NZ | B269: =BYDem!B269 -> Australia_NZ | C269: =BYDem!E269 -> RSH | D269: =VLOOKUP(_xlfn.XLOOKUP(Driver_elast!C269,MIG_demproj!$Q$2:$Q$49,MIG_demproj!$P$2:$P$49)&B269,MIG_demproj!$A$2:$H$9999,4,FALSE) -> GDP | E269: =MAX(VLOOKUP(_xlfn.XLOOKUP(Driver_elast!C269,MIG_demproj!$Q$2:$Q$49,MIG_demproj!$P$2:$P$49)&B269,MIG_demproj!$A$2:$H$9999,8,FALSE),0)+IFERROR(VLOOKUP(C269,$I$3:$J$25,2,FALSE),0) -> 0.469169
A270: =C270&B270 -> TADAustralia_NZ | B270: =BYDem!B270 -> Australia_NZ | C270: =BYDem!E270 -> TAD | D270: =VLOOKUP(_xlfn.XLOOKUP(Driver_elast!C270,MIG_demproj!$Q$2:$Q$49,MIG_demproj!$P$2:$P$49)&B270,MIG_demproj!$A$2:$H$9999,4,FALSE) -> GDP | E270: =MAX(VLOOKUP(_xlfn.XLOOKUP(Driver_elast!C270,MIG_demproj!$Q$2:$Q$49,MIG_demproj!$P$2:$P$49)&B270,MIG_demproj!$A$2:$H$9999,8,FALSE),0)+IFERROR(VLOOKUP(C270,$I$3:$J$25,2,FALSE),0) -> 0.750367
A271: =C271&B271 -> TAIAustralia_NZ | B271: =BYDem!B271 -> Australia_NZ | C271: =BYDem!E271 -> TAI | D271: =VLOOKUP(_xlfn.XLOOKUP(Driver_elast!C271,MIG_demproj!$Q$2:$Q$49,MIG_demproj!$P$2:$P$49)&B271,MIG_demproj!$A$2:$H$9999,4,FALSE) -> GDPSER | E271: =MAX(VLOOKUP(_xlfn.XLOOKUP(Driver_elast!C271,MIG_demproj!$Q$2:$Q$49,MIG_demproj!$P$2:$P$49)&B271,MIG_demproj!$A$2:$H$9999,8,FALSE),0)+IFERROR(VLOOKUP(C271,$I$3:$J$25,2,FALSE),0) -> 1.306091
A272: =C272&B272 -> TTFAustralia_NZ | B272: =BYDem!B272 -> Australia_NZ | C272: =BYDem!E272 -> TTF | D272: =VLOOKUP(_xlfn.XLOOKUP(Driver_elast!C272,MIG_demproj!$Q$2:$Q$49,MIG_demproj!$P$2:$P$49)&B272,MIG_demproj!$A$2:$H$9999,4,FALSE) -> GDPSER | E272: =MAX(VLOOKUP(_xlfn.XLOOKUP(Driver_elast!C272,MIG_demproj!$Q$2:$Q$49,MIG_demproj!$P$2:$P$49)&B272,MIG_demproj!$A$2:$H$9999,8,FALSE),0)+IFERROR(VLOOKUP(C272,$I$3:$J$25,2,FALSE),0) -> 2.00768
A273: =C273&B273 -> TTPAustralia_NZ | B273: =BYDem!B273 -> Australia_NZ | C273: =BYDem!E273 -> TTP | D273: =VLOOKUP(_xlfn.XLOOKUP(Driver_elast!C273,MIG_demproj!$Q$2:$Q$49,MIG_demproj!$P$2:$P$49)&B273,MIG_demproj!$A$2:$H$9999,4,FALSE) -> GDPSER | E273: =MAX(VLOOKUP(_xlfn.XLOOKUP(Driver_elast!C273,MIG_demproj!$Q$2:$Q$49,MIG_demproj!$P$2:$P$49)&B273,MIG_demproj!$A$2:$H$9999,8,FALSE),0)+IFERROR(VLOOKUP(C273,$I$3:$J$25,2,FALSE),0) -> 2.00768
A274: =C274&B274 -> TWDAustralia_NZ | B274: =BYDem!B274 -> Australia_NZ | C274: =BYDem!E274 -> TWD | D274: =VLOOKUP(_xlfn.XLOOKUP(Driver_elast!C274,MIG_demproj!$Q$2:$Q$49,MIG_demproj!$P$2:$P$49)&B274,MIG_demproj!$A$2:$H$9999,4,FALSE) -> GDPSER | E274: =MAX(VLOOKUP(_xlfn.XLOOKUP(Driver_elast!C274,MIG_demproj!$Q$2:$Q$49,MIG_demproj!$P$2:$P$49)&B274,MIG_demproj!$A$2:$H$9999,8,FALSE),0)+IFERROR(VLOOKUP(C274,$I$3:$J$25,2,FALSE),0) -> 0.790903
...

Sheet demviz
B3: Column Labels
B4: Africa_other | H4: Africa_other Total | I4: Grand Total
A5: Values | B5: CLA | C5: COE | D5: COT | E5: CRF | F5: CSC | G5: CSH
A6: Sum of 2020 | B6: 85.892845 | C6: 30.736406 | D6: 0 | E6: 45.203125 | F6: 11.191705 | G6: 28.070159 | H6: 201.09424 | I6: 201.09424
A7: Sum of 2025 | B7: 105.43366 | C7: 43.538082 | D7: 0 | E7: 55.486938 | F7: 15.853036 | G7: 33.68523 | H7: 253.99695 | I7: 253.99695
A8: Sum of 2030 | B8: 135.40501 | C8: 64.761337 | D8: 0 | E8: 71.260064 | F8: 23.580823 | G8: 42.137232 | H8: 337.14447 | I8: 337.14447
A9: Sum of 2035 | B9: 177.64428 | C9: 97.043871 | D9: 0 | E9: 93.48947 | F9: 35.335502 | G9: 53.784274 | H9: 457.2974 | I9: 457.2974
A10: Sum of 2040 | B10: 229.42788 | C10: 138.91745 | D10: 0 | E10: 120.7418 | F10: 50.582462 | G10: 67.730146 | H10: 607.39974 | I10: 607.39974
A11: Sum of 2045 | B11: 294.06742 | C11: 192.20821 | D11: 0 | E11: 154.75988 | F11: 69.986632 | G11: 84.770213 | H11: 795.79235 | I11: 795.79235
A12: Sum of 2050 | B12: 374.61102 | C12: 257.5929 | D12: 0 | E12: 197.14784 | F12: 93.79443 | G12: 105.58438 | H12: 1028.7306 | I12: 1028.7306
A13: Sum of 2055 | B13: 474.29584 | C13: 334.46542 | D13: 0 | E13: 249.60932 | F13: 121.78516 | G13: 130.87044 | H13: 1311.0262 | I13: 1311.0262
A14: Sum of 2060 | B14: 596.28037 | C14: 420.48684 | D14: 0 | E14: 313.80653 | F14: 153.10718 | G14: 161.28192 | H14: 1644.9628 | I14: 1644.9628
A15: Sum of 2065 | B15: 729.54921 | C15: 514.46578 | D15: 0 | E15: 383.94239 | F15: 187.32668 | G15: 193.85092 | H15: 2009.135 | I15: 2009.135
A16: Sum of 2070 | B16: 867.32106 | C16: 611.62016 | D16: 0 | E16: 456.44806 | F16: 222.70243 | G16: 226.92704 | H16: 2385.0187 | I16: 2385.0187
A17: Sum of 2075 | B17: 1003.3371 | C17: 707.53638 | D17: 0 | E17: 528.02969 | F17: 257.62733 | G17: 259.08119 | H17: 2755.6117 | I17: 2755.6117
... A22: Sum of 2100 | B22: 1452.6996 | C22: 1024.4192 | D22: 0 | E22: 764.51723 | F22: 373.01033 | G22: 362.45201 | H22: 3977.0983 | I22: 3977.0983

Sheet Demands
Y1: =D3 -> 2019 | Z1: =E3 -> 2020 | AA1: =F3 -> 2025 | AB1: =G3 -> 2030 | AC1: =H3 -> 2035 | AD1: =I3 -> 2040 | AE1: =J3 -> 2045 | AF1: =K3 -> 2050 | ... AP1: =U3 -> 2100 | AT1: 5 | AV1: =D3 -> 2019 | AW1: =E3 -> 2020 | AX1: =F3 -> 2025 | AY1: =G3 -> 2030 | AZ1: =H3 -> 2035 | BA1: =I3 -> 2040 | BB1: =J3 -> 2045 | BC1: =K3 -> 2050 | ... BM1: =U3 -> 2100
A2: ~TFM_DINS-TS: attribute=COM_PROJ | Y2: driver | AV2: elasticity
A3: Region | B3: CSET_CN | C3: * | D3: ='SSP drivers'!F1 -> 2019 | E3: ='SSP drivers'!G1 -> 2020 | F3: ='SSP drivers'!H1 -> 2025 | G3: ='SSP drivers'!I1 -> 2030 | H3: ='SSP drivers'!J1 -> 2035 | I3: ='SSP drivers'!K1 -> 2040 | J3: ='SSP drivers'!L1 -> 2045 | K3: ='SSP drivers'!M1 -> 2050 | ... U3: ='SSP drivers'!W1 -> 2100 | X3: override | AR3: 2019 | AS3: 2060 | AT3: 2100
